{"authors":[],"date_download":"2018-10-30 19:57:56","date_modify":"2018-10-30 19:57:56","date_publish":"2017-05-24 16:21:28","description":"As colleges across the country wrap up classes, final exams and commencement ceremonies, it’s...","filename":"10thingsnewgradsshouldknowbeforestartingfirstjobs_843.json","image_url":"https://www.ajc.com/rf/image_large/Pub/p8/CmgSharedContent/2017/05/24/Images/GettyImages-545163589-RGNxzr2f6TTWWdfHNabY8CJ-680x383.jpg","language":"en","localpath":"10thingsnewgradsshouldknowbeforestartingfirstjobs_843.json","title":"10 things new grads should know before starting first jobs","title_page":"10 things new grads should know before starting first jobs","title_rss":"NULL","source_domain":"ajc.com","text":"As colleges across the country wrap up classes, final exams and commencement ceremonies, it’s time for new grads to find new jobs.\n>> Read more trending news\nIf you’ve landed one, congratulations! Take a minute, enjoy the moment and read these pointers to help you get ready for the real world:\n1. Your boss is a valuable resource\nA smart boss will take the time to explain the job to you, provide training and monitor your progress. They aren’t your friend, so maintain professional relationships, but they, and you, should be friendly and pleasant.\nA good supervisor will be responsive to your questions and help you move forward in your career.\n2. Walk in prepared\nNo matter how much research you do, there is going to be a learning curve. But if you have a good idea of what the company does and how your role relates to that, you’ll flatten out that learning curve quickly after learning where the cafeteria and bathrooms are. Look at LinkedIn, Glassdoor and other online resources.\n3. Be part of the team\nYou’re joining a group of people who have been working together for some time. While you might have hated doing group projects in school, you’ll need to learn how to do that now. You will likely rely on your co-workers, and your co-workers will rely on you. The most successful groups complete their tasks by working well together.\n4. Hang your ego next to your diploma\nSince you’re the new person on the scene, be prepared to listen and learn. Soak up all the information you can. Learn from people at the company who have experience on the job and can help get you up to speed.\nAs a new employee, the phrase “you have two ears, two eyes and one mouth -- use them proportionately” directly applies to you.\n5. Enjoy lunch\nWhile it is tempting to work extra hard to make a good impression, give yourself a chance to meet and get to know your co-workers. This is a simple way to build team chemistry without resorting to the painful “team-building exercises” you may have to go through.\n6. Dress the part\nThis is office life 101: before you start, try and determine the office’s dress code and conform to it.\nIf you aren’t able to figure this out before your first day, err on the side of formality. Leave the extra piercings and ripped jeans at home until you get a sense of the office protocol.\n7. Be nice\nHaving your first impression be one of a friendly, open person goes a long way. You’ll meet a lot of new people; expect a diversity of ages, backgrounds, attitudes, work habits and experiences. A positive attitude and cheerful demeanor will mark you as someone people want to be around and work with.\n8. Be flexible\nYou might have strolled off the graduation stage with a 4.0 and an armload of awards, but that still means you’re the new person in the office. That’s going to involve doing a certain amount of menial labor to work your way up the food chain. It’s not sexy work, but getting it done with a smile will give your boss a good impression.\nFlexibility, responsiveness and adaptability are all good traits.\n9. Mistakes happen\nYou make a mistake. It happens. The worst thing you can do is try to cover it up. Instead try to find a solution and fix it.\nKeep your head up, recognize what you did wrong, learn from it and do your best to ensure it doesn’t happen again. If whatever you’re doing still feels awkward, take the time to practice on a weekend or away from the office without other people watching.\n10. Make the effort\nThe easiest path to success at your first job is figuring out what your objective is and doing your best to achieve it. Particularly for entry positions, effort is an important, if not the most important, part of the job. Be there early and ready to get started.\n>> Related: 19 mistakes college grads make when finding their first apartments","url":"https://www.ajc.com/news/national/things-new-grads-should-know-before-starting-first-jobs/qNgETASLcdWvMGoRr2BriM/","polarityScore":{"sourceTitle":"Atlanta Journal-Constitution","allSidesBias":"left-center","communityAgree":"561","communityDisagree":"580","sourceUrl":"http://www.ajc.com/ "}}
