{"authors":["Ari Bines"],"date_download":"2018-10-31 01:31:52","date_modify":"2018-10-31 01:31:52","date_publish":"2018-10-19 18:24:51","description":"Regardless of if you're a permed princess or you stick to being a proud naturalista, it is always mothers who have no problem letting you know that your edges aren't up to par. Nowadays in the beauty industry, edge tutorials (also known as baby…","filename":"11BabyHairTutorialsToKeepYourEdgesSlayedLaid_1926.json","image_url":"https://imgix.bustle.com/uploads/image/2018/10/19/fbaa52b3-9987-4bab-affd-e81c7749371f-screen-shot-2018-10-19-at-124529-pm.png?w=1200&h=630&q=70&fit=crop&crop=faces&fm=jpg","language":"en","localpath":"11BabyHairTutorialsToKeepYourEdgesSlayedLaid_1926.json","title":"11 Baby Hair Tutorials To Keep Your Edges Slayed & Laid","title_page":"11 Baby Hair Tutorials To Keep Your Edges Slayed & Laid","title_rss":"NULL","source_domain":"bustle.com","text":"Regardless of if you're a permed princess or you stick to being a proud naturalista, it is always mothers who have no problem letting you know that your edges aren't up to par. Nowadays in the beauty industry, edge tutorials (also known as baby hairs) have created a space of its own, and daughters everywhere have been able to silence their moms for good on said topic.\nMany can remember sitting on the floor between their mothers' legs, suffering from all of the pains of having kinks and curls pulled from getting their hair brushed. But in the age of Instagram, baby hairs specifically have become something of the hair contour for women of color.\nNo matter if you're rocking box braids and Senegalese twists or toss your curls up in a puffy bun, a sleek set of edges to frame your face is sometimes enough to complete any hair style. And for those of you who like to switch it up daily with a wig, you already know the drill.\nSlicked and sleek baby hairs were once just a simple technique to keep children's hair in place. Today, it is a hair statement that says \"I'm cute and I know it.\"\nHere are some of the best YouTube picks that'll lay those babies down.\n1. Swirly Edges\nEris the Planet on YouTube\nThis tutorial focuses on the memorable swirls you see all over your Instagram explore page. If a curl pattern edge is what you're into, this is guide for you, girl.\n2. Wavy Edges\nAmelia Monét on YouTube\nFor more curly-headed cuties, Amelia Monét is your go-to source. She used the classic Eco Styling gel to keep her hairs in control.\n3. \"No Edges\" Edges Tutorial\nJasmine Brown on YouTube\nNot every woman is blessed enough to keep their baby hairs into adulthood, and some never had baby hairs at all. Thankfully, Jasmine Brown creates her own in this tutorial for this flawlessly laid look.\n4. Baby Hair Swoops\nShakira Jonay on YouTube\nShakira Jonay creates these cute little edge swoops with nothing but gel, a rat tail comb, and a toothbrush. She also demonstrates how to wrap them up to set them for long wearability.\n5. Puff & Edge Tutorial\nTyra Mae on YouTube\nTyra Mae gives you a two-for-one guide for creating the ultimate puff and swooped edges for natural girls who are swiftly out the door to grab their morning macchiato.\n6. Edges For Type 4 Hair\nHalfrican Beaute on YouTube\nIt can be hard out here for ladies with type 4 hair, but trust and believe you're not alone as this tutorial targets babes with a whole lot of curly coils.\n7. Connecting Edges\nMakeupTiffanyJ on YouTube\nThis swoopy baby hairs tutorial demonstrates a different technique that gives your edges a 1920s flapper-like style.\n8. Sectioning Baby Hairs\nAmazingly Ava on YouTube\nAmazingly Ava brushes out her baby hairs into sections before adding gel to change the direction of the curl pattern on both sides of her face to add symmetry.\n9. Widow's Peak Hairline\nwithArielle on YouTube\nIf your edges come to a point in the middle, it probably means you have a widow's peak. But fear not, because laying down a widow's peak is withArielle's specialty.\n10. Baby Hairs & Braids\nSummerella on YouTube\nAfter the tightening of fresh braids begin to fade, your natural curls with sprout from your roots. To give your braids a bit of flare, this tutorial shows you how to work around the new growth.\n11. Curled & Messy Baby Hair Tutorial\nMajikk Mone't on YouTube\nTo complement your messy bun, you can manipulate your baby hairs to do the same. In this bun tutorial, Majikk Mone't creates a simple, but cute messy swoops with some curly sideburns to make this look extra adorable.\nWhile it can be frustrating to set them just right, the payoff of some sleek edges is so worth the work. Now, time for a selfie!","url":"https://www.bustle.com/p/11-baby-hair-tutorials-to-keep-your-edges-slayed-laid-12623595","polarityScore":{"sourceTitle":"Bustle","allSidesBias":"left-center","communityAgree":"564","communityDisagree":"566","sourceUrl":"http://www.bustle.com/ "}}
