{"authors":["Kaitlyn Wylde"],"date_download":"2018-10-31 01:27:50","date_modify":"2018-10-31 01:27:50","date_publish":"2018-10-16 20:12:55","description":"Despite the fact that people like to dress up as cats on Halloween, cats don't really give a damn about the holiday. Quite frankly, cats don't really give a damn about much at all. So if you plan on dressing your cat up on Halloween this year,…","filename":"11CatHalloweenCostumesYourPetWontHate_1928.json","image_url":"https://imgix.bustle.com/uploads/image/2018/10/16/7ba48665-4d48-4d27-b862-99b2c4c2df73-ef1fdf43-d2ed-4171-87ad-5d0188e97b90-guest_e7cbb2ed-097d-48f0-940d-33d5ffdd35ba.jpg?w=1200&h=630&q=70&fit=crop&crop=faces&fm=jpg","language":"en","localpath":"11CatHalloweenCostumesYourPetWontHate_1928.json","title":"11 Cat Halloween Costumes Your Pet Won't Hate","title_page":"11 Cat Halloween Costumes Your Pet Won't Hate","title_rss":"NULL","source_domain":"bustle.com","text":"Despite the fact that people like to dress up as cats on Halloween, cats don't really give a damn about the holiday. Quite frankly, cats don't really give a damn about much at all. So if you plan on dressing your cat up on Halloween this year, you'll want to find the least encumbering thing out there. Essentially, you'll want to find the most minimalistic, least invasive cat Halloween costumes that your pet won't hate. Or at least if they do hate it, they won't hold it against you forever.\nWhile all cats are different, I have yet to meet a cat that likes to wear clothes. It's not so much the clothes themselves as it is that amount of attention that putting clothes on a cat requires. Cats aren't interested in being in the spotlight, they don't like their legs to be touched too much and generally they like to be left alone. So if you're going to dress your cat up, you'e going to need a costume that's super easy to put on and that won't feel bothersome. Basically if there's any question that the costume might be too much for the cat, don't put it on the cat.\nHere I've put together a list of cat costumes that are really basic and won't take more than a few seconds to put on.\nCat Bunny\nCat Bunny Ears $9 Amazon Nothing like a grumpy cat in a pair of plush happy bunny ears. Soften your cat's look with this super easy costume. Buy Now\nBat Cat\nHot Hat Cat\nPet Top Hat $6 Amazon I mean, c'mon on. This kitten doing a Charlie Chaplin impression is everything. Get this hat for your cat to wear on Halloween, but also maybe everyday thereafter, too. Buy Now\nThe Lion Cat\nCat Lion Costume $4.99 Target I love this costume because it's just one simple piece but instantly turns your house cat into a jungle cat. Buy Now\nUnicat\nUnicorn Cat Costume $4.99 Target If your cat is a unicorn at heart, let them act out their true colors with this beautiful unicorn head piece. It's soft, east to fasten and creates an epic look. Buy Now\nCat Cow\nCowboy Cat\nCat Costume Western $4.99 Target If this western cat costume looks like something you yourself would wear to the flea market on Sunday, go for a twinsie vibe together. Buy Now\nCircus Cat\nPet Clown Hat $20 Etsy If your cat has a silly personality, dress them up in this classic clown costume. It's two pieces but both should be relatively simple to put on. At the very least, you'll be able to keep it on your cat long enough to snap a picture. Buy Now\nDapper Cat\nHalloween Cat Bow Tie $9 Etsy This costume is perhaps the easiest way to get your cat looking festive without subjecting them to the stress of dressing them up. This bow tie won't feel much different than your cat's ever-day collar. Buy Now\nHorse Cat\nKitty-Up Cat Costume $7 PetCO The best part about this costume is that your cat has no idea how ridiculous it looks. If your cat is cool with wearing a harness, this costume won't bother them much. Buy Now","url":"https://www.bustle.com/p/11-cat-halloween-costumes-your-pet-wont-hate-12159812","polarityScore":{"sourceTitle":"Bustle","allSidesBias":"left-center","communityAgree":"564","communityDisagree":"566","sourceUrl":"http://www.bustle.com/ "}}
