{"authors":["Carolyn Steber"],"date_download":"2018-10-31 00:47:25","date_modify":"2018-10-31 00:47:25","date_publish":"2018-10-01 13:55:58","description":"If you ever chatted with someone who truly seemed to \"get\" you, they were probably someone with high emotional intelligence. These folks have a few skills — and habits that come about as a result — that allow them to tap into the experiences of…","filename":"11HabitsAllEmotionallyIntelligentPeopleHaveInCommon_1936.json","image_url":"https://imgix.bustle.com/uploads/image/2018/9/28/12e2fd7f-a4de-4aaf-bd12-ed03106b7a3f-zaeh_bustle_apr2016-380.jpg?w=1200&h=630&q=70&fit=crop&crop=faces&fm=jpg","language":"en","localpath":"11HabitsAllEmotionallyIntelligentPeopleHaveInCommon_1936.json","title":"11 Habits All Emotionally Intelligent People Have In Common","title_page":"11 Habits All Emotionally Intelligent People Have In Common","title_rss":"NULL","source_domain":"bustle.com","text":"If you ever chatted with someone who truly seemed to \"get\" you, they were probably someone with high emotional intelligence. These folks have a few skills — and habits that come about as a result — that allow them to tap into the experiences of others, and be quite grounded, open-minded, and understanding as a result.\n\"Emotional intelligence is the ability to understand what other people are saying and how what they are saying is impacting them emotionally,\" clinical psychologist Dr. Helen Odessky, tells Bustle. \"Being able to read and accurately perceive how someone is feeling, and being able to act on that knowledge in a pro-social way, is emotional intelligence.\"\nIt comes in handy when communicating with others, but also makes life much easier as it provides you with a healthy dose of empathy, compassion, and understanding of your own emotions. While some people are born with these skills, they're something the rest of us can work on improving, if we want to.\n\"It's a trait that can be developed, though some people are born with a greater degree of it naturally,\" couples therapist Brooke Sprowl, LCSW, tells Bustle. \"Psychotherapy can help with developing skills for anxiety regulation, empathy, communication skills and perspective taking, all of which can improve your emotional intelligence.\" Here are a few habits and skills that can be a sign of emotionally intelligence, according to experts.\n1 They Actively Listen Andrew Zaeh for Bustle Instead of waiting for their turn to talk, emotionally intelligent people actually hear what others are saying. They focus on the person they're speaking with, show that they're listening, and respond accordingly. \"[They] aim to listen well,\" Dr. Odessky says. \"This means they try to understand the other person, rather than formulate a response while the other is speaking.\" Their goal is to make a connection and have a healthy, two-sided conversation.\n2 They Try To Find Common Ground Hannah Burton/Bustle Even if they don't agree with what someone's saying, an emotionally intelligent person will try their best to have a civil conversation. \"They seek to establish win-win relationships and try to find common ground if possible,\" Dr. Odessky says. \"They understand that no one wants to feel like a loser in an argument.\" So they make every effort to be fair.\n3 They Read Between The Lines Andrew Zaeh for Bustle One skill that enables them to do be so fair? \"They can read between the lines as to what is not being said with words, and interpret the underlying emotions,\" Dr. Odessky says. Emotionally intelligent people are able to infer what someone might mean, and put themselves in other people's shoes. Which again, helps them to see both sides.\n4 They Practice Patience Andrew Zaeh for Bustle In situations where others might become frustrated or irritated, emotionally intelligent folks have a knack for staying cool under pressure. Instead of lashing out or jumping to conclusions, \"they allow themselves to process thoughts and emotions before rushing to a decision,\" lifestyle expert and writer, Amanda Raimondi, tells Bustle. \"In addition, they give others the same amount of patience. If someone is struggling, this individual will give them the time to figure things out.\"\n5 They're Incredibly Self-Aware Andrew Zaeh for Bustle It's possible to spot emotional intelligence in others simply by the way they carry themselves. \"[They] are very aware of the way they speak and how they come off to others,\" Raimondi says. \"Almost as if they are observing a conversation as they are having it.\" In doing so, you might catch them \"mirroring,\" which is a skill that puts others at ease. They may \"change their tone and way of speaking depending on who they are with,\" Raimondi says, all as a way of creating a more meaningful conversation.\n6 They're Open-Minded Hannah Burton/Bustle Far from being stuck in their ways, emotionally intelligent people are open-minded and interested in new people and situations. As Raimondi says, \"They see every opportunity as a way to grow and create new relationships.\"\n7 They're Able To Stay Positive Andrew Zaeh for Bustle Part of maintaining a healthy outlook is getting in the habit of looking for the silver lining, even when other people can't. \"This goes hand in hand with being open-minded,\" Raimondi says. \"An individual who is positive wants to do better and be better. They don’t let the weight of the world get them down or stifle their goals. Going through life with a positive attitude and mindset helps you achieve far more than having a cynical mindset.\" And emotionally intelligent people are aware of that.\n8 They Naturally Read Everyone's Body Language Andrew Zaeh for Bustle If anyone's going to feel for others, it's these folks. \"Emotionally intelligent people are highly empathetic and compassionate by nature,\" Katie Ziskind, licensed marriage and family therapist, tells Bustle. \"Empathy is the ability to step into someone else's shoes to deeply understand — for instance their sorrow, pain, or loss.\" They're able to spot these emotions through different cues. \"Emotionally intelligent people are great at reading facial expressions and body language,\" Ziskind says. \"They know how body language is connected to emotion and can sense this without needing to talk.\"\n10 They Regulate Their Own Emotions Andrew Zaeh for Bustle Since emotional intelligence provides a better understanding of emotions, and thus an ability to handle emotions, emotionally intelligent people may know how to manage their more negative emotions so they do not get channeled in destructive ways, Sprowl says. They know the importance of taking care of themselves and are able to spot, early on, signs that they may need to practice self-care, slow down, and destress.\n10 They Don't Get Defensive Ashley Batz/Bustle One thing emotionally intelligent people will likely never be, is defensive. \"They can validate someone else's point of view even when they disagree with them, while still holding their ground and assertively expressing their views,\" Sprowl says.","url":"https://www.bustle.com/p/11-habits-all-emotionally-intelligent-people-have-in-common-12082296","polarityScore":{"sourceTitle":"Bustle","allSidesBias":"left-center","communityAgree":"564","communityDisagree":"566","sourceUrl":"http://www.bustle.com/ "}}
