{"authors":["Carolyn Steber"],"date_download":"2018-10-31 00:48:02","date_modify":"2018-10-31 00:48:02","date_publish":"2018-10-10 13:21:31","description":"If you've always been someone who can easily tune into others, someone who is emotional, or someone who feels overwhelmed by the \"vibe\" of your surroundings, then you may be wondering if you're an empath, or someone who is highly tuned into the…","filename":"11QuestionsToAskYourselfToFigureOutIfYoureAnEmpath_1943.json","image_url":"https://imgix.bustle.com/uploads/image/2018/10/9/c629d622-f6b5-49d8-9169-75a86a842799-bustle_102416_188.jpg?w=1200&h=630&q=70&fit=crop&crop=faces&fm=jpg","language":"en","localpath":"11QuestionsToAskYourselfToFigureOutIfYoureAnEmpath_1943.json","title":"11 Questions To Ask Yourself To Figure Out If You’re An Empath","title_page":"11 Questions To Ask Yourself To Figure Out If You’re An Empath","title_rss":"NULL","source_domain":"bustle.com","text":"If you've always been someone who can easily tune into others, someone who is emotional, or someone who feels overwhelmed by the \"vibe\" of your surroundings, then you may be wondering if you're an empath, or someone who is highly tuned into the emotions of others.\nThese are feelings we all possess, to one degree or another. But for empaths, their ability to tune into others can be on a whole 'nother level. \"Some people may be extremely sensitive and are capable of putting themselves in the shoes of another person or walking in those shoes with them,\" Davida Rappaport, a psychic and spiritual counselor, tells Bustle. \"Others may not be as sensitive; they may pick up thoughts and feelings of people they are close to from time to time.\"\nIf you've always felt highly sensitive in this way, discovering that you're an empath may explain a lot. \"While being empathic may be considered a gift, it can often be a bit of a curse due to the fact that you may not necessarily know that the thoughts you are thinking or what you are feeling belongs to you,\" Rappaport says. You might become easily overwhelmed, or take on too much when comforting others — among other things.\nFor that reason, \"it is important for an empath to have healthy boundaries,\" Rappaport says. Here are a few questions you can ask yourself to figure out if you're an empath, as well as ways to practice self care so you can remain balanced.\n1 \"Do I Feel Drained After Hanging Out With Others?\" Andrew Zaeh for Bustle Because empaths are constantly soaking up their surroundings, you might notice that you feel drained whenever you're around others for too long. \"Empaths are like sponges who absorb the thoughts, feelings and sensations around them,\" licensed psychotherapist Lisa Hutchison, LMHC, tells Bustle. \"If you are talking to someone [who is] depressed then you may notice you feel down afterwards.\" If you're speaking with someone who's highly anxious, you may start to feel that way, too. And so on. This is why many empaths are naturally introverted. You likely enjoy your own company, and spending quiet evenings in, rather than going out and socializing.\n2 \"Do I Often Correctly Guess What Others Are Thinking?\" Andrew Zaeh for Bustle If you often correctly guess what someone's thinking, well before they say it out loud, take note. \"You may find that you're in sync with some people from time to time,\" Rappaport says. \"If both of you keep saying things like, 'We are on the same page,' 'I was thinking (or feeling) the same thing,' or 'You took the words right out of my mouth,' you are definitely connected to the other person.\" While this happens to everyone on occasion, empaths may notice a pattern — which is why it's important to tread lightly. \"Be mindful of when this occurs and take it in stride,\" Rappaport says. \"If it happens more frequently, you might want to learn how to sort things out to make sure it does not run your life.\" Empaths absorb other people's emotions, so it'll be important to practice self-care — so you don't get burnt out.\n3 \"Do I Find Public Places Overwhelming?\" Hannah Burton/Bustle Ask yourself how you feel after being in a loud place, such as a party, a crowded subway platform, or a busy networking event. As Hutchison says, \"Empaths are easily over-stimulated by noise because their focus is often outward rather than inward.\" So if this has always been a problem for you, it may be another clue that you're empathic.\n4 \"Have I Always Been Highly Emotional?\" Andrew Zaeh for Bustle There are many reasons you might be highly emotional or easily upset. Anxiety and depression can make you feel super sensitive, as can a lack of sleep, hormonal imbalances, and so on. But if you've always been someone who cries at the drop of a hat, take note. \"If you are highly sensitive and cry easily, especially when someone hurts your feelings, you are definitely an emotional person. But you may also be an empath,\" Rappaport says. \"You may not experience someone else’s emotions in exactly the same way, but you may discover that you are feeling them strongly and may be walking next to them on their journey.\" And that can leave your emotions running on high, making you more prone to teariness. \"Empaths have a big heart and can find themselves crying easily when seeing abuse, injustice or natural disasters either on TV, movies or hearing about another's experience,\" Hutchison says. \"While others would feel upset, empaths feel others' emotional pain literally. This can leave them feeling angry or sad.\" Just make sure it doesn't get the best of you. \"If you are doing this, take the time you need to detach from the feelings and thoughts so you are not taking on someone else’s 'stuff,\" Rappaport says.\n5 \"Have I Always Wanted to Help Others?\" Hannah Burton/Bustle Since empaths can be all about helping others, take it as a sign if you've been altruistic all your life. As Hutchison says, empaths have a desire to help world causes and to assist people. If this is you, it may explain why you've always been big into volunteering, why you enjoy listening to friends talk about their problems, or why you're always there when a neighbor needs a helping hand.\n6 \"Why Am I Not Interested In Corporate Jobs?\" Hannah Burton/Bustle There are so many people who don't enjoy desk jobs or the corporate culture, simply because they don't find it interesting. But empaths tend to avoid these types of careers for entirely different reasons, namely the noisy, and sometimes manipulative, cut-throat nature of this type of work. \"This isn't to say they can't do these types of jobs but it [might] cause them to feel unhappy to be something they are not,\" Hutchison says. \"Empaths do better with jobs in which they have the freedom to help others and express their creativity. It is important to have quiet times in order to decompress. This is more supportive of their intuitive nature.\"\n7 \"Am I Highly Creative?\" Hannah Burton/Bustle More to that point, empathic people tend to go into artist fields, or partake in the beauty of nature in their spare time. \"Often empaths are very creative and artistic,\" Hutchison says. \"Your sensitivity is a strength when you learn boundaries, how to assert yourself, and ways to protect your energy.\" This means creating space for your thoughts and creativity, and not letting the problems of others get you down, to the point where you stop enjoying life or pursuing your passions.\n8 \"Can I Handle Being Around Toxic People?\" Andrew Zaeh for Bustle While many people are able to deal with unhealthy relationships to a degree — whether they have a toxic friend, coworker, family member, etc. — empaths tend to avoid these folks like the plague, because they simply can't put up with them. If you're an empath, and you end up hanging around a toxic person for too long, you might even notice that they start to impact your wellbeing. \"You may become ill and the only way [you] can get well is to leave, find another job, terminate a friendship, or end a relationship,\" Rappaport says. \"If you find that this is happening to you, you may be an empath and you need to stay away from people and places that have energy that is unhealthy for you.\"\n9 \"Am I Feeling My Own Emotions, Or Everyone Else's?\" Andrew Zaeh for Bustle If you often feel sad for no reason, or overjoyed for no reason, tune in and ask yourself why that might be. \"Take a moment to determine if your thoughts and feelings are your own,\" Rappaport says. \"If you are close to your friends and are able to sense how they are feeling — whether they are happy, sad, confused, etc. — you may be experiencing moments of empathy.\" You can also ask yourself a question like, \"Did this emotion come out of the blue?\" If so, Rappaport says it may be that you're picking up on how someone else is feeling. In these moments, it'll be important to slow down and focus on yourself for a while, so you can regain clarity.\n10 \"Do I Often Feel Scattered Or Unclear?\" Andrew Zaeh for Bustle Since empaths pick up on other people's feelings to an intense degree, you may find yourself struggling with a constant sense of overwhelm — as well as scattered thinking. As Hutchison says, \"Empaths are compassionate givers who often get engulfed by others emotions and problems to the point they disconnect from their own thoughts and feelings.\" You might even get to the point where you tune out, which isn't good. \"The most important thing about being empathic is realizing that you have to have good boundaries or you will constantly pick up other people’s thoughts and feelings,\" Rappaport says. \"You may discover that you are unable to think clearly if you have a lot of thoughts and feelings swirling around you.\" Which is, again, where self care and things like meditation can come in handy.","url":"https://www.bustle.com/p/11-questions-to-ask-yourself-to-figure-out-if-youre-empath-12167891","polarityScore":{"sourceTitle":"Bustle","allSidesBias":"left-center","communityAgree":"564","communityDisagree":"566","sourceUrl":"http://www.bustle.com/ "}}
