{"authors":["Jack O'Keeffe"],"date_download":"2018-10-31 00:58:18","date_modify":"2018-10-31 00:58:18","date_publish":"2018-10-09 21:39:54","description":"The first season of Big Mouth made for an uncomfortable watch, but chances are, its graphic humor wasn't still haunting fans days later. Not so for Season 2, which introduces The Hormone Monster's rival — a pointy- eared pot-stirrer who taps into…","filename":"11ShameWizardJokesFromBigMouthSeason2ThatProveHesJustAsHilariousAsHeIsHorrible_1947.json","image_url":"https://imgix.bustle.com/uploads/image/2018/10/9/1b9fbc24-35a5-4dcb-8b2a-666f2ada08e2-big_mouth_s02e04_6m57s9999f.jpg?w=1200&h=630&q=70&fit=crop&crop=faces&fm=jpg","language":"en","localpath":"11ShameWizardJokesFromBigMouthSeason2ThatProveHesJustAsHilariousAsHeIsHorrible_1947.json","title":"11 Shame Wizard Jokes From 'Big Mouth' Season 2 That Prove He's Just As Hilarious As He Is Horrible","title_page":"11 Shame Wizard Jokes From 'Big Mouth' Season 2 That Prove He's Just As Hilarious As He Is Horrible","title_rss":"NULL","source_domain":"bustle.com","text":"The first season of Big Mouth made for an uncomfortable watch, but chances are, its graphic humor wasn't still haunting fans days later. Not so for Season 2, which introduces The Hormone Monster's rival — a pointy- eared pot-stirrer who taps into many an embarrassing childhood moment. But, like the rest of the show, he doles out enough funny one-liners that you can still laugh through the pain. In fact, the Shame Wizard's Big Mouth jokes perfectly capture what makes him so hilarious and horrifying at the same time.\nOf all the characters on the show, the Shame Wizard has some of the best zingers — which makes sense given that his sole purpose is to kick others when they're down. Voiced by none other than David Thewlis (a.k.a. Remus Lupin), he spends the season guilt-tripping the rest of Big Mouth's cast: Andrew for masturbating while fantasizing about his friend's sister, Jessi for getting high after finding her dad's pot. (Coach Steve, who apparently has no capacity for shame, is the only exception).\nMost of the Shame Wizard's antagonizing is tied to teenage mistakes, but per usual, Big Mouth reminds us of how painfully relatable those can be. And while you may still be cringing at your own missteps decades later, hopefully the Shame Wizard can at least give you a good chuckle while shoving you down memory lane.\nSee his best jokes (and put-downs) below.\n\"I'm Taking You To That New Mac And Cheese Restaurant\" Netflix What kind of person lies about taking a kid to a new Mac and Cheese Restaurant? The same kind who takes a hormonal teenager to shame court and forces him to rely on his own Hormone Monster for legal representation, before getting witness testimony from everyone he's ever masturbated to.\n\"You're Not The Sort Of Boy Who Rubs Fronts With The World's Saddest Girl And Leaves Right After, Are You?\" Netflix Andrew's short-lived fling with Lola may have been a wonderful outing for Andrew's Hormone Monster, but it was an all-time great moment for The Shame Wizard. After pushing Andrew to \"rub fronts\" with Lola, The Shame Wizard immediately got to work reminding Andrew that no matter what he does next, he'll never get to be a \"good person\" afte rubbing fronts with someone he wanted to dump.\n\"Was It Worth It, Jessi? Just To Get Hella Faded?\" Netflix While The Shame Wizard begins the season by bringing shame upon Andrew for his sexual inclinations, the malevolent rabble-rouser shows that he encourages all kinds shame in his first interaction with Jessi. After her drug experimentation leads to her father getting kicked out of the house, the Shame Wizard turns to some outdated slang to guilt Jessi.\n\"You Should Have Been More Aggressive Volunteering For Hillary Clinton. If You'd Made A Few More Phone Calls...Who Knows?\" Netflix Although The Shame Wizard is saying this line to Jessi, he's also saying this to the entire audience, in a way. Sure, maybe you voted for Hillary and maybe you volunteered for the campaign — but couldn't you have done more? Isn't it your fault, specifically yours, that Hillary lost? The Shame Wizard does not work with rational thought, as it does not benefit him.\n\"He Still Chose To Use Her To Defile His Denim Dungarees\" Netflix There are two things in the world that The Shame Wizard simply cannot deny. One of those things is a teenager making a deeply regretful life choice, and the other is an alliteration-filled turn of phrase. Luckily for The Shame Wizard, the act of shaming Andrew Glouberman invites the opprotunity to combine his passions.\n\"Indeed, Professor Pervert. What Are You Teaching Next Semester? Ogling 101? Jizz-A-Nomatry?\" Netflix The Shame Wizard may be less cutting as the season presses on, but he knows that part of his job is to never let his subjects forget, not even for a moment, that they are terrible people.\n\"I Collect Vintage Nazi Dildos\" Netflix When even The Hormone Monsters are disgusted by something, you know it's gross. The Shame Wizard's announcement that his primary hobby is collecting \"Nazi Dildos\" raises a great deal of questions, none of which the Hormone Monsters want answered. As one of the monsters laments, \"He figured out a way to ruin dildos.\"\n\"Why Don't You Continue Right Now, You Lousy Piece Of Sh*t?\" Netflix That's right, even the viewers are not free from the will of the Shame Wizard. At the end of the first half of Big Mouth's two-part sleepover episode, the all-knowing Shame Wizard recognizes that most viewers are likely marathoning the show, and that nothing will stop them from remaining where they are to view the next episode. And to that I say: Let me live.\n\"Just Accept Who You Are: A Vicious Little Queen\" One of the saddest moments in a show that can occasionally get pretty sad, is when The Shame Wizard uses others' shame to get Matthew to continue to be mean. After an episode of trying to be kind and understanding to others, The Shame Wizard pushes Matthew to go back to being cruel.\n\"You're Just A Room Full Of Daddies Trying To 'Abandan' Me!\" During the kids' rebellion against the Shame Wizard, the villain reveals a secret shame of his own: He's wracked by his father's \"abandan\"-ment, and attempts to take it out on the children.","url":"https://www.bustle.com/p/11-shame-wizard-jokes-from-big-mouth-season-2-that-prove-hes-just-as-hilarious-as-he-is-horrible-12196497","polarityScore":{"sourceTitle":"Bustle","allSidesBias":"left-center","communityAgree":"564","communityDisagree":"566","sourceUrl":"http://www.bustle.com/ "}}
