{"authors":["Kaitlyn Wylde"],"date_download":"2018-10-31 01:20:46","date_modify":"2018-10-31 01:20:46","date_publish":"2018-10-02 19:51:40","description":"If you haven't checked your social media in the past few days, you might have missed out on the boom of the latest internet meme trend: Moths. Like, literally just pictures of moths. Kids these days (definitely also adults) are obsessed with…","filename":"12MothLampMemesTweetsToFurtherFeedYourObsession_1955.json","image_url":"https://imgix.bustle.com/uploads/getty/2018/10/2/5d79be94-3689-46ce-a6a5-49fc2d31b522-getty-451755780.jpg?w=1200&h=630&q=70&fit=crop&crop=faces&fm=jpg","language":"en","localpath":"12MothLampMemesTweetsToFurtherFeedYourObsession_1955.json","title":"12 Moth Lamp Memes & Tweets To Further Feed Your Obsession","title_page":"12 Moth Lamp Memes & Tweets To Further Feed Your Obsession","title_rss":"NULL","source_domain":"bustle.com","text":"If you haven't checked your social media in the past few days, you might have missed out on the boom of the latest internet meme trend: Moths. Like, literally just pictures of moths. Kids these days (definitely also adults) are obsessed with photoshopping or captioning a photo of a giant moth that originated on Reddit, usually with funny references to how moths love lamps. Why? Well it's funny. That's all. If you're not familiar with this craze, you're probably scratching your human head right now wondering why this could ever be considered funny — so, in an effort to help, I've rounded up a list of the best moth memes and tweets for your education. Welcome to the future, and you're welcome.\nWhile most people might not know a lot about moths, one thing that surely comes to mind when many think about them is their attraction to light. The proverb \"like a moth to a flame\" is used to describe an attraction between two things. In the age of endless obsession (whether it's pizza every day, or Ariana Grande's Sweetener album on repeat), millennials understand the power of a one track mind. The allure of a lamp for a moth can be easily transposed into a very real aspect of human nature. Substitute a lamp for your own obsession and suddenly you and moths have everything in common — see how easily that works? Swap out the lamp for a bucket of fro-yo and moths are now #relatable. But in order to really \"get\" this meme craze, you'll have to check out the creative lengths people have taken to depict this comparison. Here are a few of my favorites:\nMoth Alone Time Even moths need privacy.\n50 Shades Of Moth I would watch THIS movie, yes I would! This is one of the most creative memes I've seen and I am all for that lamp room.\nA Disney Classic, Reimagined A classic Disney memory, totally ruined. That said, I'm happy for this moth and this lamp they deserve love.\nMore Disney He's not going to take anything else, don't worry. Why didn't they send a moth in the real movie?\nMeta Moth Who is more obsessed? Moths with lamps or us with moth memes? Honestly, I think at this point it's a tie.\nOG Moth Meme This meme literally works for any internet trend but honestly this particular one is funnier than all the rest. Who can compete with a lamp?\nA Valid Comparison 100 percent accurate, my lamp is pizza. What's your lamp?\nMoths Are Direct That's exactly what we love about the moth meme right? Moths have a one track mind, they're just trying to score some lamp, can you blame them?\nAriana For Moth Did Ariana Grande know that her new song would be an anthem for moths everywhere? Moths everywhere are getting turnt to this uplifting promise of a song.\nThe Moth Meme Will Go On And On A love story romantic enough to be directed by James Cameron.\nPerspective Though Too bad the lamp didn't fall on the moth's car though. And no, we're not done with this meme, not even close.","url":"https://www.bustle.com/p/12-moth-lamp-memes-tweets-to-further-feed-your-obsession-12121137","polarityScore":{"sourceTitle":"Bustle","allSidesBias":"left-center","communityAgree":"564","communityDisagree":"566","sourceUrl":"http://www.bustle.com/ "}}
