{"authors":["Charlotte Ahlin"],"date_download":"2018-10-31 01:28:11","date_modify":"2018-10-31 01:28:11","date_publish":"2018-10-08 14:00:29","description":"October has come again! It's the most wonderful time of the year (provided that your favorite things are plastic skeletons, fake blood, and contemplations of your own mortality). It's also the perfect month for reading a good creepy book. And if…","filename":"13CreepyNonfictionBooksToPutYouInTheMoodForOctober_1962.json","image_url":"https://imgix.bustle.com/uploads/image/2018/10/8/0d64c993-307b-4d28-98d2-3e3f606a582c-pjimage-4.jpg?w=1200&h=630&q=70&fit=crop&crop=faces&fm=jpg","language":"en","localpath":"13CreepyNonfictionBooksToPutYouInTheMoodForOctober_1962.json","title":"13 Creepy Nonfiction Books To Put You In The Mood For October","title_page":"13 Creepy Nonfiction Books To Put You In The Mood For October","title_rss":"NULL","source_domain":"bustle.com","text":"October has come again! It's the most wonderful time of the year (provided that your favorite things are plastic skeletons, fake blood, and contemplations of your own mortality). It's also the perfect month for reading a good creepy book. And if you're looking for a classic October read, there are plenty of horror stories out there for your stomach-churning pleasure. If you want to venture beyond the Stephen King paperbacks and the steamy vampire romance novels, however, then here are 13 nonfiction books to scare, shock, and inform you (and most definitely put you in the mood for Halloween).\nSee, the thing about horror fiction is that it's (usually) strictly fictional. You know with reasonable certainty that you're not going to encounter any ghosts or sewer clowns in real life. You can always shut the book, turn off the slasher flick, and make yourself a non-threatening sandwich. But when it comes to creepy nonfiction... all bets are off. These are real horror stories, telling the real histories behind our greatest fears. Here you'll find the origins of All Hallow's Eve itself, as well as true tales of witches, weird bugs, and resurrected corpses. There are bloody countesses and morgue-based memoirs. So read on... if you dare:\n'Infamous Lady: The True Story of Countess Erzsébet Báthory' by Kimberly L. Craft Amazon Look, I'm not saying that we should celebrate female serial killers... but if you have a taste for the dark and twisted, then you'll enjoy reading about Erzsébet \"The Blood Countess\" Báthory, the world's most notorious female serial killer, who reportedly used to bathe in the blood of her 650 victims. For years she's been mythologized as a vampire and a demon, but Infamous Lady gets right into the reality of who she was and all the atrocious crimes she committed. Click here to buy.\n'The Lady and her Monsters: a Tale of Dissections, Real-Life Dr. Frankensteins, and the Creation of Mary Shelley's Masterpiece' by Roseanne Montillo Amazon We all know by now that our modern horror and science fiction genres owe a huge debt to the original goth teen, Mary Shelley. But where did Shelley get her ideas for Frankenstein in the first place? The Lady and Her Monsters takes us on a grisly trip through Shelley's own life, as well as the actual weird science that inspired her to create one of literature's favorite monsters. Click here to buy.\n'The Penguin Book of Witches' by Katherine Howe Amazon Witches! Or, as they're better known, \"basically any woman throughout history who was threatening to men.\" The Penguin Book of Witches is a chilling collection of historical accounts of witchcraft. Here you can read about the actual women who stood accused of bewitching their friends and family, and the various \"witch hunters\" who tried to rid the world of these \"dangerous\" women. Click here to buy.\n'Wicked Bugs: The Louse That Conquered Napoleon's Army and Other Diabolical Insects' by Amy Stewart Amazon Bugs are scary. I mean, sure, maybe you're one of those fearless people who finds bugs interesting, or even cute. But you might not feel that way once you're confronted with a louse that can take down an army. Wicked Bugs explores the history of insects who have wreaked havoc on human civilization with their gnawing, biting, stinging, and general scurrying around, ruining everyone's lives. Click here to buy.\n'The World of Lore: Monstrous Creatures' by Aaron Mahnke Amazon Based on the hit podcast of the same name, The World of Lore: Monstrous Creatures takes on the gruesome origin stories of folklore's more fearsome monsters. Here you'll find the truth behind vampires, poltergeists, werewolves, Jersey Devils, gremlins, and so much more. Mahnke looks into why we tell stories about these various beasties... and what monsters can teach us about ourselves. Click here to buy.\n'Monsters Among Us: an exploration of otherworldly bigfoots, wolfmen, portals, phantoms, and odd phenomena' by Linda S. Godfrey Amazon I know that most of us don't believe that monsters are real... and yet, Monsters Among Us chronicles a whole mess of firsthand monster encounters. Is there any scientific basis to believing in bigfoot and wolfmen? Is it possible that our world is full of secret portals to other dimensions? ...or is it all just the stuff of weird fringe subreddits? Linda S. Godfrey is here to find out. Click here to buy.\n'Tell My Horse: Voodoo and Life in Haiti and Jamaica' by Zora Neale Hurston Amazon Zora Neale Hurston is best known as a novelist, but she was also a brilliant folklorist and anthropologist. In Tell My Horse, she gives her personal account of participating in the more extreme voodoo ceremonies of the 1930's (so maybe don't read this if animal sacrifice is not up your alley). But Hurston doesn't just gawk at the \"creepy\" side of voodoo; she also delves into the history of voodoo as a misunderstood religious practice, and the lasting impact of West African folklore on American culture. Click here to buy.\n'Trick or Treat: A History of Halloween' by Lisa Morton Amazon So... why do we have a modern holiday at the end of October that celebrates monsters, pranks, and copious amounts of sugar? Lisa Morton explains how our spookiest holiday came to be, and how a fall harvest festival got all mixed up with various ghostly feasts, and wound up in America as a big ol' excuse to dress up and eat candy. Click here to buy.\n'Zombies!: An Illustrated History of the Undead' by Jovanka Vuckovic Amazon The zombie is one of the most recognizable monsters around. We all have our contingency plans, just in case of a zombie apocalypse. But where did the zombie come from? Why do they want to eat brains? Zombies! illustrates the history of the walking dead, from Haitian folklore to Night of the Living Dead to modern zombie marathons. It's a fun, informative, and slightly disturbing ride. Click here to buy.\n'Smoke Gets in Your Eyes: And Other Lessons from the Crematory' by Caitlin Doughty Amazon If you've ever considered a career in a morgue, you're going to want to read Smoke Gets in Your Eyes first. It's the comically macabre memoir of Caitlin Doughty, a 20-something who took a job in a crematory. She recounts her day-to-day of caring for the dead, and how the experience has opened her eyes to our culture's weird, uncomfortable methods of dealing with death. Click here to buy.\n'Spook: Science Tackles the Afterlife' by Mary Roach Amazon So what does science have to say about ghosts? What happens after we die? Do Ouija boards actually work? Mary Roach aims to find out in this hilarious tour through the theoretical afterlife. Spook is a fun, factually-grounded approach to life after death (although if you're waiting for a definitive answer on the existence of ghosts, you might have to keep waiting). Click here to buy.\n'The Science of Monsters' by Matt Kaplan Amazon Every culture on Earth has its own fair share of monsters. But why? What inspires stories about blood-sucking fiends and big nasty squids? And are any of these monsters real (or, at least, scientifically possible?). Matt Kaplan tackles the origins of our fears, and the reality behind some of the creepiest historical mysteries. Click here to buy.","url":"https://www.bustle.com/p/13-creepy-nonfiction-books-to-put-you-in-the-mood-for-october-12121736","polarityScore":{"sourceTitle":"Bustle","allSidesBias":"left-center","communityAgree":"564","communityDisagree":"566","sourceUrl":"http://www.bustle.com/ "}}
