{"authors":["Kirsten Nunez"],"date_download":"2018-10-31 00:34:54","date_modify":"2018-10-31 00:34:54","date_publish":"2018-10-01 21:18:21","description":"Now that Halloween is around the corner, it’s time to brainstorm affordable ways to dress up. After all, like most holidays, joining the festivities can cost a pretty penny. But thanks to Halloween costumes from Target that you can get for under…","filename":"14Halloween2018CostumesAtTargetThatYouCanGetForUnder10_1975.json","image_url":"https://imgix.bustle.com/uploads/image/2018/9/28/0189a82f-cd5b-4430-b088-c491b821687b-target-header.jpg?w=1200&h=630&q=70&fit=crop&crop=faces&fm=jpg","language":"en","localpath":"14Halloween2018CostumesAtTargetThatYouCanGetForUnder10_1975.json","title":"14 Halloween 2018 Costumes At Target That You Can Get For Under $10","title_page":"14 Halloween 2018 Costumes At Target That You Can Get For Under $10","title_rss":"NULL","source_domain":"bustle.com","text":"Now that Halloween is around the corner, it’s time to brainstorm affordable ways to dress up. After all, like most holidays, joining the festivities can cost a pretty penny. But thanks to Halloween costumes from Target that you can get for under $10, it’s possible to pull it off on a budget — I promise. It’s all about getting creative with what you already have. And with the right accessories, you can have an instant costume.\nBesides, many easy Halloween costumes can be created with clothes from your own closet. Often, accessories and masks will do all the work for you, like the classic black cat or witch costume. Don’t forget to have fun with your hair and makeup, too. Little details like whiskers or red lips can go a long way.\nThis list of ideas is perfect if you want to save money for pumpkin carving parties or traditional fall activities. Personally, I prefer simple and inexpensive Halloween costumes so I can save for spooky décor items like pumpkins, candles, and decorative skulls. And as you can imagine, Target doesn’t disappoint when it comes to the Halloween steals and deals. There are so many affordable costumes and accessories to choose from.\nHere are a few costume ideas under $10 that you can get at Target. Happy Halloween!\n1. Masquerade Ball\nAdult Masquerade Costume Mask Black, $4, Target\nFor an easy yet elegant costume, wear this fancy mask with your favorite party dress. How's that for an instant costume?\n2. Butterfly\nSoft Butterfly Wings Orange, $7, Target\nThanks to this set of butterfly wings, you can turn any outfit into a colorful costume. It doesn't hurt that it's lightweight and comfortable, too.\n3. Creepy Pumpkin\nAdult Burlap Pumpkin Costume Mask Orange, $8, Target\nIf you're all about the spooky elements of Halloween, throw this mask on. Wear it with a hoodie and you're good to go.\n4. Unicorn\nHalloween Animal Ears Costume Accessory, $3, Target | Halloween Animal Tail Costume Accessory, $3, Target\nDon't be afraid to check out the kid's section. You might be able to rock accessories like this unicorn headband and furry pink tail. For a grand total of $6, how can you say no?\n5. Lion\nAdult Lion Bobblehead Costume Mask, $8, Target\nFor another instant and inexpensive costume idea, wear this $8 lion mask. Pair it with tan or brown clothes to complete the look.\n6. Statue of Liberty Tiara\nHalloween Statue of Liberty Tiara, $9, Target\nWant to show off your love for the Big Apple? Wear this Statue of Liberty tiara with a light blue or green dress.\n7. Black Cat\nWomen's Black Cat Ears Costume Headband, $6, Target | Halloween Animal Tail Costume Accessory, $3, Target\nIt's safe to say that the classic black cat costume will never go out of style. And thanks to these two accessories, you can pull it off for just $9.\n8. Fox\nHalloween Fox Accessory Kit, $6, Target\nIf you love foxes, you'll adore this costume accessory kit. And again, don't forget to draw on those whiskers!\n9. Witch\nWomen's Deluxe Costume Iridescent Bow Hat, $7, Target\nMuch like the black cat costume, you can't go wrong with a witch-inspired outfit. All you need is a witch hat and a black or dark-colored dress. For extra detail, accessorize with witchy jewelry.\n10. Superhero\nSuperhero Cape, $8, Target\nThis superhero cape is not only under $10, but it's extremely easy to wear, too. Just throw it on whatever you're wearing and head out the door.\n11. Cat Woman\nCat Mask Faux Leather Black, $8, Target\nHalloween is the perfect time to unleash your inner Cat Woman. And thanks to this inexpensive mask, you can make it happen. Pair it with an all-black ensemble to complete the costume.\n12. Skull\nAdult Skull Costume Mask, $6, Target\nFor another spooky and classic costume, wear this creepy skull mask. It even has a hood that will hide your hair.\n13. Hogwarts Student\nAdult Harry Potter House Costume Tie, $5, Target | Harry Potter Hermione Granger Wand, $5, Target\nContrary to what you might think, it doesn't take much to dress up as a Hogwarts student. You can easily turn a white polo or button-down shirt into a uniform with this tie and wand.\n14. Troll\nPink Adult Fuzzy Wig, $8, Target\nTo dress up as a troll, wear this bright and fun pink wig. Pair it with clothing that matches your skin color. How cute, right?","url":"https://www.bustle.com/p/14-halloween-2018-costumes-at-target-that-you-can-get-for-under-10-12078303","polarityScore":{"sourceTitle":"Bustle","allSidesBias":"left-center","communityAgree":"564","communityDisagree":"566","sourceUrl":"http://www.bustle.com/ "}}
