{"authors":["Lauren Holter"],"date_download":"2018-10-31 00:15:02","date_modify":"2018-10-31 00:15:02","date_publish":"2018-10-04 19:31:19","description":"As senators reviewed the FBI's final investigation into sexual assault allegations against Brett Kavanaugh on Thursday, more than 1,500 law professors signed a letter opposing Kavanaugh’s confirmation to the Supreme Court, The Washington Post…","filename":"1500LawProfessorsOpposingKavanaughTookIssueWithThisAspectOfHisTestimony_1982.json","image_url":"https://imgix.bustle.com/uploads/getty/2018/10/4/3897d5f2-3ebc-45e9-9992-e1da6ac20b43-getty-1042005238.jpg?w=1200&h=630&q=70&fit=crop&crop=faces&fm=jpg","language":"en","localpath":"1500LawProfessorsOpposingKavanaughTookIssueWithThisAspectOfHisTestimony_1982.json","title":"1,500 Law Professors Opposing Kavanaugh Took Issue With This Aspect Of His Testimony","title_page":"1,500 Law Professors Opposing Kavanaugh Took Issue With This Aspect Of His Testimony","title_rss":"NULL","source_domain":"bustle.com","text":"As senators reviewed the FBI's final investigation into sexual assault allegations against Brett Kavanaugh on Thursday, more than 1,500 law professors signed a letter opposing Kavanaugh’s confirmation to the Supreme Court, The Washington Post reports. The law experts' criticism of Kavanaugh had less to do with the accuracy of the allegations and everything to do with how the judge handled the high-pressure situation.\n\"Judge Kavanaugh exhibited a lack of commitment to judicious inquiry. Instead of being open to the necessary search for accuracy, Judge Kavanaugh was repeatedly aggressive with questioners,\" the letter, addressed to the U.S. Senate, read. \"Instead of trying to sort out with reason and care the allegations that were raised, Judge Kavanaugh responded in an intemperate, inflammatory, and partial manner, as he interrupted and, at times, was discourteous to questioners.\"\nWhen Kavanaugh testified before the Senate Judiciary Committee last week to deny Christine Blasey Ford's allegation that he attempted to sexually assault her in the 1980s, his temperament was described as angry and aggressive by The Guardian. He called the allegation \"a calculated and orchestrated political hit\" rather than expressing an understanding for the Judiciary Committee's responsibility to investigate claims that a Supreme Court nominee behaved inappropriately — a stance the law professors took issue with.\nThe law requires judges to recuse themselves if there's a risk that they'll be perceived as impartial, and the hundreds of professors opposing Kavanaugh believe he showed the nation last week that he can't remain unbiased. Bernard Harcourt, a professor at Columbia Law School, told The Post that law experts nationwide began discussing \"with great distress, the unprecedented and unfathomable demeanor of Judge Kavanaugh\" after his heated testimony.\n\"We have differing views about the other qualifications of Judge Kavanaugh,\" the letter said. \"But we are united, as professors of law and scholars of judicial institutions, in believing that Judge Kavanaugh did not display the impartiality and judicial temperament requisite to sit on the highest court of our land.\"\nProfessors from more than 160 law schools signed the letter within hours, Harcourt told The Post. They plan to present it to the Senate for consideration on Thursday afternoon.\nAfter reviewing the FBI's investigation into the Kavanaugh allegations, Senate GOP leaders said on Thursday that the bureau didn't uncover any new information corroborating Ford's account.\n\"These uncorroborated accusations have been unequivocally and repeatedly rejected by Judge Kavanaugh, and neither the Judiciary Committee nor the FBI could locate any third parties who can attest to any of the allegations,\" Senate Judiciary Committee chair Chuck Grassley (R-Iowa) said in a statement. \"There's also no contemporaneous evidence. This investigation found no hint of misconduct and the same is true of the six prior FBI background investigations conducted during Judge Kavanaugh's 25 years of public service.\"\nDemocratic senators, on the other hand, claimed the investigation wasn't thorough enough. But regardless of what the FBI found — or didn't find — the law professors opposing Kavanaugh argue that his response to Ford's testimony and the subsequent investigation should disqualify him from serving on the nation's highest court.\nRead More About Brett Kavanaugh's Confirmation Process\nHere's What Will Happen Next If Kavanaugh Is Confirmed To The Supreme Court\nYou Can Now Read Kavanaugh's Entire High School Yearbook — And What He Wrote In It\nThe Video Of Christine Ford’s Opening Statement Is Gut-Wrenching\nTrump Mocked Christine Blasey Ford In Front Of Thousands Of People\n11 Brett Kavanaugh Petitions You Can Sign To Let Senators Know Where You Stand\nHow To Contact Joe Manchin, Susan Collins, & Other Possible Kavanaugh Swing Voters","url":"https://www.bustle.com/p/1500-law-professors-opposing-kavanaugh-took-issue-with-this-aspect-of-his-testimony-12156392","polarityScore":{"sourceTitle":"Bustle","allSidesBias":"left-center","communityAgree":"564","communityDisagree":"566","sourceUrl":"http://www.bustle.com/ "}}
