{"authors":["Jessica Booth"],"date_download":"2018-10-31 01:15:38","date_modify":"2018-10-31 01:15:38","date_publish":"2018-10-11 22:28:15","description":"In the beginning of October, you come up with some pretty big plans for your Halloween costume — you might imagine it being elaborate, homemade, and cool enough to win some big costume contests. But then life happens, things get in the way, and all…","filename":"15PunnyLastMinuteHalloween2018CostumesThatYouCanStillBuy_1981.json","image_url":"https://imgix.bustle.com/uploads/image/2018/10/11/15555140-be11-46cb-805b-6c4d4a53d56a-a068b49b-b4f8-4afb-9640-43f08bdef203-71ahxzstqdl_uy879_.jpg?w=1200&h=630&q=70&fit=crop&crop=faces&fm=jpg","language":"en","localpath":"15PunnyLastMinuteHalloween2018CostumesThatYouCanStillBuy_1981.json","title":"15 Punny Last Minute Halloween 2018 Costumes That You Can Still Buy","title_page":"15 Punny Last Minute Halloween 2018 Costumes That You Can Still Buy","title_rss":"NULL","source_domain":"bustle.com","text":"In the beginning of October, you come up with some pretty big plans for your Halloween costume — you might imagine it being elaborate, homemade, and cool enough to win some big costume contests. But then life happens, things get in the way, and all of the sudden it's a few days before Halloween and you realize you literally have no idea what to dress up as, let alone what to wear. It happens to the best of us! That's why it's always good to have some ideas for easy last-minute costumes that can be put together super quickly, and ideally with items you already own (or can buy quickly). It's even better if they're amusing to look at, so you score points that way. There are some great punny last-minute Halloween costumes that you can definitely use this year if needed.\nSome of these are so good, actually, that they might not even end up as a last resort type of costume. You might decide in advance to do one of them, and you know what? I don't blame you. They're inexpensive, they're super simple, and they're basically stress-free. Because, really, how fun is Halloween when you're scrambling to put together the \"perfect\" costume? It's not that fun.\nBelow are a few hilarious punny Halloween costume ideas you can put together no matter what day or time it is. You'll still get lots of likes on Instagram, and probably some cool points with your friends. Enjoy!\n4 Sugar Mama Target Amazon BabyBjorn, $80, Target 10-pound bag of Domino Sugar, $1, Amazon Moms out there: this one should be pretty simple. Use a baby bjorn if you already have one, and put a bag of sugar in it. That's literally it.\n5 Formal Apology Lulu's Want You To Want Me Midi Dress, $58, Lulu's This is another extremely simple costume that won't require you to buy anything. Grab any formal dress you have (black might be best, but not a big deal if it isn't). Write \"I'm sorry\" on a piece of paper and tape it to your dress. You're a formal apology!\n6 Law Suit Amazon FunCostumes Mens Black Suit Costume, $40, Amazon Wear a suit (borrowed, something you already have, or an inexpensive costume suit) and tape official-looking law papers all over it. This is especially clever if you're a law student.\n7 Social Butterfly Amazon Etsy Douglas Orange Monarch Wings, $15, Amazon Social Media Icons Stickers, $2, Etsy If you have butterfly wings from a previous costume laying around, or ones you can borrow from someone else, this is a great costume idea — but you can also easily purchase them at most costume stores. Put on the wings, and stick social media stickers all over your body. You can even just print out little logos and tape them on your shirt.\n8 Smart Cookie CafePress Party City Chocolate Chip Cookie T-Shirt, $20, CafePress Class Nerd Glasses, $7, Party City OK, two options: buy a shirt with a cookie on it, then add \"nerd\" glasses. Or print out a picture of a cookie and tape it on a shirt you already have. Either way, this is cute.\n9 Bread Winner Amazon Walmart Wonder White Bread, price varies, Walmart US Olympics Toy Medal, $5, Amazon If you already have a medal or necklace, this one is super simple. Wear the medal or carry the trophy (the medal is definitely easier) and carry a loaf of bread. You can also buy a medal from Amazon or a costume store.\n10 French Kiss J Crew Amazon Classic Striped T-shirt, $49, J Crew ZLYC Wool Beret, $14, Amazon This one is simple if you own a striped shirt and feel comfortable doing the makeup. Wear a striped shirt and the beret (or carry around a loaf of French bread), then follow the makeup tutorial below. Lena Lednicka on YouTube\n12 Facebook Sportsafe Fine Tip Waterproof Skin Marker, $6, Sportsafe This literally could not be more simple: write Facebook on your face. Go out. Have fun.\n13 Freudian Slip Kohl's Vanity Fair Daywear Slip, $26, Kohl's If you already own a slip you feel comfortable wearing out, then this will be especially easy. Put on the slip, maybe a pair of slippers, then write Freudian words on little labels and put them all over your slip.","url":"https://www.bustle.com/p/15-punny-last-minute-halloween-2018-costumes-that-you-can-still-buy-12223107","polarityScore":{"sourceTitle":"Bustle","allSidesBias":"left-center","communityAgree":"564","communityDisagree":"566","sourceUrl":"http://www.bustle.com/ "}}
