{"authors":["Kenneth Heard"],"date_download":"2018-11-02 11:35:29","date_modify":"2018-11-02 11:35:29","date_publish":"2017-06-13 00:00:00","description":"A 16-year-old boy has admitted to fatally shooting a Newport police officer and firing at another police officer June 12 and now faces a capital-murder charge, a prosecutor said.","filename":"16yearoldboychargedinkillingofArkansaspoliceofficer_4298.json","image_url":"https://media.arkansasonline.com/img/photos/2017/06/13/resized_250499-newport06_40-23192_t600.JPG?4326734cdb8e39baa3579048ef63ad7b451e7676","language":"en","localpath":"16yearoldboychargedinkillingofArkansaspoliceofficer_4298.json","title":"16-year-old boy charged in killing of Arkansas police officer","title_page":"16-year-old boy charged in killing of Arkansas police officer","title_rss":"NULL","source_domain":"arkansasonline.com","text":"FILE — State troopers stand watch on June 13 at Remmel Park in Newport the day after Newport police Lt. Patrick Weatherford was fatally shot. - Photo by Jeff Mitchell\nA 16-year-old boy has admitted to fatally shooting a Newport police officer and firing at another police officer June 12 and now faces a capital-murder charge, a prosecutor said.\nDerrick Heard of Newport told police that he fired the gunshot that killed Lt. Patrick Weatherford and fired at Sgt. Shane Rogers during a pursuit near Newport High School, according to an arrest affidavit filed Wednesday in Jackson County Circuit Court.\nPolice had arrested Tyler Calamese, 18, of Newport on June 13, and Prosecuting Attorney Henry Boyce said he first considered filing capital-murder charges against him after investigators said Calamese confessed to killing the officer. Calamese now faces charges of breaking or entering, theft and providing a weapon to a minor.\n\"From the beginning, Heard was a suspect,\" Boyce said. \"We never ruled him out. We developed leads after questioning witnesses.\"\nWeatherford, 41, a 15-year veteran of the Newport Police Department, was killed after responding to a call of a vehicle break-in at Newport High School. Weatherford and Rogers attempted to stop Heard, the arrest affidavit written by state police investigator Sgt. Scott Pillow said, and Heard fled on a bicycle.\nWeatherford ran after Heard while Rogers chased him in a patrol car, according to the affidavit.\nWeatherford apprehended Heard near Bowen Street and Remmel Road, several blocks west of the school, and Heard fired a handgun at the officer, the affidavit said. Heard also fired shots at Rogers, according to the affidavit.\nRogers returned fire but did not hit Heard, Boyce said.\n[EMAIL UPDATES: Get free breaking news alerts, daily newsletters with top headlines delivered to your inbox]\nADVERTISEMENT\nMore headlines\nWeatherford was shot in the abdomen and the bullet traveled to his heart, a medical examiner reported. Medical personnel transported Weatherford to Unity Health-Harris Medical Center in Newport where he died, leaving behind his wife, Kristen Weatherford, a 21-year-old daughter and a 7-year-old son.\nPolice said Calamese surrendered to police about an hour and a half after Weatherford was shot about 6 p.m. June 12. Authorities continued searching a neighborhood near Remmel Park and blocked traffic for several hours. A state police helicopter flew overhead, searching a wooded area of the park near the school.\nBoyce originally held Calamese on accusations of capital murder. Boyce had until Aug. 13 to file formal charges against him.\nJanet Reynolds, Calamese's grandmother, has proclaimed Calamese's innocence since he was arrested. She said her grandson texted her shortly after the shooting, telling her that he was at an apartment at least 5 miles away from Remmel Park.\nShe said Calamese went to police to clear his name after he learned that he was considered a suspect.\nBoyce said he waited while investigators built their case against Heard before filing the charges. Heard also is charged with attempted capital murder over the shots fired at Rogers, breaking or entering, theft and possession of a handgun by a minor, according to reports.\nBoyce said he also had to wait for forensic enhancements of video taken from surveillance cameras at the school and from police body cameras on Weatherford and Rogers before he could file charges.\nHe would not comment on what the videos show but said \"the evidence is not inconsistent with the charges we filed\" on Wednesday.\nChris Nebben, an attorney with the Arkansas Public Defender Commission in Little Rock who was appointed to represent Calamese, said last week that he could not comment on the case.\n\"I am obligated to my client,\" he told the Arkansas Democrat-Gazette on July 20. \"I cannot comment further.\"\nHeard and Calamese are to be arraigned in Jackson County Circuit Court on Aug. 3.\n\"I am absolutely confident we have the right person charged with the murder of Patrick Weatherford,\" Boyce said of Heard.\nA Section on 07/27/2017","url":"https://www.arkansasonline.com/news/2017/jul/27/police-charge-16-year-old-in-newport-of/?page=1","polarityScore":{"sourceTitle":"Arkansas Democrat-Gazette","allSidesBias":"left","communityAgree":"686","communityDisagree":"522","sourceUrl":"http://www.arkansasonline.com/ "}}
