{"authors":["Juan Zamorano"],"date_download":"2018-10-21 02:58:30","date_modify":"2018-10-21 02:58:30","date_publish":"2018-10-17 22:16:40","description":"Rosa Iveth Montezuma, the first indigenous woman to win Miss Panama, fights for rights of the country’s native groups","filename":"1stindigenousMissPanamaadvocatesfornativepeoples_143.json","image_url":"https://www.washingtonpost.com/resizer/2CjPNwqvXHPS_2RpuRTKY-p3eVo=/1484x0/www.washingtonpost.com/pb/resources/img/twp-social-share.png","language":"en","localpath":"1stindigenousMissPanamaadvocatesfornativepeoples_143.json","title":"1st indigenous Miss Panama advocates for native peoples","title_page":"1st indigenous Miss Panama advocates for native peoples - The Washington Post","title_rss":"NULL","source_domain":"washingtonpost.com","text":"In this Sept. 12, 2018, Miss Panama Rosa Iveth Montezuma stands inside an elevator to leave the Panamanian Tourism Ministry after her visit in Panama City. Montezuma is the first indigenous woman to win the Miss Panama beauty pageant. (Arnulfo Franco/Associated Press)\nPANAMA CITY — She spent much of her life in an indigenous village without electricity, using wattles to cross rivers and make it to her school in the poorest region of Panama. The hardships she endured as a child still make her cry.\nFrom those humble beginnings, Rosa Iveth Montezuma has become the first indigenous woman to be crowned Miss Panama, gaining prominence and influence as an advocate for native people since she won the country’s biggest national beauty pageant in June.\n“I think that made me strong,” she said of her upbringing, in a recent interview with The Associated Press. “Now, everything is falling into place for me.”\nThe title has opened doors on an international stage for her to denounce the marginalization of indigenous communities. A month after winning, Montezuma attended the U.N. Permanent Forum of Indigenous Peoples. She also spoke during the organization’s International Indigenous Peoples’ Day and took her message to the Organization of American States in Washington.\nDressed in naguas — a long, straight indigenous dress of vibrant colors and geometric designs — Montezuma advocated for longstanding claims of native communities in the Americas and argued that governments “have a historic social debt with our native peoples.”\n“We continue to be considered inferior, uneducated, discriminated against entirely by society in general for our clothing and our essence,” she said in her speech.\nShe has had to overcome opposition and discrimination even since winning. In Panama, some criticized her for wearing her traditional dress to the United Nations, arguing that people would think all Panamanians are “cholas” — a pejorative term common to Latin America and Latino communities in the United States.\n“That’s a derogatory, racist comment,” Montezuma told AP.\nMontezuma also faced resistance when she entered the beauty contest. After her indigenous ethnicity was questioned on social media, she had to go with pageant organizers to a government office to get her identity documents and prove she is indeed Panamanian. Some had alleged, falsely, that her father was Italian.\nThe 25-year-old is the oldest of three siblings born in the community of Alto Caballero in western Panama, in a region where modern hydroelectric plants are a stark contrast to surrounding villages where there is no electricity. According to a study, 67 percent of the more than 150,000 inhabitants of the Ngobe Bugle region live in extreme poverty.\nSeven indigenous groups make up 12 percent of Panama’s population of 4 million. Statistically, indigenous Panamanians lag behind others in the country on indicators from economic status and education to access to infrastructure like roads and bridges.\n“Rosa has done very well for herself — not only as a woman in a beauty contest, it’s about more than that,” said Taira Stanley, a member of the indigenous peoples’ office of the University of Panama.\nMontezuma recalled having to travel every two weeks far from home to a ranch school with wooden walls and a palm-frond roof where she studied and her mother was a teacher. It could be a perilous journey, and sometimes they would have to wait for swollen creeks to calm before it was safe to cross.\nWhen Montezuma first became a beauty queen as a first-grader during her school’s anniversary celebration, the moment was marred when she learned her baby sister had been burned on her leg with cooking oil, forcing their mother to stay with the girl at a hospital elsewhere for a month.\n“Imagine, this was in a small town without doctors or medicines, difficult to access,” she said.\nMontezuma’s next challenge comes in December when she will represent her country at the Miss Universe pageant in Thailand.\n“This is so important to me,” she said. Being Miss Panama 2018 “has been a platform for people to become aware that indigenous people are not just a group far from the city, and that they can achieve things.”\nCopyright 2018 The Associated Press. All rights reserved. This material may not be published, broadcast, rewritten or redistributed.","url":"https://www.washingtonpost.com/entertainment/1st-indigenous-miss-panama-advocates-for-native-peoples/2018/10/17/51db32de-d25a-11e8-a4db-184311d27129_story.html","polarityScore":{"sourceTitle":"Washington Post","allSidesBias":"left-center","communityAgree":"21425","communityDisagree":"12735","sourceUrl":"http://www.washingtonpost.com/regional "}}
