{"authors":[],"date_download":"2018-11-02 00:37:36","date_modify":"2018-11-02 00:37:36","date_publish":"2017-10-25 18:15:00","description":"The AJC asked candidates running in November's Gwinnett County elections to explain why you should vote for them.","filename":"2017VoterGuideGwinnettCounty_4768.json","image_url":"https://www.ajc.com/rf/image_large/Pub/p8/AJC/2017/10/13/Images/newsEngin.20115113_Lilburn-City-Hall.jpg","language":"en","localpath":"2017VoterGuideGwinnettCounty_4768.json","title":"2017 Voter Guide: Gwinnett County","title_page":"Election 2017 Georgia: Voter guide to Gwinnett County races","title_rss":"NULL","source_domain":"ajc.com","text":"We asked candidates running in next month’s city, school and municipal elections to explain why you should vote for them. In addition to asking them questions about their experience and their stand on prominent issues, we asked some candidates to tell us which television character with whom they most identify. See where candidates stand on important issues, and who has a lot in common with Batman.\nBerkeley Lake\nSpecial Referendum Election\nShall the issuance of licenses for the package sale of distilled spirits be approved?\nBraselton\nMayor\nName: Bill Orr (i)\nTown Council Member Seat 2\nName: Peggy B. Slappey (i)\nTown Council Member Seat 4\nName: Robert Clark\nName: Hardy Johnson\nHardy Johnson\nAge: 71\nResidence: Chateau Elan\nProfession: Retired\nWhat experience will help you in office? Community involvement experience:\n- Serves and supports Braselton's NE Ga Medical Center Foundation Cabinet campaign\n- Member Braselton Rotary Club\n- Serves on Downtown Development Authority Braselton, promoting Braselton as a great place to live, work, and play\nLife experience\n- Native Georgian, Born in Fitzgerald, Georgia\n- Eagle Scout at age 14\n- Attended Georgia State University at night for 8 years- earning BBA & MBA\n- Married for 51 years to wife, Donna\n- Two children, four Grandchildren\nCareer experience\n- President of Tarmac America in Florida for 20 years responsible for all aspects of business including 2,500 employees, 49 concrete plants, nine block plants, largest cement plant on East Coast and fifth largest aggregate facility. (edited for length)\nWhat issue got you into this race? The growth in Braselton should be reasonable, responsible and orderly. With growth, we must ensure that our police are adequately trained, properly equipped and sufficiently staffed. Braselton government must be effective and efficient. Our infrastructure must be updated to improve traffic situation.\nWhich current television character do you identify most with? Frank Reagan, “Blue Bloods,” because of his devotion to family and his dogged dedication to a challenging responsibility.\nWebsite: www.vote4hardy.com\nEmail: hardybjohnson@gmail.com\nBuford\nCity Commissioner (To Succeed Chris Burge)\nChris Burge\nName: Chris Burge (i)\nAge: 57\nResidence: Buford\nProfession: Owner Buford Brake & Lube (30 years)\nWhat experience will help you in office? I have held this seat for 25 years, a position that I have never taken for granted and always said I would stay as long as the citizens of Buford would allow me.\nWhat issue got you into this race? The love for the City of Buford and the past generations and the generations to come. We all strive for triple A excellence. To continue to push our city and schools to be the best in everything we do.\nWhich current television character do you identify most with? None, I do not see the relevance of this question.\nEmail: lcburge@hotmail.com\nName: Gary A. Ingram\nCity Commissioner (To Succeed Michael Smith)\nName: Bradley W. Weeks\nBradley Weeks\nAge: 36\nResidence: Buford\nProfession: Real estate broker/ property management\nWhat experience will help you in office? I have served on the City of Buford Zoning Board of Appeals for the last five years. I have also served on the Gwinnett County Housing Authority for the last six years.\nWhat issue got you into this race? I am very proud of the success Buford is having. We live in a great town and I want to make sure Buford continues in the same direction.\nWhich current television character do you identify most with? I don't watch a lot of current television shows. If I had to pick it would probably be one of the settlers trying to make it in Alaska. I love being outdoors and working outdoors.\nEmail: BradWWeeks@hotmail.com\nBoard of Education (To Succeed Pat Pirkle)\nName: Pat Pirkle (i)\nBoard of Education (To Succeed J. Bruce Fricks)\nName: J. Bruce Fricks (i)\nDacula\nMayor\nName: Jimmy Wilbanks (i)\nJimmy Wilbanks\nAge: 75\nResidence: Dacula RD\nProfession: Retired from state government\nWhat experience will help you in office? My nearly 20 years as mayor. My 34 years of public service for Georgia citizens.\nWhat issue got you into this race? Continuing service\nWhich current television character do you identify most with? I don’t identify with any TV character.\nWebsite: Electjimmywilbanks.com\nEmail: jimmy.wilbanks@daculaga.gov\nCouncil Member (To Succeed Donna Barber Peairs)\nName: Donna Barber Peairs (i)\nName: Daniel R. Spain\nAge: 59\nResidence: South Dacula subdivision\nProfession: Semi-retired, part time at Queen of Hearts antiques\nWhat experience will help you in office? Fifty-nine years in the city of Dacula. 37 years in manufacturing with many of those years in a leadership role.\nWhat issue got you into this race? Wanting to get the citizens more involved in the city operations.\nWhich current television character do you identify most with? none\nEmail: spaindrs4@bellsouth.net\nFacebook: Danny Spain\nCouncil Member (To Succeed Wendell Holcombe)\nName: Wendell Holcombe (i)\nDuluth\nCity Council Post 1\nName: Marsha A. Bomar (i)\nMarsha Bomar\nAge: 65\nResidence: Downtown Duluth\nProfession: Transportation engineer\nWhat experience will help you in office? My diverse background, which includes 45 years as an engineer and planner, more than 20 years as a multiple business owner, extensive training in municipal governance, and volunteer service including chairing the United Way campaign twice are a few of the elements of my background that help me be effective in service on Council. I also have extensive professional experience in community engagement, which helps me work with all people and groups.\nWhat issue got you into this race? I have been serving and want to see some of the big projects through to conclusion.\nWhich current television character do you identify most with? “Madame Secretary.” She is a strong, strategic, savvy character and I aspire to be like that.\nEmail: mbomar@duluthga.net\nTwitter: streetsmartsmom\nFacebook: https://www.facebook.com/marsha.bomar\nCity Council Post 2\nName: Kirkland Dion Carden\nKirkland Carden\nAge: 29\nResidence: Riverbrooke subdivision\nProfession: Transportation planner with the Georgia Department of Transportation\nWhat experience will help you in office? I have served my community as a member of the Duluth Urban Redevelopment Authority, the Zoning Board of Appeals, and the 2016 Citizen’s Budget Review Advisory Committee. These experiences taught me the value of listening to all sides, analyzing problems, and finding effective solutions for them. I’ll bring these skills with me to the City Council.\nAs a city planner, I have a robust knowledge of city affairs, such as local zoning codes, and development processes. I will utilize this knowledge when elected to the City Council.\nWhat issue got you into this race? As a longtime resident of our city, I have seen our city grow and become more diverse over time. I believe our city must do all it can to welcome this diversity, and use it as a catalyst rather than a barrier. In a personal capacity, I’ve volunteered on multiple efforts around civic engagement, as well as fostering youth engagement with government.\nAs our city becomes more diverse, we need forward thinking leadership that strives to meet the unique needs of each of our residents. I believe my experiences adequately qualify me to address these challenges, and it’s something I’ll do. (edited for length)\nWhich current television character do you identify most with? Rick Grimes from “The Walking Dead.” Rick is a take-charge type of guy that takes care of his own.\nWebsite: https://www.kirkland4duluth.com\nEmail: kirk@kirkland4duluth.com\nTwitter: https://twitter.com/Kirkland_Carden\nFacebook: https://www.facebook.com/kirkforduluth/\nName: James T. \"Jim\" Dugan (i)\nJim Dugan\nAge: 65\nResidence: Carriage Gate\nProfession: Retired\nWhat experience will help you in office? Being the incumbent, I already have years of leadership and decision making experience in city government. I've also received the \"Certificate of Distinction\" award for 204-plus hours of municipal training through the University of Georgia. This training makes me a more valuable asset to our city. Not just about ideas but knowing how to bring those ideas to fruition.\nMy analytical skills, as a former project leader/business analyst, help me to look at issues openly and objectively and to determine the right actions to be taken to obtain the best outcome for our citizens.\nWhat issue got you into this race? I'm the incumbent seeking re-election. I desire to continue serving and working for Duluth citizens by providing positive leadership. By taking an active role in the decision-making processes, I can help enable our citizens to enjoy their community to its fullest and to take pride in calling Duluth their hometown.\nI have been involved with our ongoing downtown revitalization and I want to continue to bring economic development to Duluth by attracting new businesses, building city/business partnerships, promote local arts as a major attraction, and continue to enhance our infrastructures.\nWhich current television character do you identify most with? Kiefer Sutherland - “Designated Survivor,” President Tom Kirkman. He is not a \"politician\" but he's serving his country and doing what is honest, just, and right for all citizens. He has no preconceived agendas and handles each issue methodically.\nEmail: jdugan@duluthga.com\nName: Louis Tseng\nCity Council Post 3\nName: Billy Jones (i)\nGrayson\nMayor\nName: Allison L. Wilkerson (i)\nAllison Wilkerson\nAge: 44\nResidence: Windsor Place\nProfession: Real estate broker\nWhat experience will help you in office? I was elected to the Grayson City Council in 2001, then became mayor in 2014. I have served as the president of the Gwinnett Municipal Association for two terms and currently sit on the Executive Committee. I also serve as an adviser for the Grayson Youth Leadership program, which is a joint effort between the City of Grayson and Grayson High School.\nWhat issue got you into this race? Grayson is growing and I want to continue to cultivate smart growth.\nWhich current television character do you identify most with? I don't watch a lot of television.\nEmail: awilkerson@cityofgrayson.org\nCouncil Member Post 2\nName: Robert (Bob) Foreman\nBob Foreman\nAge: 70\nResidence: Olde Town Grayson\nProfession: Architect\nWhat experience will help you in office? Thirty-plus years as founder/owner of architectural firm in Gwinnett, 45 years as a licensed architect; 2014 graduate of Gwinnett Senior Leadership, currently serving as chairman of GSL Infrastructure Day; served as chairman of management team at Mountain Park First Baptist, group Bible study teacher and deacon; served on Olde Town Grayson Home Owners Association board and the Advisory Council; 1970 commissioned as officer in U.S Army Reserves; served Gwinnett community through Rotary Club of Duluth.\nWhat issue got you into this race? Grayson should do everything possible to retain its small town character and charm, to avoid large commercial developments, to encourage appropriate land use, and to encourage quality residential development. In 2018 Grayson will be updating its Comprehensive Plan, a critical tool in maintaining the quality of life in Grayson. We should continue to enhance the town center area around the city park. Well designed small commercial development such as the RailYard project should be encouraged.\nWhich current television character do you identify most with? Why would I identify with a character on TV? TV is fantasy and make-believe, mixed in with entertainment pretending to be news. When I watch TV, it is often home remodeling shows on HGTV or DIY. I also like the History channel and the National Geographic\nWebsite: www.BobForGrayson.com\nEmail: May be reached through contact page at listed web site, BobforGrayson.com.\nFacebook: www.facebook.com/robertcforeman\nName: Donald Lawrence Thrower\nDonald Thrower\nAge: 55\nResidence: Pine Grove Village\nProfession: Regional operations manager\nWhat experience will help you in office? I've been in many different leadership rolls in my career. I listen to people's concerns without prejudice. You can always learn things from everyone you come across. I never let emotions get in the way of the facts at hand.\nWhat issue got you into this race? No particular issue, this is something that has always intrigued me and I feel that there are many things to offer the citizens of Grayson. I'm a very good listener, coupled with being able to create ideas and solutions for any given situation.\nWhich current television character do you identify most with? Dave Kindig, I identify with his creativeness and caring of the end results.\nCouncil Member Post 4\nName: Linda S. Jenkins (i)\nLinda Jenkins\nAge: 73\nResidence: Middleton subdivision\nProfession: Retired educator; 38 years of teaching, 31 in Gwinnett Public Schools\nWhat experience will help you in office? Previously served on the council during late 70s/early 80s. I have lived in Grayson my whole life and have a feel for what residents want from city government.\nWhat issue got you into this race? Overseeing the orderly growth of Grayson, improving transportation issues, and making the city a beautiful place to live, work, and play.\nWhich current television character do you identify most with? .\nLilburn\nCity Council Post 3\nName: Eddie Price (i)\nEddie Price\nAge: 56\nResidence: Woodfall subdivision\nProfession: Small business owner\nWhat experience will help you in office? A small business owner for almost 30 years, a member of the Lilburn Business Association for over 20 years. Twelve years on Lilburn city council, plus two years on the Lilburn zoning board of appeals. I have over 40 credit hours of municipal training, mostly in revitalization and municipal procedures. I have served on the Lilburn Downtown Development Authority for the last 10-plus years. I have made many contacts with other Gwinnett cities and the county to help partner with them to move Lilburn forward. This partnership built a new city hall and library ... (edited for length)\nWhat issue got you into this race? Continue moving Lilburn forward, with ongoing revitalization of the Lilburn downtown area and highway 29. Improve quality of life by continuing our sidewalk initiative, greenway trail improvements, events in the park and adding more restaurants and other businesses.\nWhich current television character do you identify most with? Pride on “NCIS New Orleans,” he is a person who puts others first, works with others to protect and serve those around him.\nMay not always be pretty but is successful.\nEmail: eprice@cityoflilburn.com\nName: Shabaka C. Fletcher\nShabaka Fletcher\nAge: 43\nResidence: Lilburn\nProfession: Neurobehavioral counselor\nWhat experience will help you in office? Highly motivated; goal oriented and accomplishes results through influences verses direct control. Analytical thinker with ability to conduct research, data analysis and resolve complex problems quickly.\nWhat issue got you into this race? Citizen protection\nWhich current television character do you identify most with? Wonder Women\nEmail: shabakalilburn@hotmail.com\nName: Philip (Phil) Holland\nPhil Holland\nAge: 73\nResidence: Hunter's Hill\nProfession: Retired postmaster and real estate investor\nWhat experience will help you in office? I have gained a wealth of knowledge and experience while serving my country and community through military, federal, civic and charitable service. My strength is my ability to communicate with and work with diverse groups of people to achieve our objectives. I have budgeted, managed and directed small and large workforces. I have helped to plan and provided oversight for small and large real estate developments. I have owned, redeveloped and operated a very successful business and retail strip shopping center.\nWhat issue got you into this race? The issues that got me into this race are the absence of retail development, fine dining and family restaurants within the city of Lilburn. Our residents are required to travel to neighboring cities that are more progressive and aggressive when it comes to pursuing investors. The lack of boutique shopping that if properly developed could make Lilburn a destination city. Lilburn needs a fresh vision. \"It's Time For A Change\" in leadership. My vision is to \"Make Lilburn A Community Of Unity.\" Use the diversity of it's citizens to make Lilburn a place that other cities will envy.\nWhich current television character do you identify most with? Frank Reagan of \"Blue Bloods\" and Randall Pearson of \"This Is Us.\" Both are good men who love their families. My family's first Sunday dinner with my wife, kids and grandkids reflects the Reagan family. Both of these men have characters of strength and hum\nWebsite: Www.electphilipholland.com\nEmail: Phileh@bellsouth.net\nTwitter: @electpholland\nFacebook: electphilipholland\nCity Council Post 4\nName: Tim Dunn (i)\nLoganville\nMayor\nName: Donna B. Jones\nName: Rey Martinez\nRey Martinez\nAge: 48\nResidence: Tara\nProfession: U.S. Navy retired\nWhat experience will help you in office? Loganville Council Member 7 years\nVice-Mayor 2015-2016\nLoganville Public Safety Chairman 2012-2017\nLoganville Public Works Chairman 2011-2012\nBoard Member Georgia Equal Opportunity Commission 2015-present\nDegree in education\nWhat issue got you into this race? Public safety and transportation\nWhich current television character do you identify most with? Don't know. I don't watch much Television\nEmail: reyforloganville@bellsouth.net\nFacebook: ReyMartinez2017\nCity Council (Vote for Three)\nName: Anne Coles\nAnne Coles\nAge: 46\nResidence: Birchwood Place\nProfession: Entrepreneur / small business consultant\nWhat experience will help you in office? As an entrepreneur and a small business consultant that helps business owners with their bookkeeping, I work with people from all backgrounds and varying income levels. I manage money well, have resources and experts in many professions that I can rely on for input as a council member, and I excel at unifying teams for a greater purpose. I am known for three things - being candid, credible and conscientious. My clients know that they will always get the truth from me, no matter how hard it might be to hear. I am trusted by my clients ... (edited for length)\nWhat issue got you into this race? Business development in the City of Loganville. We don't have enough places for our residents and visitors to shop, work, and play. People drive through our city to get somewhere else. I want us to be a destination, not a drive through. I am an existing City of Loganville Commissioner so I am already working in the area of business development. I was also on the City of Loganville Urban Redevelopment Plan Committee, which was formed to advise the city on ideas to implement a better downtown area.\nWhich current television character do you identify most with? Judge Judy. I love how she calls it like it is and doesn't take any baloney off of anyone. She seems to be unaffected by political correctness and treats everyone fairly.\nWebsite: www.annecoles.com\nEmail: anne@annecoles.com\nFacebook: https://www.facebook.com/goannecoles/\nName: Danny Ford (i)\nDanny Ford\nAge: 69\nResidence: Lake Hodges Landing\nProfession: Retired\nWhat experience will help you in office? I have over 30 years managerial experience from Scientific-Atlanta and Lithonia Lighting. I feel this experience will help with the planned growth in keeping Loganville on track for QUALITY growth and expansion. I also have served as Lake Hodges Landing HOA President for five years and then I was appointed to the Loganville Planning Commission where I served as vice chairman.\nWhat issue got you into this race? A proposal for apartments pushed me into politics when I was Lake Hodges Landing HOA president. I had, along with many residents, concerns over the impact on traffic. The project was eventually scrapped but my urge to serve the city was born. Serving on the planning commission provided me with a better understanding of how the city government works. I then ran unopposed for an unexpired term and began serving our great city.\nWhich current television character do you identify most with? Frank Reagan (”Blood Bloods”), a no nonsense type of guy.\nWebsite:\nEmail: dford@loganville-ga.gov\nName: Mike Jones\nName: Lisa Newberry\nLisa Newberry\nAge: 50\nResidence: Tara Club Estates\nProfession: Senior account manager, corporate\nWhat experience will help you in office? My work life experience includes years of leadership with day to day operations and financial responsibilities. My civic life includes five consecutive years volunteering for Loganville's city events and I am a member of the Loganville Historical Society. I also proudly serve on the Loganville Planning and Zoning Commission. This appointed position has taught me the municipal ways of the city. My work and civic experiences have prepared me to serve as a city councilwoman.\nWhat issue got you into this race? I talk to many citizens every day who have the concerns of expensive water bills, taxes, traffic, growth, etc. These are all ongoing issues that I would like the opportunity to address. In addition, our city's safety is paramount. Our public safety needs the resources to keep our citizens safe, as well as the equipment to keep them safe.\nWhich current television character do you identify most with? Reba McEntire, the television show \"Reba.\" Reba has a successful career in singing, but desired an acting role. She had the courage to follow her dream, go for it and succeed. She is a great example of wanting something bad enough and working hard to ma\nEmail: lisanewberry28@gmail.com\nTwitter: https://twitter.com/lisanewberry8\nFacebook: https://www.facebook.com/lisa.luffmannewberry\nName: Femi Oduwole\nNorcross\nMayor\nName: Craig Newton\nCraig Newton\nAge: 62\nResidence: 380 Langford Drive, Norcross 30071\nProfession: IT technical consultant\nWhat experience will help you in office? As business manager for over 20-plus years with a local world leading high-tech, analytical laboratory instrument manufacturing company, I understand best business practices and will seek to bring a strong business ethic with me as the city's mayor. My belief is that our city should be run like a business with its citizens as its owner and shareholder all done with compassion and respect for its dedicated city employees.\nWhat issue got you into this race? My focus in maintaining and improving our quality of life in Norcross includes .. 1. Increasing our economic viability through: protecting our downtown, expanding our city center, attracting high wage technically inclined businesses 2. Increased public safety: utilizing new technology and increased community policing efforts 3. Sustainability of our parks and natural resources: our historic character and small town charm are assets that other cities emulate. What we have must be preserved, maintained through continued strategic planning.\nWhich current television character do you identify most with? Though I seldom watch TV ( sports excluded ) , I prefer reading for entertainment and researching the latest news The closest answer I can give is Judge Mathis through his interaction with a myriad of personalities. My colleagues often remind me that, like him, I am firm but fair.\nWebsite: www.Norcrossga.net\nEmail: cnewton395@gmail.com\nFacebook: Craig Newton\nCouncil Member (Hutcheson, Paul)\nName: Hoyt Hutcheson\nName: Chuck Paul\nCouncil Member (Thompson, Watch)\nName: Thad Thompson\nThad Thompson\nAge: 26\nResidence: Historic Norcross\nProfession: Financial advisor\nWhat experience will help you in office? I am blessed to have grown up in Norcross and have family history dating back to the early 1800s. This deep connection has given me an amazing outlook on what makes Norcross so amazing and what could make it even better. As a business owner that helps others reach financial success I look forward to helping maintain and forecast a balanced budget to ensure this community remains a PLACE TO IMAGINE for generations to come.\nWhat issue got you into this race? Norcross has set out to attract more young families to our town. I feel called to serve as an ambassador to both the city and residents to make this a reality. It's important to have folks of all ages call Norcross home so that it will continue to be an amazing place to live for generations to come. This community has provided abundantly for my family and me and I look forward to giving back.\nWhich current television character do you identify most with? Alex Trebek, I love to meet new people everyday!\nWebsite: thadfornorcross.com\nEmail: thad@thadfornorcross.com\nFacebook: facebook.com/thadfornorcross\nName: Daniel Watch\nDaniel Watch\nAge: 58\nResidence: Norcross\nProfession: Architect\nWhat experience will help you in office? My master's degrees in architecture and city planning from the University of Pennsylvania will be beneficial to the community. As a global leader in laboratory design, I have authored four books, won six international design competitions, and was inducted as an American Institute of Architects Fellow. My work, which includes advocating for sustainability, writing, and lecturing at over 100 institutions, has educated thousands. I travel over 250,000 miles annually to work in developing countries.\nWhat issue got you into this race? I would like the opportunity to improve the City of Norcross with a strong master plan. Our community of residents, public servants, business owners, and investors, will come together to create this plan. The process will include public meetings, student presentations, and brainstorming sessions, which will result in a three-dimensional, virtual computer model. Together, we can support thoughtful city planning by including successful initiatives of the past while giving better definition to our future.\nWhich current television character do you identify most with? I identify with Phil Dunphy from “Modern Family.” Phil works very hard at his chosen profession, but always makes sure his family comes first. Just like Phil and his son, Luke, my youngest daughter, Lucie, and I have many humorous adventures.\nEmail: dan.watch@perkinswill.com\nTwitter: @dwatch3\nFacebook: Dan Watch for Norcross City Council\nSpecial Elections\n(1) INVENTORY OF GOODS OR RAW MATERIALS IN THE PROCESS OF MANUFACTURE OR PRODUCTION\n“Shall the City of Norcross exempt from ad valorem taxation, inventory of goods in the process of manufacture or production which shall include all partly finished goods and raw materials held for direct use or consumption in the ordinary course of the taxpayer’s manufacture or production business in the state of Georgia (the exemption provided for herein shall apply only to tangible personal property which is substantially modified, altered or changed in the ordinary course of the taxpayer’s manufacturing, processing or production operations in this state)?”\n2) INVENTORY OF FINISHED GOODS, MANUFACTURED OR PRODUCED IN THE STATE OF GEORGIA\n“Shall the City of Norcross exempt from ad valorem taxation inventory of finished goods manufactured or produced within the State of Georgia in the ordinary course of the taxpayer’s manufacturing or production business, when held by the original manufacturer or producer of such finished goods (the exemption provided for herein shall be for a period not exceeding twelve (12) months from the date such property is produced or manufactured)?”\n(3) INVENTORY OF FINISHED GOODS IN TRANSIT TO A FINAL DESTINATION OUTSIDE THE STATE OF GEORGIA\n“Shall the City of Norcross exempt from ad valorem taxation, inventory of finished goods which, on January 1, are stored in a warehouse, dock, or wharf, whether public or private, and which are destined for shipment to a final destination outside the State of Georgia and inventory of finished goods which are shipped into the State of Georgia from outside this state and stored for transshipment to a final destination outside this state (the exemption provided for herein shall be for a period not exceeding twelve (12) months from the date such property is stored in this state)?”\n(4) STOCK IN TRADE OF A FULFILLMENT CENTER WHICH IS STORED IN A FULFILLMENT CENTER AND WHICH IS MADE AVAILABLE TO REMOTE PURCHASERS WHO MAY MAKE SUCH PURCHASES BY ELECTRONIC, INTERNET, TELEPHONIC, OR OTHER REMOTE MEANS, AND WHERE SUCH STOCK IN TRADE OF A FULFILLMENT CENTER WILL BE SHIPPED FROM THE FULFILLMENT CENTER AND DELIVERED TO THE PURCHASER AT A LOCATION OTHER THAN THE LOCATION OF THE FULFILLMENT CENTER.\n“Shall the City of Norcross exempt from ad valorem taxation, stock in trade of a fulfillment center which, on January 1, is stored in a fulfillment center and which is made available to remote purchasers who may make such purchases by electronic, internet, telephonic, or other remote means, and where such stock in trade of a fulfillment center will be shipped from the fulfillment center and delivered to the purchaser at a location other than the location of the fulfillment center (the exemption provided for in this paragraph shall be for a period not exceeding twelve (12) months from the date such property is stored in this state. Such period shall be determined based on application of a first-in, first-out method of accounting for the inventory)?”\nPeachtree Corners\nCity Council Post 2\nName: Eric Christ (i)\nEric Christ\nAge: 50\nResidence: Neely Farm\nProfession: Business executive\nWhat experience will help you in office? I've been a homeowner in Peachtree Corners since 1998, along with my wife of 23 years and our two daughters. I moved to Atlanta in 1991 to attend Emory Business School where I was a Woodruff Fellow and received an MBA. I also have bachelors degree in business from Georgetown University. Since graduating from Emory, I’ve worked as a senior manager at five technology firms, including McKesson Corporation in Alpharetta, and am currently the president of privately-held health care software firm in Sandy Springs. I served as vice chairman of the Peachtree Corners Zoning Board of Appeals for four years.\nWhat issue got you into this race? I was elected to the PTC City Council in 2016 to fill an open seat representing District 2. I'm running for re-election because public service is a way for me to give back to a community that has given me and my wife such a wonderful environment in which to work and raise a family. I've enjoyed my time on the City Council and look forward to serving the residents of District 2 for another four years. I support a conservative budgeting and appropriations process that keeps expenses below revenue and supports our low property tax. (edited for length)]\nWhich current television character do you identify most with? Running a software company, serving on City Council, being part of the Leadership Atlanta Class of 2018, and keeping up with a busy family leaves little time for television.\nWebsite: www.votechrist.org\nEmail: votechrist@gmail.com\nFacebook: https://www.facebook.com/votechrist\nCity Council Post 4\nName: Jeanne Aulbach (i)\nJeanne Aulbach\nAge: 66\nResidence: Avocet\nProfession: BI developer\nWhat experience will help you in office? I have served on Peachtree Corners City Council for five years, since we first became a city. Prior to that, I served on Peachtree Corners Yes, to promote cityhood. I participated in the Georgia Municipal Association’s (GMA) training program and obtained a Certificate of Achievement which requires 72 hours of training, including at least 36 hours from the required list and the Newly Elected Officials Institute.I am also is a graduate of Leadership Gwinnett, Class of 2017. This is a nine-month program focusing on Gwinnet County services issues. It enhances relationships with county officials.\nWhat issue got you into this race? I have served on City Council since the city incorporated in 2012, and on Peachtree Corners Yes prior to that to advocate for cityhood. While we have made a lot of progress, there still is much work to do. I want to continue to work to ensure the success of my city.\nWhich current television character do you identify most with? I really do not watch enough TV to answer this question.\nWebsite: jeanne4peachtreecorners.com\nEmail: jeanne4peachtreecorners@gmail.com\nFacebook: Jeanne For Peachtree Corners\nName: Luke Crawford\nLuke Crawford\nAge: 24\nResidence: River Station\nProfession: Marketing\nWhat experience will help you in office? While in college, I started a marketing/media company that has taught me a great deal about both marketing and business, these are both valuable skills that would prove beneficial in a City Council position. In addition, I bring young blood to the PTC City Council. As a millennial, I will work hard to attract more millennials to Peachtree Corners as they are the future.\nWhat issue got you into this race? The main issues that got me into the race were the desire for efficient use of tax dollars, my interest in improving the flow of traffic, my passion for stopping sex trafficking in Peachtree Corners and last but not least my strong belief in a limited and small government.\nWhich current television character do you identify most with? I rarely watch TV, but if we were to pick a movie I would choose Benjamin Martin from “The Patriot” as he is fearlessly dedicated to the well-being of not only his family, but his country. That kind of perseverance is inspirational.\nWebsite: www.electcrawford.com\nEmail: luke@electcrawford.com\nTwitter: @luke_a_crawford\nFacebook: https://www.facebook.com/electcrawford/\nName: Joseph Sawyer\nJoseph Sawyer\nAge: 52\nResidence: Meadow Green\nProfession: V.P Alpha&Omega Carpet Cleaning\nWhat experience will help you in office? Business owner , co-founder Bridges Peachtree Corners, Army veteran, pastor, and more\nWhat issue got you into this race? I Want to make sure that \"All People in Peachtree Corners are Represented\"\nWhich current television character do you identify most with? Kiefer Sutherland in “Designated Survivor”\nWebsite: www.CitizenJoeSawyer.com\nEmail: citizenjoesawyer@gmail.com\nTwitter: @CitizenJoe_PTC\nFacebook: citizenjoesawyer\nCity Council Post 6\nName: Weare Gratwick (i)\nSugar Hill\nMayor\nName: Steve Edwards (i)\nSteve Edwards\nAge: 53\nResidence: Secret Cove\nProfession: Sales\nWhat experience will help you in office? Been elected since 2003, master’s in public administration, unopposed\nWhat issue got you into this race? Continue our vision to build a downtown\nWhich current television character do you identify most with? Hawkeye from MASH\nCity Council Post 4\nName: Curtis Northrup (i)\nCity Council Post 5\nName: Taylor B. Anderson\nTaylor Anderson\nAge: 41\nResidence: Wild Timber\nProfession: Civil engineer, small business owner\nWhat experience will help you in office? I've served in several leadership positions through the years both in Sugar Hill and Gwinnett County. I currently serve as chairman of Sugar Hill’s Downtown Development Authority. The DDA in partnership with the city is working to bring hundreds of millions of dollars in investment into downtown. I also serve as chair - Goal 3 for Partnership Gwinnett and chairman of Gwinnett’s Development Advisory Committee. I’m owner of Blue Landworks, a civil engineering and land surveying company.\nWhat issue got you into this race? Leadership. Our city is growing quickly and the development happening in downtown will be a transformational period for our city. Our city is at a point in its life where the city's growth will benefit from someone with experience in infrastructure, economic development and making strategic decisions as a business owner.\nWhich current television character do you identify most with? I don’t watch much television and from what I’ve seen, there aren’t many aspirational leaders in current television. The character I most identify with would be Captain Jean-Luc Picard from “Star Trek: The Next Generation.”\nWebsite: tayloranderson.com\nEmail: ta@tayloranderson.com\nTwitter: twitter.com/tayloranderson\nFacebook: facebook.com/TaylorforSugarHill\nName: Joshua Mantz\nSuwanee\nCity Council Post 3\nName: Linnea Miller (i)\nLinnea Miller\nAge: 41\nResidence: Ruby Forest\nProfession: Education\nWhat experience will help you in office? I’ve lived in Suwanee for almost 20 years. During that time, my participation in leadership roles on behalf on the city, programs of the Gwinnett Chamber, and the North Gwinnett Schools Association, as well other community-centric entities and organizations, has provided me with real-life experience in developing and fostering the key insights and relationships that are necessary to accomplish the things that contribute to creating and maintaining a thriving, healthy, inclusive community.\nWhat issue got you into this race? I am passionate about creating a healthy community where our citizens, visitors and businesses can thrive. In my role as councilwoman, I have dedicated myself to making sure our community is safe, fiscally responsible, intentionally planned and culturally engaging.\nWhich current television character do you identify most with? I don't watch TV very often, but if I did, I might identify with Oprah's passion for wholehearted living. She celebrates good things happening in the world, and the people doing them. She provides tools to help people become a better version of themselves.\nEmail: linnea@forsuwanee.com\nFacebook: Linnea Miller For Suwanee\nName: Paquita V. Wright\nPaquita Wright\nAge: 44\nResidence: Suwanee\nProfession: HR and real estate investor\nWhat experience will help you in office? Residential and commercial real estate, development and contract negotiations, for-profit and nonprofit entities, strong ties to the education community, business owner, great wife and outstanding mother. I am uniquely talented to find win-win opportunities for our community business owners, employment base, parents and our aspiring children.\nWhat issue got you into this race? Land use issues and wanting Suwanee to continue to thrive and be a place to enjoy raising our families. Embracing our senior community and changing demographics while halting high density housing projects.\nWhich current television character do you identify most with? This was a hard question but I see myself 50/50 Mellie Grant and Rainbow Johnson. Both have a high drive for success, embrace their strength as women and they are so passionate about everything they touch. But, no matter what, family first.\nWebsite: https://www.linkedin.com/in/paquitamorrissphr/\nEmail: pwright4council@gmail.com\nFacebook: https://www.facebook.com/pwright4council/\nCity Council Post 4\nName: Joe Briggs\nJoe Briggs\nAge: 59\nResidence: Barrington Estates\nProfession: Engineer\nWhat experience will help you in office? Former school board, Manchester NH. Taxpayer, parent, engineer. I can do the math to determine when development proposals are tax-negative.\nWhat issue got you into this race? Excessive, rapid, high-density residential development threatens to change the rural character and quality of life and property values in Suwanee. Developers have taken it too far creating traffic and crowded schools. We want Suwanee; not Rosswell.\nWhich current television character do you identify most with? Tucker Carlson.\nEmail: jbriggsnh@gmail.com\nFacebook: @joebriggssuwanee\nName: Beth Hilscher (i)\nBeth Hilscher\nAge: 47\nResidence: Westbrook Road\nProfession: Attorney\nWhat experience will help you in office? I've lived in Suwanee for 19 years -- long before it became known as one of the best places in the nation to live and raise a family. I understand the importance of managing positive growth and providing excellent services, while remaining fiscally prudent. Because I am actively engaged and operate my practice in the heart of downtown Suwanee, I work and serve with my neighbors, which provides valuable insights to the community's desires and expectations.\nWhat issue got you into this race? I am proud of Suwanee’s accomplishments and wish to continue to ensure that Suwanee remains a wonderful place to live and work. Suwanee already wins awards for its excellence in management and planning, its vibrant events, its transparent budgeting, and its well-trained police force, all while maintaining a Triple A bond rating. I wish to continue to work with a team that leads in governing with innovation, smart progress, and ethical community engagement.\nWhich current television character do you identify most with? Perhaps ironically, I enjoy watching the development of the character \"Beth\" on \"This is Us\". She is a strong, professional woman who is steadfast in her love and commitment to family. She demonstrates a compassion for people -- even when messy, and leads.\nEmail: votebethhilscher@gmail.com\nFacebook: Beth Hilscher for Suwanee City Council\nCity Council Post 5\nName: Dan Foster (i)\nDan Foster\nAge: 54\nResidence: Forest Plantation/Stone Ridge\nProfession: Verizon architect\nWhat experience will help you in office? Served 12 years as council member, one year on P&Z board, five yrs on ZBA\nWhat issue got you into this race? Would like to continue to serve my community.\nWhich current television character do you identify most with? Ronald Regan\nWebsite: Fb.me/danfostersuwanee\nEmail: fost1dan@gmail.com\nTwitter: Fost1dan\nFacebook: Danfostersuwanee\nName: John S. Kantor","url":"https://www.ajc.com/news/local-govt--politics/2017-voter-guide-gwinnett-county/r27GpvjNKPmkJeqbylWPtL/","polarityScore":{"sourceTitle":"Atlanta Journal-Constitution","allSidesBias":"left-center","communityAgree":"561","communityDisagree":"580","sourceUrl":"http://www.ajc.com/ "}}
