{"authors":[],"date_download":"2018-11-02 18:20:38","date_modify":"2018-11-02 18:20:38","date_publish":"2017-07-12 00:00:00","description":"2017 ESPY Awards: Red Carpet Arrivals","filename":"2017ESPYAwardsRedCarpetArrivals_5012.json","image_url":"https://www.ajc.com/rf/image_large/Pub/p8/CmgSharedContent/2017/07/12/Images/GettyImages-813482670.jpg","language":"en","localpath":"2017ESPYAwardsRedCarpetArrivals_5012.json","title":"2017 ESPY Awards: Red Carpet Arrivals","title_page":"2017 ESPY Awards: Red Carpet Arrivals","title_rss":"NULL","source_domain":"ajc.com","text":"1 / 36\nMatt Winkelmeyer/Getty Images LOS ANGELES, CA - JULY 12: NBA player Mike Conley Jr. (R) and Mary Conley attend The 2017 ESPYS at Microsoft Theater on July 12, 2017 in Los Angeles, California. (Photo by Matt Winkelmeyer/Getty Images)\n2 / 36\nMatt Winkelmeyer/Getty Images LOS ANGELES, CA - JULY 12: Gymnast Laurie Hernandez attends The 2017 ESPYS at Microsoft Theater on July 12, 2017 in Los Angeles, California. (Photo by Matt Winkelmeyer/Getty Images)\n3 / 36\nMatt Winkelmeyer/Getty Images LOS ANGELES, CA - JULY 12: Race car drivers Ricky Stenhouse Jr. (L) and Danica Patrick attend The 2017 ESPYS at Microsoft Theater on July 12, 2017 in Los Angeles, California. (Photo by Matt Winkelmeyer/Getty Images)\n4 / 36\nMatt Winkelmeyer/Getty Images LOS ANGELES, CA - JULY 12: NBA player Zaza Pachulia and Tika Pachulia attend The 2017 ESPYS at Microsoft Theater on July 12, 2017 in Los Angeles, California. (Photo by Matt Winkelmeyer/Getty Images)\n5 / 36\nMatt Winkelmeyer/Getty Images LOS ANGELES, CA - JULY 12: NFL player Danny Amendola and model Olivia Culpo attend The 2017 ESPYS at Microsoft Theater on July 12, 2017 in Los Angeles, California. (Photo by Matt Winkelmeyer/Getty Images)\n6 / 36\nMatt Winkelmeyer/Getty Images LOS ANGELES, CA - JULY 12: NFL player Russell Wilson attends The 2017 ESPYS at Microsoft Theater on July 12, 2017 in Los Angeles, California. (Photo by Matt Winkelmeyer/Getty Images)\n7 / 36\nMatt Winkelmeyer/Getty Images LOS ANGELES, CA - JULY 12: MLB player Prince Fielder (2nd L), Chanel Fielder and family attend The 2017 ESPYS at Microsoft Theater on July 12, 2017 in Los Angeles, California. (Photo by Matt Winkelmeyer/Getty Images)\n8 / 36\nMatt Winkelmeyer/Getty Images LOS ANGELES, CA - JULY 12: Gymnast Madison Kocian attends The 2017 ESPYS at Microsoft Theater on July 12, 2017 in Los Angeles, California. (Photo by Matt Winkelmeyer/Getty Images)\n9 / 36\nMatt Winkelmeyer/Getty Images LOS ANGELES, CA - JULY 12: Olympic gymnast Aly Raisman attends The 2017 ESPYS at Microsoft Theater on July 12, 2017 in Los Angeles, California. (Photo by Matt Winkelmeyer/Getty Images)\n10 / 36\nMatt Winkelmeyer/Getty Images LOS ANGELES, CA - JULY 12: Pro wrestlers Maryse Ouellet and Michael Mizanin (aka The Miz) attend The 2017 ESPYS at Microsoft Theater on July 12, 2017 in Los Angeles, California. (Photo by Matt Winkelmeyer/Getty Images)\n11 / 36\nMatt Winkelmeyer/Getty Images LOS ANGELES, CA - JULY 12: Special Olympics Chairman Timothy Shriver attends The 2017 ESPYS at Microsoft Theater on July 12, 2017 in Los Angeles, California. (Photo by Matt Winkelmeyer/Getty Images)\n12 / 36\nMatt Winkelmeyer/Getty Images LOS ANGELES, CA - JULY 12: U.S. Air Force Technical Sgt. Israel Del Toro attends The 2017 ESPYS at Microsoft Theater on July 12, 2017 in Los Angeles, California. (Photo by Matt Winkelmeyer/Getty Images)\n13 / 36\nMatt Winkelmeyer/Getty Images LOS ANGELES, CA - JULY 12: Olympic gymnasts Aly Raisman (L) and Simone Biles attend The 2017 ESPYS at Microsoft Theater on July 12, 2017 in Los Angeles, California. (Photo by Matt Winkelmeyer/Getty Images)\n14 / 36\nMatt Winkelmeyer/Getty Images LOS ANGELES, CA - JULY 12: NFL player Andrew Hawkins (R) and Markisha Thomas attend The 2017 ESPYS at Microsoft Theater on July 12, 2017 in Los Angeles, California. (Photo by Matt Winkelmeyer/Getty Images)\n15 / 36\nMatt Winkelmeyer/Getty Images LOS ANGELES, CA - JULY 12: NFL player Aaron Rodgers attends The 2017 ESPYS at Microsoft Theater on July 12, 2017 in Los Angeles, California. (Photo by Matt Winkelmeyer/Getty Images)\n16 / 36\nMatt Winkelmeyer/Getty Images LOS ANGELES, CA - JULY 12: NHL player Matt Lombardi and former Olympic gymnast Nastia Liukin attend The 2017 ESPYS at Microsoft Theater on July 12, 2017 in Los Angeles, California. (Photo by Matt Winkelmeyer/Getty Images)\n17 / 36\nMatt Winkelmeyer/Getty Images LOS ANGELES, CA - JULY 12: Olympic snowboarder Shaun White attends The 2017 ESPYS at Microsoft Theater on July 12, 2017 in Los Angeles, California. (Photo by Matt Winkelmeyer/Getty Images)\n18 / 36\nMatt Winkelmeyer/Getty Images LOS ANGELES, CA - JULY 12: TV personality Draya Michele and NFL player Orlando Scandrick attend The 2017 ESPYS at Microsoft Theater on July 12, 2017 in Los Angeles, California. (Photo by Matt Winkelmeyer/Getty Images)\n19 / 36\nMatt Winkelmeyer/Getty Images LOS ANGELES, CA - JULY 12: Olympic swimmer Michael Phelps attends The 2017 ESPYS at Microsoft Theater on July 12, 2017 in Los Angeles, California. (Photo by Matt Winkelmeyer/Getty Images)\n20 / 36\nMatt Winkelmeyer/Getty Images LOS ANGELES, CA - JULY 12: Olympic gymnast Gabby Douglas attends The 2017 ESPYS at Microsoft Theater on July 12, 2017 in Los Angeles, California. (Photo by Matt Winkelmeyer/Getty Images)\n21 / 36\nMatt Winkelmeyer/Getty Images LOS ANGELES, CA - JULY 12: Olympic soccer player Abby Wambach attends The 2017 ESPYS at Microsoft Theater on July 12, 2017 in Los Angeles, California. (Photo by Matt Winkelmeyer/Getty Images)\n22 / 36\nMatt Winkelmeyer/Getty Images LOS ANGELES, CA - JULY 12: Actor Issa Rae attends The 2017 ESPYS at Microsoft Theater on July 12, 2017 in Los Angeles, California. (Photo by Matt Winkelmeyer/Getty Images)\n23 / 36\nMatt Winkelmeyer/Getty Images LOS ANGELES, CA - JULY 12: NBA player Nerlens Noel attends The 2017 ESPYS at Microsoft Theater on July 12, 2017 in Los Angeles, California. (Photo by Matt Winkelmeyer/Getty Images)\n24 / 36\nMatt Winkelmeyer/Getty Images LOS ANGELES, CA - JULY 12: Maria Shriver attends The 2017 ESPYS at Microsoft Theater on July 12, 2017 in Los Angeles, California. (Photo by Matt Winkelmeyer/Getty Images)\n25 / 36\nMatt Winkelmeyer/Getty Images LOS ANGELES, CA - JULY 12: NBA player Russell Westbrook (R) and Nina Earl attend The 2017 ESPYS at Microsoft Theater on July 12, 2017 in Los Angeles, California. (Photo by Matt Winkelmeyer/Getty Images)\n26 / 36\nMatt Winkelmeyer/Getty Images LOS ANGELES, CA - JULY 12: NBA player Joel Embiid attends The 2017 ESPYS at Microsoft Theater on July 12, 2017 in Los Angeles, California. (Photo by Matt Winkelmeyer/Getty Images)\n27 / 36\nMatt Winkelmeyer/Getty Images LOS ANGELES, CA - JULY 12: Wrestler Nikki Bella and actor/wrestler John Cena attend The 2017 ESPYS at Microsoft Theater on July 12, 2017 in Los Angeles, California. (Photo by Matt Winkelmeyer/Getty Images)\n28 / 36\nMatt Winkelmeyer/Getty Images LOS ANGELES, CA - JULY 12: NFL player Terrell Suggs (R) and guest attend The 2017 ESPYS at Microsoft Theater on July 12, 2017 in Los Angeles, California. (Photo by Matt Winkelmeyer/Getty Images)\n29 / 36\nMatt Winkelmeyer/Getty Images LOS ANGELES, CA - JULY 12: Olympic skier Lindsey Vonn attends The 2017 ESPYS at Microsoft Theater on July 12, 2017 in Los Angeles, California. (Photo by Matt Winkelmeyer/Getty Images)\n30 / 36\nMatt Winkelmeyer/Getty Images LOS ANGELES, CA - JULY 12: Actor Elizabeth Olsen attends The 2017 ESPYS at Microsoft Theater on July 12, 2017 in Los Angeles, California. (Photo by Matt Winkelmeyer/Getty Images)\n31 / 36\nMatt Winkelmeyer/Getty Images LOS ANGELES, CA - JULY 12: Actor Jeremy Renner attends The 2017 ESPYS at Microsoft Theater on July 12, 2017 in Los Angeles, California. (Photo by Matt Winkelmeyer/Getty Images)\n32 / 36\nJordan Strauss/Jordan Strauss/Invision/AP Lance Bass, right, and Michael Turchin arrive at the ESPYS at the Microsoft Theater on Wednesday, July 12, 2017, in Los Angeles. (Photo by Jordan Strauss/Invision/AP)\n33 / 36\nJordan Strauss/Jordan Strauss/Invision/AP NBA basketball player Stephen Curry of the Golden State Warriors, right, and Ayesha Curry arrive at the ESPYS at the Microsoft Theater on Wednesday, July 12, 2017, in Los Angeles. (Photo by Jordan Strauss/Invision/AP)\n34 / 36\nMatt Winkelmeyer/Getty Images LOS ANGELES, CA - JULY 12: WNBA player Candace Parker (R) and Lailaa Nicole Williams attend The 2017 ESPYS at Microsoft Theater on July 12, 2017 in Los Angeles, California. (Photo by Matt Winkelmeyer/Getty Images)\n35 / 36\nJordan Strauss/Jordan Strauss/Invision/AP Laila Ali arrives at the ESPYS at the Microsoft Theater on Wednesday, July 12, 2017, in Los Angeles. (Photo by Jordan Strauss/Invision/AP)\n36 / 36","url":"https://www.ajc.com/sports/2017-espy-awards-red-carpet-arrivals/B4GESdd1G3bbQ4NWLeWmVK/","polarityScore":{"sourceTitle":"Atlanta Journal-Constitution","allSidesBias":"left-center","communityAgree":"561","communityDisagree":"580","sourceUrl":"http://www.ajc.com/ "}}
