{"authors":[],"date_download":"2018-10-30 19:25:04","date_modify":"2018-10-30 19:25:04","date_publish":"2017-06-01 11:00:00","description":"This is the schedule of college football bowl games dates and TV times leading up the championship game (All times Eastern)","filename":"201718collegefootballbowlschedule_873.json","image_url":"https://www.ajc.com/rf/image_large/Pub/p8/AJC/2017/12/08/Videos/4245763.vpx.jpg","language":"en","localpath":"201718collegefootballbowlschedule_873.json","title":"2017-18 college football bowl schedule","title_page":"2017-18 College football bowl times, TV schedule","title_rss":"NULL","source_domain":"ajc.com","text":"The 2017-18 college football champion will be decided in Atlanta in the College Football Playoff Championship game on Jan. 8, 2018, at Mercedes-Benz Stadium.\nThis is the schedule of college football bowl games dates and TV times leading up the championship game (All times Eastern):\n> Saturday, Dec. 16, 2017\nCelebration Bowl: Noon, ABC: North Carolina A&T vs. Grambling State @ Atlanta\nNew Orleans Bowl: 1 p.m., ESPN: Troy vs. North Texas @ New Orleans\nCure Bowl: 2:30 p.m., CBSSN: Georgia State vs. Western Kentucky @ Orlando, Fla.\nLas Vegas Bowl: 3:30 p.m., ABC: Oregon vs. Boise State @ Las Vegas\nNew Mexico Bowl: 4:30 p.m., ESPN: Marshall vs. Colorado State @ Albuquerque, N.M.\nCamellia Bowl: 8 p.m., ESPN: Middle Tennessee vs. Arkansas State @ Montgomery, Ala.\n> Tuesday, Dec. 19\nBoca Raton Bowl: 7 p.m., ESPN: Akron vs. Florida Atlantic @ Boca Raton, Fla.\n> Wednesday, Dec. 20\nFrisco Bowl: 8 p.m., ESPN: SMU vs. Louisiana Tech @ Frisco, Texas\n> Thursday, Dec. 21\nGasparilla Bowl: 8 p.m., ESPN: Temple vs. Florida International @ St. Peterburg, Fla.\n> Friday, Dec. 22\nBahamas Bowl: 12:30 p.m., ESPN: UAB vs. Ohio @ Nassau, Bahamas\nPotato Bowl: 4 p.m., ESPN: Wyoming vs. Central Michigan @ Boise, Idaho\n> Saturday, Dec. 23\nBirmingham Bowl: Noon, ESPN: Texas State vs. South Florida @ Birmingham, Ala.\nArmed Forces Bowl: 3:30 p.m., ESPN: Army vs. San Diego State @ Fort Worth, Texas\nDollar General Bowl: 7 p.m., ESPN: Appalachian State vs. Toledo @ Mobile, Ala.\n> Sunday, Dec. 24\nHawaii Bowl: 8:30 p.m., ESPN: Fresno State vs. Houston @ Honolulu, Hawaii\n> Tuesday, Dec. 26\nHeart of Dallas Bowl: 1:20 p.m., ESPN: Utah vs. West Virginia @ Dallas\nQuick Lane Bowl: 5:15 p.m., ESPN: Duke vs. Northern Illinois @ Detriot\nCactus Bowl: 10 p.m., ESPN: Kansas State vs. UCLA @ Phoenix\n> Wednesday, Dec. 27\nIndependence Bowl: 1:30 p.m., ESPN: Florida State vs. Southern Miss @ Shreveport, La.\nPinstripe Bowl: 5:15 p.m., ESPN: Boston College vs. Iowa @ Bronx, N.Y.\nTexas Bowl: 9 p.m., ESPN: Texas vs. Missouri @ Houston\n> Thursday, Dec. 28\nMilitary Bowl: 1:30 p.m., ESPN: Virginia vs. Navy @ Annapolis, Md.\nCamping World Bowl: 5:15 p.m., ESPN: Oklahoma State vs. Virginia Tech @ Orlando, Fla.\nFoster Farms Bowl: 8:30 p.m., FOX: Arizona vs. Purdue @ Santa Clara, Calif.\nAlamo Bowl: 9 p.m., ESPN: Stanford vs. TCU @ San Antonio, Texas\nHoliday Bowl: 9 p.m., FOX: Michigan State vs. Washington State @ San Diego\n> Friday, Dec. 29\nBelk Bowl: 1 p.m., ESPN: Wake Forest vs. Texas A&M @ Charlotte, N.C.\nSun Bowl: 2 p.m., CBS: N.C. State vs. Arizona State @ El Paso, Texas\nMusic City Bowl: 4:30 p.m., ESPN: Kentucky vs. Northwestern @ Nashville\nArizona Bowl: 5:30 p.m., CBSSN: Utah State vs. New Mexico State @ Tucson, Ariz.\nCotton Bowl: 8:30 p.m., ESPN: USC vs. Ohio State @ Arlington, Texas\n> Saturday, Dec. 30\nTaxSlayer Bowl: Noon, ESPN: Louisville vs. Mississippi State @ Jacksonville, Fla.\nLiberty Bowl: 12:30 p.m., ABC: Iowa State vs. Memphis @ Memphis, Tenn.\nFiesta Bowl: 4 p.m., ESPN: Washington vs. Penn State @ Glendale, Ariz.\nOrange Bowl:8 p.m., ESPN: Wisconsin vs. Miami @ Miami Gardens, Fla.\n> Monday, Jan. 1, 2018\nOutback Bowl: Noon, ESPN2: Michigan vs. South Carolina @ Tampa, Fla.\nChick-fil-A Peach Bowl: 12:30 p.m., ESPN: Auburn vs. UCF @ Atlanta\nCitrus Bowl: 1 p.m., ABC: Notre Dame vs. LSU @ Orlando, Fla.\nRose Bowl (College Football Playoff): 5 p.m., ESPN: No. 2 Oklahoma vs. No. 3 Georgia @ Pasadena, Calif.\nSugar Bowl (College Football Playoff): 8:45 p.m., ESPN: No. 1 Clemson vs. No. 4 Alabama @ New Orleans\nThe College Football Playoff National Championship Trophy will be presented in Atlanta this season. (Kevin C. Cox/Getty Images)\n> Monday, Jan. 8\nCollege Football Playoff National Championship: 8 p.m., ESPN: Semifinal winner vs. Semifinal winner @ Atlanta","url":"https://www.ajc.com/sports/college/2017-college-football-bowl-schedule/drOgkWL4Akk64cHaG990sI/","polarityScore":{"sourceTitle":"Atlanta Journal-Constitution","allSidesBias":"left-center","communityAgree":"561","communityDisagree":"580","sourceUrl":"http://www.ajc.com/ "}}
