{"authors":["Wendy Galietta","Photo Editor Focusing On Health","Environmental Issues","Photo Editor"],"date_download":"2018-10-21 03:13:11","date_modify":"2018-10-21 03:13:11","date_publish":"2018-10-17 12:00:05","description":"Nikon announces the winners of its 2018 Nikon Small World Photomicrography Competition, in which images of spider embryos, mold spores, amino acid crystals and a human tear become art.","filename":"2018NikonSmallWorldPhotomicrographyCompetitionwinners_348.json","image_url":"https://www.washingtonpost.com/resizer/RWC1wP5-Zg4mR-LfccRmjgAk_nU=/1484x0/arc-anglerfish-washpost-prod-washpost.s3.amazonaws.com/public/CGPS2WBVVY72LI53NS7OVHKWAY.jpg","language":"en","localpath":"2018NikonSmallWorldPhotomicrographyCompetitionwinners_348.json","title":"2018 Nikon Small World Photomicrography Competition winners","title_page":"2018 Nikon Small World Photomicrography Competition winners - The Washington Post","title_rss":"NULL","source_domain":"washingtonpost.com","text":"Photo editor\nFirst place: eye of a Metapocyrtus subquadrulifer beetle. (Yousef Al Habshi)\nNineteenth place: Vespa velutina (Asian hornet) with venom on its stinger. (Pierre Anquet)\nAt times it may be easy to see the beauty of the natural world with only the naked eye. Participants in the 2018 Nikon Small World Photomicrography Competition know that advanced imaging and microscope technologies help to lend more clarity and reveal the unexpected beauty of the world around us. First place was awarded to photographer Yousef Al Habshi for his image that captures part of the compound eyes and bright-greenish scales of the Asian red palm weevil. This beetle is very small at less than a half-inch in size and is found in the Philippines.\nAl Habshi views the eyes as the windows into insect artwork and research. “Because of the variety of coloring and the lines that display in the eyes of insects, I feel like I’m photographing a collection of jewelry,” said Al Habshi. “Not all people appreciate small species, particularly insects. Through photomicrography we can find a whole new, beautiful world, which hasn’t been seen before. It’s like discovering what lies under the ocean’s surface.” Though this insect served as Al Habshi’s muse for the stunning photograph, weevils present infestation problems worldwide and may often destroy crops.\nAl Habshi’s photography has helped advance the work of his partner, professor Claude Desplan of New York University at Abu Dhabi. His lab and Al Habshi’s photos have contributed to a better understanding of the red palm weevil and how to better control the population.\nMore than 128 images were stacked to create the winning entry, captured using a reflected light technique. Mastering the contrast between the dark eye of the beetle and its brightly colored scales was a test. According to Al Habshi, “The main challenge was to show the black body against the black background without overexposing the skin and scales.” He was able to strike the perfect balance by controlling the background distance from the subject and using deft lighting and sample positioning.\nIn addition to the overall winner, Nikon Small World recognized an additional 94 photos out of over 2,500 entries from scientists and artists in 89 countries. Images of spider embryos, mold spores, amino acid crystals and a human tear become art.\nHonorable mention: bubbles and single cloth fiber (red) on a rock surface. (Walter Piorkowski)\nNinth place: security hologram. (Haris Antonopoulos)\nSixth place: primate foveola, the central region of the retina. (Hanen Khabou/Vision Institute, Department of Therapeutics, Paris)\nSeventh place: human tear drop. (Norm Barker/Johns Hopkins School of Medicine, Department of Pathology & Art as Applied to Medicine)\nHonorable mention: Penicillium vulpinum , mold. (Tracy Debenport)\nFifth place: Parasteatoda tepidariorum , spider embryo, stained for embryo surface in pink, nuclei in blue and microtubules in green. (Tessa Montague/Harvard University, Department of Molecular and Cellular Biology)\nHonorable mention: chameleon embryo. (Teresa Zgoda)\nHonorable mention: daphnia, water flea, with eggs. (Anne Algar)\nHonorable mention: emmonsite, an iron tellurite mineral. (Emilio Carabajal Márquez)\nFourth place: peacock feather section. (Can Tunçer)\nThirteenth place: Balanus glandula , an acorn barnacle. (Charles Krebs)\nTwelfth place: Urania ripheus (butterfly) wing scales. (Luciano Andres Richino/NEF Photography)\nEighteenth place: amino acid crystals, L-glutamine and beta-alanine. (Justin Zoll)\nMore on In Sight:\nThe stunning images that won the 2017 Nikon Small World contest\nLauren Ko finds passion in creating perfect geometric pies\nFrom London to Tokyo, Antony Cairns sees cities in a different light\nIn Sight is The Washington Post’s photography blog for visual narrative. This platform showcases compelling and diverse imagery from staff and freelance photographers, news agencies and archives. If you are interested in submitting a story to In Sight, please complete this form.\nCORRECTION: A caption in previous version of this article misidentified Anne Algar’s photo of a Daphnia (water flea) with eggs.","url":"https://www.washingtonpost.com/news/in-sight/wp/2018/10/17/see-big-the-winners-of-nikons-micro-photo-competition/","polarityScore":{"sourceTitle":"Washington Post","allSidesBias":"left-center","communityAgree":"21425","communityDisagree":"12735","sourceUrl":"http://www.washingtonpost.com/regional "}}
