{"authors":["Jill Lawless"],"date_download":"2018-10-21 02:47:31","date_modify":"2018-10-21 02:47:31","date_publish":"2018-10-19 14:36:11","description":"Twenty men have been jailed for raping and abusing more than a dozen girls in a northern England town, in what a judge called a “vile and wicked” campaign of exploitation","filename":"20menjailedforsexabuseofteenagersinnorthernEngland_504.json","image_url":"https://www.washingtonpost.com/resizer/2CjPNwqvXHPS_2RpuRTKY-p3eVo=/1484x0/www.washingtonpost.com/pb/resources/img/twp-social-share.png","language":"en","localpath":"20menjailedforsexabuseofteenagersinnorthernEngland_504.json","title":"20 men jailed for sex abuse of teenagers in northern England","title_page":"20 men jailed for sex abuse of teenagers in northern England - The Washington Post","title_rss":"NULL","source_domain":"washingtonpost.com","text":"This undated handout photo provided by West Yorkshire Police shows, top row from left, Nasarat Hussain, Sajid Hussain, Faisal Nadeem, Mohammed Azeem, Wiqas Mahmud, and bottom row from left, Manzoor Hassan, Niaz Ahmed, Mohammed Imran Ibrar, Asif Bashir and Mohammed Akram, ten of the twenty men jailed in Huddersfield, England. Twenty men have been jailed for raping and abusing more than a dozen teenage girls in the northern England city of Huddersfield. The men were found guilty in a series of trials this year, and a judge lifted reporting restrictions Friday, Oct. 19, 2018. Amere Singh Dhaliwal, whom prosecutors said was the gang’s ringleader, was found guilty of 22 counts of rape and sentenced earlier this year to a minimum of 18 years in prison. (West Yorkshire Police via AP) (Associated Press)\nLONDON — Twenty men have been jailed for raping and abusing more than a dozen girls in a northern England town, in what a judge called a “vile and wicked” campaign of exploitation.\nThe men in the town of Huddersfield were found guilty in three trials this year, but the verdicts could not be reported until a judge lifted reporting restrictions Friday.\nThe cases are the latest in a series of prosecutions in northern English towns and cities for child sexual exploitation involving men of mostly Pakistani heritage.\nThe men were accused of being part of a gang that groomed vulnerable girls — described in court as from “isolated” backgrounds — and were convicted of more than 120 offenses against 15 victims aged between 11 and 17. Prosecutors said the victims were plied with alcohol and drugs before being sexually abused by the men at parties and in cars, parking lots, a snooker center and a fast-food restaurant.\nAmere Singh Dhaliwal, whom prosecutors said was the gang’s ringleader, was found guilty of 22 counts of rape and sentenced earlier this year to a minimum of 18 years in prison. The judge told him that “the way you treated these girls defies understanding.”\n“This abuse was vile and wicked,” judge Geoffrey Marson said as he passed sentence at Leeds Crown Court.\nThe other men received sentences of between five and 18 years in prison.\nThe cases in Huddersfield, Rochdale and other towns — in which most of the victims were white — have heightened ethnic tensions in Britain and spurred criticism of local authorities, who failed to protect vulnerable girls, and of police, who often did not listen to the victims.\nFar-right figures have used the crimes to argue that “Muslim grooming gangs” pose a particular threat to Britain.\nAnti-Muslim activist Stephen Yaxley-Lennon, who uses the pseudonym Tommy Robinson, was jailed for contempt of court in May after broadcasting live on Facebook outside the trial of some of the Huddersfield gang, breaching reporting restrictions.\nPolice statistics in Britain show that most offenders in child exploitation cases are white men, and most of the abuse takes place online, at home or in institutions such as schools.\nBut former prosecutor Nazir Afzal, who has brought many abusers to trial, says Pakistani men are disproportionately involved in the sort of street grooming seen in recent high-profile cases. He says that reflects the high number of South Asian men working for taxi firms and takeaway restaurants in the late-night economy, as well as their widespread sexist attitudes about women.\nCopyright 2018 The Associated Press. All rights reserved. This material may not be published, broadcast, rewritten or redistributed.","url":"https://www.washingtonpost.com/world/europe/20-men-jailed-for-sex-abuse-of-teenagers-in-northern-england/2018/10/19/5272b746-d3ac-11e8-a4db-184311d27129_story.html","polarityScore":{"sourceTitle":"Washington Post","allSidesBias":"left-center","communityAgree":"21425","communityDisagree":"12735","sourceUrl":"http://www.washingtonpost.com/regional "}}
