{"authors":["Lauren Dana"],"date_download":"2018-10-31 01:06:22","date_modify":"2018-10-31 01:06:22","date_publish":"2018-10-09 17:55:09","description":"It's officially October, which means it's *basically* Halloween, right?! Besides, it's never too early to start prepping for an awesome costume that'll blow all of your friends away (not literally, though). When it comes to creating an…","filename":"25Genius2018HalloweenMakeupIdeasFromYouTubeThatAnyoneCanDo_2002.json","image_url":"https://imgix.bustle.com/uploads/image/2018/10/9/e578215a-9e11-4a68-b5d8-00879051f608-screen-shot-2018-10-09-at-14934-pm.png?w=1200&h=630&q=70&fit=crop&crop=faces&fm=jpg","language":"en","localpath":"25Genius2018HalloweenMakeupIdeasFromYouTubeThatAnyoneCanDo_2002.json","title":"25 Genius 2018 Halloween Makeup Ideas From YouTube That Anyone Can Do","title_page":"25 Genius 2018 Halloween Makeup Ideas From YouTube That Anyone Can Do","title_rss":"NULL","source_domain":"bustle.com","text":"It's officially October, which means it's *basically* Halloween, right?! Besides, it's never too early to start prepping for an awesome costume that'll blow all of your friends away (not literally, though). When it comes to creating an out-of-this-world look, nobody likes to spend hours of their time and effort on hair and makeup. Alas, we've been #blessed with plenty of genius Halloween makeup ideas from YouTube that are simple enough and easy to follow, but still give that \"wow\" factor we're all looking for to stand out.\nLuckily, there's tutorials for any and all types of costumes, no matter your preference. Super villain? Check. '90s cartoon character? There's even Starbucks-themed costumes.\nBut even if you have no clue what you want to be for Halloween, look no further than YouTube (and here!) for some inspo. Besides if you're anything like me, you'll be anything: As long as it's Insta-worthy (a necessary requirement), easy to follow, and requires little to no time to do, because makeup can be hard.\nIt's hard to not look cliche on Oct. 31, and it's always a struggle to come up with something out of the box enough. However, YouTube tutorials from across the globe have made it easier (and more fun, too!). So, why not take the stress out of coming up with the perfect look, and just have fun with it!\nSo whether you prefer to be an elegant princess, an exotic feline, or anything in between, here are the 25 most genius makeup ideas from YouTube you need to use for an epic Halloween look.\n1 Magical Mermaid RhiannonClaire on YouTube This look is insanely chic, extremely elegant, and totally mystifying. Give it a try. I promise, it's easier than you think.\n2 Glittery Pumpkin Bailey Van Der Veen on YouTube Show off your love of all things fall (and glitter) with this unique makeup look.\n3 Clown Hayley Bui on YouTube Clowns don't necessarily have to be scary (but who am I kidding, they really are).\n4 Unicorn Kayleigh Noelle on YouTube The only thing better than a unicorn itself? You as a unicorn.\n5 Galaxy Makeup itslikelymakeup on YouTube This look is ~out of this world~ (sorry, not sorry).\n6 Poison Ivy Kayleigh Noelle on YouTube Because green is just oh, so, chic this time of year.\n7 Demon Kayleigh Noelle on YouTube Being wrong never felt so right (get it?).\n8 Neon Skull James Charles on YouTube The only thing more fierce than a regular skull is a bright blue one. #DoItForTheGram\n9 Deer TheMakeupChair on YouTube Wishing I could wear this everyday. Just look at that contour!\n10 Mummy LustreLux on YouTube The mummy look gets a glamorous makeover.\n11 Pop Art Comic Book Kristina Vee on YouTube Straight outta Roy Lichtenstein's illustrations.\n12 Scarecrow Niki Crow on YouTube Take a scarecrow, but make it *sexy*.\n13 Sexy Leopard Angela Lanter on YouTube Show off your wild side.\n14 Cat Katerina Williams on YouTube Not your basic cat costume. Meow.\n15 Spider Tina Halada on YouTube In case you're feeling extra spooky this Halloween.\n16 Morticia Addams Kayla Hagey on YouTube Channel your inner dark side.\n17 Zombie xGetyourBeautyOn on YouTube \"Dance, dance, dance 'til you're dead.\" - Michael Jackson, but also you on Halloween.\n20 Vampire DestinyLashaeMakeup on YouTube Bite the candy, not the people.\n21 Bunny Krystal Allen on YouTube Remember when Elle Woods was a bunny? Now you can be one, too... so you're basically Elle Woods.\n22 Bat RayDoesFX on YouTube Never have I seen a bat look more chic, and I am living for it.\n23 Tiger Laura Lee on YouTube What about the lions and bears?\n24 Decaying Porcelain Doll Heather Moorhouse on YouTube Because why not?\n25 Werewolf Bella Makeup on YouTube Let's hope Halloween doesn't fall on a full moon this year. Trick or treat, ladies!","url":"https://www.bustle.com/p/25-genius-2018-halloween-makeup-ideas-from-youtube-that-anyone-can-do-12113353","polarityScore":{"sourceTitle":"Bustle","allSidesBias":"left-center","communityAgree":"564","communityDisagree":"566","sourceUrl":"http://www.bustle.com/ "}}
