{"authors":["Yvonne Zusel"],"date_download":"2018-11-02 12:48:18","date_modify":"2018-11-02 12:48:18","date_publish":"2017-11-08 11:01:39","description":"Three Georgia restaurants -- two in Atlanta -- are among the nation's must-visit restaurants, accord...","filename":"2Atlantarestaurantsmake2017EatersAmericasEssentialRestaurant_4490.json","image_url":"https://www.ajc.com/rw/PortalConfig/np-free/assets/ajc/images/AJC_200x200.png","language":"en","localpath":"2Atlantarestaurantsmake2017EatersAmericasEssentialRestaurant_4490.json","title":"2 Atlanta restaurants make 2017 Eater's America’s Essential Restaurant","title_page":"2 Atlanta restaurants make 2017 Eater's America’s Essential Restaurant","title_rss":"NULL","source_domain":"ajc.com","text":"Three Georgia restaurants -- two in Atlanta -- are among the nation's must-visit restaurants, according to a new ranking.\nFood site Eater has released its America's 38 Essential Restaurants list as compiled by critic Bill Addison, and the much-lauded Miller Union and Staplehouse both made the cut. Staplehouse is new to the list, while Miller Union has made appearances in the past. Savannah spot The Grey is also new to the list.\nOf Staplehouse, Eater writes, \"Chef Ryan Smith’s genius has been obvious from the day Staplehouse opened in October 2015. His risky, layered, and highly aesthetic approach produces visions like barely warmed crabmeat encircling earthy-sweet sunflower custard, all covered in flowers and herbs. It’s easily Atlanta’s most accomplished cooking. The dining room holds 40 seats, and reservations are a challenge. Try showing up at 5:15 p.m. for a slot at the eight-seat bar, or at 7:15 p.m. when the first bar seating tends to turn over. The restaurant is a profound tribute to founding chef Ryan Hidinger, who passed away before he could open the restaurant, ultimately started by his widow Jen Hidinger, sister Kara Hidinger, and Smith, his brother-in law.\"\nSmith was a finalist in the Best Chef: Southeast category for the James Beard Foundation Awards this year, and Staplehouse was a finalist in 2016 for Best New Restaurant. Bon Apetit magazine also named the eatery the best new restaurant in the country in 2016, and Staplehouse was included in Eater’s annual list of the Best New Restaurants in America and named to the top of GQ’s Best New Restaurants of 2016 list .\nEater also had glowing things to say about Miller Union: \"South Georgia native Steven Satterfield bares the heart of his region in dishes like field pea and peanut salad or pan-roasted chicken with creamed rice. Co-owner and front-of-house maestro Neal McCarthy may be British, but he nails Southern hospitality.\"\nSatterfield won a James Beard Foundation Award in the Best Chef: Southeast category this year after five years of being a finalist in the category. His Miller Union was in the running this year as a Beard finalist for Outstanding Wine Program. In addition, his cookbook “Root to Leaf” was nominated last year for a Beard photography book award.\nOpen since late 2014, The Grey made the cut because \"eating here communicates wholeness,\" Addison writes. He encourages every “food obsessive” to fly to Savannah to “feast on beer-battered shrimp with green goddess and pepper relish, and quail spiced with ras el-hanout, and ‘country pasta’ with cured pork belly, Parmesan, and pepper.”\nSee the complete list here .\nMiller Union, 999 Brady Ave., Atlanta, 678-733-8550, millerunion.com\nStaplehouse, 541 Edgewood Ave. SE, Atlanta, 404-524-5005, staplehouse.com\nMORE:\nAtlanta Braves give Community Hero Award to Staplehouse's Jen Hidinger\nStaplehouse: Savoring the now\nReview: To Staplehouse, with gratitude\nA food lover's guide for fueling up in Savannah\nAmerican Prohibition Museum opens in Savannah\nExplore where to eat in Atlanta with the AJC’s Fall Dining Guide\nRead more stories like this by liking Atlanta Restaurant Scene on Facebook , following @ATLDiningNews on Twitter and @ajcdining on Instagram .","url":"https://www.ajc.com/blog/atlanta-restaurants/atlanta-restaurants-make-2017-eater-america-essential-restaurants-list/ClNrO5YTv46m0e2xRET4IM/","polarityScore":{"sourceTitle":"Atlanta Journal-Constitution","allSidesBias":"left-center","communityAgree":"561","communityDisagree":"580","sourceUrl":"http://www.ajc.com/ "}}
