{"authors":[],"date_download":"2018-11-02 12:08:35","date_modify":"2018-11-02 12:08:35","date_publish":"2017-06-13 12:38:00","description":"The shootings happened about 5:45 a.m. on Ga. 16 in Putnam County, between Eatonton and Sparta.","filename":"2officerskilled2inmatesontherun_4950.json","image_url":"https://www.ajc.com/rf/image_large/Pub/p8/AJC/2017/06/13/Images/inmates-5.jpg","language":"en","localpath":"2officerskilled2inmatesontherun_4950.json","title":"2 officers killed, 2 inmates on the run","title_page":"Georgia prison escape: 2 officers killed, 2 inmates on the run","title_rss":"NULL","source_domain":"ajc.com","text":"CAUGHT: Georgia inmates captured in Tennessee\nThe shooting of two Georgia correctional officers Tuesday morning was caught on video, according to Putnam County Sheriff Howard Sills, who declined to go into details.\nLaw enforcement continued to search into the evening for the two inmates who shot the officers and escaped from a bus during a routine prisoner transfer.\nThe men were reportedly seen in a Family Dollar store on Eatonton Road in Madison, Ga., where they also ransacked a house, stealing clothes and food.\n\"My concern is with them doing harm to someone else,\" Sills said during a press conference Tuesday evening.\nA command center was set up near the Family Dollar store in Madison. Some area businesses were also on lock down, according to Channel 2 Action News.\n#BREAKING: @MarkWinneWSB says Morgan County officials said 2 witnesses confirmed that the escaped inmates were in the Family Dollar. pic.twitter.com/tyX6CcfYmW — WSB-TV (@wsbtv) June 13, 2017\nA massive nationwide search continues for the two inmates with the FBI, the GBI and other agencies offering a $60,000 reward for information leading to the capture of the men.\nGBI director Vernon Keenan said the reward was $30,000 for each man and he expected that amount to increase as more people and organizations want to help. In addition to the GBI and FBI, the Fraternal Order of Police and the Georgia Department of Corrections contributed to the reward.\n“They need to surrender before we find them,” Putnam County Sheriff Howard Sills said. “I saw two brutally murdered corrections officers. I have their blood on my shoes.”\nDarla Pennington, who lives a short distance from the center of the police action in Madison, said helicopters had been hovering overhead and news crews and law enforcement had blocked the streets much of the day.\nThe house where the inmates took the clothes is just a few doors away, she said.\nStill, Pennington said, she's not nervous because \"I'm armed and I've got my house locked.\"\nAnd, she added, \"we have a lot of confidence in our local law enforcement. We feel like they are on top of it.\"\nThe deadly shootings happened about 5:45 a.m. on Ga. 16 in Putnam County, between Eatonton and Sparta, prompting officials to place all Department of Corrections facilities across the state on lockdown for the foreseeable future.\nThe inmates, identified by the Department of Corrections as Ricky Dubose and Donnie Russell Rowe, overtook the guards, who were driving a transport bus, Sills said.\nOne officer was driving the bus. The other was in a seat adjacent to him. There was a gate between the officers and the inmates.\nThe two prisoners “went through the gate,” Sills said. “I can't tell you how the gate got open. It should have been locked. It may have been locked. I have no idea.\"\nAfter disarming the officers, one of the inmates shot and killed them, he said. The duo then carjacked a dark green 2004 Honda Civic, sped off in the stolen car, broke into a home in Madison, dumped their prison clothes and escaped again, according to officials. The person in the Honda was not injured.\nThe Department of Corrections identified the slain Baldwin State Prison officers as Sgt. Christopher Monica and Sgt. Curtis Billue. Monica, 42, of Milledgeville, had been with the department since October 2009. Billue, 58, also of Milledgeville, had been with the agency since July 2007.\nOne of the officers was married.\nRemembering our two Baldwin State Prison officers tragically killed today - Christopher Monica hired 10-16-09 & Curtis Billue hired 7-16-07 — Georgia Corrections (@GA_Corrections) June 13, 2017\nMonica and Billue are the first Georgia prison guards killed since 2012 when an inmate stabbed Telfair State Prison correctional officer Larry Stell to death, Department of Corrections Commissioner Greg Dozier said.\n\"We have spoken to the families,” he said. “As you can imagine, they're (shaken). And they're distraught right now just as you and I would be.\"\nAbout 31 other prisoners were on the bus and witnessed the deadly shooting, Sills said. A bus with those inmates pulled into the Putnam sheriff’s office just after 11:20 a.m.\nGeorgia DOC bus arriving at Putnam Co Sheriff's Office with inmates who witnessed deadly shooting of 2 correctional officers @wsbtv pic.twitter.com/1Esd3E2rGP — Chris Jose (@ChrisJoseWSB) June 13, 2017\nDubose and Rowe were spotted heading toward Spalding County, the sheriff’s office said in a Facbeook post.\n“Every deputy who totes a gun and drives a car” is assigned to patrol the Ga. 16 corridor, Spalding sheriff’s Deputy Chief Tony Thomason said.\nHowever, officials said during a news conference late Tuesday morning that the duo could be “just about anywhere.\n“We have no idea where they are,” Sills said.\nRight Now: Live news conference with Putnam Co Sheriff regarding escaped inmates. https://t.co/bG8bD8Mjto — Chris Jose (@ChrisJoseWSB) June 13, 2017\nFederal authorities are assisting in the search for Dubose and Rowe, believed to be in a stolen green Honda Civic 4-door with Georgia license plate RBJ 660, Sills said. They are armed with the officers’ .40-caliber Glock pistols, he said.\nIn a statement before the Senate Appropriations Committee, U.S. Deputy Attorney General Rod Rosenstein called the shootings an attack on American principles.\n“An attack on any American law enforcer is an attack on every American law enforcer,” he said.\nThe slayings occurred hours after an officer in Arkansas was killed Monday night in the line of duty. The alleged gunman was arrested Tuesday morning in connection with that shooting.\nRosenstein pledged “all federal resources to help catch those fugitives and hold the perpetrators accountable” for the deaths of the officers.\nFBI agents were sent to Putnam, agency spokesman Steve Emmett said.\n“We may add more resources if this is a protracted manhunt,” he said. “These two individuals have proven themselves to be extremely dangerous and with the murder of two correctional officers they are on the radar of all law enforcement in Georgia.”\nGovernor Nathan Deal said “no effort will be spared in pursuit of the killers, and no state resources required in this endeavor will be spared.”\nDeal: Fugitives will be brought to justice—> https://t.co/vdwudhKkYG — Governor Nathan Deal (@GovernorDeal) June 13, 2017\nDubose and Rowe, who have long histories of violent crimes, are considered dangerous and should not be approached, authorities said. According to a law enforcement alert, Dubose is in an Aryan prison gang known as the Ghostface Gangsters.\nRicky Dubose has multiple convictions in Gwinnett, Madison and Elbert counties. (Credit: Walton County Sheriff's Office)\nDubose, 24, is 6-foot-1 and 140 pounds with blue eyes and brown hair. He was convicted of financial identity fraud, credit card fraud, burglary by forced entry, theft by taking and entering a vehicle in Madison County in August 2010.\nThat same month, Dubose was convicted of robbery in Gwinnett County. He was sentenced to 20 years in Baldwin State Prison after he was convicted of aggravated assault, armed robbery and theft by taking in Elbert County in September 2014, according to the Department of Corrections.\nElbert sheriff’s Capt. Darren Scarborough said Dubose took $100 from an acquaintance at gunpoint and shot him in the hand.\n“He’s off the chain,” Scarborough said. “He’s just a loose cannon. He’s well-known to us.”\nScarborough said Dubose’s mother, brother and girlfriend live in Madison County, which adjoins Elbert.\nHe said local police and deputies were “out in force” and ready to help Putnam look for Rowe and Dubose.\n“He’s very dangerous and he has nothing to lose and I think he will go down in a blaze of glory,” Scarborough said. “And that’s sad because some officer will have to answer for shooting him.”\nRowe, 43, is 6-foot-1 and 181 pounds with blue eyes and brown hair. He was convicted of armed robbery, possession of a firearm during a crime and aggravated assault in Bibb County in October 2001, according to Georgia Department of Corrections records. He was serving a life sentence without parole in Baldwin State Prison.\nAnyone with information about the whereabouts of Dubose and Rowe is asked to call the FBI at 404-679-9000 or the Putnam County Sheriff’s Office at 706-485-8557.\n—Staff writers Steve Burns, Raisa Habersham and Alexis Stevens contributed to this article.\nMap: Prison guards killed during inmate escape\n﻿MORE COVERAGE:","url":"https://www.ajc.com/news/sheriff-says-shooting-two-georgia-corrections-officers-caught-video/H9XwtDU2gE7Mnu8AtRx4QN/","polarityScore":{"sourceTitle":"Atlanta Journal-Constitution","allSidesBias":"left-center","communityAgree":"561","communityDisagree":"580","sourceUrl":"http://www.ajc.com/ "}}
