{"authors":["Kaitlyn Wylde"],"date_download":"2018-10-31 00:21:28","date_modify":"2018-10-31 00:21:28","date_publish":"2018-10-05 21:27:34","description":"On October 8, a new moon will rise in the sky, and will offer all zodiac signs all a much needed opportunity to reset and clean the slate. As we get into the thick of Libra season, we might notice that our lives feel fuller, more social, and with…","filename":"4CrystalsForTheOctober2018NewMoonToProtectYouFromAnyNegativity_2011.json","image_url":"https://imgix.bustle.com/uploads/image/2018/10/5/361f5b21-d8d2-4078-b952-4c6cb5755810-fotolia_119378856_subscription_monthly_m.jpg?w=1200&h=630&q=70&fit=crop&crop=faces&fm=jpg","language":"en","localpath":"4CrystalsForTheOctober2018NewMoonToProtectYouFromAnyNegativity_2011.json","title":"4 Crystals For The October 2018 New Moon To Protect You From Any Negativity","title_page":"4 Crystals For The October 2018 New Moon To Protect You From Any Negativity","title_rss":"NULL","source_domain":"bustle.com","text":"On October 8, a new moon will rise in the sky, and will offer all zodiac signs all a much needed opportunity to reset and clean the slate. As we get into the thick of Libra season, we might notice that our lives feel fuller, more social, and with less down time. While this might be a nice distraction from the cooling temperatures, many of us could use a bit of a break from the all the fun — some \"me time\" if you will. The new moon is always a good time to hit the pause button and think about what you really want to get out of the lunar cycle ahead. A great way to harness your energy on the new moon and take it with you throughout the rest of the cycle is to get a hold of some crystals. Certain crystals for the October new moon might better than others, so Bustle talked to astrologer Lisa Stardust and psychic medium and crystal sorceress, Aerinn Kolfage about what kinds of crystals we should reach for during this time.\nAccording to Stardust, \"the full moon is asking us to change and transform,\" and while it can be hard to work on yourself, \"it’s essential to shed the past and become the person we want to be.” In order to do this, Stardust of course suggests the help of crystals. While the belief is that all crystals hold healing powers, certain crystal are going to be more relevant to us during this time than others, so it's important to be aware of what they each have to offer. Here are the crystals you'll want to keep close to you on October 8 for the new moon, and also throughout the rest of the lunar cycle.\nAmethyst The Hood Witch Amethyst Cluster, $18, The Hood Witch According to Stardust, this new moon is going to inspire you to work on yourself and to address the need to heal in certain areas, mentally. Amethyst promotes healing and spiritual development and will help you send your energy in the right direction (inward).\nTiger's Eye Pratt Daddy Crystals Tiger's Eye #1, $130, Pratt Daddy Crystals Stardust tells Bustle, “with the intense energy of the new moon, Tiger's Eye will allow us to take back our own power and protect us against negativity.” Aka, if you're fighting off toxic vibes right now from your work life or personal life, you'll want to keep this crystal close and so that it can help to shield you from the drama. This is not your time time fight, it's your time to relax and reset.\nSmokey Quartz Pratt Daddy Crystals Smokey Essential #10, $140, Pratt Daddy Crystals Kolfage suggests this crystal because it reflects the vibe of the new moon, aesthetically. She tells Bustle, \"smokey Quartz reminds me of the appearance of lunar spirits during the dark of the moon.”\nLapis Pratt Daddy Crystals Lapis, $24, Pratt Daddy Crystals The new moon is a great time to take care of yourself and put your energy into making yourself happy. For that reason, Kolfage tells Bustle, \"Lapis has a Venusian quality, that allows us to indulge in self care and love.”","url":"https://www.bustle.com/p/4-crystals-for-the-october-2018-new-moon-to-protect-you-from-any-negativity-12163544","polarityScore":{"sourceTitle":"Bustle","allSidesBias":"left-center","communityAgree":"564","communityDisagree":"566","sourceUrl":"http://www.bustle.com/ "}}
