{"authors":["Ryan Tarinelli"],"date_download":"2018-11-02 08:02:39","date_modify":"2018-11-02 08:02:39","date_publish":"2017-10-15 00:00:00","description":"A fourth suspect in the fatal shooting of a Jacksonville man surrendered to authorities Sunday night, according to a Pulaski County sheriff's office spokesman.","filename":"4thmanjailedinfatalshootingnearNorthLittleRock_4395.json","image_url":"https://media.arkansasonline.com/img/photos/2017/10/15/Untitled_collage_34_t600.jpg?4326734cdb8e39baa3579048ef63ad7b451e7676","language":"en","localpath":"4thmanjailedinfatalshootingnearNorthLittleRock_4395.json","title":"4th man jailed in fatal shooting near North Little Rock","title_page":"4th man jailed in fatal shooting near North Little Rock","title_rss":"NULL","source_domain":"arkansasonline.com","text":"A fourth suspect in the fatal shooting of a Jacksonville man surrendered to authorities Sunday night, according to a Pulaski County sheriff's office spokesman.\nFour men have been arrested in the killing of 29-year-old James Ward, who was shot last month at the Chapel Ridge Apartments just outside the North Little Rock city limits at 5900 McCain Park Place, according to the sheriff's office.\nAccording to a post on the sheriff's Facebook page, Joshua Cangiano surrendered to the Boone County sheriff's office and was to be transported to the Pulaski County jail. A capital murder warrant had been issued for Cangiano, 27.\nA court document shows that Terry Miller Jr., who also has been arrested in the killing, admitted to his involvement in the Sept. 28 incident but said it was Jeffery Lamont King who shot the victim. A witness also identified King as the shooter, according to the document obtained last week. Authorities said Ward died from a single bullet wound in his head.\nAuthorities arrested King on Oct. 3 at 171 Pike Ave. in Jacksonville, according to a report. Investigators on Friday arrested 28-year-old Jackie Jackson III of Jacksonville in the killing.\nClick here for larger versions\nPhotos by Brandon Riddle\nAn arrest report said Jackson admitted to his involvement in the robbery and killing of Ward.\nKing, Miller and Jackson each face one count of capital murder.\nAuthorities identified Miller after a witness described one of the suspects as having a six-point star tattoo on his right cheek, according to the affidavit. Investigators then checked with area law enforcement agencies regarding the description and Jacksonville police provided Miller's name, the court document said.\nThe document shows that Miller was found at a Lonoke County residence and in possession of a firearm and drugs.\nIn an interview with authorities, Miller said he, King, Jackson and Cangiano went to meet Ward at the apartment complex, according to the affidavit.\n\"Miller stated that the plan was to rob James Ward of 'Roxy' Pills,\" according to the court document. After Ward had arrived, Miller told authorities, he spoke with him and asked about the pills. Miller said that King then approached and \"ordered James Ward out of the vehicle at gunpoint,\" according to the affidavit.\nAccording to the document, Miller said King made the victim sit on a bench and \"ultimately shot him.\" Miller told authorities he \"freaked out\" and got in the victim's vehicle before driving away, the document said.\nMiller said Jackson and Cangiano were responsible for removing two people from the victim's vehicle, according to the document.\nWitness Desaray Clarke told authorities that she, Ward and Trevor Lyons were going to the apartment complex to meet a person, according to the affidavit. As they arrived, Ward spoke with someone on the phone who was giving them directions, according to the document.\n\"Clarke stated that she noticed the white male with the six-point star standing beside a white vehicle on the phone,\" according to the document.\nClarke told authorities that Ward had picked her up that morning and said he needed to go \"make a play,\" the affidavit said. Clarke later identified King as the person who fatally shot the victim, according to the affidavit.\nLyons told authorities that a white man confronted Ward, who was in the driver's seat of the vehicle, according to the document.\nThe witness said the white man \"pulled a handgun and pointed it at the victim, then began to strike him in the head and face with the pistol,\" according to the document.\nA black man then approached and told the white man to remove the victim from the vehicle, according to the document. The affidavit said the white man got Ward out of the vehicle and told him to sit on a bench behind the vehicle.\n\"The black male then began taking property from the victim, i.e. shoes, phone, money and drugs. The white male got into the [victim's] vehicle and began to drive off. The black male shot the victim, and then ran away,\" according to the affidavit.\nADVERTISEMENT\nMore headlines\nKing, Miller and Jackson were all listed on the Pulaski County jail's inmate roster Sunday.\nMetro on 10/16/2017","url":"https://www.arkansasonline.com/news/2017/oct/16/4th-man-jailed-in-fatal-shooting-201710/","polarityScore":{"sourceTitle":"Arkansas Democrat-Gazette","allSidesBias":"left","communityAgree":"686","communityDisagree":"522","sourceUrl":"http://www.arkansasonline.com/ "}}
