{"authors":["Monica Busch"],"date_download":"2018-10-31 01:14:51","date_modify":"2018-10-31 01:14:51","date_publish":"2018-10-02 22:44:10","description":"More than one year after the violence in Charlottesville, a group of men are facing legal repercussions for laws allegedly broken as part of their participation in the white supremacist rally there in August of 2017, where one counter-protestor,…","filename":"4UniteTheRightParticipantsHaveBeenChargedInConnectionWithTheCharlottesvilleRally_2013.json","image_url":"https://imgix.bustle.com/uploads/getty/2018/10/2/f6d98941-3f69-4a8e-a103-57e1c99682b5-getty-843485798.jpg?w=1200&h=630&q=70&fit=crop&crop=faces&fm=jpg","language":"en","localpath":"4UniteTheRightParticipantsHaveBeenChargedInConnectionWithTheCharlottesvilleRally_2013.json","title":"4 \"Unite The Right\" Participants Have Been Charged In Connection With The Charlottesville Rally","title_page":"4 \"Unite The Right\" Participants Have Been Charged In Connection With The Charlottesville Rally","title_rss":"NULL","source_domain":"bustle.com","text":"More than one year after the violence in Charlottesville, a group of men are facing legal repercussions for laws allegedly broken as part of their participation in the white supremacist rally there in August of 2017, where one counter-protestor, Heather Heyer, was killed. On Tuesday, four \"Unite the Right\" participants were charged with one count each of violating a federal rioting law, as well as conspiring to do so, according to The Washington Post.\nThose charged were identified by authorities as as Benjamin Daley, Thomas Gillen, Michael Miselis, and Cole White. The U.S. attorney's office says that they are members of a militant racist and anti-Semitic group called the Rise Above Movement, which is based in California, per the Post.\nAccording to an affidavit obtained by The Los Angeles Times, the white supremacist group which they allegedly belong to places a high value on maintaining physical fitness, and they allegedly attended the rally intending to participate in physical violence. The U.S. attorney's office says that they arrived at the rally with their fists taped \"in the manner of boxers or MMA style fighters,\" per the affidavit. They could face up to 10 years in prison if they are convicted.\n\"They were essentially serial rioters,” Thomas Cullen, U.S. Attorney for the Western District of Virginia, said, per the Times. “This wasn’t the lawful exercise of 1st Amendment rights. These guys came to Charlottesville to commit violent acts.”\nThe rally was intended to protest the potential removal of a Charlottesville statue depicting Confederate Gen. Robert E. Lee, which thus far has still not happened. Violence at the event escalated quickly, however, as neo-Nazi protesters and counter-protestors clashed.\nThe rally and the deadly violence that broke out drew renewed attention to white supremacy in the United States, especially after Heyer's death. She was killed after alleged neo-Nazi James Fields drove his car into a crowd of counter-protestors. The charges against the four California men are not directly related to Heyer's death, thought the driver of that car was indicted on 30 different counts back in June, per HuffPo.\nThough the actual Charlottesville rally lasted only one evening, its effects have continued to reverberate in the months that have lapsed since it took place. It has renewed a conversation about race relations in the United States, and placed scrutiny on politicians who appeared unwilling to condemn the event — including President Donald Trump. In the immediate aftermath, the president said that there was \"blame on both sides,\" sparking outrage from critics who were upset that he declined the opportunity to decry white supremacy.\n\"You had some very bad people in that group,\" Trump said at the time. \"But you also had people that were very fine people, on both sides.\" Though he walked back his original statements, he has, at times, defended his original remarks.\nThe four men being arrested and charged on Tuesday marks just the latest event to unfold as law enforcement and American discourse grapples with the rally's ramifications. A civil trial against Fields is set for November.","url":"https://www.bustle.com/p/4-unite-the-right-participants-have-been-charged-in-connection-with-the-charlottesville-rally-12131811","polarityScore":{"sourceTitle":"Bustle","allSidesBias":"left-center","communityAgree":"564","communityDisagree":"566","sourceUrl":"http://www.bustle.com/ "}}
