{"authors":["Mariella Mosthof"],"date_download":"2018-10-31 01:15:51","date_modify":"2018-10-31 01:15:51","date_publish":"2018-10-11 21:46:44","description":"For the first time in roughly a year and a half, Venus is in retrograde again, from October 5 to November 17. In astrology, Venus rules love, beauty, pleasure, and money, and it's the planet most commonly associated with how we behave in…","filename":"4WaysVenusRetrogradeCanAffectYourLoveLife_2014.json","image_url":"https://imgix.bustle.com/uploads/image/2018/10/11/0b2ddbbd-d4c9-466e-bc83-bcc23dc93da7-fotolia_226013039_subscription_monthly_m-1.jpg?w=1200&h=630&q=70&fit=crop&crop=faces&fm=jpg","language":"en","localpath":"4WaysVenusRetrogradeCanAffectYourLoveLife_2014.json","title":"4 Ways Venus Retrograde Can Affect Your Love Life","title_page":"4 Ways Venus Retrograde Can Affect Your Love Life","title_rss":"NULL","source_domain":"bustle.com","text":"For the first time in roughly a year and a half, Venus is in retrograde again, from October 5 to November 17. In astrology, Venus rules love, beauty, pleasure, and money, and it's the planet most commonly associated with how we behave in relationships. Accordingly, you may be wondering what Venus retrograde means for your love life, especially since Venus is the planet which spends the least amount of time in retrograde.\n\"Going retrograde\" refers to when Earth \"laps\" a planet in its orbit around the sun. Even though both Earth and Venus are moving in the same direction, as we pass Venus, it appears to move \"backwards\" through the sky. The period during which planets appear to move backwards in relation to us are known as their periods of retrograde.\nIn general, planetary retrogrades are a time for reflection, which is why they're so frequently dreaded. Most people are inclined to grind forward through struggles, but retrogrades demand the opposite. It's why people tend to feel like things always go wrong during a retrograde — they're fighting the universe's built-in check-in system by plowing through decision-making instead of taking a step back and assessing their circumstances. Like Mercury retrograde, Venus retrograde is a bad time to start new things like relationships or commitments to marriage. But remaining open to the feelings it stirs up are key.\n1. You May Realize A Partner No Longer Wants To Be With You\nAndrew Zaeh/Bustle\nVenus retrograde is the perfect opportunity to check in with yourself about what you need in relationship — and honestly assess whether your needs are being met. Astrologer Linda Furate tells Bustle, \"This is an excellent time to look within to see how our actions and behavior offer us joy and happiness. Are we holding onto a relationship or possession that no longer serves our higher good? During the Venus retrograde, we may find that a love interest has moved on or no longer wants to be in a relationship.\"\n2. Give Yourself Permission To Let Go Of Bad Relationships\nAndrew Zaeh/Bustle\nThe flip side of potentially being heartbroken, of course, is being the heartbreaker. You may realize someone no longer wants to be with you, but you may also realize you no longer want to be with them. \"Get honest with yourself and look at your patterns (people, places, things) that sabotage your happiness,\" Jess Domain of GiftedAstrology.com tells Bustle. \"Give yourself permission to release them.\"\n3. Thirsty Exes May Come Out Of The Woodwork — But It's Not A Bad Thing!\nAndrew Zaeh/Bustle\nFor all the times you strictly deny yourself the possibility of making up with an ex, Venus retrograde might be the one time it's productive to do so. \"When Venus is in retrograde motion, it's possible for an old flame to come back into our lives. You may receive a phone call or text from this person or may come into contact with them while out and about,\" Furiate says. \"It may be an ideal time to rekindle a former relationship. Even if the relationship fizzles once Venus is direct, often there are many valuable lessons learned from the opportunity to revisit old feelings.\"\n4. Beware The Urge To Win Somebody Back Using Presents\nIn addition to being a bad time to accept a marriage proposal or start a new relationship, Venus retrograde is a bad time to try and win someone back using an expensive gift. It's a virtually surefire way to wind up regretting your actions. If a flame is going to be rekindled, it's probably going to be because that person came to you. \"It may be beneficial to welcome and accept any delays,\" Furiate says. \"We must learn patience if we are to be rewarded with the abundance and love we seek.\"\nUltimately, Venus retrograde is a great time to remember that we don't own the people we love. As Furiate says, \"The best way to handle a Venus retrograde is to honor your feelings yet learn to love without attachment.\"","url":"https://www.bustle.com/p/4-ways-venus-retrograde-can-affect-your-love-life-12241036","polarityScore":{"sourceTitle":"Bustle","allSidesBias":"left-center","communityAgree":"564","communityDisagree":"566","sourceUrl":"http://www.bustle.com/ "}}
