{"authors":["Robbie Neiswanger"],"date_download":"2018-11-02 08:55:24","date_modify":"2018-11-02 08:55:24","date_publish":"2017-06-28 00:00:00","description":"Michael Baptiste and his business partner, H.E. Neter Kush Ben Alkebulan, were the most visible entrepreneurs walking around Wal-Mart's home office Wednesday.","filename":"500firmstoutwaresaskWalMarttobuy_4330.json","image_url":"https://media.arkansasonline.com/img/photos/2017/06/28/resized_250499-adgbwalmart0629-008_30-23274_t600.JPG?4326734cdb8e39baa3579048ef63ad7b451e7676","language":"en","localpath":"500firmstoutwaresaskWalMarttobuy_4330.json","title":"500 firms tout wares, ask Wal-Mart to buy","title_page":"500 firms tout wares, ask Wal-Mart to buy","title_rss":"NULL","source_domain":"arkansasonline.com","text":"Gov. Asa Hutchinson speaks Wednesday during Wal-Mart’s annual Open Call event where entrepreneurs pitch their ideas to the retail giant. The governor said he sees the event as a recruiting tool for businesses. - Photo by David Gottschalk\nMichael Baptiste and his business partner, H.E. Neter Kush Ben Alkebulan, were the most visible entrepreneurs walking around Wal-Mart's home office Wednesday.\nThe Florida residents were dressed in banana costumes.\n\"We've traded in our business suits for banana suits,\" Alkebulan said.\nThe leaders behind Fresh Start Beverage Co., a startup that produces dairy-free banana milk, were among the representatives of more than 500 businesses spread across Wal-Mart's campus in Bentonville as part of the retailer's fourth annual Open Call event. Wal-Mart scheduled more than 750 meetings for the event, which is part of the company's commitment to purchase an additional $250 billion in American-made products by 2023.\nFresh Start Beverage reached a deal with Wal-Mart last year to carry its Banana Wave beverage product on shelves in about 40 Wal-Mart stores in California. Company leaders were back again Wednesday and successfully strengthened their partnership, boosting a business that began in 2013 when Alkebulan turned his grandmother's recipe into an item he sold at farmers markets and college campuses until getting the company's first big break at Whole Foods.\n\"We've been able to get over that three-year hump, so now we're moving into that growth phase,\" said Alkebulan, who said the company currently has about 10 employees. \"There's a balance there. The more we expand, the more jobs we create.\"\nBanana Wave was just one of the success stories throughout the daylong event, which began with a 90-minute general session featuring Wal-Mart Chief Executive Officer Doug McMillon, U.S. stores chief Greg Foran and Gov. Asa Hutchinson. Wal-Mart executives highlighted the company's American-made efforts, welcoming businesses from 48 states and Puerto Rico.\n\"I just want to buy items all day,\" McMillon said. \"I'd love to walk up and down the hallway and say: 'Yes. Yes. Yes.'\"\n[EMAIL UPDATES: Get free breaking news alerts, daily newsletters with top headlines delivered to your inbox]\nWal-Mart told the companies in attendance that the products they were pitching to buyers would be added to offerings on Walmart.com. It was the second straight year the retailer has offered a starting point online.\nWal-Mart didn't provide specifics on its progress in purchasing American-made products as part of its 10-year, $250 billion commitment.\n\"We've come a long way, we've learned a lot and we certainly still have more work to do,\" Cindi Marsiglio, Wal-Mart's vice president of U.S. manufacturing, said. \"We've seen first-hand that by supporting American jobs and American manufacturing, it's great for our customer, it's great for our business and it's really great for the communities that we serve.\"\nDera Industries LLC, a producer of a reusable rubber cable tie called the Dera-tie, was promised a spot on Wal-Mart shelves after emerging as the winner of a competition in which Wal-Mart employees rated products on quality, innovation and value.\nHugh and Nicole Jarratt, one of the biggest success stories during the first Open Call event four years ago with the Taco Plate, made another successful pitch with Wood Warmers. The Fayetteville couple said Wal-Mart will begin selling their idea -- small pieces of wood infused with a fragrance created as an alternative to hot wax in warmers -- in 500 to 1,000 stores as part of a test that could eventually lead to a larger rollout.\n\"It's unbelievable,\" Hugh Jarratt said. \"Frankly, it's a better reaction than I thought, as new as the product is.\"\nCharcoal Box, a Jonesboro-based company that makes a burnable charcoal chimney, didn't leave Bentonville with a deal in hand. But Patrick Hanna, a company representative, is optimistic there will be a purchase order soon, after the category buyer suggested some minor changes.\n\"What they liked was we're an Arkansas company,\" Hanna said. \"The product was created here in Arkansas. We manufacture here in Arkansas. We provide jobs here in Arkansas.\"\nThe event served as a recruiting tool for Hutchinson, who touted the state's 3.4 percent unemployment rate. Hutchinson also said Wal-Mart's efforts through the initiative has had an effect on manufacturing, pointing to last year's announcement that Pernod Ricard USA in Fort Smith would bottle 150,000 cases of Malibu Rum annually for Wal-Mart.\n\"We want you to sell to Wal-Mart,\" Hutchinson said. \"We want you to manufacture in your home state. And then we want you to expand to Arkansas.\"\nMike Preston, executive director of the Arkansas Economic Development Commission, said the event remains beneficial as the state works to recruit businesses, calling it a hook that gets them on the line and adding it's up to the state to \"do the rest and reel them in.\"\n\"You have all these potential suppliers, people looking to break into Wal-Mart, and they're just right there for us to grab business cards and give our business cards,\" Preston said. \"We can say if you guys are successful and going to be doing a lot of business with Arkansas, it makes a lot of sense for you to be here in Arkansas.\"\nTony Rogers, Wal-Mart's chief marketing officer, said the retailer is committed to purchasing American-made products because it results in more U.S. jobs. The company believes its 10-year commitment could lead to the creation of 1 million jobs.\nAccording to Wal-Mart's research, 71 percent of its customers prefer to purchase products made in the U.S. and 55 percent make an effort to purchase American-made items. In addition, 69 percent of Wal-Mart customers buy American-made products to help keep or create jobs, and 41 percent said buying American has become more important.\n\"It's not a PR campaign,\" Foran said. \"It's not something we do just to tick a box. I simply believe it is something that is really good for us to do.\"\nBusiness on 06/29/2017","url":"https://www.arkansasonline.com/news/2017/jun/29/500-firms-tout-wares-ask-wal-mart-to-bu/","polarityScore":{"sourceTitle":"Arkansas Democrat-Gazette","allSidesBias":"left","communityAgree":"686","communityDisagree":"522","sourceUrl":"http://www.arkansasonline.com/ "}}
