{"authors":["Natalia Lusinski"],"date_download":"2018-10-31 00:33:12","date_modify":"2018-10-31 00:33:12","date_publish":"2018-10-01 22:01:05","description":"Despite the messages we get from our sex-negative culture, it's easy to think sexually transmitted infections (STIs) won’t affect you. But STIs can affect anybody — they don’t discriminate. At first, getting an STI diagnosis can be scary,…","filename":"5AdvocatesWhoAreTakingTheShameOutOfSTIs_2021.json","image_url":"https://imgix.bustle.com/uploads/image/2018/10/1/393fd39c-9e65-4252-9f9b-3748dab497b0-9e6fe752-ecfe-4ca5-9140-a0be17e87071-jenelle-marie-pierce.jpg?w=1200&h=630&q=70&fit=crop&crop=faces&fm=jpg","language":"en","localpath":"5AdvocatesWhoAreTakingTheShameOutOfSTIs_2021.json","title":"5 Advocates Who Are Taking The Shame Out Of STIs","title_page":"5 Advocates Who Are Taking The Shame Out Of STIs","title_rss":"NULL","source_domain":"bustle.com","text":"Despite the messages we get from our sex-negative culture, it's easy to think sexually transmitted infections (STIs) won’t affect you. But STIs can affect anybody — they don’t discriminate. At first, getting an STI diagnosis can be scary, surprising, shameful, you name it. That's why it's so important to have the right resources and support to fight through the stigma surrounding STIs.\nLuckily, there are certain advocates out there who will make getting the news — and living with an STI — more manageable and less stigmatized. Plus, these advocates often separate fact from fiction when it comes to making you more aware and knowledgeable about STIs overall.\nIn a recent Bustle Trends Group survey of 226 women ages 18 to 34, one participant said the biggest stigma around women’s sexual health is, “If you have or have had an STI, it means you sleep around a lot.” Another’s response was, “That women are somehow less clean for having sex (which makes it harder for them to come forward in the early stages of STIs).” Suffice it to say, knowledge is power, and that couldn’t be truer when it comes to being thoroughly educated about STIs.\n“Anyone who has had sexual contact can get an STI — this includes men and women of all ages, nationalities, ethnic backgrounds, and economic levels,” Dr. Martha Tara Lee, relationship counselor and clinical sexologist of Eros Coaching, tells Bustle. “While we can do what we can to prevent them ... we may still get a STI.” She believes that education, communication, and safe sex are key. “It is important to not slut-shame or guilt-trip ourselves so much so that we stop living our lives and expressing our sexuality,” she says.\nAll that said, the five advocates below, who are all in favor of destigmatizing STIs, should definitely be on your radar.\n1 Laureen HD Laureen HD Laureen HD has a YouTube channel dedicated to helping people cope with the herpes stigma. She first tried doing so through a blog and podcasts, but found that YouTube was the best forum for her. “I knew people would find my message more easily on YouTube, and that it would resonate much more if I could say it rather than write it,” she tells Bustle. She says the lack of YouTube channels, too, that talked solely about what she was going through also made her want to start hers. “I couldn’t find a channel where a friendly face would consistently show up to help me make sense of what I was going through with herpes, and appease my worries about it,” she says. “[T]here are so many beauty or fashion channels and barely any channels on living with an STI, especially since herpes affects at least two-thirds of the global population under 50 years old.” She says she wanted to find others with herpes and remind them that they’re not alone. “And, through that, I’d remind myself that I’m not alone either,” she says. One thing Laureen HD likes people to keep in mind is that herpes is a skin condition — and its family includes chicken pox and shingles. “This is reassuring, because you’ve likely dealt with one of these before,” she says. “Also, knowing there are more people *with* herpes than *without* herpes in the world is reassuring, because you’re not alone.” Laureen HD also wishes that big brands would help destigmatize STIs. “I see more and more big brands talking about issues their audience goes through, or at least cares about, such as mental health, body image, sexism, etc.,” she says. “I hope brands will someday embrace STI stigma as one of those cultural conversations that needs more attention — because again, statistically, most of us have been there in some capacity.” She says this would help remind people that when you contract a curable or incurable STI, you are still 100 percent you and 100 percent worthy of love.\n2 Dr. Evan Goldstein Dr. Evan Goldstein Dr. Evan Goldstein, CEO and founder of New York and Beverly Hills-based Bespoke Surgical, the established leader in providing elevated, concierge-style medical and surgical expertise for the gay community, also recently produced and launched a new video series, Tail Talks. “The web series features a round table of LGBT experts, movers and shakers, influencers, and medical professionals who discuss key issues in the community in entertaining, engaging, and informative dialogue,” Dr. Goldstein tells Bustle. Overall, through his digital marketing strategy, he utilizes several tactics to not only market his services, but also educate the public on wider health and sexual wellness issues affecting the LGBT community. He started becoming an advocate for sexual wellness issues toward the end of his studies, when surgical training collided with owning his sexuality. “I now think there was a higher purpose in this juncture, because it ended up playing a pivotal role in driving this advocacy,” he says. “Being trained as an osteopath — taking the whole body mind approach and tailoring it to the needs of my own community — has been instrumental to my success.” He said he noticed a serious gap in medical knowledge, which lacked literature on the proper engagement of gay sex. “It was then that I realized I could help change this,” he said. “Game on!” Dr. Goldstein thinks people need to be more open about STIs and breaking the stigma around them. “Shame and stigma are so powerful,” he says. “As a marginalized community that is constantly trying to maneuver obstacles, the taboo of this subject creates a sort of hidden forum that, unfortunately, won’t disappear until we attempt to destigmatize the narrative.” He also says that the more people talk and write about it, the more they force the hands of the popular press to freely acknowledge that sex is normal and a commonality amongst everyone — regardless of gender or sexuality. “By taking on the simple topic of STIs and normalizing the conversation, I hope to chip away at years of oppression, with the ultimate goal of removing any stigma that’s associated with them, as well.” Dr. Goldstein says that sexual health is a product of the decisions you make — most are innocuous, but some have serious consequences. “I don’t believe in preaching to my clients that they shouldn’t do something outright — it never works,” he says. “Instead, we discuss the potential risks involved and whether there are any proactive measures that can be taken to help minimize that risk. We all learned tremendously from the HIV epidemic, and it’s more important than ever to be educated, honest, and proactive about our sexual health — to me, non-judgmental, non-biased health care is at the core of this movement.”\n3 Josh Robbins Josh Robbins Josh Robbins is an HIV/STI activist, as well as the spokesperson for DatingPositives, a social discovery platform for STI-positive (HIV, Herpes, Hepatitis, etc.) people, where you can chat, find love, hook up, or seek advice from others experiencing the same things. Robbins is known for his candor and shameless opinions, he tells Bustle, and he’s done a TED Talk, received a 2017 GLAAD Media Award nomination, and has over 65K followers on social media. As of this year, he’s also single for the first time since his HIV diagnosis in 2012 — and he’s using DatingPositives to document his experiences. Robbins says that DatingPositives’ aim is to break the stigma against STIs by not only being a fun, fresh dating platform where people can feel safe, but also by providing resources to empower and entertain people through the site’s blog, WAXOH. “To us, it’s all about choice, and DatingPositives is a place where people can choose to go if they don’t want to deal with the negativity that can sometimes be found on mainstream apps, or worry about being judged for something that actually affects most people, whether we want to admit it or not,” Robbins says. He says that, according to a national survey they conducted with 643 people, most who are STI-positive — 72 percent, according to their results — are looking for a site that caters to the fact that they are living with a chronic STI. Robbins says he told his family within hours of his diagnosis and started to share it publicly within two weeks. “It’s important to talk about STIs, because the only way to reduce the stigma associated with them is through education and discussion,” he says. “I am someone that is still proud of myself, even with an HIV diagnosis. Nobody ever needs to feel shame.” He adds that it’s important for people to be honest about their sexual health with not only others, but also with themselves. “From there, the conversation becomes easier to discuss with a potential sexual partner or dating prospect, and it’s easier to build trust in a relationship,” he says. Say you’re STI-positive and are afraid to tell people. Robbins says the first step is figuring out where your fear is coming from. “Is it fear of rejection, is it feeling like your self-esteem is lowered, was it a traumatic experience in the past, or is it deeper,” he says. He says that many people struggle with things like reconciling their status after having had a religious upbringing. “Someone may need professional guidance on doing it, and that’s OK,” Robbins says. “Starting with honesty and thoughtful self-reflection made the path to living openly with an STI easier for me.”\n4 Courtney Brame Courtney Brame Courtney Brame is all about spreading positivity when it comes to living with an STI — and he does so through his podcast, Something Positive for Positive People (SPFPP). He started it after he was diagnosed with herpes and covers all kinds of topics to help others with herpes, as well as other STIs. “It’s a place that allows people to get experience based information about STIs and what living with them is like,” Brame tells Bustle. The podcast episodes cover a wide variety of topics, from a therapist doing a mock therapy session with Brame in light of an STI diagnosis to someone with herpes discussing how she dates, post diagnosis. “Shame is associated heavily with an STI diagnosis, so it’s important for people who develop the courage to even seek out these resources to safely be able to find them without fear of judgment or shame about having an STI,” Brame says. So, it’s important for resources like Something Positive for Positive People to exist, he says, since it meets people where they are with their diagnosis — the podcast is a place they can feel supported and comforted. He also says that it’s for people without an STI, as it’s still an important educational resource. “These resources show you more than what you may perceive a person living with an STI to be,” Brame says. “For instance, ‘promiscuous’ is a common word. However, stories from people who had herpes as a young child, HIV at birth, discovered 18 years after a blood transfusion that they are now AIDS positive challenges the misconception that a positive person had a lot of sexual partners to have been exposed to their condition.” He says that, hopefully, these stories encourage conversations about things such as sexual health, frequent testing, and precautions with new partners. He hopes that those with herpes, as well as other STIs, will feel less alone when they listen to SPFPP. “Plus, more people close to you than you would think are possibly dealing with the same situation you are,” he says. Brame says that when he was diagnosed with herpes, someone was a lighthouse for him and now he wants to be one to others. “This whole new world opened up to me after I began to seek out resources,” he says. “I didn’t know what I was looking for, but in the process, someone found me — had it not been for them reaching out and being there, I think I would’ve always seen having herpes as a big deal, so I encourage people to seek support.”","url":"https://www.bustle.com/p/5-advocates-who-are-taking-the-shame-out-of-stis-11980683","polarityScore":{"sourceTitle":"Bustle","allSidesBias":"left-center","communityAgree":"564","communityDisagree":"566","sourceUrl":"http://www.bustle.com/ "}}
