{"authors":["Megan C. Hills"],"date_download":"2018-10-31 01:29:11","date_modify":"2018-10-31 01:29:11","date_publish":"2018-10-08 11:42:32","description":"I’ve been glued to my TV set ever since The Cry premiered on the Beeb. If you haven’t been watching the show, it's nail-biting domestic noir based on the Helen FitzGerald novel of the same name, which follows the heart-breaking and tense…","filename":"5BooksLikeTheCryByHelenFitzGeraldThatWillKeepYouGoingAfterJennaColemansBBCSeriesWrapsUp_2023.json","image_url":"https://imgix.bustle.com/uploads/image/2018/10/8/ef0c3eab-49d5-4203-b420-4bf3f3aa52b3-16503714-low_res-the-cry.jpg?w=1200&h=630&q=70&fit=crop&crop=faces&fm=jpg","language":"en","localpath":"5BooksLikeTheCryByHelenFitzGeraldThatWillKeepYouGoingAfterJennaColemansBBCSeriesWrapsUp_2023.json","title":"5 Books Like 'The Cry' By Helen FitzGerald That Will Keep You Going After Jenna Coleman's BBC Series Wraps Up","title_page":"5 Books Like 'The Cry' By Helen FitzGerald That Will Keep You Going After Jenna Coleman's BBC Series Wraps Up","title_rss":"NULL","source_domain":"bustle.com","text":"I’ve been glued to my TV set ever since The Cry premiered on the Beeb. If you haven’t been watching the show, it's nail-biting domestic noir based on the Helen FitzGerald novel of the same name, which follows the heart-breaking and tense relationship of Alistair (played by Ewen Leslie) and Joanna (Jenna Coleman), after their baby son Noah disappears. However, now that the four-part series is drawing to an end, I’m been looking for my next big thriller. So, I’ve hunted down some books like The Cry by Helen FitzGerald to read after the show wraps up on Oct. 21 because let’s face it, there’s going to be Jenna Coleman-shaped hole in our lives at the end of the month.\nFrom the best-selling crime thrillers of the year to older stalwarts that sit nicely in the genre, I’ve pulled together a list of books you should definitely read if you’re obsessed with the show. Given that we’ll have to wait an entire week for the next episode of The Cry, hopefully one of these will tide you over until we find out what really happened to baby Noah.\nIf you haven't read the FitzGerald book, seriously, do it now. But if you have, check these books out. They are just tense and equally as dramatic if you're looking for your next fix of on-the-edge-of-your-seat literature. You're welcome.\nViral by Helen FitzGerald £12.99 Foyles Can’t get enough of FitzGerald’s tense prose and conspiracy thrillers? It’s worth picking up one of her more recent novels in that case. Viral is a story that revolves around a girl named Su Oliphant-Brotheridge, whose graduation trip to Magaluf goes horribly wrong when she falls victim of revenge porn, and the footage goes viral. Once news of it hits home and more specifically her mother Ruth, a court judge, Ruth decides to seek out justice against those who took advantage of Su and the novel quickly teeters into revenge fantasy territory. Gripping and cleverly realised, fingers crossed this book also gets a BBC series order. Buy Now\nOur House by Louise Candlish £6.99 Waterstones Another domestic thriller on the cards, Our House came out earlier this year and it’s a story you won’t stop thinking about. When strangers suddenly move into Fiona Lawson’s family home and insist that they’ve bought it fair and square, Fiona finds that her estranged husband Bram has suddenly disappeared and made off with their two sons. As with The Cry, there’s a big focus on uncovering the mystery behind his actions and it plays with a non-linear storyline; flashing back and forth throughout time to shed greater light on what transpires in the book. With interweaving storylines, Bram’s past indiscretions change everything for the family as Fiona uncovers his secrets one by one. Buy Now\nInto the Water by Paula Hawkins £5.75 WH Smith People went wild for Paula Hawkins’ The Girl on the Train when her thrilling novel and the subsequent Emily Blunt film adaptation came out. Her most recent book Into The Water more than cements her position as one of the world’s most exciting crime novelists, centred this time around a town where a woman named Nel has apparently jumped to her death. However, her sister Jules knows better, especially as her sister was terrified of the Drowning Pool where she passed away and it's her job to force the truth to light. While it’s not as mind-boggling as The Girl on the Train, Into the Water is still a fantastic page-turning thriller that uncovers the seedy underbelly of a town full of apparent do-gooders. Buy Now\nLittle Fires Everywhere by Celeste Ng £3.99 WH Smith This book is one you’ll definitely have seen on the stands recently, as it was one of the summer’s biggest best-sellers. Written by Celeste Ng, the author behind the compelling novel Everything I Never Told You, this family drama centres around a mysterious fire which has claimed the Richardsons’ home in a sleepy American suburb. As with The Cry, tensions over children lie at the heart of the novel as the Richardsons begin to fight with their tenant and the town’s resident black sheep Mia Warren over a fierce custody battle. It’s a brutally honest and sometimes devastating depiction of motherhood in all its fury and unending love. Buy Now\nHer Husband's Lover by Julia Crouch £3.99 Amazon UK Never mind the title, this psychological thriller is a real page-turner. A master of the domestic noir genre, Her Husband’s Lover is a fantastic example of the form and begins with a tragic car accident which takes the life of Louisa’s husband Sam, as well as their children. After Louise tries to move on with her life and sell her home, Sam’s lover Sophie gets involved and things take a dark and potentially bloody turn as she screams for revenge. Like The Cry, you begin to yo-yo between feeling bad or completely hating the main characters as the story hurtles towards its ferocious ending. Buy Now","url":"https://www.bustle.com/p/5-books-like-the-cry-by-helen-fitzgerald-that-will-keep-you-going-after-jenna-colemans-bbc-series-wraps-up-12183597","polarityScore":{"sourceTitle":"Bustle","allSidesBias":"left-center","communityAgree":"564","communityDisagree":"566","sourceUrl":"http://www.bustle.com/ "}}
