{"authors":["Emily Dixon"],"date_download":"2018-10-31 00:56:28","date_modify":"2018-10-31 00:56:28","date_publish":"2018-10-18 12:44:29","description":"We're a mere 10 days away from the turning back of the clocks, heralding shorter days, longer nights — and yes, one extra hour in bed. But that delicious slice of extra sleep isn't the only thing to look forward to come Sunday, October 28. Darker,…","filename":"5CreepyBooksForCosyNightsInWhenTheClocksGoBack_2026.json","image_url":"https://imgix.bustle.com/uploads/image/2018/10/18/210efaaf-932a-4592-90f2-b972d7b76fca-books.png?w=1200&h=630&q=70&fit=crop&crop=faces&fm=jpg","language":"en","localpath":"5CreepyBooksForCosyNightsInWhenTheClocksGoBack_2026.json","title":"5 Creepy Books For Cosy Nights In When The Clocks Go Back","title_page":"5 Creepy Books For Cosy Nights In When The Clocks Go Back","title_rss":"NULL","source_domain":"bustle.com","text":"We're a mere 10 days away from the turning back of the clocks, heralding shorter days, longer nights — and yes, one extra hour in bed. But that delicious slice of extra sleep isn't the only thing to look forward to come Sunday, October 28. Darker, colder nights mean it's officially reading under a blanket by the fire season (or in bed with a hot water bottle, or in a massive jumper with a mug of hot chocolate, or whatever your preferred configuration of cosiness looks like). Crack open one of these five creepy books for cosy nights with a sharp tinge of terror.\nHorror, of course, is eternal — there's no need to confine your scary movie consumption to Halloween, for instance. But there's something about huddling under a duvet, a forbidding Autumn night outside, that perfectly complements a certain type of creepy fiction: a book that unsettles, that stains the ordinary with unease, that leaves unanswered questions writhing in your head as you attempt to get to sleep. Try Helen Oyeyemi's White is for Witching, for instance, which tells of haunted houses and haunted people; or Things We Lost in the Fire by Mariana Enriquez, which blends horrors both real and paranormal. With five profoundly chilling books on this list, it's past time to get reading, my spooky brethren!\n1 'White Is For Witching' by Helen Oyeyemi Amazon Miranda (or Miri) lives in a grand old house in Dover with her father and twin brother, Eliot, after her journalist mother is killed while working in Haiti. The house is saturated with the generations of women that once lived within it, their voices audible only to Miri. And it's hostile to those outside the family, too — including Ore, a friend Miri makes at Cambridge; she's already closely familiar with alienation, as one of a tiny number of black students at the university. Oyeyemi's increasingly disquieting novel is told through four voices: Miri, Eliot, Ore, and the malevolent presence of the voice itself. Buy White is for Witching from Amazon.\n'The Loney' by Andrew Michael Hurley Waterstones Hurley's debut novel is a modern gothic masterwork, set primarily on the north west coast of England. There, a group of devout Catholics attend a religious retreat, in the hope of \"curing\" Hanny, who is non-verbal. The creeping horrors that overcome the group — sinister villagers, a mysterious teenage girl, effigies strung up in the trees — haunt Smith, Hanny's brother and the novel's narrator, long into his adulthood. Buy The Loney from Waterstones.\n'Fever Dream' by Samanta Schweblin Amazon Amanda is dying on a hospital bed, with only a young boy named David beside her. David is forcing her to tell a story, one that accelerates with nauseating tension towards the event that brought Amanda to her bed, and David to her bedside. Begin reading Fever Dream cosy and complacent, certain that no book has the capacity to terrify; end it sick with dread, arranging and rearranging the disorientating puzzle pieces of the story over and over again. Buy Fever Dream from Amazon.\n'We Have Always Lived in the Castle' by Shirley Jackson Waterstones We Have Always Lived in the Castle is Shirley Jackson's masterpiece — and that's an enormous claim, given her astonishing body of work. It centres on the remnants of the Blackwood family, after a sprinkling of arsenic in the dinner table sugar bowl wiped out all the rest. Mary Katherine (or Merricat) is taunted by village children when she leaves the crumbling family home to buy groceries; her beloved older sister Constance is afraid to pass beyond the garden gate, while their Uncle Julian spends his days writing and rewriting his memoirs. But a distant cousin arrives with his eye on the family fortune, and Merricat must take desperate measures to preserve their precarious, insular life. Buy We Have Always Lived in the Castle from Waterstones.","url":"https://www.bustle.com/p/5-creepy-books-for-cosy-nights-in-when-the-clocks-go-back-12602364","polarityScore":{"sourceTitle":"Bustle","allSidesBias":"left-center","communityAgree":"564","communityDisagree":"566","sourceUrl":"http://www.bustle.com/ "}}
