{"authors":["Nina Kahn"],"date_download":"2018-10-31 01:18:38","date_modify":"2018-10-31 01:18:38","date_publish":"2018-10-02 20:30:39","description":"If you and your significant other are going for a couple's costume this Halloween, one very dignified option is to make things royal AF and dress as power couple Prince Harry and Meghan Markle, the now-Duke and Duchess of Sussex, respectively. The…","filename":"5EasyMeghanMarklePrinceHarryWeddingHalloweenCostumeIdeasThatAreFitForRoyalty_2029.json","image_url":"https://imgix.bustle.com/uploads/image/2018/10/2/81314c7b-9359-4276-b2ce-d89b606962ed-royal-wedding-costumes.jpg?w=1200&h=630&q=70&fit=crop&crop=faces&fm=jpg","language":"en","localpath":"5EasyMeghanMarklePrinceHarryWeddingHalloweenCostumeIdeasThatAreFitForRoyalty_2029.json","title":"5 Easy Meghan Markle & Prince Harry Wedding Halloween Costume Ideas That Are Fit For Royalty","title_page":"5 Easy Meghan Markle & Prince Harry Wedding Halloween Costume Ideas That Are Fit For Royalty","title_rss":"NULL","source_domain":"bustle.com","text":"If you and your significant other are going for a couple's costume this Halloween, one very dignified option is to make things royal AF and dress as power couple Prince Harry and Meghan Markle, the now-Duke and Duchess of Sussex, respectively. The couple's royal wedding that took place in May 2018 was one of this year's major pop culture highlights, making a Meghan Markle and Prince Harry wedding Halloween couple costume a perfect and highly-relevant choice for any duo looking for an iconic and timely Halloween look.\nPrince Harry and Markle's union was iconic in so many ways, and their royal wedding was one of the most unique the world has seen, as they combined longstanding traditions with their own personal and more modern views. For example, the wedding was multi-cultural, funny at moments, and the couple held hands throughout the ceremony (which typically isn't done). So it's no surprise that this royal union wasn't just an English obsession — 29 million Americans also reportedly watched the couple take their vows in May, so it was very much a transcontinental and iconic moment that translates perfectly to a couple's costume.\nFrom the couple's official engagement announcement to their first appearance as a wedded couple, there is plenty of DIY Halloween costume inspiration to pull from. Here are a few easy-to-DIY Meghan Markle and Prince Harry wedding moments that will make amazing Halloween costumes for any couple.\nThe Royal Engagement\nMen's OppoSuits Slim-Fit Navy Royale Suit & Tie Set, $99, Kohl's | Sterling Silver Princess Cut CZ Halo Engagement Ring, $8, Amazon | Sheer Lace Crop Top, $18, Forever 21 | Pure Color Mesh Women's Tier Skirt, $25, TBDress\nNaturally, before the royal wedding, there was the royal engagement — and the couple's iconic official engagement photo shoot can easily be your costume inspiration. The royal engagement shots hit the public along with the couple's announcement in Dec. 2017, and a highlight of the pics was Markle's magnificent ring on display. Be sure to find yourself a highly-sparkly knockoff to complete the look.\nThe Royal Wedding\nWPA Pool/Getty Images Entertainment/Getty Images\nHayden Long Sleeve Maxi Dress, $55, GCGme | California Costume Royal Kingdom Adult Mens Halloween Costume, $33, Fearless Apparel | Darice Victory Lynn Peony Flower Bouquet, $11, Amazon | One Tier Lace Applique Edge Cathedral Bridal Veil, $24, JJ's House.\nRecreate the full, iconic royal wedding moment with a traditional homage to the couple's matrimonial look, complete with Prince Harry's military regalia and Markle's long white dress and gorgeous floor-length, lacy veil.\nA Flirty Halloween Twist\nMens Military Black Double Breasted Coat, $44, eBay | Sadie May White Long Sleeve Dress, $59, Lulus | M75 Track Stretch Denim, $64, MNML | Magnolia Veil, $40, Icing\nAn alternative to the above look: Make your Halloween costume a little more fun and whimsical with a slightly less formal twist on their classic outfits. A cute dress in a shorter cut for your Markle look plus a slightly-less-officially Prince Harry ensemble makes for a fun and cute twist on this classic moment.\nThe Reception\nWPA Pool/Getty Images Entertainment/Getty Images\nWhite Cross Neck High Back Maxi Dress, $15, Pretty Little Thing | Men's Black Suit Costume, $40, Amazon | Qupid Faux Patent Leather Pumps, $35, Forever 21 | Black Band Collar Bow Tie, $4, TieMart\nAfter the party there's the after party — and after the royal wedding there's, well, the royal reception! Ditch the veil and military garb and prepare to let loose by replicating the couple's classy wedding reception looks.\nTheir First Post-Wedding Appearance\nChris Jackson/Getty Images Entertainment/Getty Images\nPleat Detail Batwing Pencil Midi Dress, $20, Boohoo | Notched Lapel Double-Breasted Slim Men's Peacoat, $36, Eric Dress | Sinamay Saucer With Upturned Brim Hat, $13, Etsy | Neon Blue Tie, $25, Ties\nThe happy couple's first post-wedding appearance took place just three days after the royal festivities, where they reportedly attended a garden party at Buckingham Palace. Markle — who at this point was officially the Duchess of Sussex — donned a dusty pink pencil dress instead of her white wedding garb, and Prince Harry sported a bright blue tie. If the royal wedding was overplayed for you, capture the couple's post-wedding glow with royal garden party costumes instead.","url":"https://www.bustle.com/p/5-easy-meghan-markle-prince-harry-wedding-halloween-costume-ideas-that-are-fit-for-royalty-12121606","polarityScore":{"sourceTitle":"Bustle","allSidesBias":"left-center","communityAgree":"564","communityDisagree":"566","sourceUrl":"http://www.bustle.com/ "}}
