{"authors":[],"date_download":"2018-11-02 03:58:58","date_modify":"2018-11-02 03:58:58","date_publish":"2017-08-21 21:00:17","description":"If you'd like a job that pays well but don't necessarily have the time or money to invest in a bachelor's degree, there are still plenty of good...","filename":"5highestpayingjobsyoucangetinAtlantawithanassociatedegree_4575.json","image_url":"https://www.ajc.com/rf/image_large/Pub/p8/AJC/2017/05/05/Videos/5423551871001.vpx.jpg","language":"en","localpath":"5highestpayingjobsyoucangetinAtlantawithanassociatedegree_4575.json","title":"5 highest-paying jobs you can get in Atlanta with an associate degree","title_page":"5 highest-paying jobs you can get in Atlanta with an associate degree","title_rss":"NULL","source_domain":"ajc.com","text":"If you'd like a job that pays well but don't necessarily have the time or money to invest in a bachelor's degree, there are still plenty of good jobs to be had in metro Atlanta if you have an associate degree. The following are five of the highest paying jobs you can get with a two-year degree, according to Business Insider:\n»RELATED: AJC Top workplaces in Atlanta 2017\nAir traffic controller\nAir traffic controllers have the highest median annual wage of jobs in which a bachelor's degree isn't typically needed. These professionals monitor and direct the movement of aircraft and earn a median annual wage of around $122,950. Long-term on the job training is required, however, and you'll need to be a U.S. citizen and pass medical and background checks. You'll also need to pass exams and a Federal Aviation Administration (FAA) course.\nAtlanta, of course, is home to Hartsfield-Jackson International, the world's busiest airport. A record 101.5 million passengers came through Hartsfield-Jackson in 2015, which handled more than 882,000 flights.\nAir traffic controllers employed at airports such as Hartsfield-Jackson International have the highest median wage for jobs that typically require less than a bachelor's degree.\nArchitectural and civil drafters\nAs a drafter, you'll use software to convert designs into technical drawings that can include renderings of buildings, highways or bridges.\nRecent job openings in Atlanta for architectural and civil drafters include opportunities to help design commercial construction projects as well as pipeline and petroleum terminal operations. The median annual salary for drafters is around $53,470.\nDiagnostic medical sonographers\nUltrasound technology is perhaps best known as a way to check babies in utero, but it's also used to help diagnose many types of medical conditions. Sonographers can specialize in creating non-invasive images of specific parts of the body, such as the heart, vascular or nervous system and work in hospitals, outpatient care centers and doctors' offices.\nRecent job listings in Atlanta include hospitals and doctors' offices looking to hire cardiac, vascular and breast ultrasound technologists. Sonographers can expect to earn a median salary of around $67,530.\nParalegals\nParalegals provide help and support to lawyers through services such as conducting research and drafting documents. Over 6,000 paralegals provide legal services in Georgia, and the metro Atlanta area has the fifth highest employment level in the country for this profession.\nMost paralegals have an associate's degree or have earned certification in paralegal studies. Their median annual wage is around $48,810, and recent job listings for paralegals in metro Atlanta include openings for paralegals who specialize in immigration and worker's compensation cases, as well as a job with the Atlanta office of Geico staff counsel.\nRadiation therapists\nRadiation therapists administer radiation treatments to help treat cancer and other diseases. They also work with technology such as CAT scans. They're employed in settings such as hospitals, doctors' offices and outpatient centers. The career has been described by a chief radiation therapist as \"a perfect balance between patient care and great technology.\"\nWith many major hospitals located in metro Atlanta, healthcare jobs are often plentiful. In fact, the Atlanta-Sandy Springs-Roswell metropolitan area ranks near the top for employment of radiation therapists, with an annual mean wage of $80,220.","url":"https://www.ajc.com/business/employment/highest-paying-jobs-you-can-get-atlanta-with-associate-degree/c0r43wo8GGS5XZfJlC1RmM/","polarityScore":{"sourceTitle":"Atlanta Journal-Constitution","allSidesBias":"left-center","communityAgree":"561","communityDisagree":"580","sourceUrl":"http://www.ajc.com/ "}}
