{"authors":["Nina Kahn"],"date_download":"2018-10-31 00:15:04","date_modify":"2018-10-31 00:15:04","date_publish":"2018-10-04 21:43:16","description":"There are about a million things that I love/hate about the internet, but one of them is most definitely Reddit and how easily it provides me with access to anyone's thoughts on every topic ever. Obviously, right now, in the (ghostly) spirit of…","filename":"5TerrifyingGhostStoriesOnRedditThatYouShouldProbablyReadWithTheLightsOn_2038.json","image_url":"https://imgix.bustle.com/uploads/getty/2018/10/4/02f2647d-7cc0-492b-9e7a-125f1e63a51c-getty-53038948.jpg?w=1200&h=630&q=70&fit=crop&crop=faces&fm=jpg","language":"en","localpath":"5TerrifyingGhostStoriesOnRedditThatYouShouldProbablyReadWithTheLightsOn_2038.json","title":"5 Terrifying Ghost Stories On Reddit That You Should Probably Read With The Lights On","title_page":"5 Terrifying Ghost Stories On Reddit That You Should Probably Read With The Lights On","title_rss":"NULL","source_domain":"bustle.com","text":"There are about a million things that I love/hate about the internet, but one of them is most definitely Reddit and how easily it provides me with access to anyone's thoughts on every topic ever. Obviously, right now, in the (ghostly) spirit of Halloween, all I want to hear about are spooky stories — and if you weren't already aware, there's basically a never-ending supply of terrifying ghost stories on Reddit that have the potential to keep you up all night with paranoia all month long.\nFrom Ouija boards to ghosts appearing in mirrors, countless people have reported having ghostly encounters of all kinds, and it's as fascinating as it is freaky. Given that Reddit allows anyone to share their thoughts, you can find hoards of terrifying and allegedly-true tales about paranormal experiences from people all over the world that will give you shivers. And if ghostly fiction is your thing, there are many threads where talented horror writers share their creative scary stories, as well. But fair warning: If you do decide to start spooky story surfing on Reddit, prepare to fall down a black hole of horror that will suck up hours of your time (and potentially leave you terrified and jumpy for literal days).\nSo whether you're a straight-up ghost addict or just a regular ol' person who wants to get into the spooky Halloween spirit, these ghostly tales posted by Reddit users will scare your pants off — and give you lots of good paranormal material to share with your friends when you're telling freaky stories post-Halloween festivities. And for the record, if you spook easily, I recommended reading these with the lights on.\nNever Play With A Ouija Board\n\"Something happened to me as well.\" ... He recalled that he was sleeping one night when he woke up feeling really uncomfortable. He described his vision as having TV-like-static, and a feeling of heaviness surrounded him. He looked around the room and that's when he saw, a bloody, charred face, with piercing red eyes, grinning at him through the window... (via celluloidaddiction on Reddit)\nI've had my own unexplained experiences with Ouija boards, so this allegedly true story sent straight-up chills down my spine. According to the story, a group of high school kids met up around Halloween to play with a Ouija board and see if it would actually work. Unfortunately, it worked too well, and almost everyone involved apparently ended up having some deeply disturbing (and in some cases, near-deadly) experiences that are still fully unexplained. Were they a result of a ghost sent through the Ouija board? You'll have to ready the story in full to decide for yourself.\nGrandma's Light Is Always On\nAn elderly woman was crouched in the corner, her gaunt back to me. She was scratching at the floor where the walls met, stopping every few minutes to cock her head. A gnarl of dread unfurled in the pit of my stomach. ... Her eyes were solid black, bottomless pits that didn’t reflect the moonlight. Her jaw hung impossibly open, unhinged, and the dark tunnel of her mouth spiraled down into her throat. I had a moment to realize who she was, to recognize the familiar map of wrinkles in her face, the curls of her wispy hair... (via Saint_Entropy on Reddit)\nEver heard of a ghost light? Apparently some people believe that keeping a particular light on at all times can keep the spirits of the dead from entering our realm. In the case of the fictional Reddit story titled \"Grandma's Light Is Always On,\" the storyteller's grandma held this belief close throughout her life — and in the story, which you can read in full here, he eventually (and terrifyingly) finds out why.\nThe Man In The Mirror\nI used to visit my friend at her house out in a rural farming area before she moved. I'd sleep over a lot, and we'd just hang out and draw. I usually slept in the living room on the couch, and there were two mirrors in the room fairly close to the tv. When the tv was off and I was walking by, I started seeing shadows move behind me. I thought it was just a warped tv screen or something. Then, one evening, I walked into the living room to get my sketchbook so I could sketch in her bedroom. I bent over and picked it up, stood up straight, looked in the mirror, and there was a man behind me... (via parolemodel on Reddit)\nGhosts appearing at friends' houses during sleepovers and objects moving on their own? It's a terrifying prospect that I think every kid is petrified of when they first start spending the night in foreign houses. And when you find out that the house's previous owner was murdered there? It gives the strange activity some context in the worst way possible. This scary and allegedly true ghost story on Reddit is every kiddo's nightmare. You'll have to read the rest to find out what happens.\nHappy Birthday\nIt was still dark out, and rainy. My daughter told me that the ghost was on the back deck, and then she told me that today was the ghost's birthday and she wanted to sing him Happy Birthday. Once again, I mostly disregarded what she was saying ... [s]o we sang and wished the ghost a happy birthday and went on with our lives. ... Later that day, out of pure curiosity, I looked up the obituary of the man who had died in our house. And wouldn't you know it? It was his f*cking birthday. (via patentspatented on Reddit)\nOK, so apparently some ghosts are nice and not out to do any harm and just want to chill in your house and commune with children. Chill or nah? Either way, it happens, and this allegedly true ghost story involving a man, his daughter, and the ghost of the home's dead former tenant is benign but also scary AF. Read the whole thing and prepare to be freaked the heck out.\nA Haunting Visitation\nThat was when I saw it. There was a large white figure in my doorway, just hovering, and pulsating a white aura. I quickly panicked, and began calling out for my brother (his room was across the hall). The figure glided to the end of my bed and just sat there, watching. I'm not really sure how much time passed, but the figure suddenly vanished, sound came back, and the euphoria disappeared. I jumped out of bed and ran into my brothers room where I practically flew into his bed. ... I was hysterical and just kept telling him it was a ghost... (via No_Bees on Reddit)\nMany real-life ghost stories and other unexplained phenomena often involve family members who have passed on — but in this case, the storyteller experiences a ghost that was more like a prophecy. Read this terrifying and supposedly-true tale in full for a majorly unexplained, paranormal thrill.","url":"https://www.bustle.com/p/5-terrifying-ghost-stories-on-reddit-that-you-should-probably-read-with-the-lights-on-12162100","polarityScore":{"sourceTitle":"Bustle","allSidesBias":"left-center","communityAgree":"564","communityDisagree":"566","sourceUrl":"http://www.bustle.com/ "}}
