{"authors":[],"date_download":"2018-11-02 05:05:48","date_modify":"2018-11-02 05:05:48","date_publish":"2017-05-23 09:55:00","description":"A deadly blast after an Ariana Grande concert Monday night at England's Manchester Arena has killed at least 22 people and injured 119 others, police said.","filename":"5thingstoknow_4617.json","image_url":"https://www.ajc.com/rf/image_large/Pub/p8/CmgSharedContent/2017/05/23/Videos/4068163.vpx.jpg","language":"en","localpath":"5thingstoknow_4617.json","title":"5 things to know","title_page":"Manchester explosion after Ariana Grande concert: 5 things to know","title_rss":"NULL","source_domain":"ajc.com","text":"A deadly blast after an Ariana Grande concert Monday night at England's Manchester Arena has killed at least 22 people and injured 119 others, authorities said.\nHere's what we know so far:\n>> Police: At least 22 dead after explosion near Ariana Grande concert in Manchester\n1. The explosion happened after Grande had left the stage and concertgoers were leaving. Witnesses reported hearing the explosion near the exit about 10:30 p.m. local time, The Associated Press reported.\n“A huge bomb-like bang went off that hugely panicked everyone, and we were all trying to flee the arena,” Majid Khan, 22, told the AP. “It was one bang, and essentially everyone from the other side of the arena where the bang was heard from suddenly came running towards us as they were trying to exit.”\n2. Police have released the name of the man they think was behind the terrorist attack. Fox News reported that the suspected suicide bomber, 22-year-old Salman Abedi, died at the scene after “detonating an improvised explosive device,\" according to authorities.\nPolice on Tuesday arrested Abedi’s brother, 23-year-old Ismail, BBC News reported. Greater Manchester police have made a total of six arrests in the case.\nAnti-terror authorities in Libya said they have arrested Abedi’s brother, 18-year-old Hashim, and his father, Ramadan, in Tripoli. The AP reported that Hashim Abedi was taken into custody after he “confessed that both he and his brother were a part of the Islamic State group and that Hashim Abedi had been aware of the details of the attack.”\nThe Islamic State group has claimed responsibility for the attack, the AP reported.\n>> PHOTOS: Explosion, fatalities at Ariana Grande concert in England\n3. Children were among the dead, police said. Meanwhile, families were searching for loved ones who attended the concert as more names of the dead were released.\n>> Manchester explosion: Here’s what we know about the victims\nPlease if anyone has information on the whereabouts of Chloe Rutherford and Liam Curry contact 07920405015 @staceylghent #Manchester pic.twitter.com/Aj6EJLT0mK — Silina (@silinasings) May 23, 2017\n4. Grande said she was \"broken\" over the news. \"From the bottom of my heart, I am so so sorry. I don't have words,\" tweeted the pop star, who was not hurt in the incident.\n>> See the tweet here\nbroken.\nfrom the bottom of my heart, i am so so sorry. i don't have words. — Ariana Grande (@ArianaGrande) May 23, 2017\n>> Ariana Grande says she's 'broken' over deadly explosion after Manchester concert\nHer management team announced on Wednesday that she was suspending her tour through June 5.\n\"Due to the tragic events in Manchester, the Dangerous Woman tour with Ariana Grande has been suspended until we can further assess the situation and pay our proper respects to those lost,\" Grande's management team said in a statement to ABC News. \"We ask at this time that we all continue to support the city of Manchester and all those families affected by this cowardice and senseless act of violence.\"\nAriana Grande's management team confirms to @ABC's @MonicaEscobedo that her tour is suspended - through June 5. pic.twitter.com/CLGFwZuTeA — Stephanie Wash (@WashNews) May 24, 2017\nHer manager, Scooter Braun, also issued a statement.\n\"Tonight, our hearts are broken. Words cannot express our sorrow for the victims and families harmed in this senseless attack,\" he wrote.\n>> Read more trending news\n\"We mourn the lives of children and loved ones taken by this cowardly act. We are thankful for the selfless service tonight of Manchester's first responders who rushed towards danger to help save lives. We ask all of you to hold the victims, their families, and all those affected in your hearts and prayers.\"\n>> See the post here\n5. President Donald Trump called those behind the attack \"losers.\"\n\"So many young, beautiful, innocent people living and enjoying their lives murdered by evil losers in life,” Trump said Tuesday in Bethlehem. “I won’t call (the attackers) monsters, because they would like that term. They would think that’s a great name. I will call them, from now on, losers because that’s what they are, they’re losers.”\n>> Trump condemns 'evil losers' behind Manchester attack\nPresident Trump calls Manchester attack perpetrators \"losers\" https://t.co/lHeNhmMj4h pic.twitter.com/tEBev7U8Ch — Julian Druker (@Julian5News) May 23, 2017\n>> Watch his remarks here\nBritish Prime Minister Theresa May called the apparent attack “the worst ever to hit the north of England.”\n“It is now beyond doubt the people of Manchester have fallen victim to a callous terrorist attack,” she said.\nShe added that authorities know the name of the suspected perpetrator but will not reveal his identity yet.","url":"https://www.ajc.com/entertainment/deadly-manchester-blast-after-ariana-grande-concert-things-know/eNR92JMyK2T5g4T3y4SxLP/","polarityScore":{"sourceTitle":"Atlanta Journal-Constitution","allSidesBias":"left-center","communityAgree":"561","communityDisagree":"580","sourceUrl":"http://www.ajc.com/ "}}
