{"authors":[],"date_download":"2018-11-03 00:21:23","date_modify":"2018-11-03 00:21:23","date_publish":"2017-05-31 20:33:00","description":"President Donald Trump’s son-in-law, Jared Kushner, has come under increased scrutiny after re...","filename":"5thingstoknowaboutJaredKushnerDonaldTrumpssoninlawsenio_6682.json","image_url":"https://www.ajc.com/rf/image_large/Pub/p8/CmgSharedContent/2017/05/09/Videos/4058173.vpx.jpg","language":"en","localpath":"5thingstoknowaboutJaredKushnerDonaldTrumpssoninlawsenio_6682.json","title":"5 things to know about Jared Kushner, Donald Trump's son-in-law, senio","title_page":"5 things to know about Jared Kushner, Donald Trump's son-in-law, senio","title_rss":"NULL","source_domain":"ajc.com","text":"President Donald Trump’s son-in-law, Jared Kushner, has come under increased scrutiny after reports surfaced last week claiming that he discussed setting up a secret communications channel with Russian officials late last year.\n>> Read more trending news\nKushner became a senior White House adviser in January. In preparation for the role, he resigned as CEO of Kushner Companies, a real estate development firm founded by his father, Charles Kushner, and as publisher of the New York Observer. The appointment led to accusations of nepotism and worries over possible conflicts of interest, although the Department of Justice said in an opinion before Kushner was sworn in that the appointment did not violate any laws.\nBut even before his formal appointment, Kushner played a significant role in his father-in-law’s presidential campaign.\nHere are five things to know about the real estate mogul:\nKushner was born Jan. 10, 1981, in New Jersey. He is the eldest of four children born to Seryl and Charles Kushner.\nHe took over the family business at a young age after his father pleaded guilty in 2004 to charges of tax evasion, witness tampering and making illegal campaign contributions.\nCharles Kushner was sentenced to two years in federal prison after making a plea deal with then-U.S. Attorney Chris Christie, The New York Times reported.\nAmid a family dispute, Charles Kushner admitted to hiring a prostitute to seduce his brother-in-law, arranging to secretly record the encounter and planning to send a copy of the tape to the man’s wife, Charles Kushner’s sister.\nJared Kushner became the public face of Kushner Companies when he was 24.\nThe Kushner family is worth an estimated $1.8 billion, according to Forbes.\nJared Kushner married Trump’s daughter, Ivanka, in 2009. The couple met in 2007 at a business lunch set up by friends who thought they might be able to work together, according to a 2015 Vogue profile of Ivanka Trump.\n“They very innocently set us up thinking that our only interest in one another would be transactional,” Ivanka Trump told the fashion magazine. “Whenever we see them we’re like, (it was) the best deal we ever made.”\nIvanka Trump converted to her husband’s faith, Judaism, and the couple was married in 2009 at the Trump National Golf Club in Bedminster, New Jersey.\nDespite his lack of government experience, Jared Kushner has pull within the Trump administration and was described during the race for the White House as a “de facto campaign manager.”\nThe New York Times reported in July that Kushner was “involved in virtually every facet of the Trump presidential operation.”\nHis involvement propelled him into the spotlight.\n“We don’t have kings and queens in America, so we treat our presidents and first ladies like kings and queens,” billionaire real estate mogul Jeff Greene told real estate news site The Real Deal. “Jared will be the prince.”\nAfter Trump’s inauguration, Jared Kushner was named senior adviser to the president and was tasked with, among other things, brokering peace in the Middle East.\nKushner encouraged Trump to fire FBI director James Comey earlier this month, putting him in direct opposition to White House chief strategist Steve Bannon, according to Politico.\nKushner’s alleged communications with Russia have gained the FBI’s attention, according to a report in the Washington Post. Citing unidentified U.S. officials who were briefed on the situation, the Post claimed Kushner discussed creating a secret communications channel with Russia’s ambassador to the United States.\nThe newspaper reported that Kushner asked about the possibility of creating such a channel in December during a meeting with ambassador Sergey Kislyak.\nThe newspaper noted that Russia is known to feed false information through its communications streams in order to throw off possible snoopers. However, officials who spoke with the Post said it was unknown what Kislyak would have gained by lying about his communications with Kushner.","url":"https://www.ajc.com/news/national-govt--politics/things-know-about-jared-kushner-donald-trump-son-law-senior-adviser/XSxHU8P777Rw3HDZdU2MjN/","polarityScore":{"sourceTitle":"Atlanta Journal-Constitution","allSidesBias":"left-center","communityAgree":"561","communityDisagree":"580","sourceUrl":"http://www.ajc.com/ "}}
