{"authors":[],"date_download":"2018-11-02 02:31:30","date_modify":"2018-11-02 02:31:30","date_publish":"2017-06-22 21:26:00","description":"There’s more than just dogs and cats at the Gwinnett Animal Shelter. The county shelter takes in all kinds of stray or unwanted domesticated animals.","filename":"5unusualpetsyoucanadoptatGwinnettAnimalShelter_4857.json","image_url":"https://www.ajc.com/rf/image_large/Pub/p8/AJC/2017/06/22/Images/weird%20pets.jpg","language":"en","localpath":"5unusualpetsyoucanadoptatGwinnettAnimalShelter_4857.json","title":"5 unusual pets you can adopt at Gwinnett Animal Shelter","title_page":"5 unusual pets you can adopt at Gwinnett Animal Shelter","title_rss":"NULL","source_domain":"ajc.com","text":"There’s more than just dogs and cats at the Gwinnett Animal Shelter. The county shelter takes in all kinds of stray or unwanted domesticated animals in hopes of finding them the perfect home, even if the pet is particularly odd.\nThe shelter has taken in dozens of non-traditional pets in the past year, including three horses, two goats and a sheep.\nThough the shelter is offering discounted cat and dog adoptions all month, some of the weirder pets have no adoption fees. Taking an unusual new friend home may help alleviate the burden on the shelter, which is at full capacity and needs to free up space.\nHere are five of the oddest creatures living at the shelter and ready for adoption today:\n﻿1. A tropical “Oscar Fish”\nYou can adopt a fish at the (Gwinnett Animal Shelter). (Gwinnett Animal Shelter)\nThis fish is a survivor. While Gwinnett County officials were conducting an eviction, they found this tropical fish in a murky tank. He was laying on his side, motionless. Shelter workers didn’t think he had been fed in days.\n“With a lot of TLC, we were able to revive it,” said Doug Nurse, a shelter spokesman.\nThis fish is the only one that’s been at the shelter in the past year. There’s already been a hold placed on him for adoption.\n2. Chuck, a 1-year-old rooster.\nBarn Chuck, a 1-year-old rooster, will be available for adoption after a 21-day hold is complete.\nThis handsome young cock was found during a “routine patrol” by Gwinnett County Animal Welfare and Enforcement on June 6. He is almost done with the required 21-day hold for roosters, which are considered livestock under a Gwinnett County ordinance. After June 27, you can take Chuck home for free and get rid of your alarm clock for good.\n3 and 4. Two Vietnamese potbellied pigs\nTwo potbellied pigs are available for adoption at (Gwinnett Animal Shelter). (Gwinnett Animal Shelter)\nThe shelter has two Vietnaese potbellied pigs, both of which were found wandering around the county. The larger pig, weighing in at 100 pounds, was found in a Lawrenceville man’s backyard. Cindy Wiemann, the shelter’s assistant manager, describes her as “a hundred pounds of oinky love.” Her age is not known, but Nurse said she is “domesticated and very affectionate.”\nThe second pig, which weighs less than the 100-pounder, was found in a Buford man’s backyard. Animal Welfare workers couldn’t find her owner, so she was brought to the shelter, where she’s waiting for a new home.\nPotbellied pigs are bought as pets when they are babies, but some people learn they cannot handle a fully-grown hog in their home. The two pigs at the shelter have no adoption fees and are “very smart and love attention,” Nurse said.\n5. A 3-year-old white ferret\nA ferret is available for adoption at (Gwinnett Animal Shelter). (Gwinnett Animal Shelter)\nThis ferret ended up looking for a new home after a little girl brought him home to her mother. The girl had gotten it from a friend. The girl’s mother didn’t want to keep him in the house, so he found a temporary home at the shelter. Luckily for him, the man who put a hold on the Oscar fish told shelter workers he’s also interested in the ferret.\nLike Gwinnett County News on Facebook | Follow us on Twitter and Instagram","url":"https://www.ajc.com/news/local/unusual-pets-gwinnett-animal-shelter-and-how-they-got-there/r8G3Au2amALHdDnq7S82sJ/","polarityScore":{"sourceTitle":"Atlanta Journal-Constitution","allSidesBias":"left-center","communityAgree":"561","communityDisagree":"580","sourceUrl":"http://www.ajc.com/ "}}
