{"authors":[],"date_download":"2018-11-03 00:28:22","date_modify":"2018-11-03 00:28:22","date_publish":"2018-10-02 08:04:18","description":"With Republicans playing defense in a number of races in Congress, President Donald Trump on Monday sounded a note of optimism about GOP chances to hold control of the U.S.","filename":"5weeksoutTrumpoptimisticaboutGOPelectionchances_6980.json","image_url":"https://cmgajcjamiedupree.files.wordpress.com/2018/10/capitol332.jpg?w=150","language":"en","localpath":"5weeksoutTrumpoptimisticaboutGOPelectionchances_6980.json","title":"5 weeks out, Trump optimistic about GOP election chances","title_page":"5 weeks out, Trump optimistic about GOP election chances | Jamie Dupree - AJC","title_rss":"NULL","source_domain":"ajc.com","text":"View Caption Hide Caption\nWith Republicans playing defense in a number of races in Congress, President Donald Trump on Monday sounded a note of optimism about GOP chances to hold control of the U.S. House and Senate, saying he believes his party’s candidates will be rewarded at the ballot box for an improving national economy.\n“I think we’re going to do well, although history is not on our side,” the President told reporters in the White House Rose Garden, referring to losses which normally hit the party of the President in a mid-term election, with 1994 and 2010 prime examples of those major swings in Congress.\n“Generally whoever holds the White House doesn’t do well in the mid-terms, but the difference is that we have the greatest economy in the history of our country,” the President said.\nWhere do we stand five weeks from Election Day?\n1. The President tries to stoke GOP turnout. With campaign rallies this week in four states – Tennessee, Mississippi, Minnesota and Kansas, President Trump is doing his best to get Republicans to turn out in November. The problem for the GOP has been obvious in a series of special elections over the past year – Democrats are turning out in higher numbers, while some Republican voters are taking a pass. Mr. Trump is trying to argue that voters should just imagine that he is on the ballot, because if the Republicans lose control of either the House or Senate – or both – then life will be much different for the President in 2019. That message was being sent out last night by Fox News in Tennessee.\n\"Encouraging high voter turnout here in rural and conservative east Tennessee is going to be…a crucial strategy for the Republican Party, and Mr. Trump's visit is a major part of that tonight.\" — @jonathanserrie reports live from tonight's @POTUS rally https://t.co/NC6uo1KRJa pic.twitter.com/Y9GvKGlnTu — Fox News (@FoxNews) October 1, 2018\n2. It’s not all bad news for Republicans. Before we get down into the numbers in the House and Senate, there is polling which shows some bright spots in certain races for the GOP. Republicans hope they can defeat Sen. Heidi Heitkamp in North Dakota. A new poll out on Monday showed Sen. Bob Menendez (D-NJ) continues to be one of the most endangered Democrats running for re-election, and the campaign arm of Senate Republicans was busy sending out that Garden State message.\nDear reporters who won't take the #NJSen race seriously but want to write another profile piece on @BetoORourke skateboarding thru a Whataburger parking lot. ICYMI –> 45% Menendez\n43% Huginhttps://t.co/xE12elWpnM — Katie Martin (@KtMartin17) October 1, 2018\n3. Some evidence of ticket splitting. New Jersey is a good example of polling that shows voters maybe thinking about splitting their ballots. While Menendez might be in trouble for his re-election bid, a series of polls in House races in New Jersey have had very good news for Democrats, as a series of GOP seats in New Jersey seem to be in jeopardy for Republicans. There’s also been polling evidence of Democrats doing better in races for Senate in Ohio and Tennessee, while Republicans have the edge in those same states in races for Governor. Ohio might be the best example, where Sen. Sherrod Brown was a big target for the GOP – but right now, he seems to be in very good shape for November.\nNew Ipsos-Reuters poll out this morning shows Mike DeWine and Rich Cordray in a virtual tie in the Ohio governor’s race, with DeWine at 45 percent and Cordray at 44 percent. Sherrod Brown leads Jim Renacci 50 percent to 39 percent. — Chris Wetterich (@ChrisCinciBiz) September 26, 2018\n4. What about voter enthusiasm? Every election is about turnout, but it’s also about the underlying energy which spurs that turnout. Democratic strategists and pollsters believe they have the edge in that category, no matter numbers which show some recent gains for the GOP. In five weeks, everything might seem a lot clearer when the numbers roll in on Election Night. For now, Democrats have a lot of high hopes for wins in the House and Senate. Here’s their take.\nRead this study thoroughly because the GOP is trying to spin that enthusiasm is on the rise for their voters. In reality, compared to 2014 enthusiasm for their voters is up just 7 points. Among Dems it is up 31 points. Yes, your read that correctly https://t.co/SD3vdFSLjE — John Anzalone (@JohnAnzo) September 29, 2018\n5. Can Democrats really win the Senate? The answer is, of course Democrats can win the Senate. But will they? That’s a different kind of question. Sometimes what happens near Election Day is that a series of tight races all seem to fall the right way for one party. My father always talks about how that happened in 1958, in favor of Democrats. We saw it happen in 1980 for the Republicans in the Senate. If there is a “Blue Wave,” that would tend to help push a few races over the top – but if the President can find a few states to interrupt that type of momentum, it might be the key to keeping the Senate in GOP hands. Right now it’s 51-49, the barest of majorities – but Democrats need to have a lot of races go their way. One of those is in Nevada, where a new poll showed GOP Sen. Dean Heller trailing.\nCNN describes Rosen’s 4-point lead over Heller in the NV Senate race as “razor-thin.” It isn’t if you consider the state’s political bent and the midterm dynamic. If Rosen really is up by 4 points, Heller needs to change the trajectory of the race quickly. Or this race is over. — Stuart Rothenberg (@StuPolitics) October 2, 2018\nDems need a net gain of 2 in the Senate… They're up by 3 in Arizona. 1 in Nevada. Tied in Tennessee. Down by 3 in North Dakota. Up by just 2 in Missouri… You can see how this is a house made of straw. It could stand, but there's a reason the GOP is favored. — (((Harry Enten))) (@ForecasterEnten) October 2, 2018\n6. Can Republicans hold on to the House? Of course the GOP can stay in power – but there sure are an awful lot of Republican seats which are toss ups right now. A quick look at the Real Clear Politics rundown on the U.S. House shows you all you need to know at this point. Just look at the graphic below, and you see how many “Red” House seats are in the toss up category – 38 Republican and 2 Democratic. That’s all you need to know. 38 GOP toss ups. 2 Democratic toss ups. That immediately tells you that Republicans are on the defensive. But, being on the defensive five weeks before Election Day doesn’t mean you lose all those seats. Voters tend to “come home” to their party as Election Day nears, making the judgment of independents all the more important in a year like 2018.\n7. Why should you believe the polls? The President argued on Monday that he doesn’t believe some polls which show Republicans behind in certain races. And actually, that could be an issue for the GOP in some areas, where people think the polls showing tough times for Republicans are ‘fake news.’ “I see polls that I know are false, having to do with certain of the races,” the President said in the White House Rose Garden. The experts who closely follow House and Senate elections definitely see an edge to the Democrats in the House, and maybe an edge to the GOP in the Senate. But in the House, there are growing warning signs where the GOP is deciding not to spend money to help certain incumbent lawmakers. That is never a good signal, especially at the start of October.\nIf Rs are really abandoning their own incumbents in *Trump* districts like #IA01 & #MI08, you know it's getting ugly. Likeliest Dem gain now more like 25-40 seats. https://t.co/Aroz62WvJw — Dave Wasserman (@Redistrict) September 28, 2018\nThe current make up of the House is 240 Republicans to 195 Democrats (that includes the 6 vacant House seats, assigning them the party of the person who most recently held the seat).\nThose numbers mean Democrats need to win a net gain of 23 seats to get to 218 and a majority in the House. Republicans can lose one seat in the Senate, and still maintain a majority, with the tie-breaking vote of the Vice President.\nFive weeks to go.","url":"http://jamiedupree.blog.ajc.com/2018/10/02/5-weeks-out-trump-optimistic-about-gop-election-chances/","polarityScore":{"sourceTitle":"Atlanta Journal-Constitution","allSidesBias":"left-center","communityAgree":"561","communityDisagree":"580","sourceUrl":"http://www.ajc.com/ "}}
