{"authors":["Joseph D. Lyons"],"date_download":"2018-10-31 01:29:32","date_modify":"2018-10-31 01:29:32","date_publish":"2018-10-16 18:03:29","description":"The family separation crisis the Trump administration started this summer at the southern border is still not over. A joint status report from the federal government and the ACLU on Monday shows that there are still 66 immigrant children separated…","filename":"66ImmigrantChildrenAreStillSeparatedFromTheirFamiliesMostOfTheirParentsWereDeported_2060.json","image_url":"https://imgix.bustle.com/uploads/getty/2018/10/16/e5ccdcee-557a-429e-b22c-718d45f6d49d-getty-1052219492.jpg?w=1200&h=630&q=70&fit=crop&crop=faces&fm=jpg","language":"en","localpath":"66ImmigrantChildrenAreStillSeparatedFromTheirFamiliesMostOfTheirParentsWereDeported_2060.json","title":"66 Immigrant Children Are Still Separated From Their Families & Most Of Their Parents Were Deported","title_page":"66 Immigrant Children Are Still Separated From Their Families & Most Of Their Parents Were Deported","title_rss":"NULL","source_domain":"bustle.com","text":"The family separation crisis the Trump administration started this summer at the southern border is still not over. A joint status report from the federal government and the ACLU on Monday shows that there are still 66 immigrant children separated from their families this summer that remain in custody, including one child four-years-old or younger, CBS News reports.\nThis number is not the total number of immigrant children detained by the government — these 66 are the remaing kids the Trump administration forcibly separated from their families at the border under the \"zero tolerance\" policy. The government was required to reunite them with a parent by July 26 — nearly three months ago.\nThe new numbers were submitted to U.S. District Court in the Southern District of California as a part of the case brought against the government by the ACLU; there will be a status conference later on Tuesday to go over the numbers in court. A Department of Homeland Security official, who confirmed the veracity of the filing, tells Bustle that all eligible children have been reunified. The report indicates that 50 of the remaining children's parents have been deported (the verb they use is \"departed\").\nArtist and activist Paola Mendoza, who has been involved with Families Belong Together, an activist organization fighting immigration policies that separate families, tells Bustle that the government wants the public to forget the crisis is \"100 percent manufactured by Trump\" and members of the administration that \"supported this cruel and inhumane policy.\"\n\"The fact that the government now claims there are 66 children that are still separated are is 66 too many,\" Mendoza tells Bustle. \"The only reason they are still working to reunite families is because the people are holding them accountable. It’s despicable and disgusting what this government has done to children and their families. We will never forget their disregard for children. We will never forget the lies they told us. We will never forget what they did in the cover of night.\"\nThe status report differentiates children in custody who were originally affected by the \"zero tolerance\" policy of family separation from others who are in the care of the Office of Refugee Resettlement. Those still in custody who were separated are referred to as \"children in care where the parent is not eligible for reunification or is not available for discharge at this time.\"\nOf the 16 whose parents are in the United States, one is not being returned because the parent is in \"federal, state, or local custody (e.g., state criminal detention).\" Another two cases are being reviewed further after they were flagged for potential \"safety and wellbeing\" concerns. The reason the other 13 remain in custody was not immediately clear.\n\"Defendants are working to appropriately discharge the remaining 13 of 16 children, and to identify any possible barriers to their discharge, meeting and conferring with Plaintiffs where appropriate for resolution,\" the report reads.\nWhen it comes to the kids with parents who have been deported (or \"departed), the picture gets trickier. The report lumps together those 50 kids from the initial group with another 125 \"children in care with parent presently departed from the United States whose intent not to reunify has been confirmed by the ACLU.\"\nThey then explain the status of these 175 children together — making it unclear what is happening specifically with those 50 children from the initial group. The DHS spokesperson noted that 80 percent of the parents \"decided to be separated from their children when provided with an option.\" According to the status report, 125 of 143 did choose just that. But what's not clear is how many of those children came with their families in the first place.\nJess Morales Rocketto, political director of the National Domestic Workers Alliance and leader of Families Belong Together, claims these numbers are not representative of how many children the government is holding.\n\"The administration is blatantly lying about how many kids are still separated from their parents,\" Morales Rocketto tells Bustle. \"By releasing false numbers they're distracting from the horrific truth that HUNDREDS of children are still being kept in what are essentially internment camps. All while they continue to attempt new family separation policies. We don't believe liars. And we don't believe the Trump administration.\"\nIn total, there are actually thousands of children being held. The New York Times reported in September that there were a record 13,000 detained migrant children in the country; the report on the 66 again only refers to the group that was separated from their families under the \"zero tolerance\" policy.\nThe vast majority of the 2,654 children initially found to have been separated from their families under that policy, though, have been released. The status report noted that since the last update, 67 children have been released from the government's care — for a total of 2,363 since the ACLU first filed an injunction in June to speed up the reunification process.\nIn July, President Trump signed an executive order to end the family separation that his own administration had started as a deterrent to keep families from coming to the United States. But now the administration is weighing a \"binary choice\" that would make parents choose between indefinite detention with their children or being separated from them.","url":"https://www.bustle.com/p/66-immigrant-children-are-still-separated-from-their-families-most-of-their-parents-were-deported-12282942","polarityScore":{"sourceTitle":"Bustle","allSidesBias":"left-center","communityAgree":"564","communityDisagree":"566","sourceUrl":"http://www.bustle.com/ "}}
