{"authors":["Lia Beck"],"date_download":"2018-10-31 01:00:56","date_modify":"2018-10-31 01:00:56","date_publish":"2018-10-12 15:30:29","description":"Halloween is coming right up, which means it time to rack your brain and try to remember that awesome costume idea you thought of back in February. But, if you don't have anything in mind for you and your Halloween partner, but you are a fan of TV's…","filename":"6CreativeBacheloretteCouplesCostumeIdeasThatllTurnAnyHalloweenPartyIntoADramaticRoseCeremony_2045.json","image_url":"https://imgix.bustle.com/uploads/image/2018/10/4/5dc8f89c-e3d1-4e1f-93be-5e5d488a78a6-screen-shot-2018-10-04-at-75159-pm.png?w=1200&h=630&q=70&fit=crop&crop=faces&fm=jpg","language":"en","localpath":"6CreativeBacheloretteCouplesCostumeIdeasThatllTurnAnyHalloweenPartyIntoADramaticRoseCeremony_2045.json","title":"6 Creative ‘Bachelorette’ Couples Costume Ideas That’ll Turn Any Halloween Party Into A Dramatic Rose Ceremony","title_page":"6 Creative ‘Bachelorette’ Couples Costume Ideas That’ll Turn Any Halloween Party Into A Dramatic Rose Ceremony","title_rss":"NULL","source_domain":"bustle.com","text":"Halloween is coming right up, which means it time to rack your brain and try to remember that awesome costume idea you thought of back in February. But, if you don't have anything in mind for you and your Halloween partner, but you are a fan of TV's best dating show, you've come to the right place. The Bachelor couple's costume ideas listed here will let you and your loved one celebrate the greatness of reality television while looking pretty snazzy... or like a rose come to life.\nWhile you could just dress as a Bachelor or Bachelorette and their final contestant, that's pretty boring and you might just look like you're going to prom. Plus, the Bachelor franchise has so much more to offer: Chris Harrison, Neil Lane, diamonds, roses, former contestants pretending to be bartenders at a Mexican resort. And all of these can make for exciting Halloween costumes.\nBelow are six Bachelor couples costume ideas. The items included are just suggestions and a starting point, because you can definitely use what you already have or thrift your costume. (Or, hey, you can splurge on a sequin dress if you think you'll wear it again. No one's stopping ya.) Also, while these costumes can work for couples, they can also work for friends if you are still on your own journey to find love.\n1. Neil Lane & A Diamond\nBlazer Slim Fit, $70, H&M\nParisian Petite Sequin Dress, $24, ASOS\nDiamond Ring Bottle Opener, $3, Party City\nDiamond Ring Headband, $4, Ziggos Party\nIt's easy. One of you needs a suit and the ability to keep a straight face while someone tells you they're going to spend the rest of their life with a person they met eight weeks ago, and one of you needs to be really sparkly. \"Neil Lane\" should also carry around a fake diamond ring.\n2. Chris Harrison & Roses\nStraight-cut Jacket, $35, H&M\nCotton Shirt, $13, H&M\nRed Artificial Rose Heads, $4, Factory Direct Craft\nCrew Neck Short Sleeve T-Shirt, $6, Target\nAnother simple one. One of you needs a suit and the ability to sound super serious while saying things like, \"Gentlemen, the final rose of the night\", and one of you needs to wear red and be straight up covered in roses. \"Chris Harrison\" should also carry around a champagne flute and a butter knife to clink on it.\n3. The Bachelor/ette & Final Rose\nPlus Size Open Shoulder Ruffle Dress, $38, Forever 21\nSequin Cowl Neck Maxi Dress, $38, Forever 21\nSleeveless Jersey Dress, $13, H&M\nAdult Green Tights, $6, Party City\nOne of you will wear either a suit (see other costumes for options) OR a fancy dress, and one of you will be dressed as a rose. The rose can take their inspiration from Dee on It's Always Sunny in Philadelphia, but really you just need to wear green on the bottom, red on top, and bring it all together with a rose headpiece or hair clip that you can buy or make yourself with tissue paper.\n4. Final Two Contestants\nSkinny Fit Suit Pants, $25, H&M\nEasy-iron Shirt Slim Fit, $13, H&M\nRacer Neck Midi Dress With Crochet Lace Skirt, $38, ASOS\nPlus Size M-Slit Maxi Dress, $35, Forever 21\nYou both have to dress up in either suits or a fancy dresses, but only one of you gets to pin a rose to your lapel or carry around a stemmed rose all night. The other person just has to look really sad and talk about how they may never find love again.\n5. Yuki & Wells\nSlim-Fit Built-In Flex Everyday Shirt, $20, Old Navy\nWomen's Plus Size Woven Short Sleeve Top, $16.98, Target\nStainless Steel Cocktail Shaker, $8.54, Home Depot\nOn the latest season of Bachelor in Paradise, bartender Wells was joined by Yuki from the Japanese Bachelor and Bachelor Winter Games. To dress like these two you'll just need either two blue or two white button-up short-sleeve shirts, and a couple colorful cups or a cocktail shaker to carry around. You'll also need to write \"Playa Escondida Sayulita\" in red on a piece of paper and pin that onto the shirt, so you really look professional. (And more recognizable.) (At least for Bachelor fans.)\n6. Live Tweets\nThis one is the easiest to pull off... if you have access to a printer. Just wear whatever (or for extra pizzazz, wear Twitter blue) and pin or tape a bunch of Bachelor tweets to yourself. You are Bachelor live tweets, the favorite pastime of Bachelor fans.\nNow, go forth and have the most dramatic Halloween in the history of the holiday.","url":"https://www.bustle.com/p/6-creative-bachelorette-couples-costume-ideas-thatll-turn-any-halloween-party-into-a-dramatic-rose-ceremony-12157422","polarityScore":{"sourceTitle":"Bustle","allSidesBias":"left-center","communityAgree":"564","communityDisagree":"566","sourceUrl":"http://www.bustle.com/ "}}
