{"authors":[],"date_download":"2018-10-30 01:07:14","date_modify":"2018-10-30 01:07:14","date_publish":"2017-07-19 20:35:00","description":"Google Glass is back and it means business. Here are 6 things to know about the new edition.","filename":"6factsaboutthenewGoogleglasses_902.json","image_url":"https://www.ajc.com/rf/image_large/Pub/p5/Statesman/2014/03/12/Videos/3332296871001.vpx.jpg","language":"en","localpath":"6factsaboutthenewGoogleglasses_902.json","title":"6 facts about the new Google glasses","title_page":"Google Glass enterprise edition: 6 facts about the new Google glasses","title_rss":"NULL","source_domain":"ajc.com","text":"Google Glass is back in its second act and this edition is going corporate.\n» RELATED: Google launches job candidate tool for hiring managers\nAlphabet X, Google’s Moonshot Factory, unveiled the Glass Enterprise Edition this week as a hands-free product marketed at hands-on workers.\nHere are six things to know about the new edition:\n(Glass) Enterprise Edition (Glass)\nWhat’s so different from the original Glass?\nWhen it comes to the outside, the new edition essentially looks the same as Google’s original product.\nBut, according to CNET, Glass Enterprise Edition features a longer battery life, faster processor, 8-megapixel camera and more secure wireless connectivity.\n» RELATED: Photos: Atlanta architecture firm designs cutting edge Howard University, Google campus for black engineers\nIt’s also more lightweight than the original and works with prescription lenses.\nHow is Glass Enterprise Edition helpful for workers?\nAccording to Glass Project Lead Jay Kothari, workers in fields like healthcare, manufacturing, logistics and others where their hands are often occupied, can use the wearable device to obtain information.\nFor example, General Electric (GE) mechanics use the Glass to see instructions (videos and animations included) as they work.\nAccording to Kothari, GE estimates they reduced errors and improved efficiency by 8 to 12 percent.\n» RELATED: Google launches new AI-powered job search engine to help Americans find jobs\nAnd, at agricultural machinery manufacturer AGCO, the device has helped reduce production time by 25 percent and inspection times by 30 percent as workers consult their Glass Enterprise Edition wearables for checklists, instruction manuals and more.\nAdditionally, healthcare professionals at Dignity Health have used Glass to increase interaction with patients. Doctors at DH are able to look patients in the eye and converse with them using an application from Google Glass Partner company, Augmedix.\n» RELATED: Which smart speaker is right for you? Comparing Google Home, Amazon Echo and Apple HomePod\nThe same goes with doctors at Sutter Health, according to Kothari, where Dr. Albert Chan said doctors have reduced the time they spend on electronic medical record-keeping by an estimated two hours. The device, he said, “brought the joys of medicine back to my doctors,” because it allowed them to focus on their patients instead of on technology.\nDoes it have augmented reality features?\nAccording to Wired, Google refers to Glass Enterprise as an “assisted reality” device, “a lightweight version of augmented reality” instead of a fully immersive AR product.\nWho can buy Glass Enterprise Editions?\nThe product is only available through Google’s Glass Partners network, where companies can sign up to make versions of the Glass Enterprise Edition customized to their clients and workforce.\nHow many companies are part of the Glass Partners network?\nAccording to Glass Project Lead Jay Kothari, more than 50 partners are currently using Enterprise Edition glasses, including Samsung, Upskill, Volkswagen, the Boeing Company, AGCO, NSF International, Sutter Health and more.\nGeneral Electric mechanics have also been using the specs, customized by Glass Partner Upskill, while conducting maintenance work.\nHow much does the new edition cost?\nAccording to CNET, prices vary based on what kinds of customizations, support and training a company needs.\nLearn more about Google’s Glass Enterprise Edition.","url":"https://www.ajc.com/technology/remember-google-glass-there-new-edition-and-this-one-means-business/1MbEUj9t51BJfjf6pU0OUN/","polarityScore":{"sourceTitle":"Atlanta Journal-Constitution","allSidesBias":"left-center","communityAgree":"561","communityDisagree":"580","sourceUrl":"http://www.ajc.com/ "}}
