{"authors":["Amanda Chatel"],"date_download":"2018-10-31 00:21:27","date_modify":"2018-10-31 00:21:27","date_publish":"2018-10-05 21:28:07","description":"Although sexuality and sexual desire are very much neurological in nature, that doesn't mean you should ignore your body. Your body, after all, is the one that's doing the physical end of things. So if you're not taking care of yourself, your sex…","filename":"6NutrientDeficienciesThatAffectYourSexLife_2048.json","image_url":"https://imgix.bustle.com/uploads/image/2018/10/4/a0262940-f97e-4932-86da-5f3c31b1a355-2t4a0988.jpg?w=1200&h=630&q=70&fit=crop&crop=faces&fm=jpg","language":"en","localpath":"6NutrientDeficienciesThatAffectYourSexLife_2048.json","title":"6 Nutrient Deficiencies That Affect Your Sex Life","title_page":"6 Nutrient Deficiencies That Affect Your Sex Life","title_rss":"NULL","source_domain":"bustle.com","text":"Although sexuality and sexual desire are very much neurological in nature, that doesn't mean you should ignore your body. Your body, after all, is the one that's doing the physical end of things. So if you're not taking care of yourself, your sex life could be affected. But, luckily, there are ways to get back on track. And, sometimes it's as simple as making sure you're getting all the nutrients you need.\n\"In Chinese medicine, all health, including sexual health comes down to a healthy balance between Yin and Yang energies,\" Dr. Lyndsay von Miller DACM L.Ac., doctor of acupuncture and Chinese medicine, tells Bustle. \"So when you go into see your Acupuncturist or Chinese Herbalist complaining about not feeling sexy or wanting to boost your libido, we are going to look at what your imbalance is, give you a diagnosis, and then use needles, herbs, and lifestyle adjustments to help bring you back into balance.\"\nBetween eating certain foods that keep your sexual health in a happy balance and focusing on your Yin and Yang energies, you can make steps to getting your sex life back on track.\nHere are six nutrient deficiencies that can affect your sex life, according to experts.\n1 Lack Of Omega 3 Ashley Batz for Bustle \"You might be Yin deficient if you are experiencing lack of arousal, or have other symptoms like hot flashes or difficulty regulating your temperature,\" von Miller says. \"Omega 3 is linked to increasing the bioavailability nitric oxide in your blood stream and thus increasing blood flow, which is great for orgasms and erections.\" To get the right amount of Omega 3 in your body, Dr. von Miller suggests an Omega 3 fatty acid supplement or going straight to the source: shellfish or deep sea/cod water fish.\n2 Lack Of Selenium Adrew Batz for Bustle Selenium is a nutrient that, if you don't have enough, according to Neil Grimmer, founder of Habit, can reduce your sex drive. In men, selenium doesn't just give the libido a boost, but it increases sperm count too. Foods that are high in protein like shellfish, chicken, eggs, and Brazilian nuts is where you'll get your selenium fill.\n3 Lack Of Vitamin D Andrew Zaeh for Bustle When it comes to a low libido, a vitamin D deficiency might also be to blame, Grimmer says. Although most of us know that calcium and vitamin D go hand-in-hand so milk and cheeses are great choices, there are also vegetables that are high in vitamin D that you should add to your diet. Kale, okra, spinach, and soybeans, for example, are a good start.\n4 Lack Of \"Hot\" Foods Ashley Baz for Bustle We may not think of hot foods as contributing to a nutrient deficiency, but they do. Naturally hot foods are necessary to keep things moving in the body so as to keep Yang deficiencies at bay. \"Hot foods like ginger, fennel, and hot peppers, foods that are spicy and 'moving' are great for Yang deficiencies,\" Dr. von Miller says. \"You might be Yang deficient if you feel your libido is low and you have a tendency to feel colder than other people in the room.\"\n5 Lack Of Vitamin A Andrew Zaeh for Bustle According to Dr. von Miller, a vitamin A deficiency can lower the libido because it slows down testosterone production. Although we usual usually think that testosterone is more of a male hormone, women have it too. If both partners in a relationship are lacking in vitamin A, then there's a good chance that neither one will be very interested in having sex. Vitamin A can be found in fish, salmon especially is a great source, as well as other meats and in cheese too. As for vegetables, sweet potato, squash, collards, and carrots are high in vitamin A too.","url":"https://www.bustle.com/p/6-nutrient-deficiencies-that-affect-your-sex-life-12160790","polarityScore":{"sourceTitle":"Bustle","allSidesBias":"left-center","communityAgree":"564","communityDisagree":"566","sourceUrl":"http://www.bustle.com/ "}}
