{"authors":["The Food","Dining Team Offers Reviews","Previews","Food News","Fun Bites Food Trends For Metro Atlanta S Vast Food","Dining Scene."],"date_download":"2018-11-02 06:34:19","date_modify":"2018-11-02 06:34:19","date_publish":"2017-08-03 16:00:10","description":"The end of the peach season is nigh, Atlanta, and it wasn’t the best of years for the state fr...","filename":"6peachcocktailstosiparoundAtlanta_4526.json","image_url":"https://www.ajc.com/rf/image_large/Pub/p8/AJC/2017/08/02/Images/WPIMAGE_cmgajcfoodandmore_18327.jpg","language":"en","localpath":"6peachcocktailstosiparoundAtlanta_4526.json","title":"6 peach cocktails to sip around Atlanta","title_page":"6 peach cocktails to sip around Atlanta","title_rss":"NULL","source_domain":"ajc.com","text":"The end of the peach season is nigh, Atlanta, and it wasn’t the best of years for the state fruit. It’s estimated Georgia farmers lost 80% of their peaches after a warmer than average winter followed by a deep freeze in March killed off the blooms of prematurely flowering trees. This could equal a loss of nearly $50 million dollars when the final numbers are tallied later this summer.\nChefs and bartenders around the metro area have taken the loss to heart and have been buying up this season’s peaches hoping to give back to the farmers they rely on daily for fresh, local produce. Bartenders, in particular, will be keeping the season going long after the last peach is plucked by creating shrubs, tinctures, cordials and bitters from the fruit for cocktails.\nSummer is far from over, so drink of the peach a little longer with one of these six cocktails.\nThe Peachtree Street. Photo courtesy of St. Cecilia.\nPeach Cobbler\nA cobbler cocktail is simply spirit, sugar and citrus served over crushed ice or “cobbles” for which the drink is named. A 19th-century American concoction, the cobbler has been showing up on bar menus across the country as bartenders rediscover this charming and simple cocktail. Foundation Social Eatery in Roswell created their cobbler as an homage to Georgia’s love of both whiskey and peaches. A refreshing bourbon drink paired with peach liqueur, FSE told the AJC Bar Scene guests need to hurry in as this cobbler is leaving the cocktail menu next week.\nFoundation Social Eatery, 1570 Holcomb Bridge Road, #810, Roswell. 770-641-8877, foundationatl.com.\nPeachtree Street\nThis peach-inspired sour comprised of gin, lemon juice, peach liqueur and peach syrup is shaken not stirred with muddled basil leaves to bump up the herbal notes in the gin. Topped with a simple garnish of basil oil, the Peachtree Street is as refreshing as it is lovely on a warm day.\nSt. Cecilia, 3455 Peachtree Road, Atlanta. 404-554-9995, stceciliaatl.com.\nPapa Don't Peach. Photo courtesy of Better Half.\nElberta Fashion\nEight Sushi combines peaches, spicy rye whiskey, soothing chamomile and the subtle sweetness of agave with a dash or two of Angostura for a peachy riff on the classic Old Fashioned.\nEight Sushi Lounge, 930 Howell Mill Road NW B, Atlanta. 404-796-8888, eightsushiatl.com.\nPapa Don’t Peach\nWho doesn’t love a good pun; especially when one suddenly finds themselves humming along to a certain Madonna song? Better Half located in Midtown’s Home Park neighborhood combines bourbon with the grappa-based Amaro Nonino, house-made peach shrub (see recipe below) and peach bitters for a bittersweet yet mellow late summer cocktail.\nBetter Half, 349 14th St. NW, Bldg. C, Atlanta. 404-695-4547, betterhalfatl.com.\nHoneysuckle Peach\nEinstein’s brings a bit of southern comfort to the heart of midtown. Located a block off of Peachtree Street, guests can linger on the shady patio and sip this boozy soda cocktail made with honeysuckle vodka, peach puree, agave and spicy ginger beer topped with fizzy water.\nEinstein’s, 1077 Juniper St. NE, Atlanta. 404-876-7925, einsteinsatlanta.com.\nEvans City Zombie from The Lawrence. Photo courtesy of 360 Media.\nEvans City Zombie\nThe classic Zombie created by Donn the Beachcomber in 1934 predates Trader Vic’s Mai Tai by a decade. It’s a tiki cocktail that is both delicious and dangerous. In celebration of the fifth anniversary of The Lawrence, beverage manager Taylor Blackgrave is taking her Zombie to a mind-numbingly new level with not one but four different types of rum; including a high-octane 151 which helps form the potent base for the original. She then combines the rums with lime, pineapple, absinthe and a house-made peach jam made from Pearson’s peaches for a southern spin on this tiki classic.\nThe Lawrence, 905 Juniper St. NE, Atlanta. 404-961-7177, thelawrenceatlanta.com.\nCreate Better Half’s peach shrub at home\nThink of a shrub in terms of cocktails as a rich simple syrup comprised of fruit, vinegar and sugars that lends both sweetness and slight acidity to a drink.\nProcess\nPlace 1 cup of peaches (may include pits) and 1 cup of granulated sugar into a glass jar.\nMix well until sugar dissolves.\nPlace in the refrigerator for one day.\nAdd 3/4 cup of rice vinegar and mix well so sugar dissolves.\nPlace back into the refrigerator for three days.\nStrain out all of the sediment and keep stored in the refrigerator.\nRELATED:\nRead more of our coverage of the Atlanta bar scene\n4 reasons to consider ordering a low-ABV cocktail\nWhere to drink frozen cocktails in Atlanta\n3 batched cocktails to serve at your next summer party\nWhat we thought of these 15 new canned wines (and cocktails)\nExplore where to eat in Atlanta with the AJC’s Spring Dining Guide\nRead more stories like this by liking Atlanta Restaurant Scene on Facebook, following@ATLDiningNews on Twitter and @ajcdining on Instagram.","url":"https://www.ajc.com/blog/atlanta-restaurants/peach-cocktails-sip-around-atlanta/wwvTmueK0g5p3HP60bOQEI/","polarityScore":{"sourceTitle":"Atlanta Journal-Constitution","allSidesBias":"left-center","communityAgree":"561","communityDisagree":"580","sourceUrl":"http://www.ajc.com/ "}}
