{"authors":["Carina Wolff"],"date_download":"2018-10-31 01:00:32","date_modify":"2018-10-31 01:00:32","date_publish":"2018-10-09 20:42:00","description":"If you have problems sleeping, it might not just be your habits that are causing a problem — something might be wrong with your body's natural clock. There are a number of signs that you have a circadian rhythm disorder, and generally these involve…","filename":"6SignsYouHaveACircadianRhythmDisorder_2050.json","image_url":"https://imgix.bustle.com/uploads/image/2018/10/9/bbe36c75-d341-42e2-89c7-786f43c8568e-fotolia_223201435_subscription_monthly_m.jpg?w=1200&h=630&q=70&fit=crop&crop=faces&fm=jpg","language":"en","localpath":"6SignsYouHaveACircadianRhythmDisorder_2050.json","title":"6 Signs You Have A Circadian Rhythm Disorder","title_page":"6 Signs You Have A Circadian Rhythm Disorder","title_rss":"NULL","source_domain":"bustle.com","text":"If you have problems sleeping, it might not just be your habits that are causing a problem — something might be wrong with your body's natural clock. There are a number of signs that you have a circadian rhythm disorder, and generally these involve issues falling asleep and waking up when you need to. Your body operates on a daily rhythm of temperature and hormone levels that regulate when you go to sleep and wake up, and when this rhythm is off course, it can severely disrupt your sleep patterns.\n\"[A circadian rhythm disorder] is when your biological clock is out of sync with your environment, like jet lag when you are not traveling\" clinical psychologist and sleep doctor Dr. Michael Breus, tells Bustle. \"There are many types, including Advanced Sleep Phase Syndrome, Delayed Sleep Phase Syndrome, non-24 hour sleep syndrome, etc.\"\nAlthough each disorder differs slightly, they all involve a problematic shift in your sleep/wake cycle. This can be caused by something going on internally, but it can also be a result of something external, like jet lag or shift work, according to Merck Manual. Getting to the root of your circadian rhythm disorder is important, as it can have long-term effects, including greater risk of cardiovascular and metabolic disorders.\nIf your sleep is out of whack and your schedule has been off, you may have a circadian rhythm disorder. Here are six signs to watch out for, according to experts.\n1 You Fall Asleep Early & Wake Up In The Middle Of The Night tockPhotoPro/fotolia \"If you get sleepy and go to bed earlier than most people, and awaken in the middle of the night unable to fall back asleep, you may have Advanced Sleep Phase syndrome,\" sleep physician and neurologist Dr. Nate Watson, tells Bustle. With ASP, your body clock is shifted early, resulting in going to bed very early (around 6 to 8 p.m.) and waking up very early (around 3-4 a.m.). This circadian rhythm disorder is more common as you get older. Speak to your doctor if these symptoms have become a problem for you.\n2 You Can Fall Asleep During Weekends, But Not Weekdays ALDECAstudio/fotolia \"If you have trouble falling asleep on nights before workdays requiring an early awakening, but not on weekends when you can go to bed and wake up later, you may have Delayed Sleep Phase syndrome,\" Dr. Watson says. DSP is the opposite of ASP, with your body clock being pushed back so that you go to bed late and wake up late. This disorder tends to happen more in adolescents.\n3 Your Sleep & Wake Time Gets Pushed Back A Little Each Day Andrew Zaeh for Bustle \"If you go to bed and awaken a little later each day, you may have Non-24 Hour Sleep/Wake disorder,\" Dr. Watson says. Because this disorder develops as a result of the failure of light to send the proper signals to the brain, it usually only occurs in those with compromised vision.\n4 You Have An Erratic Sleep Schedule Andrew Zaeh for Bustle \"If you have erratic sleep, where your sleep is not consolidated at night but rather spread throughout the day and night, you may have Irregular Sleep/Wake disorder,\" Dr. Watson says. \"This is typically seen in people with neurodegenerative diseases.\" Symptoms can include chronic insomnia as well as sleepiness and can involve fragmented naps rather than long periods of sleep.\n5 You Can't Fall Asleep When You Travel Marko/fotolia Jet lag — most of us are familiar with this sensation, and it too is a circadian rhythm disorder. \"If you have trouble falling asleep after traveling eastbound over multiple time zones, or if you have trouble staying awake after traveling westbound over multiple time zones, you may have jet lag sleep disorder,\" Dr. Watson says. The more time zones you cross, the harder it is to sleep, but once you return home, your schedule should resume back to normal.","url":"https://www.bustle.com/p/6-signs-you-have-a-circadian-rhythm-disorder-12197874","polarityScore":{"sourceTitle":"Bustle","allSidesBias":"left-center","communityAgree":"564","communityDisagree":"566","sourceUrl":"http://www.bustle.com/ "}}
