{"authors":["Carolyn Steber"],"date_download":"2018-10-31 00:38:57","date_modify":"2018-10-31 00:38:57","date_publish":"2018-10-04 20:46:17","description":"Throughout the United States and other western cultures, it's not incredibly common for people to eat with their hands. We usually dive into breakfast, lunch, and dinner with forks and spoons blazing, all in the name of maintaining our…","filename":"6ThingsEatingWithYourHandsCanSayAboutYourPersonalityAccordingToExperts_2053.json","image_url":"https://imgix.bustle.com/uploads/image/2018/10/4/8c46b56f-ba84-41b6-b855-ba83312b2072-zaeh_bustle_aug2015-185-copy.jpg?w=1200&h=630&q=70&fit=crop&crop=faces&fm=jpg","language":"en","localpath":"6ThingsEatingWithYourHandsCanSayAboutYourPersonalityAccordingToExperts_2053.json","title":"6 Things Eating With Your Hands Can Say About Your Personality, According To Experts","title_page":"6 Things Eating With Your Hands Can Say About Your Personality, According To Experts","title_rss":"NULL","source_domain":"bustle.com","text":"Throughout the United States and other western cultures, it's not incredibly common for people to eat with their hands. We usually dive into breakfast, lunch, and dinner with forks and spoons blazing, all in the name of maintaining our well-established table manners — and as a way of keeping our fingers clean.\nOf course, we'll happily throw caution to the wind when it comes to the likes of pizza, fries, tacos, and other foods that are meant to be picked up. While it does happen, it's rare to see someone eating a burrito with a fork. And even rarer to spot fellow diners using cutlery to ferry fries into their mouths.\nBut when it comes to things like pasta, stews, veggies, and other dishes that traditionally require silverware, choosing to eat with your hands can say a lot about you. If you like to lick your finger to get every last drop of salad dressing, you may have a certain zest for life. And if you're someone who happily drops noodles into your mouth from a sauce-covered claw, it may indicate you're more adventurous than most. Here are a few other things eating with your hands might say about your personality, according to experts.\n1 You May Be More Adventurous Than Most Hannah Burton/Bustle If you were raised in a culture that viewed silverware as a dinnertime requirement, throwing tradition aside in favor of eating with your hands may mean you're an open-minded individual, therapist Rebecca Capps, MA, MFT, tells Bustle. This is also true if you're always down to try to new cuisines, as \"this indicates that you are someone who is adventurous.\" Being adventurous, and being an adventurous eater, often go hand-in-hand. Pun intended.\n2 You're Likely Someone Who Relishes Life Andrew Zaeh for Bustle If you wouldn't dare let a fork get between you and the sensory experience that is eating, you're definitely not alone. In an article for Epicurious, writer Emily Johnson noted that she was often allowed to eat without cutlery when she was growing up — for this very reason. \"Eating is sensory,\" Johnson said. \"And, in using your hands, you take the sensory experience to another level. You add another whole sense — touch. Since so much of taste and enjoyment of food is about texture, your hands function as another way of exploring the feel, the consistency, the make-up of your food [...] I'm convinced that people prone to swiping bites with their hands, to tasting with their hands, and dipping fingers into sauces and dressings, taste it better, enjoy it more, have an overall enhanced eating experience.\" This sentiment is echoed by Capps who says, \"If you eat with your hands and are a slow eater, this means that you take time to be in the moment and to enjoy every morsel of your food.\" You're all about savoring what's in front of you.\n3 You May Be More Creative Hannah Burton/Bustle Are you someone who rarely thinks twice before dipping your fingers into food? \"If this is you, this [might mean] that you’re someone who is innovative,\" Capps says. But it also may mean you're a rule breaker, which is a common trait among creatives. In fact, several high-profile chefs have begun encouraging diners to dig into meals with their hands, according to The New York Times, stating that it increases the sensual connection to food and softens the formality of fine dining.\n4 You Want To Be Healthy Andrew Zaeh for Bustle Without even really thinking about it, you might naturally eat with your hands simply because it's healthier. According to a study, published in the journal Clinical Nutrition, people with type 2 diabetes were more likely to be faster eaters that used cutlery, as compared to people without the condition. It was shown that eating with forks and spoons correlates with faster eating, which has been linked to blood-sugar imbalances in the body, and to the development of type 2 diabetes. Of course, it's always possible to use silverware, and make a concerted effort to eat slower. But if you feel better when you eat with your hands go ahead and stick with it, as you may very well be onto something.\n5 You Don't Always Put Yourself First Andrew Zaeh for Bustle Again, eating with your hands may not always be a conscious choice, but one that comes from necessity. If you're super busy and always putting others first, for example, you may catch yourself eating this way more often than not. \"If you eat standing up with no silverware and are always multi-tasking, this suggests that you do not take time to focus in on your own needs,\" Capps says. If you can relate, it may be time to slow down, and focus on your own needs for a change.","url":"https://www.bustle.com/p/6-things-eating-with-your-hands-can-say-about-your-personality-according-to-experts-12073352","polarityScore":{"sourceTitle":"Bustle","allSidesBias":"left-center","communityAgree":"564","communityDisagree":"566","sourceUrl":"http://www.bustle.com/ "}}
