{"authors":["Natalia Lusinski"],"date_download":"2018-10-31 00:46:29","date_modify":"2018-10-31 00:46:29","date_publish":"2018-10-13 17:00:29","description":"Everyone gets irritable from time to time, but some people may more often than others. Of course, many things cause irritability, from lack of sleep to lack of food and energy. But sometimes, it may mean something else, and there are certain signs…","filename":"6UnexpectedSignsYourIrritabilityIsActuallyAGreaterMentalHealthIssue_2058.json","image_url":"https://imgix.bustle.com/uploads/image/2018/10/9/bdc65e80-082a-46c1-8763-24a68ce3dde4-girl-holding-head-andrew-zaeh.jpg?w=1200&h=630&q=70&fit=crop&crop=faces&fm=jpg","language":"en","localpath":"6UnexpectedSignsYourIrritabilityIsActuallyAGreaterMentalHealthIssue_2058.json","title":"6 Unexpected Signs Your Irritability Is Actually A Greater Mental Health Issue","title_page":"6 Unexpected Signs Your Irritability Is Actually A Greater Mental Health Issue","title_rss":"NULL","source_domain":"bustle.com","text":"Everyone gets irritable from time to time, but some people may more often than others. Of course, many things cause irritability, from lack of sleep to lack of food and energy. But sometimes, it may mean something else, and there are certain signs your irritability is a greater mental health issue. In other words, although you may just chalk up your off mood to irritability, there may be an underlying cause.\n“Irritability is often seen as a ‘normal’ experience,” Joshua Klapow, Ph.D., clinical psychologist and host of The Kurre and Klapow Show, tells Bustle. “And while we all get irritable from time to time, irritability can actually be the sign of a more serious mental health problem.”\nHe says that having the symptom of irritability is not sufficient to be diagnosed with a mental health issue. However, if the irritability persists, never seems to go away, and is impacting your relationships, work, school, or social functioning — or if friends or loved ones are telling you that you seem irritable all the time — it’s best to see a mental health or medical professional. “It may not be a psychiatric problem, but it could be one symptom of a disorder,” Dr. Klapow says.\nBelow, he and other experts weigh in on signs your irritability may actually be part of a bigger mental health issue.\n1 You Feel You Cannot Control Your Irritability Andrew Zaeh for Bustle If your irritability feels out of control, it may be a cause for concern. “While everyone is irritable at times, if you feel it is extreme irritability — you feel you cannot control it, are unsure why you are irritable, or it’s significantly impacting your relationships — it may be due to an underlying mental health condition,” Carolyn Cole, licensed marriage and family therapist, tells Bustle.\n2 Your Irritability Doesn’t Seem To Be Going Away Ashley Batz/Bustle Prolonged irritability can be a symptom of depression, Dr. Klapow says. “In fact, many individuals with depression don’t experience a sad or depressed mood, but, rather, feel irritable.” He says that while irritability alone is not sufficient to diagnose depression, it can be one of the primary presenting complaints.\n3 You May Have Angry Outbursts More Than Usual Andrew Zaeh for Bustle Anger is an emotion that everybody has sometimes. However, increased bouts of anger can indicate a bigger mental health issue. “You might start to notice things that you’d usually brush off are getting under your skin, causing angry outbursts and damaging relationships,” Dr. Maheinthan Yogeswaran, a general practitioner at MedicSpot, tells Bustle. “This heightened irritability and agitation could be a sign of depression.” He says that while depression is usually known for making people feel sad, it can also make you feel angry. “If you are noticing that you are experiencing angry outbursts due to things that you would usually be fine with, you should speak with a doctor who will be able to suggest the right treatment for you,” Dr. Yogeswaran says.\n4 You’re More Anxious Than Usual Andrew Zaeh for Bustle Many people feel anxious from time to time. But if you’re feeling more anxiety than usual, it may be a symptom of an anxiety disorder. “Very often, individuals with Generalized Anxiety Disorder will feel ‘on edge’ or ‘irritable,’” Dr. Klapow says. “They will not describe their experience of the disorder as feeling anxious — but of feeling irritable.” He says that, like depression, irritability is not enough to make the diagnosis of an anxiety disorder, but it can be a primary presenting complaint.\n5 Your Irritability Is Getting Worse Andrew Zaeh for Bustle Ashley Smith, a licensed clinical social worker and therapist with experience in irritability, tells Bustle that it’s important to see if your irritability is getting worse. “I believe the two most important signs that irritability is a greater mental health issue are: severity and persistence,” she says. “Severe and persistent irritability could be signs of anxiety, depression, or even bipolar disorder or schizoaffective disorder.” She adds that men, due to society’s gender normative expectations, have a tendency to display irritability and anger more so than sadness and tearfulness.","url":"https://www.bustle.com/p/6-unexpected-signs-your-irritability-is-actually-a-greater-mental-health-issue-12206630","polarityScore":{"sourceTitle":"Bustle","allSidesBias":"left-center","communityAgree":"564","communityDisagree":"566","sourceUrl":"http://www.bustle.com/ "}}
