{"authors":["Jessica Booth"],"date_download":"2018-10-31 00:23:12","date_modify":"2018-10-31 00:23:12","date_publish":"2018-10-05 20:36:21","description":"One of the most popular Halloween costume choices is a Disney princess. You see at least one Disney princess costume out and about every single year — but more likely almost all of them, in various forms. There's the classic take on the look, which…","filename":"6ZombieDisneyPrincessHalloweenCostumeIdeasToPutACreepySpinOnYourFaveFairytale_2059.json","image_url":"https://imgix.bustle.com/uploads/image/2018/10/5/e653a753-d5b1-4b50-bdda-73abae27c2d6-mermaid.jpg?w=1200&h=630&q=70&fit=crop&crop=faces&fm=jpg","language":"en","localpath":"6ZombieDisneyPrincessHalloweenCostumeIdeasToPutACreepySpinOnYourFaveFairytale_2059.json","title":"6 Zombie Disney Princess Halloween Costume Ideas To Put A Creepy Spin On Your Fave Fairytale","title_page":"6 Zombie Disney Princess Halloween Costume Ideas To Put A Creepy Spin On Your Fave Fairytale","title_rss":"NULL","source_domain":"bustle.com","text":"One of the most popular Halloween costume choices is a Disney princess. You see at least one Disney princess costume out and about every single year — but more likely almost all of them, in various forms. There's the classic take on the look, which includes an authentic costume, a wig, and some simple makeup. Then there's the \"sexy\" version of the princesses, which usually means a shorter dress made to resemble a Disney princess outfit. Both can be really fun, and will always be a Halloween classic. But if you want to dress as a Disney princess and make the look stand out a lot more, you easily can... by turning the princess into a zombie princess. It's creepy, it's perfect for the spooky vibes of the day, and it's really not all that difficult. Making a zombie Disney princess Halloween costume is definitely something you'll want to look into.\nTo do it, you can buy a standard costume for your princess of choice — they're pretty easy to find. Once you have the costume, get ready to basically destroy it by adding some rips, splattering it with fake blood, and maybe even creating burn marks. The most important part of the look, though, is the makeup. You need to turn your face into something that looks, well, dead... and really creepy. I've put together some Disney princess costumes and have shown you exactly how to zombie-fy them. It will certainly make your costume more unique!\n1 Ariel From 'The Little Mermaid' Amazon Adult Mermaid Costume, $55 - $66, Amazon Ariel costumes are always fun, but to make them even more fun, you can turn into a zombie. Get your standard Ariel costume, then add some fake blood and maybe some rips in the tail. What really makes this look authentic, though, is the makeup. The below tutorial shows how to do Ariel zombie makeup, complete with a hook through the mouth. Glam&Gore on YouTube\n3 Princess Aurora From 'Sleeping Beauty' Walmart Disney Princess Aurora Costume, $47 - $54, Walmart Sleeping Beauty is such an innocent costume... until you turn her into a bloody zombie. The below makeup is for a \"sleepless\" Sleeping Beauty zombie look, which is both creepy and kind of relatable? Glam&Gore on YouTube\n3 Snow White From 'Snow White And The Seven Dwarfs' Disney Snow White Costume for Adults by Disguise, $47, Disney Snow White is another really popular Disney princess costume for young women, so make yours stand out by looking, well... dead. The below makeup tutorial turns you into a super creepy Snow White zombie. It's not quite as elaborate as some tutorials, which is nice for those who don't want to spend hours upon hours on their makeup. Add some fake blood and maybe a \"poison\" apple accessory. Melanie Hardy on YouTube\n4 Cinderella From 'Cinderella' Halloween Express Women's Cinderella Prestige Costume, $30, Halloween Express Turn sweet Cinderella into spooky Cinderella with lots of fake blood and gore. The below makeup tutorial is not for the faint of heart, but if you can pull it off, it's definitely worth it. This is a zombie Cinderella with her famous heel sticking out of her face. Amazing! Shonagh Scott on YouTube\n5 Belle From 'Beauty And The Beast' Party City Adult Belle Costume, $80, Party City This Belle costume is very sweet and innocent... so you're going to need to change that to be a zombie version of this princess. Add some rips and tears. Then the below makeup tutorial will make sense: a zombie Belle. Super creepy! Glam&Gore on YouTube","url":"https://www.bustle.com/p/6-zombie-disney-princess-halloween-costume-ideas-to-put-a-creepy-spin-on-your-fave-fairytale-12122821","polarityScore":{"sourceTitle":"Bustle","allSidesBias":"left-center","communityAgree":"564","communityDisagree":"566","sourceUrl":"http://www.bustle.com/ "}}
