{"authors":["Carolyn Steber"],"date_download":"2018-10-31 01:11:52","date_modify":"2018-10-31 01:11:52","date_publish":"2018-10-17 19:24:17","description":"In many ways, high-functioning anxiety is the same as any other type of anxiety, in terms of the way it feels. But one of the key differences is that sufferers are able to tamp it down, hide it, or find a way to use it to their advantage. In the…","filename":"7ImportantThingsTherapistsWishEveryoneKnewAboutHighFunctioningAnxiety_2074.json","image_url":"https://imgix.bustle.com/uploads/image/2018/10/17/8ce70947-e733-4df5-b985-82faa1d35b3e-zaeh_bustle_apr2016-129.jpg?w=1200&h=630&q=70&fit=crop&crop=faces&fm=jpg","language":"en","localpath":"7ImportantThingsTherapistsWishEveryoneKnewAboutHighFunctioningAnxiety_2074.json","title":"7 Important Things Therapists Wish Everyone Knew About High-Functioning Anxiety","title_page":"7 Important Things Therapists Wish Everyone Knew About High-Functioning Anxiety","title_rss":"NULL","source_domain":"bustle.com","text":"In many ways, high-functioning anxiety is the same as any other type of anxiety, in terms of the way it feels. But one of the key differences is that sufferers are able to tamp it down, hide it, or find a way to use it to their advantage. In the process, it can start to feel like it's not a problem. But that's one of the things therapists want us all to know about high-functioning anxiety — it's still a mental health issue.\n\"The distress that it is causing the individual — despite the seeming lack of readily identifiable negative impacts on one's ability to function — is still very real,\" clinical psychotherapist Jeremy A. Montemarano, MA, LPC, tells Bustle. \"It is so real, that an individual suffering with high-functioning anxiety and an individual suffering with 'normal anxiety' could literally be experiencing all of the same symptoms but for the significant complications on one's ability to function in their daily life.\"\nIn other words, even though it doesn't cause you to feel completely incapacitated, it still might be an anxiety disorder. And you should still consider making healthy lifestyle changes in order to better manage it. Think along the lines of exercising, doing yoga, getting more sleep, seeing a therapist, and even asking about anxiety medication.\nHere are a few more things therapists wish everyone knew about high-functioning anxiety, including what it looks like and the ways it can impact us.\n1 It Can Seem Beneficial At First Andrew Zaeh for Bustle \"[People with high-functioning anxiety] strive to be prepared or over-prepared at all times in order to control outcomes, and that's the primary way that they manage their anxiety,\" Dr. Jennifer Guttman, author of A Path To Sustainable Life Satisfaction, tells Bustle. For example, if you meticulously plot out your day, take on too much work, or hold yourself to an impossible standard, it may be a sign. This differs, of course, from simply enjoying an organized calendar, or wanting to get things done in a timely fashion. When you have high-functioning anxiety, a hyper-strict schedule becomes a way of coping with your feelings. But in many ways, it only creates more anxiety — and thus isn't the healthiest way to cope.\n2 Others Likely View You As Highly Confident Andrew Zaeh for Bustle High-functioning anxiety can cause you to be structured and highly organized, which in turn can make friends and coworkers assume you're supremely confident — or that you \"have it all together.\" But what they don't know is that it's all stemming from anxiety. \"For a lot of people with high-functioning anxiety, they can mask it so effectively you can't even feel their anxiety when you're in a room with them,\" Dr. Guttman says. \"They could feel like the most confident person in attendance.\" While everyone's different when it comes to the reasons why they might hide their anxiety, it's often about maintaining appearances, and doing whatever you can to get through the day.\n3 Hiding It Can Be Exhausting Ashley Batz/Bustle Whether you're downplaying your symptoms on purpose, or without even realizing it, constantly ignoring them can be exhausting. \"The mental, physical, and physiological effects of wearing (and feeling as though we must wear) a 'mask of wellness' while trying to manage our hidden anxiety depletes us of our functional resources,\" Montemarano says. That's why it's important to acknowledge when you're feeling anxious — even if you are able to get through the day — and then take the necessary steps to feel better. This might include adding more self-care into your routine, getting more sleep, or even seeing a therapist.\n4 You May Start To Crave It Hannah Burton/Bustle If you've always thought of yourself as an over-achiever, or someone who is fueled by anxiety, take note, as this is something many people with high-functioning anxiety have in common. \"People with high-functioning anxiety often use their anxiety to advance in their careers or towards some personal goal, such as worrying incessantly over a project at work with the belief that this will earn them a promotion,\" therapist Julie Williamson, LPC, NCC, RPT, tells Bustle. But it's not a very sustainable or healthy way to live. \"Even if they do not appear to be struggling on the outside, eventually their internal symptoms will catch up with them and have some kind of negative impact, be that on their physical health, relationships, or just feeling burned out,\" Williamson says. Again, it's so important to find healthier outlets, and to manage this form of anxiety.\n5 Anxiety Is Anxiety Hannah Burton/Bustle Even if you've found a way to get through your day, despite the fact you feel anxious, it's important to remember that your symptoms are very real, and need to be dealt with ASAP. As Williamson says, \"Those who struggle with high-functioning anxiety typically experience the same or similar symptoms to those who struggle with low-functioning anxiety, including racing thoughts, ruminating, and incessant worry.\" It can be tempting to continue ignoring them, but don't be afraid to reach out for help. By speaking with a therapist, you can learn healthier ways to cope with your anxiety, so you don't burn out.\n6 It's Not The Same Thing As Stress Hannah Burton/Bustle Everyone occasionally feels stressed out at work, or overwhelmed by a busy schedule. But there's a big difference between everyday stress, and actual anxiety. If you have anxiety, \"the most obvious are the physical symptoms: the clammy palms before a meeting or important call, the desire to call in sick [...] the upset stomach, racing heart, difficulty breathing regularly,\" Dr. Maria Shifrin, PhD, a clinical psychologist in NYC, tells Bustle. And it can spiral from there. \"Despite being able to function, most people with functional anxiety can't seem to find satisfaction in their lives and they don't know why, so they start to blame themselves or the people around them when the culprit is likely something very treatable,\" Dr. Shifrin says. \"Almost always, living in a perpetually anxious and easily irritable state leads to problems with loved ones, coworkers and of course, eventually dissolves ones' self-confidence.\" So be sure to speak up and get help.","url":"https://www.bustle.com/p/7-important-things-therapists-wish-everyone-knew-about-high-functioning-anxiety-12264017","polarityScore":{"sourceTitle":"Bustle","allSidesBias":"left-center","communityAgree":"564","communityDisagree":"566","sourceUrl":"http://www.bustle.com/ "}}
