{"authors":["Kristine Fellizar"],"date_download":"2018-10-31 00:35:00","date_modify":"2018-10-31 00:35:00","date_publish":"2018-10-01 21:12:28","description":"Being in a relationship with your soulmate is something many of us would ideally love to have. But just because you think you may have found yours in your partner, it may not guarantee that your partner feels the same way. So how can you tell if…","filename":"7SignsYoureNotActuallyYourPartnersSoulmateYoureJustTheirType_2089.json","image_url":"https://imgix.bustle.com/uploads/image/2018/10/1/50d60f91-f8a1-49eb-a1ec-03647fdbe627-2t4a9702-1.jpg?w=1200&h=630&q=70&fit=crop&crop=faces&fm=jpg","language":"en","localpath":"7SignsYoureNotActuallyYourPartnersSoulmateYoureJustTheirType_2089.json","title":"7 Signs You're Not Actually Your Partner's Soulmate, You're Just Their Type","title_page":"7 Signs You're Not Actually Your Partner's Soulmate, You're Just Their Type","title_rss":"NULL","source_domain":"bustle.com","text":"Being in a relationship with your soulmate is something many of us would ideally love to have. But just because you think you may have found yours in your partner, it may not guarantee that your partner feels the same way. So how can you tell if your partner thinks of you as their soulmate or just their usual type?\n\"Typically when a partner does not think of you as their soulmate, they don't confide in you their deepest thoughts,\" licensed marriage and family therapist, Dr. Lori Whatley, tells Bustle. \"Instead, they think of you in terms of a 'good fit' because you are their type. You fit most of their criteria for their ideal partner, but you [might] not have the connection of a soulmate.\"\nA soulmate-level connection is something you don't find with every single person you meet or date. According to Dr. Whatley, our soulmate typically impacts us in many ways that our even our usual \"type\" does not.\n\"When we are with our soulmate we are excited about a future and what it will bring, as opposed to being with a type and keeping the status quo stability,\" Dr. Whatley says. Essentially, dating your type is like getting by or settling. Being with your soulmate should feel like you're continuously improving. \"When you are with your type you are a couple,\" she says. \"When you are with your soulmate you are invincible. A power couple.\"\nHere are some signs that you may be each other's types, but not soulmates, according to experts.\n1 You Work Really Well As Friends Andrew Zaeh for Bustle You make each other laugh, you get along really well, and you rarely ever disagree on anything. While this may seem like the ideal \"soulmate\" scenario, this can also indicate a lack of passion. If your relationship seems more likely a great friendship than a romantic connection, Alisha Powell, PhD, LCSW, individual and couples therapist, tells Bustle, you may just be their type.\n2 You're Stuck In An Established Routine Andrew Zaeh for Bustle There's nothing wrong with routine. After all, a routine means stability. You may be your partner's type if you enjoy doing the same things together and have similar hobbies. However, if neither of you wants to put in the effort to break out of that comfort zone and and be a little spontaneous, Powell says this may indicate you don't have a soulmate connection.\n3 Your Relationship Has Started To Feel Awkward Ashley Batz/Bustle Being someone's \"type\" has a lot to do with attraction. If you're really meant to be with each other, you should be able to connect in a deeper way that makes you much more comfortable with each other as the relationship goes on. But if the thrill of new relationship energy is gone and it's left your relationship feeling awkward and uncomfortable, Powell says, you may not be soulmates.\n4 There's A Ton Of Physical Intimacy But Very Little Emotional Intimacy Ashley Batz/Bustle Feeling super attracted to someone can overwhelm you to the point that you feel they may be \"The One.\" But if your relationship is heavily based on the physical connection, you might just be each other's types. \"This may be a sign that your partner doesn't want anything 'serious,' which is totally OK if you're on board with that too,\" Andrea Amour, Founder at UpDate Coaching, tells Bustle. But if you're looking for someone who wants to connect with you on a deeper level, she says, it's worth going after someone else who has that mindset.\n5 You're On Your Own Teams Andrew Zaeh for Bustle If you ever found yourself thinking that your isn't acknowledging you or your needs enough, you likely aren't soulmates. \"Being really committed to someone means constant renegotiation of each other's needs in your relationship,\" Amour says. When you're with your soulmate, they should be putting in the effort to satisfy your needs just as you do with theirs. It doesn't always have to be 50-50, but it should be pretty close to it.\n6 They Only Show Up In The Relationship When Things Are Good Ashley Batz/Bustle In order to be soulmates, both partners need to have good conflict resolution skills. \"It’s easy to love each other and connect when still waters run smoothly,\" couples psychotherapist and author, Dr. Fran Walfish, tells Bustle. \"But boats against the current cannot make it without healthy communication skills.\" If your partner shuts down, acts out, or completely ghosts you when problems arise in your relationship, they may not think of you as their soulmate. According to Dr. Walfish, a soulmate partnership involves partners who are prepared and willing to weather the storms together.","url":"https://www.bustle.com/p/7-signs-youre-not-actually-your-partners-soulmate-youre-just-their-type-12108991","polarityScore":{"sourceTitle":"Bustle","allSidesBias":"left-center","communityAgree":"564","communityDisagree":"566","sourceUrl":"http://www.bustle.com/ "}}
