{"authors":["Carina Wolff"],"date_download":"2018-10-31 01:06:16","date_modify":"2018-10-31 01:06:16","date_publish":"2018-10-09 18:05:40","description":"Nothing is worse than waking up in the morning feeling out of it and sleepy when you thought you got a decent night's rest. If you logged in enough hours, you should feel well rested, right? Unfortunately, there are a number of reasons you feel…","filename":"7SurprisingReasonsYoureGroggyInTheMorning_2092.json","image_url":"https://imgix.bustle.com/uploads/image/2018/10/9/caa558dc-787d-471d-952f-9c81a91e06c3-fotolia_167400486_subscription_monthly_m-1.jpg?w=1200&h=630&q=70&fit=crop&crop=faces&fm=jpg","language":"en","localpath":"7SurprisingReasonsYoureGroggyInTheMorning_2092.json","title":"7 Surprising Reasons You’re Groggy In The Morning","title_page":"7 Surprising Reasons You’re Groggy In The Morning","title_rss":"NULL","source_domain":"bustle.com","text":"Nothing is worse than waking up in the morning feeling out of it and sleepy when you thought you got a decent night's rest. If you logged in enough hours, you should feel well rested, right? Unfortunately, there are a number of reasons you feel groggy in the morning, some of which you may not even be aware of. Your quality of sleep matters just as much as your quantity, and some of your nighttime habits may be setting you up for a lethargic morning.\n\"People feel groggy in the morning essentially because they are sleep deprived,\" Dr. David Weissman, M.D., a primary care physician who sees patients via telehealth app LiveHealth Online, tells Bustle. \"More specifically, grogginess, or what doctors call sleep inertia, is the feeling of incomplete awakening due to sudden awakening during REM sleep. REM stands for rapid eye movement, and is one of four stages of sleep and is the one associated with dreaming. If you are suddenly woken up in the middle of REM sleep, it leads to sleep inertia which can last from 15 minutes to about four hours. During this groggy period of sleep inertia, you have a reduced capacity for doing even simple activities.\"\nMaking sure you get enough good quality sleep, as well as avoiding waking up in the middle of your REM cycle, can help get rid of that morning fog. Here are seven surprising reasons you might feel groggy in the morning, according to experts.\n1 You Had A Drink Before Bed Hannah Burton/Bustle Many people enjoy having a cocktail or a glass of wine to help them fall asleep, but although alcohol may help people fall asleep initially, it actually leads to a disruption in your sleep cycles. \"Specifically, it leads to less time spent in REM sleep and actually leads to a move from a deeper sleep to a lighter sleep during the second half of the night,\" Dr. Weisman says. \"Overall, the effect is that while a person may still sleep for eight hours, they won’t feel as well rested as someone who had the same amount of sleep without the alcohol beforehand.\"\n2 You Took Medication Andrew Zaeh for Bustle Medications like over-the-counter sleep meds or antihistamines can leave you feeling out of it the next morning. \"Like alcohol, these medications can make people feel drowsy and even help them fall asleep more easily,\" Dr. Weisman says. \"But also like alcohol, they interfere with the normal sleep cycle and often leave people feeling groggy in the morning.\"\n3 Your Bedroom Is Too Light StockPhotoPro/fotolia If your bedroom isn't dark enough, it could affect how well-rested you feel in the morning. \"The lightness in the room, even with the eyes closed, affects the body’s internal clock,\" Dr. Weisman says. \"If there is too much light, it may prevent you from spending as much time in REM sleep.\"\n4 You Watched TV Before Bed DavidPrado/fotolia Even if you're an avid TV watcher, you may want to reconsider watching before bed if you feel tired in the morning. \"This also applies to falling asleep with the TV or computer on, since the light from most LCD screens is much more than what we should have in our rooms while sleeping,\" Dr. Weisman says. You might like binge watching your favorite show before bed, but the light can be disruptive and have effects that last into the morning.\n5 You Had Caffeine In The Afternoon Hannah Burton/Bustle Most people know not to have coffee too close to bedtime, but even having caffeine in the afternoon can disrupt your whole sleep cycle. \"The problem is that caffeine can stay in the body for up to 12 hours after consuming it,\" Dr. Weisman says. \"So, try to avoid caffeinated beverages after noon.\"\n6 You Worked Out At Night Andrew Zaeh for Bustle You should be proud to get a workout in any time of day, but if you're exercising too close to bedtime, it can mess with sleep. \"Exercise at night tends to energize you just as you should be winding down for sleep,\" Dr. Weissman says. \"Although people think exercising may make them tired before going to sleep, it tends to keep people up later at night and ultimately contributes to sleep deprivation.\"","url":"https://www.bustle.com/p/7-surprising-reasons-youre-groggy-in-the-morning-12194908","polarityScore":{"sourceTitle":"Bustle","allSidesBias":"left-center","communityAgree":"564","communityDisagree":"566","sourceUrl":"http://www.bustle.com/ "}}
