{"authors":["Carina Wolff"],"date_download":"2018-10-31 01:28:15","date_modify":"2018-10-31 01:28:15","date_publish":"2018-10-08 13:58:03","description":"Most people know that if they have a thyroid issue, it could mess with aspects of their health like their energy levels. But there are also some other side effects of thyroid issues, and they might come as more of a surprise to you. Because your…","filename":"7SymptomsToLookOutForIfYouHaveThyroidIssues_2093.json","image_url":"https://imgix.bustle.com/uploads/image/2018/10/8/bf2236af-cc16-4621-8280-e20d4816d7b0-zaeh_bustle_apr2016-444.jpg?w=1200&h=630&q=70&fit=crop&crop=faces&fm=jpg","language":"en","localpath":"7SymptomsToLookOutForIfYouHaveThyroidIssues_2093.json","title":"7 Symptoms To Look Out For If You Have Thyroid Issues","title_page":"7 Symptoms To Look Out For If You Have Thyroid Issues","title_rss":"NULL","source_domain":"bustle.com","text":"Most people know that if they have a thyroid issue, it could mess with aspects of their health like their energy levels. But there are also some other side effects of thyroid issues, and they might come as more of a surprise to you. Because your thyroid function can affect many areas of your body, there are a number of things to look out for when you have thyroid issues, even if you're not engaging in any habits that seem risky or unhealthy.\n\"The thyroid regulates our body's metabolism,\" family and emergency medicine doctor, Janette Nesheiwat, M.D., tells Bustle. \"It is such an important vital gland in our body. \"Its normal function is critical in almost every aspect of our life, from regulating heart beat to mood and temperature sensation. If you have been diagnosed with hypo- (which is more common) or hyperthyroidism, it's important to see your doctor regularly to check your thyroid levels.\"\nEveryone experiences different responses to thyroid issues in their body, but knowing what to keep an eye out for can help keep your health in check and make sure nothing is slipping through the cracks. Here are seven unexpected things you have to look out for when you have thyroid issues.\n1 High Cholesterol Ashley Batz/Bustle If you're someone with thyroid issues, you might find that you are more prone to high cholesterol levels. \"Untreated thyroid disorder can cause high cholesterol because the body can't break down cholesterol,\" Dr. Nesheiwat says. This tends to happen more with hypothyroidism, as without the proper levels of thyroid hormones, your body can't get rid of the cholesterol it doesn't need, according to Healthline. With hyperthyroidism, cholesterol levels can drop too low. If you have been diagnosed with either of these disorders, speak with your doctor about the best ways to balance your cholesterol levels.\n2 Heart Palpitations Andrew Zaeh for Bustle When your body's metabolic processes are disrupted, your heart can beat irregularly. \"Too much thyroid hormones can increase your heart rate,\" Dr. Nesheiwat says. \"You can develop whats called tachycardia, which can result in a life-threatening heart rhythm, causing strokes or heart attacks. An under-active thyroid can cause blood pressure problems, which can result in headache/dizziness/weakness.\" If you are experiencing any of these symptoms, be sure to see your doctor ASAP.\n3 Fluctuations In Body Temperature misskaterina/fotolia Since your thyroid regulates body temperature, you may find that you're more sensitive to environmental temperature, oftentimes feeling too cold or too hot. People with hypothyroidism tend to be cold, while hyperthyroidism can make people feel more hot.\n4 Weak Nails waranyu/fotolia Having trouble with brittle and broken nails? Your thyroid may be to blame. \"Your nails can become cracked easily if you have low tyrosine or selenium levels, which is commonly seen in hypothyroidism,\" Dr. Neheiwat says. A slowed metabolism can also lead to more dryness in the body, which could make it more likely for your nails to become brittle, according to Harvard Health.\n5 Troubles With Cruciferous Vegetables Trendsetter/fotolia \"Some research has suggested that large amounts of cruciferous vegetables may have a negative effect on thyroid health, specifically slowing down thyroid function,\" internist Dr. Holly Phillips tells Bustle. However, thyroid patients do not have avoid to avoid these foods altogether. \"Just make sure you don't overdo raw veggies (especially leafy greens like spinach, kale),\" she says. \"Go for sautéed instead. Cooking the veggies releases the enzymes that can potentially harm your thyroid.\"\n6 Dairy Interfence pavkis/fotolia Thyroid replacement therapy is best taken in the morning, but that also happens to be the time coffee drinkers best like to indulge in their cup of joe. \"If you take your coffee with milk or cream, the calcium in the dairy products can interfere with thyroid hormone absorption, so even though you're taking your medicine on time, you might not be getting the full effect,\" Dr. Phillips says. \"Wait at least an hour after coffee to take your medicine.\"","url":"https://www.bustle.com/p/7-symptoms-to-look-out-for-if-you-have-thyroid-issues-12170003","polarityScore":{"sourceTitle":"Bustle","allSidesBias":"left-center","communityAgree":"564","communityDisagree":"566","sourceUrl":"http://www.bustle.com/ "}}
