{"authors":["Eva Taylor Grant"],"date_download":"2018-10-31 00:37:56","date_modify":"2018-10-31 00:37:56","date_publish":"2018-10-10 18:52:49","description":"Getting a tattoo should be an all-around positive experience, but it isn't without its risks. You are getting tiny abrasions in your skin, after all. So, before getting a tattoo, it's important to understand the risks of possible tattoo…","filename":"7TattooComplicationsThatAreSurprisinglyCommonAccordingToExperts_2094.json","image_url":"https://imgix.bustle.com/uploads/image/2018/10/10/7a00a178-0cd7-4de1-afa7-c9714816beb8-fotolia_164692732_subscription_monthly_m-2.jpg?w=1200&h=630&q=70&fit=crop&crop=faces&fm=jpg","language":"en","localpath":"7TattooComplicationsThatAreSurprisinglyCommonAccordingToExperts_2094.json","title":"7 Tattoo Complications That Are Surprisingly Common, According To Experts","title_page":"7 Tattoo Complications That Are Surprisingly Common, According To Experts","title_rss":"NULL","source_domain":"bustle.com","text":"Getting a tattoo should be an all-around positive experience, but it isn't without its risks. You are getting tiny abrasions in your skin, after all. So, before getting a tattoo, it's important to understand the risks of possible tattoo complications.\nAccording to a study in the journal Contact Dermatitis, about 10 percent of people surveyed experienced short-term complications with their tattoos. That's pretty common. \"Development of complications can occur based on the individual and how their body reacts to the ink or to the trauma of tattooing,\" Susan Bard, MD, of Manhattan Dermatology Specialists, tells Bustle. \"It also depends on the cleanliness and sterility of the tattoo artist.\" It's also vital to follow the instructions your tattoo artist gives you for aftercare.\n\"It seems friends, family, strangers, and the internet all have their own suggestions for your aftercare, don’t listen to them!\" Tyson Weed, custom tattoo artist at Divinity Tattoo in Phoenix, AZ, tells Bustle. Instead, keep track of what your artists says, and go to a doctor if anything looks seriously wrong.\n\"If any [complications] occur in your tattoo, see a board certified dermatologist immediately,\" Dr. Bard says. \"Do not return to your tattoo artist seeking medical advice. If left untreated, many of the complications can lead to permanent scarring and that can ruin your new body art, so nip the problems in the bud as soon as they arise.\" Being proactive can help.\nHere are seven tattoo complications that are surprisingly common, according to experts.\n1 Infections Andrew Zaeh for Bustle One of the most common complications tattoo artists and dermatologists alike see on fresh tattoos is infection. According to dermatologist Tsippora Shainhouse, MD, FAAD, of Dermatology Institute and Skin Care Center, the most common infection is called \"staph aureus.\" \"It can cause a weeping, blistered or pustular rash, or a single painful abscess,\" Dr. Shainhouse says. \"It is treated with local and sometimes oral antibiotics. It should be seen [by a doctor] right away.\" Pre-treating the skin where the tattoo will be, and proper aftercare afterward, help a lot. Be careful, in particular, around pets. \"Fastest way to get a staph infection is to let your pet rub up against a fresh tattoo,\" Jason Ackerman, Resident Artist at SOHO Ink, tells Bustle. Listening carefully to your tattoo artist can help you avoid these kinds of slip-ups.\n2 Allergies To The Topical Lotion Andrew Zaeh for Bustle Turns out, not all tattoo aftercare lotions are created equal. You have to be really careful about what you put on your tattoo in order to avoid an allergic reaction. \"Contact Allergic Dermatitis can occur due to the topical antibiotic ointment applied after the tattoo process,\" Dr. Shainhouse says. \"[...] It is best to keep the area clean with soap and water and apply plain [petroleum jelly] until it is healed up.\" Using other ointments can be dangerous. \"[Antibacterial] ointments are horrible for healing a tattoo and will smother it while also causing redness [or] irritation,\" Ackerman says. So if you have been using topical solutions and are experiencing a reaction, check in with a dermatologist.\n3 Allergic Reactions To The Ink George Dolgikh/fotolia The ink itself can be the culprit in a lot of tattoo complications. If you are aware of having any metal allergies, it's important to talk to your artist about those beforehand. And it's always important to know exactly what the ink is made of that is going under your skin. \"Contact Allergic Dermatitis can also occur due to the actual tattoo ink,\" Dr. Shainhouse says. \"Red and yellow ink are the most common ones to cause this reaction. Cobalt in blue tattoos can be a cause, too [...] The skin manifestation is usually itchy, raised pink bumps or scaly, pink, eczematous patches within that color section of the tattoo.\" Any itchy rash after getting a tattoo is a reason to see a doctor.\n4 Skin Inflammation Ashley Batz/Bustle Another important aspect to keep an eye on before getting a tattoo in order to avoid potential complications is preexisting medical conditions. Those with autoimmune or inflammatory conditions, in particular, should be aware of potential hiccups in the healing process. \"[In people with these conditions,] tattooing can actually trigger a lump of inflammation in the skin, called a granuloma,\" Dr. Shainhouse says. \"It is firm, can be single or multiple, sometimes itchy, and often follows the a specific line or shading from a specific color dye. It could be the dye (foreign body reaction) or the trauma from the tattoo that triggers the reaction. It is usually managed with injected or topical steroids.\" Knowing your body, meaning your health conditions as well as your allergies, can help you manage the risks of this.\n5 Firm Raised Scar YakobchukOlena/fotolia Another thing you should think about before getting a tattoo is how your skin has healed in the past. If you've had complications with scars healing before, then this may be an issue again when you get a tattoo. Look out for a firm raised scar, experts say. \"Patients with the predisposition towards keloiding may develop keloids at the site of a tattoo due to the trauma,\" Dr. Bard says. Talking to a dermatologist can help you deal with this complication properly and safely.\n6 Inflamed Scaly Skin Drobot Dean/fotolia If you have an existing skin condition, getting a tattoo can potentially exacerbate it. To avoid this complication, you may want to discuss risks with your dermatologist or even your tattoo artist. \"Inflamed scaly skin in the area of the tattoo [is a potential complication,]\" Dr. Bard says. \"In those prone to psoriasis the trauma of a tattoo can trigger a flare in the area.\" If you're worried you may have a skin condition, it's a good idea to consult with a doctor before deciding to get a tattoo.","url":"https://www.bustle.com/p/7-tattoo-complications-that-are-surprisingly-common-according-to-experts-12202545","polarityScore":{"sourceTitle":"Bustle","allSidesBias":"left-center","communityAgree":"564","communityDisagree":"566","sourceUrl":"http://www.bustle.com/ "}}
