{"authors":["Kristine Fellizar"],"date_download":"2018-10-31 00:37:25","date_modify":"2018-10-31 00:37:25","date_publish":"2018-10-01 20:20:12","description":"Making it to your first anniversary is something you and your partner should be super proud of. After all, not every new relationship will hit that point. But if you're hoping to have many more anniversaries to come, experts say there are a few very…","filename":"7ThingsYouShouldDoAfterYourFirstAnniversaryToEnsureYourRelationshipLasts_2096.json","image_url":"https://imgix.bustle.com/uploads/image/2018/10/1/d9368492-0bff-43f7-b70e-c0e799edc36d-2t4a9896.JPG?w=1200&h=630&q=70&fit=crop&crop=faces&fm=jpg","language":"en","localpath":"7ThingsYouShouldDoAfterYourFirstAnniversaryToEnsureYourRelationshipLasts_2096.json","title":"7 Things You Should Do After Your First Anniversary To Ensure Your Relationship Lasts","title_page":"7 Things You Should Do After Your First Anniversary To Ensure Your Relationship Lasts","title_rss":"NULL","source_domain":"bustle.com","text":"Making it to your first anniversary is something you and your partner should be super proud of. After all, not every new relationship will hit that point. But if you're hoping to have many more anniversaries to come, experts say there are a few very important things you need to be doing after one year to help your relationship last.\nOne of the most important things you need to do once you hit the one year mark is to celebrate. It may seem obvious, but failing to do so or at least recognize its importance can be a pretty big mistake. \"Don’t ignore or downplay a first anniversary,\" relationship expert and author April Masini, tells Bustle. \"Even when couples act cool and say it’s not a big deal, it is. Having made it through a first year is a feat worth celebrating.\" According to Masini, celebrating this feat shows that you respect the relationship and you're grateful that you've made it this far. Again, not many new couples do.\nAfter the celebration is over, it's then time to look forward to the future. If you want your relationship to last, here are some things you do after your first anniversary, according to experts.\n1 Keep Dating Each Other Andrew Zaeh for Bustle \"To ensure that a relationship lasts beyond the one year anniversary, a couple must date,\" Licensed Marriage & Family therapist, Dr. Lori Whatley, tells Bustle. Set aside one night a week to have time for just the two of you. If dinners out start to get stale, shake it up. Try adding on new activities that you both want to try. Whatever you do, don't stop dating each other no matter what.\n2 Work On Your Conflict Resolution Skills Andrew Zaeh for Bustle A lot of relationship problems can be prevented or solved through open communication. \"When couples dont communicate, their connection becomes compromised,\" Dr. Whatley says. So whenever a misunderstanding arises, make it a habit to work it out right away. Don't sweep it under the rug, she says, as that can lead to resentment. There are healthy ways to communicate during fights, so be sure to learn them.\n3 Stop Holding Onto The Past Ashley Batz/Bustle When the honeymoon period starts to wane, you'll start seeing your partner for who they truly are. Sometimes you'll like their little quirks and sometimes it will irritate you. Regardless of what it is, have a short memory, Dr. Whatley says. After your first anniversary, it's important to learn how to let things go. That also includes the past. \"Drudging the past up with each new offense is harmful to the wellbeing of the partnership,\" she says. These things are blockages to connection, so don't hold onto them.\n4 Keep Laughing Together Ashley Batz/Bustle Laughter has a way of bonding people together. So use laughter to deepen your connection with each other. Find little ways to make each other smile. As Dr. Whatley says, \"It is truly the best medicine and can increase the goodwill in your relationship profoundly.\"\n5 Plan Something Together To Shake Up Your Routine Andrew Zaeh for Bustle \"It's important to shake up your mundane work weeks (or months) with something extraordinary,\" Andrea Amour, Founder at UpDate Coaching, tells Bustle. For instance, you can try planning an exciting trip together. It will not only give you something to look forward to, but it will give you a chance to help refresh your relationship. \"Don't lose momentum,\" she says. \"Many people get complacent in their relationships, which makes the fire between them 'die out.' Although you're more comfortable with each other, keep acting like youthful daters and get sexy.\"\n6 Show Gratitude Andrew Zaeh for Bustle One of the biggest mistakes couples make after the first anniversary is take their partner and relationship for granted. They might reach this point of comfort that they forget to make their partner feel special, appreciated and wanted. \"Many couples fall into a routine and with that, the magic begins to evaporate,\" relationship counselor Kac Young PhD, ND, DCH, tells Bustle. \"But with a little bit of creative thought, the relationship can remain vibrant, exciting and full of fun, just like the beginning.\"","url":"https://www.bustle.com/p/7-things-you-should-do-after-your-first-anniversary-to-ensure-your-relationship-lasts-12108970","polarityScore":{"sourceTitle":"Bustle","allSidesBias":"left-center","communityAgree":"564","communityDisagree":"566","sourceUrl":"http://www.bustle.com/ "}}
