{"authors":["Lea Rose Emery"],"date_download":"2018-10-31 01:29:02","date_modify":"2018-10-31 01:29:02","date_publish":"2018-10-08 13:00:31","description":"Living by yourself for the first time is a milestone for many of us. And even though it's often an exciting time that can feel really ~adult~, living alone for the first time can also be challenging life change.\n\"If you're living alone for the first…","filename":"7ThingsNoOneTellsYouAboutLivingAloneForTheFirstTime_2095.json","image_url":"https://imgix.bustle.com/uploads/image/2018/10/4/c4f0d5dd-8748-46d8-a92a-5de82938d255-fotolia_103308750_subscription_monthly_m-1.jpg?w=1200&h=630&q=70&fit=crop&crop=faces&fm=jpg","language":"en","localpath":"7ThingsNoOneTellsYouAboutLivingAloneForTheFirstTime_2095.json","title":"7 Things No One Tells You About Living Alone For The First Time","title_page":"7 Things No One Tells You About Living Alone For The First Time","title_rss":"NULL","source_domain":"bustle.com","text":"Living by yourself for the first time is a milestone for many of us. And even though it's often an exciting time that can feel really ~adult~, living alone for the first time can also be challenging life change.\n\"If you're living alone for the first time, whether you're moving out of mom and dad's, saying no more to housemates, or getting out of a relationship and having a bed to yourself after all these years, you have to know yourself and see it as a choice, despite the ups and downs,\" Joanna Townsend, a life coach and a Washington D.C.-based psychotherapist for Blush Online Life Coaching, tells Bustle.\nLiving alone comes with a lot of responsibility, a lot of choices, and a lot of, well, alone time. But for some people it's not only worth it — it's the dream. While some people love the idea of living with friends or a partner, others can't imagine anything better than being able to walk around naked or take a bath surrounded by a whole lot of quiet.\nTo get the most out of living alone for the first time, it helps to be aware of all of the hidden challenges — and hidden benefits — that can come with renting or buying your own place. Here are the things that no one tells you about living alone for the first time, according to experts, because you're going to have to start making some big decisions.\n1 Your Neighborhood Really, Really Matters Andrew Zaeh for Bustle Living alone is a big expense, so you may be tempted to just go wherever you can afford a studio or one-bedroom, but pay attention to the areas you're looking at. \"Browse through neighborhoods that you feel connected to, that you vibe with,\" Townsend says. \"Consider your commute and what that might look like. But also be realistic about prices and idealizing what's quaint and trendy.\" Living alone can be great, but not if you're so isolated that you never want to leave your home.\n2 It Might Be A Growing Experience Hannah Burton/Bustle If you're not someone who naturally does well on their own, then living on your own might actually be a great exercise for you — though it's not always easy. \"If you're someone who feels anxious alone and unable to calm your thoughts, then it actually might be a good thing to engage in some self-understanding and introspection in order to get comfortable alone,\" Townsend says. But expect that there will be growing pains.\n3 You'll Have To Find Your Style Hannah Burton/Bustle You may have spent years hating your roommate's pink cushions or being so sick of your parents' house, but when you live alone then you may suddenly realize you don't actually know what your style is — but try to go with it. \"If you're living alone to finally get your space, then embrace it and make it yours,\" Townsend says. Experiment with colors, styles, and different vibes to find the one that works for you.\n4 It's Worth Making An Effort Hannah Burton/Bustle If you're not someone who thought style or design would ever matter to you, it's still worth taking the time to actually make your home a comfortable, warm place to be. \"Our homes play a large role in our self-care,\" Townsend says. \"Wherever you end up, make sure that you are intentional and mindful about how your home feels. The most successful predictor to satisfaction in our home lives, is how we feel in our homes, and how much effort we put into making it a safe, restorative, and comfortable space for us to be authentically ourselves in.\"\n5 You Might Need To Make More Plans Than You Expect Hannah Burton/Bustle If you're worried about feeling lonely or being alone with negative thoughts too much, practicing mindfulness is one good coping mechanism — but also make sure you're planning enough social events outside of your home, too. Having a night where your mind is busy and you're with friends or family can be really soothing. \"In this way, you will have your night occupied and your focus when you return home will be sleep,\" behavioral scientist Clarissa Silva tells Bustle. \"Not pre-occupation or negative thinking about being alone.\"\n6 Budgeting Can Be Tricky Hannah Burton/Bustle Living alone is often expensive. While you might have planned for covering rent and bills as a single person, it's easy to forget all of the other costs you'll be handling on your own: groceries, laundry detergent, even just a new blanket or chair if you need it. It might be the right time to start a budget. \"A great budgeting hack to keep yourself from overspending is to embrace the 'envelope system,'\" Jill Caponera, a consumer savings expert for Promocodes.com, tells Bustle. \"Once you’ve figured out your monthly budget, set aside a specific amount of money in individual envelopes to cover different categories of your budget and to ensure you don’t overspend. For example, if you’ve budgeted $500 a month for groceries, take that amount out of your bank account at the beginning of the month and put the cash in an envelope labeled 'groceries.' Using the envelope system helps to keep spending in check, and to quickly build up your savings account.\"","url":"https://www.bustle.com/p/7-things-no-one-tells-you-about-living-alone-for-the-first-time-12152098","polarityScore":{"sourceTitle":"Bustle","allSidesBias":"left-center","communityAgree":"564","communityDisagree":"566","sourceUrl":"http://www.bustle.com/ "}}
