{"authors":[],"date_download":"2018-11-03 01:20:55","date_modify":"2018-11-03 01:20:55","date_publish":"2017-08-09 20:48:08","description":"The New York Times published major findings from a draft copy of a federal climate report...","filename":"7thingstoknowkeytakeaways_6719.json","image_url":"https://www.ajc.com/rf/image_large/Pub/p8/CmgSharedContent/2017/06/01/Videos/4074346.vpx.jpg","language":"en","localpath":"7thingstoknowkeytakeaways_6719.json","title":"7 things to know, key takeaways","title_page":"Climate change report: 7 things to know, key takeaways","title_rss":"NULL","source_domain":"ajc.com","text":"The New York Times published major findings from a draft copy of a federal climate report Monday, most of which contradict the climate change claims previously made by the White House.\n» RELATED: Ga. officials warn of local impacts of climate change after report publicized\nThe comprehensive Climate Science Special Report, part of the National Climate Assessment, cites human activity as the primary culprit of climate change.\nMembers of the Trump administration, including Environmental Protection Agency chief Scott Pruitt, have dismissed the impact of man-made climate change in the past.\n» RELATED: What is the Paris climate agreement? 9 things you should know\nAnd earlier this year, President Donald Trump announced the U.S. withdrawal from the Paris agreement, a pact sponsored by the United Nations to bring nearly 200 nations together to reduce the impact of climate change.\nThis latest draft was prepared by the EPA and 12 other government agencies, each of which must sign off on the final copy by Friday, Aug. 18.\nHere are seven key takeaways from the federal climate change report copy:\n1. There’s more and more evidence to back claims about human-caused climate change.\nThe scientists noted that humans are the “dominant” cause of any observed changes in the climate.\n“Many lines of evidence demonstrate that human activities, especially emissions of greenhouse (heat-trapping) gases, are primarily responsible for recent observed climate change,” the report’s authors wrote.\n» RELATED: A GOP split over climate change opens in Georgia special election\nAdditionally, the draft said that it’s “extremely likely” that more than half of the global average temperature increase worldwide since 1951 can be linked to human impact.\n2. Every corner of the U.S. is impacted by climate change.\nAverage annual U.S. temperatures are expected to continue rising. Depending on future emissions levels, authors estimate increases of 5-7.5 degrees Fahrenheit by the late century.\n» RELATED: Atlanta Mayor Reed dismayed by reports that Trump plans to withdraw from climate agreement\nBut in Alaska (and the Arctic) temperatures are rising twice as fast as the global average.\nWestern, southwestern and southeast regions of the continent are getting dryer, while the Southern Plains and Midwest are getting wetter, authors wrote.\n3. It’s possible that extreme weather can be attributed to climate change.\nThe report breaks new ground when it comes to what’s referred to as “attribution science,” which draws possible links between climate change and specific weather events.\n» RELATED: Georgia impacted by Paris climate deal\nPreviously, scientists have been hesitant to make the link, but in the authors behind the new federal report drew connections with specific weather events including Europe’s 2003 heat waves and Hurricane Sandy in 2012.\n4. Hurricanes in the eastern U.S. are projected to be wetter and potentially more destructive.\nPointing to evidence from Hurricane Sandy, the authors concluded with confidence that climate change intensified the effects of some extreme weather events.\n» RELATED: Atlanta ranks third in the nation for environmentally friendly, ‘green’ offices\nHow? Warming temperatures are connected to rising sea levels. And rising sea levels during a storm cause wind and other weather conditions to move that water onto the shore, a phenomenon known as storm surge, according to the National Oceanic and Atmospheric Administration.\nThese findings echo previous claims by the academic community.\n5. If humans stop emitting greenhouse gasses today, temperatures will still climb — and climate surprises will still come.\nCompared to today’s temperatures, global temperatures will be at least 0.5 degrees Fahrenheit warmer over the century even if humans immediately stopped emitting greenhouse gasses into the atmosphere, study authors wrote.\nIn fact, scientists said the projected actual rise will be as much as 3.6 degrees Farenheit.\n» RELATED: More than 12 easy ways going green in Atlanta can save you money\nThis is because climate models aren’t able to comprehend all of earth’s complex climate elements.\nScientists also warned of the “significant possibility” of future climate surprises, noting that the risk of those surprises will be greater if more emissions continue or increase.\n6. Flooding due to rising sea levels is already a problem.\nScientists concluded that in the U.S., tidal flooding is already happening on both coasts, including in Miami, Florida, and in Norfolk, Virginia.\n“By the end of the century, for example, parts of Charleston, S.C., may flood at high tide nearly every day,” the New York Times reported.\nAnd parts of San Francisco are also highly susceptible to frequent tidal flooding, according to the report.\n7. Scientists are worried the Trump administration will suppress the report’s findings about manmade climate change.\nKatharine Hayhoe, lead author and Texas Tech University climate scientist, told Politico that there’s no alternative, credible explanation for the sharp increase in temperatures aside from human activity.\n» RELATED: These 5 Atlanta companies are among the greenest in the nation\nBut Hayhoe, along with other scientists involved, are concerned the report’s findings will be suppressed by the Trump administration, the New York Times reported.\nWhite House press secretary Sarah Huckabee said the administration will not comment on the draft report until its scheduled release date.\nFull report PDF below:\nThis browser does not support PDFs. Please download the PDF to view it: Download PDF\nAccording to a 2016 report form the Yale Program on Climate Change Communication, nearly 70 percent of Georgians believe global warming is real and 55 percent said they were concerned about its impact.\nThe new federal report’s findings for the southeastern U.S. and Georgia reflect what scientists have previously found to be true.\nWhile urban areas of the state are more likely to experience extreme heat and floods, the rural parts of Georgia are more susceptible to drought, Marshall Shepherd, meteorologist and director of University of Georgia’s Atmospheric Sciences program, told The Atlanta Journal-Constitution.\nRead the full story from AJC’s J.D. Capelouto at MyAJC.com.","url":"https://www.ajc.com/news/national/what-the-federal-climate-report-key-takeaways/UPiL06ZkaSXKRV6hymTmHP/","polarityScore":{"sourceTitle":"Atlanta Journal-Constitution","allSidesBias":"left-center","communityAgree":"561","communityDisagree":"580","sourceUrl":"http://www.ajc.com/ "}}
