{"authors":["Amanda Chatel"],"date_download":"2018-10-31 01:09:13","date_modify":"2018-10-31 01:09:13","date_publish":"2018-10-03 13:45:43","description":"Sometimes your period can make a surprise appearance. We've all experienced it: a rogue period shows up out of nowhere to mess up a big day, a major event, or put a huge damper on a backing packing trip up to Machu Picchu. In fact travel, in itself,…","filename":"7TravelHacksForWhenYouHaveYourPeriodOnVacation_2098.json","image_url":"https://imgix.bustle.com/uploads/image/2018/9/11/eeb818c6-5425-4440-82e5-3fce6fb3fff9-zaeh_bustle_apr2016-599.jpg?w=1200&h=630&q=70&fit=crop&crop=faces&fm=jpg","language":"en","localpath":"7TravelHacksForWhenYouHaveYourPeriodOnVacation_2098.json","title":"7 Travel Hacks For When You Have Your Period On Vacation","title_page":"7 Travel Hacks For When You Have Your Period On Vacation","title_rss":"NULL","source_domain":"bustle.com","text":"Sometimes your period can make a surprise appearance. We've all experienced it: a rogue period shows up out of nowhere to mess up a big day, a major event, or put a huge damper on a backing packing trip up to Machu Picchu. In fact travel, in itself, can also affect your period, throwing everything for a loop. Even the most predictable of periods can, for a variety of reasons, suddenly become unpredictable. Stress, alone, is definitely one of those factors.\n\"Normal fluctuations in hormones during the menstrual cycle alter neurotransmitters that are responsible for a variety of functions, including mood, libido, appetite, anxiety, emotion, pain, and pleasure,\" Sara Twogood, MD, FACOG, tells Bustle. \"The changes and relative levels of estrogen, progesterone, and testosterone throughout the menstrual cycle, including during the period itself, are also responsible for many of the changes women notice (such as breakouts, breast tenderness, etc).\"\nBut you shouldn't let something like your period ruin your big vacation. So to avoid the potential menstrual cramps, pain, headaches or any other symptoms you may have, here are seven travel hacks, according to a doctor, to help you deal when your period decides to join your party in the Maldives.\n1 If You're On Birth Control Pills, Try To Avoid Having Your Period On Vacation Andrew Zaeh for Bustle \"There are hormonal medications that can be used to manipulate your cycle,\" Dr. Sheila Loanzon, MD, author of Yes, I Have Herpes: A Gynecologist's Perspective In and Out of the Stirrup, tells Bustle. \"A beauty of being on a birth control pills is being able to skip your period if there is a big event, travel plans, or an inopportune time to have periods.\" As Dr. Loanzon points out, and is something I've experienced first hand a few countries in Southeast Asia, there are certain cultures in which menstruating women aren't allowed in sacred areas. They even have signs stating this in multiple languages. It's something worth considering — although, it's ultimately your choice. \"Check with your health care provider if your specific birth control pill can be used for this,\" Dr. Loanzon says, \"or if you can take a progesterone based medication to avoid your cycle while traveling.\"\n2 Opt For The Menstrual Cup David Pereiras/Fotolia In the past few years, the menstrual cup has become really popular. It's not just environmentally-friendly, because they're reusable, but you end up spending pretty much nothing on feminine hygiene products every month because of this reusable factor. \"While you still have to heed the recommended length of time for use of a menstrual cup, these are wonderful options to not have to deal with changing tampons or pads,\" Dr. Loanzon says. \"Make sure to try out this method before your trip so you feel comfortable during your vacation, and also make sure research whether you'll be able to cleanse the cup for sanitation appropriately while on your trip.\"\n3 Stay Active Andrew Zaeh for Bustle Even if your vacation is supposed to be all about you sitting on the beach doing nothing, exercising while you have your period is a great, if not, fantastic idea. \"There has been evidence that exercise can reduce menstrual symptoms,\" Dr. Loanzon says. \"Yoga ... may be helpful, but make sure to speak to check with your yoga instructor about which positions to avoid (for instance, it's generally recommended to avoid inversions).\" So maybe it's worth packing that yoga mat too.\n4 Have Sex Or Masturbate Andrew Zaeh for Bustle According to Dr. Loanzon, sexual activity may also be helpful when it comes to reducing period-related symptoms. When we orgasm during our period we get two major benefits: a natural painkiller and the ability to shorten our period due to the internal contractions that come with an orgasm that tend to push out more blood than if there wasn't an orgasm being had. Basically, whether you're traveling alone or with a partner, feel free to bring your favorite sex toy.\n5 Make Sure You Bring Your Own Pain Relief Pills Ashley Batz for Bustle \"Use of NSAIDS (nonsteroidal anti-inflammatory drugs) such as Ibuprofen can aid with painful menstrual cramps,\" Dr. Loanzon says. \"Uterine cramps are caused by a release of prostaglandins and medications like Ibuprofen help to present the prostaglandin release.\" In addition to always having your own painkillers that you're familiar with, Dr. Loanzon says you should take those pills before your period starts — that is, if your period is fairly regular and you know when it's about to begin. \"Taking a medication like this the day before your cycle starts can also help decrease blood flow when your period does arrive,\" she says.\n6 Bring Herbal Supplements marilyn barbone/Fotolia If you're someone who doesn't like to take medication like Ibuprofren, then herbal supplements are your next best bet. Especially if you're traveling to countries where Ibuprofren might not be available. \"Use of a natural herbal supplement like Black Cohosh or the equivalent of a natural menopausal supplement,\" Dr. Loanzon says. \"These are sold over the counter in pill form and can be a natural plant based way to treat cramps without debilitating your travel excursions.\" However, as Dr. Loanzon points out, you should definitely talk to your doctor about these meds before taking them. Just because they're herbal, doesn't mean they can't have an adverse effect on other medications or increase risk for other medical conditions.","url":"https://www.bustle.com/p/7-travel-hacks-for-when-you-have-your-period-on-vacation-11876246","polarityScore":{"sourceTitle":"Bustle","allSidesBias":"left-center","communityAgree":"564","communityDisagree":"566","sourceUrl":"http://www.bustle.com/ "}}
