{"authors":["Amanda Chatel"],"date_download":"2018-10-31 01:29:39","date_modify":"2018-10-31 01:29:39","date_publish":"2018-10-16 17:42:13","description":"After skin cancer, breast cancer is the most common cancer in the United States for women, according to the American Cancer Society. It's estimated that 12 percent of women will develop breast cancer at some point in her life, 266,120 new cases will…","filename":"7UnexpectedSignsOfBreastCancerAccordingToADoctor_2100.json","image_url":"https://imgix.bustle.com/uploads/image/2018/10/16/d80094fe-5393-4ff0-9207-02cf44cec70e-96bc4e76-e8b0-460d-8701-460b0001a8c7-zaeh_bustle_oct2015-323.jpg?w=1200&h=630&q=70&fit=crop&crop=faces&fm=jpg","language":"en","localpath":"7UnexpectedSignsOfBreastCancerAccordingToADoctor_2100.json","title":"7 Unexpected Signs Of Breast Cancer, According To A Doctor","title_page":"7 Unexpected Signs Of Breast Cancer, According To A Doctor","title_rss":"NULL","source_domain":"bustle.com","text":"After skin cancer, breast cancer is the most common cancer in the United States for women, according to the American Cancer Society. It's estimated that 12 percent of women will develop breast cancer at some point in her life, 266,120 new cases will be diagnosed before the end of 2018, and 40,920 of those women will die from breast cancer.\nWhile death rates of the disease have dropped by 39 percent between 1989 and 2015, largely in part to awareness (as a recent study found that mammograms aren't the end all be all in diagnosis), since 2007 death of breast cancer in women under 50 have remained the same. However, in women over 50 the death rates have decreased. Much of this has to do with the thinking that breast cancer is something only older women get but that's completely false; young women do get breast cancer.\nAlthough fewer than five percent of women under the age of 40 will be diagnosed, breast cancer in younger women tends to be more aggressive, higher-grade, and hormone receptor-negative, meaning the cancer doesn't need hormones to continue to grow and create health problems.\nAs is the case with most cancers, education, awareness, and early detection are key in order to increase survival right. There are more signs that you might have breast cancer than just feeling a suspicious lump in your breast.\n\"Many breast cancer symptoms are invisible and not noticeable without a professional screening, but some can be caught early,\" Dr. Shoshana Ungerleider, MD, Founder of End Well Project, tells Bustle.\nSo here are seven unexpected signs to look out for, according to Dr. Ungerleider.\n1 Nipple Discharge Andrew Zaeh for Bustle For the most part, nipples aren't supposed to discharge. Of course, if you're nursing, then milk discharge is expected, and there are other factors like over-stimulated nipples or even stress that can cause nipple discharge. But, no matter the reason, Dr. Ungerleider says to see your doctor for any type of discharge.\n2 Change In Breast Size Andrew Zaeh for Bustle \"Any unexplained change in the size or shape of the breast,\" Dr. Ungerleider says, \"[or] unexplained swelling of the breasts,\" are reasons to go see a doctor. While it's true that breasts can change in size during your menstrual cycle, that's an explained change. If you're experiencing anything out of the ordinary, you should see a doctor.\n3 Breast Dimpling hikdaigaku86/Fotolia In July 2017, a UK woman posted a photo of a dimple on her breast on Facebook. Her reasoning? She had been diagnosed just the day before with breast cancer. The dimple was the only symptom she had — no lumps, no nipple discharge, nothing. In fact, when she got the biopsy she assumed she'd be fine. The results came back otherwise. \"Dimpling anywhere on the breast,\" Dr. Ungerleider says is a another sign that something isn't quite right.\n4 Inverted Nipple Andrew Zaeh for Bustle Although some people are born with naturally inverted nipples, for those who aren't, Dr. Ungerleider says that if a nipple has \"turned slightly inward\" or become inverted, that's a sign that something is up.\n5 Changes To The Breast Skin Ashley Batz/Bustle Sure, the winter months can take a toll on the epidermis — from head to toe, including your breasts — but there's a big difference between dry, itchy skin and skin that's scaly and swollen. Dr. Ungerleider says to get to a doctor if \"skin of the breast, area around nipple, or nipple... becomes scaly, red, or swollen.\" If moisturizing isn't cutting it, then it may be a sign it's not just the winter months having its way with your skin.\n6 Breast Shrinkage Ashley Batz/Bustle ​​\"Unexplained shrinkage of the breast, especially if on one side only,\" Dr. Ungerleider says, is sign to have your breasts examined. Fluctuation is one thing, but noticeable shrinkage without a reason is something worth seeing your doctor about.","url":"https://www.bustle.com/p/7-unexpected-signs-of-breast-cancer-according-to-a-doctor-12275144","polarityScore":{"sourceTitle":"Bustle","allSidesBias":"left-center","communityAgree":"564","communityDisagree":"566","sourceUrl":"http://www.bustle.com/ "}}
