{"authors":["Kristine Fellizar"],"date_download":"2018-10-31 01:18:08","date_modify":"2018-10-31 01:18:08","date_publish":"2018-10-11 20:34:43","description":"Communication is one of the most important things you need to have in your relationship if you want it to succeed. But the reality is, not everyone is good at it, and sometimes miscommunications on the side of one partner can seem like disinterest…","filename":"7WaysToTellIfYourPartnerIsNoLongerInterestedVsJustBadAtCommunication_2108.json","image_url":"https://imgix.bustle.com/uploads/image/2018/10/10/9a5ff351-a080-4846-8a3c-0ca0ba30629f-2t4a0213.JPG?w=1200&h=630&q=70&fit=crop&crop=faces&fm=jpg","language":"en","localpath":"7WaysToTellIfYourPartnerIsNoLongerInterestedVsJustBadAtCommunication_2108.json","title":"7 Ways To Tell If Your Partner Is No Longer Interested Vs. Just Bad At Communication","title_page":"7 Ways To Tell If Your Partner Is No Longer Interested Vs. Just Bad At Communication","title_rss":"NULL","source_domain":"bustle.com","text":"Communication is one of the most important things you need to have in your relationship if you want it to succeed. But the reality is, not everyone is good at it, and sometimes miscommunications on the side of one partner can seem like disinterest to the other. So how can you tell if your partner isn't really interested in your relationship or just bad at communication?\nAs Andrea Amour, Founder of UpDate Coaching, tells Bustle, \"Good communication means something different to every couple.\" One person may be perfectly content with a partner who responds to texts with one-worded answers because they're quick to respond, they're consistent, and it's just how their partner has always been. Another may prefer more thoughtful answers that take time over short and quick ones. \"It's important to let your partner know what communication style you prefer so your needs are met in your relationship,\" she says.\nIf your partner isn't a great communicator, Amour says there's definitely room to turn it around. If they're slow to respond to texts, or they forget to respond when they're overwhelmed with work, talk about it. \"If your partner is committed to you, they'll take ownership and make a plan to change,\" she says. Just be sure to stay positive and patient as \"progress is always slow when you're asking someone to change.\"\nOn the other hand, if your partner is no longer interested, they're going to behave in ways that are a little bit different than someone who's just bad at communicating. So here are some ways to tell the difference, according to experts.\n1 They Don't Apologize Ashley Batz/Bustle If you're in the early stages of your relationship and you notice that your partner is unapologetic, they may not be interested in pursuing something more long-term with you. \"Everyone is different and some people are busy, spacey, or not super outgoing,\" Amour says. Someone who's bad at communication will usually acknowledge that fact and will apologize for it. \"If someone doesn't notice that it's a problem for you (or doesn't care), [it may indicate] they aren't super interested in you,\" she says.\n2 They Get Defensive And Are Resistant To Change Ashley Batz/Bustle People who are bad communicators but want to be in a relationship, will be willing to work on themselves so the relationship can get better with time. But according to Amour, if someone is resistant to changing their \"bad communication behaviors,\" it may be a sign that they're not as devoted to the relationship as you want them to be.\n3 They're Apathetic To Your Suggestions Andrew Zaeh for Bustle Sometimes differentiating between poor communication skills and a lack of interest will require you to pay close to attention to subtle queues from your partner. As relationship coach Nicole Lynn, tells Bustle, \"It's important to notice if your partner is apathetic or accepting to your suggestions.\" When you're planning a fun date night or wanting to talk about your hard day at work, how does your partner react? Do they look like they're tuning out or are they really trying to stay focused and present? \"These two reactions may seem similar on the surface but if you pay close attention, they hold a deeper indicator of their true emotions,\" Lynn says.\n4 Your Conversations Have Become Awkward Ashley Batz/Bustle \"If you can’t or aren’t willing to keep the communication going, the relationship is doomed,\" Julia McCurley, Professional Matchmaker and founder of Something More, tells Bustle. To stay emotionally connected to each other, you need to be willing to talk about things that go beyond the surface-level. If your partner isn't the best at communicating, this is something they can attempt to work on with time. But if they show no interest in going deeper, that can be a problem.\n5 They Don't Express \"Big\" Emotions To You Ashley Batz/Bustle It's also not a good thing if your partner doesn't express \"big\" emotions to you like sadness or even anger. \"It could mean that they have cut off all feelings towards you,\" McCurley says. Even something like fighting can be a good indicator that your relationship is on the right track. A partner who is no longer interested may not care to fight because they've likely checked out of the relationship. A partner who is bad at communication may just shut down because they haven't learned proper conflict resolution skills. With time and more open communication, a partner who is still interested will learn how to open up and express themselves.\n6 They Stop Asking You Out Ashley Batz/Bustle If you feel like you're planning everything because your partner has stopped initiating dates, they may be losing interest. Take note if they used to do this at the beginning and it's suddenly stopped, that's another important sign to pay attention to. As relationship expert, Sarah-Rose Marcus, tells Bustle, a bad communicator will still put in the effort. \"Even if the person isn’t declaring their feelings to you, their actions will say otherwise,\" she says.","url":"https://www.bustle.com/p/7-ways-to-tell-if-your-partner-is-no-longer-interested-vs-just-bad-at-communication-12213623","polarityScore":{"sourceTitle":"Bustle","allSidesBias":"left-center","communityAgree":"564","communityDisagree":"566","sourceUrl":"http://www.bustle.com/ "}}
