{"authors":["Carina Wolff"],"date_download":"2018-10-31 00:14:06","date_modify":"2018-10-31 00:14:06","date_publish":"2018-10-02 21:47:08","description":"Bodies are complicated, and if we just rely on chats with our friends or what we see on the internet, we're inevitably going to get it wrong sometimes. There are a number of health myths that OB/GYNs hear the most, and although some are harmless,…","filename":"7WomensHealthMisconceptionsOBGYNsHearTheMost_2109.json","image_url":"https://imgix.bustle.com/uploads/image/2018/10/2/30373d8a-dcbb-4b2c-96df-372956ed7c0d-a8d99383-ea2d-4af2-b3da-b81acff370e8-fotolia_185761001_subscription_monthly_m.jpg?w=1200&h=630&q=70&fit=crop&crop=faces&fm=jpg","language":"en","localpath":"7WomensHealthMisconceptionsOBGYNsHearTheMost_2109.json","title":"7 Women’s Health Misconceptions OB/GYNs Hear The Most","title_page":"7 Women’s Health Misconceptions OB/GYNs Hear The Most","title_rss":"NULL","source_domain":"bustle.com","text":"Bodies are complicated, and if we just rely on chats with our friends or what we see on the internet, we're inevitably going to get it wrong sometimes. There are a number of health myths that OB/GYNs hear the most, and although some are harmless, others could prevent you from taking care of yourself properly. It's hard to keep up on what's true and what's just an old wives tale, but when in doubt, your doctor is always going to be the one to separate fact from fiction.\n\"We live in a culture [...] where our knowledge is based on quick snippets of information, or what I call overhearing an 'elevator conversation,'” Dr. Michael Cackovic, OB/GYN at The Ohio State University Wexner Medical Center, tells Bustle. \"Because of our busy lives, we instead rely on these methods to gain our information and beliefs.\"\nBecause we don't learn much about our health in school, and we only see our doctors once or twice a year, it should come as no surprise that there's a lot of mystery and misinformation when it comes to how to best take care of ourselves. Luckily, there are some OB/GYNs out there looking to set the record straight. Here are seven women's health misconceptions that they hear the most.\n1 You Need To Do Something To Clean Your Vagina Andrew Zaeh for Bustle Whether it's using a douche or even just scrubbing with soap, cleansing your vagina or vulva is not necessary, and it can actually cause harm. \"The vaginal environment is a relatively stable ecosystem, and anything put inside can disrupt the balance of healthy bacteria,\" Dr. Cackovic says. The vagina is self-cleaning, and using soaps or other products can lead to possible infections.\n2 You Can Get An STI From A Toilet Seat Andrew Zaeh for Bustle Although toilet seats can be gross and prone to germs, thankfully, STIs cannot be passed from them. \"The organisms that cause STDs die when exposed to air,\" Real Self contributor Dr. Courtenay Poucher, OB/GYN, tells Bustle. \"They must be passed from bodily fluid to bodily fluid. However, that doesn’t mean you shouldn’t clean or use protection on the seat.\" And if you're unclear overall on all the ways STIs can be spread, sources like Planned Parenthood can help.\n3 Birth Control Causes Infertility Andrew Zaeh for Bustle Many women fear getting on the birth control pill because they believe it will make them infertile, but there's no truth to this urban legend. \"The mere fact that one missed pill could result in pregnancy tells us that fertility is only temporarily halted and will return promptly,\" Dr. Kim Langdon, OB/GYN at ParentingPod.com, tells Bustle. \"There are countless benefits of taking the Pill including the preservation of fertility by decreasing endometriosis proliferation, [and] reducing the chance of ovarian cysts that can rupture and lead to surgery and scarring. Less scarring means less chance of infertility and ectopic pregnancies.\"\n4 You Shouldn't Work During Pregnancy Andrew Zaeh for Bustle Just because you're pregnant doesn't mean you have to press pause on your life. \"Although 90 percent of doctors utilize bed rest in their practice, no study has ever supported this,\" Dr. Cackovic says. \"In fact, the evidence shows that women on bed rest actually deliver earlier than woman who are active.\" There are obviously specific circumstances that might require bed rest, but unless your doctor says otherwise, it won't decrease the risk of premature birth.\n5 Cervical Cancer Is Hereditary Andrew Zaeh for Bustle Unlike many other types of cancers, cervical cancer is not considered to be hereditary and is instead caused by certain risk factors, specifically the human papilloma Virus (HPV). \"It is not like breast cancer,\" Dr. Cackovic says. \"The risk factors are mostly environmental: smoking and HPV/unprotected sex.\" Although cervical cancer may run in some families, researchers suspect it has to do an with an inherited condition that makes it harder to fight off an HPV infection, according to the American Cancer Society.\n6 Every Visit To The Gynecologist Includes A Pap Smear rh2010/fotolia Just because you are getting a vaginal exam does not necessarily mean you are automatically getting a Pap smear. \"A Pap smear is a specific test done to test for cancer or pre-cancerous changes of the cervix, and it requires a pelvic/vaginal exam,\" Dr. Poucher says. \"However, vaginal exams are done for many different reasons, many of which don’t involve the Pap smear test.\" If you do want a Pap smear during your visit, make sure you ask for one.","url":"https://www.bustle.com/p/7-womens-health-misconceptions-obgyns-hear-the-most-12132335","polarityScore":{"sourceTitle":"Bustle","allSidesBias":"left-center","communityAgree":"564","communityDisagree":"566","sourceUrl":"http://www.bustle.com/ "}}
