{"authors":["Caitlin Morrison"],"date_download":"2018-10-31 00:25:24","date_modify":"2018-10-31 00:25:24","date_publish":"2018-10-15 16:53:25","description":"So, your best friend (or future sister-in-law or cousin or former college roommate, etc.) is getting married and has appointed you Maid of Honor. Congratulations! You earned it. But you know you have your work cut out for you, right? Being a part of…","filename":"8BachelorettePartyMustHavesThatGetThePartyStartedRight_2111.json","image_url":"https://imgix.bustle.com/uploads/image/2018/10/15/effc057e-fe32-409a-a42b-6b1b1aa2c5bf-fotolia_206281811_subscription_monthly_m.jpg?w=1200&h=630&q=70&fit=crop&crop=faces&fm=jpg","language":"en","localpath":"8BachelorettePartyMustHavesThatGetThePartyStartedRight_2111.json","title":"8 Bachelorette Party Must-Haves That Get The Party Started Right","title_page":"8 Bachelorette Party Must-Haves That Get The Party Started Right","title_rss":"NULL","source_domain":"bustle.com","text":"So, your best friend (or future sister-in-law or cousin or former college roommate, etc.) is getting married and has appointed you Maid of Honor. Congratulations! You earned it. But you know you have your work cut out for you, right? Being a part of the bridal party (or “bride tribe,” if you will) comes with a lot of responsibility — not least of which is planning a bachelorette party.\nOnce upon a time, bachelorette parties were a one-night celebration to send the bride-to-be off into married life in style. They involved cute outfits, a sash and tiara, and maybe even a limo ride if you were feeling real fancy. But in recent years, bachelorette parties have become an excuse to head out of town for a full-on weekend affair. Sounds fun, sure, but it also means a lot more logistical planning.\nCorralling a group of friends through a weekend of revelry will take preparation, stamina, and strategically scheduled down time (because no one expects anyone to party for 48 hours straight). But you got this! And it will all be worth it; trust me. To help you, here are a few must-have bachelorette party supplies to have on hand.\n1 Games That Test How Well You Know The Bride Etsy Party guests are bound to know the bride from different areas of her life: work, college, family friends. Ice-breaker games are a great way for the whole group to get to know each other at the start of the weekend. Choose games that test everyone's knowledge of the bride. (After all, you might as well bond over the one thing everyone has in common!)\n2 Skincare Essentials For A DIY Spa Session Sephora No girls' weekend away is complete without a little pampering — so plan a blissed-out spa hour. Sheet masks are the least messy, most travel-friendly route to go. Bring basic manicure supplies, too, like clippers, a cuticle trimmer, and of course, a selection of festive nail polish.\n3 Glass Markers To Keep Track of Drinks Amazon It’s safe to say there will be plenty of beverages floating around the festivities. These glass markers are a charming way of keeping track of whose drink belongs to who.\n4 Polaroid Camera For Spontaneous Documentation Target Arguably the worst part about smartphone cameras and group-picture taking is people becoming super critical about how they look. (Think: \"No, I took terrible. Take another!\") With Polaroids, you can just snap the pictures, print them, set them down to develop, and forget about them until the next morning. Polaroid pics also make for great scrapbook material.\n5 Piñata Filled With Party Sustenance Etsy If a piñata doesn’t put people in an instant party mood, I don’t know what will. Fill yours with starchy snacks to soak up the adult beverages: pretzels, potato chips, etc.\n6 Accessories For the Perfect Photo Op Etsy As the saying goes: What happens at the bachelorette party… ends up on the ‘gram. Bring fun props to commemorate the upcoming nuptials as you pose for pictures.\n7 Portable Speaker For Nonstop Dancing JBL If you're renting a large house to stay in, a portable speaker lets you bring the party with you wherever you go — from the living room to the back deck.","url":"https://www.bustle.com/p/8-bachelorette-party-must-haves-that-get-the-party-started-right-12263330","polarityScore":{"sourceTitle":"Bustle","allSidesBias":"left-center","communityAgree":"564","communityDisagree":"566","sourceUrl":"http://www.bustle.com/ "}}
