{"authors":["Aoife Hanna"],"date_download":"2018-10-31 01:30:50","date_modify":"2018-10-31 01:30:50","date_publish":"2018-10-11 10:58:57","description":"Tacky decorations on sale in your local Pound shop, charity shops laden with last year's sexy whatever costumes, really lit limited edition confectionaries, and of course, spooky special events. Yes, it's Halloween again and you know a part of you…","filename":"8Halloween2018AttractionsInTheUKThatLookFunAF_2118.json","image_url":"https://imgix.bustle.com/uploads/image/2018/10/11/e671a9aa-d2c6-49a7-a944-9ea767eda317-screen-shot-2018-10-11-at-114941.png?w=1200&h=630&q=70&fit=crop&crop=faces&fm=jpg","language":"en","localpath":"8Halloween2018AttractionsInTheUKThatLookFunAF_2118.json","title":"8 Halloween 2018 Attractions In The UK That Look Fun AF","title_page":"8 Halloween 2018 Attractions In The UK That Look Fun AF","title_rss":"NULL","source_domain":"bustle.com","text":"Tacky decorations on sale in your local Pound shop, charity shops laden with last year's sexy whatever costumes, really lit limited edition confectionaries, and of course, spooky special events. Yes, it's Halloween again and you know a part of you wants to spend it screaming your butt off. In recent years the UK has definitely come through in terms of Halloween celebrations. A welcome treat (as opposed to trick) to an Irish ex-pat who misses the Irish style big Halloweens I grew up with. But now, there are so many Halloween 2018 attractions in the UK on offer.\nI am not sure how many of these come with a warning for people with heart problems etc, but merely doing research on these eerie events gave me the heebie jeebies. OK maybe I am a huge chicken but let's be real, even the bravest witch/warlock will be potentially peeing their pants in these particular creepy venues.\nThere is something for all Halloween addicts, from the more modern and American style productions, to historical attractions capitalising on their gory past, so you can spend your fright night, or in fact fright week, scared poopless. Here, I've shortlisted some of my personal favourite Halloween attractions in the UK. Check it out.\n1 Fright Nights — Thorpe Park, Surrey TheJackSilkstone on YouTube Guys, this is like, huge. Honestly, as if Thorpe Park doesn't provide enough regular thrills they had to go on ahead and provide heaps of insane chills on top of that. They have gone like, next level this year with attractions like a horrifying vampire filled prom night in Terror At Amity High, murderous actions in Saw: Alive, and all new for this year, Blair Witch. I know. Sounds terrifying, right? Oh and not to mention zombies. And lots of them. Get tickets here.\n2 Shocktober Fest Scream Park — Tulleys Farm, West Sussex MrFord4210 on YouTube These guys seriously know how to scare you and they are actually pretty well known for it. They have repeatedly won the title of the UK’s numero uno Halloween attraction, keeping fans coming back for more year after year. They have a pretty spooktacular nine Halloween haunts including seriously terrifying attractions like Twisted Clowns, The Circus Of Horrors, and the spooky AF Creepy Cottage. Roll up, roll up, and get ready to scream/run/have the time of your life. Get tickets here.\n3 The Haunted Castle — Warwick Castle, Warwick Warwick Castle on YouTube Historic Warwick Castle opens its spooky gates to host a whole load of creepy, family friendly events. These include The Dead Centre Stage, The Witches Tower, Horrible Histories Maze, and Haunted Hollow, along with like, actual flying beasts. Yes, The Flight Of The Eagles promises to be especially spooky. Billed as their biggest ever Haunted Castle, this one is for all ages, and won't disappoint. Get tickets here.\n4 Scare Kingdom Scream Park — Lancashire atmoshorror on YouTube Apparently, this is \"officially the UK’s number one scream park and best Halloween attraction, featuring multi award-winning scare mazes, scare attractions and haunted attractions\". OK, now I have your attention, stop shaking in your boots. Yes, this is apparently the best in the UK so you know it is scary. Special props for holding scary events all year round, like Valenterror, where you can take your lovely Valentine and scare the living daylights out of them. Romantic. Get tickets here.\n5 Screamland — Dreamland, Margate Thanet News on YouTube Billed as \"Kent's biggest scare festival\", this one really seriously absolutely is not for the faint hearted. And I can say this as I have actually been. It has a series of seven spooky mazes, and over seven days this Halloween season, you can go and get your actual socks blown off, no lie. Special warning re actual immersive theatre vibes, with creepy ghouls and scary people jumping out at you like, constantly. It's only recommended for those aged 12 and over, and trust me, once you've been, you'll totally understand why. Get tickets here.\n6 Dr Frights Halloween Nights — Earls Barton, Northamptonshire Joe Gray on YouTube So this one is pretty special because it is the largest indoor scare experience. Vital for this rapidly dropping temperature. This particular nugget of extreme terror plays on all sorts of scary concepts like clowns vs cannibal hillbillies (OK what?), old cinematic classics, and lots more of those spooky old mazes to seriously get you danders up. Get tickets here.\n7 X Scream, Once Upon A Time — Rhondda Heritage Park, Pontypridd Student Vloggers University of South Wales on YouTube Playing on all those old fairy ales but like, actually taking the original dark tales and making them even darker and scarier? Yes please! The website gives a deliciously creepy blurb: \".What if fairy tales DIDN’T finish with a Happily Every After? What if Red was already Dead, Sleeping Beauty woke up as a blood sucking zombie and the three little pigs were rabid, wild boars who tore the wolf limb from limb?\" OK whut? Yeah, I will see you there. Get tickets here.\n8 House Of Horror — Essex Disruptive Social on YouTube Live near Essex? Well why not pop down to the House Of Horror? This lit AF creepy event is a 4D horror bonanza set to drive you mad this Halloween. The website promises you will get \"dragged through 12 rooms of sheer horror.\" It's also described as a \"real-life horror-movie, actors will twist and turn you through a maze of puzzles and psychological pain.\" Sounds like my post 25 hangovers. Get tickets here.","url":"https://www.bustle.com/p/8-halloween-2018-attractions-in-the-uk-that-look-fun-af-12226046","polarityScore":{"sourceTitle":"Bustle","allSidesBias":"left-center","communityAgree":"564","communityDisagree":"566","sourceUrl":"http://www.bustle.com/ "}}
