{"authors":["Jr Thorpe"],"date_download":"2018-10-31 01:31:34","date_modify":"2018-10-31 01:31:34","date_publish":"2018-10-07 19:00:29","description":"Queer people have always shaped world history, even if historians have often been wary of talking about it. From ancient LGBTQ history, when Roman Emperor Hadrian built a city for his partner, Antinous, after the young man drowned in the Nile in AD…","filename":"8LGBTQHistoryPodcastsYoullLearnALotFrom_2119.json","image_url":"https://imgix.bustle.com/uploads/getty/2018/10/5/95a1049a-ee0c-4011-9b9f-04ceb4247f48-getty-458369093.jpg?w=1200&h=630&q=70&fit=crop&crop=faces&fm=jpg","language":"en","localpath":"8LGBTQHistoryPodcastsYoullLearnALotFrom_2119.json","title":"8 LGBTQ History Podcasts You’ll Learn A Lot From","title_page":"8 LGBTQ History Podcasts You’ll Learn A Lot From","title_rss":"NULL","source_domain":"bustle.com","text":"Queer people have always shaped world history, even if historians have often been wary of talking about it. From ancient LGBTQ history, when Roman Emperor Hadrian built a city for his partner, Antinous, after the young man drowned in the Nile in AD 130, to more modern times, when Spanish poet Federico Garcia Lorca (seen in the statue above) brought his poetry into a world overrun by fascist ideology, there is a lot that's been left out of the history books. Fortunately, LGBTQ history podcasts are stepping in to fill the gap, and these eight picks can help you broaden your knowledge.\nWhile a lot of queer-related history has been outside the mainstream for a long time, there's an increasing appetite for it. Shows and films like Pride, about how an LGBT society helped striking Welsh miners under Margaret Thatcher's government in the UK, and Ryan Murphy's Pose, about the NYC queer ball scene in the '80s, have been hits — and speak to how much modern queer people want to know where their community came from. That's the only way to see the momentous achievements we've achieved and how far we still have to go. Tune into these podcasts to dive into the rich world of LGBTQ history.\n1 Making Gay History Making Gay History is a popular queer history podcast, with Eric Marcus and Sara Burningham doing detailed, intimate portraits of the important figures in LGBTQ history in the United States. They profile one person or couple per episode, interview them if possible, and the accompanying articles are filled with primary sources and fascinating detail.\n2 Always Here This is \"the history they don't teach in school,\" according to podcast hosts Miri Josephs and Adrian Webster. They focus on queer figures from politics and entertainment, and shed light on now-forgotten, once-influential pioneers.\n3 Queer As Fact Queer As Fact is a truly international historical podcast; its past few episodes have included Oscar Wilde, Chinese poet Wu Zao and erotic pottery from ancient Peru. Prepare for things to go in unexpected directions.\n4 Making Queer History Laura Mills' Making Queer History is an eclectic Australian mix, veering from portraits of queer figures in history to discussions with experts and bigger-picture issues like the media's representations of homosexuality.\n5 Yesterqueer Be prepared for things to get raunchy and very, very funny. Yesterqueer often looks at the saucier side of queer history, from fairytales to bygone scandals, and uncovers truly remarkable stories while it's at it.\n6 Oxford LGBT History Month Lectures For LGBT History Month in 2018, the University of Oxford commissioned a series of lectures from prominent queer activists, historians and academics on what LGBTQ history means, the lives of figures like Alan Turing, and why LGBTQ memory is so important.\n7 History Is Gay History is gay? It totally is. This podcast by two self-described \"queer nerds\" sets out to \"examine the overlooked and underappreciated queer ladies, gents, and gentle-enbies from the unexplored corners of history.\" And it succeeds admirably.\n8 Mattachine Mattachine came from activist Brad Dunshee's frustration at how little he knew about queer history, and now looks at American LGBTQ history, including modern figures like Brandon Teena, Matthew Shephard and Leelah Alcorn, to preserve them for the historians of the future.","url":"https://www.bustle.com/p/8-lgbtq-history-podcasts-youll-learn-a-lot-from-12104540","polarityScore":{"sourceTitle":"Bustle","allSidesBias":"left-center","communityAgree":"564","communityDisagree":"566","sourceUrl":"http://www.bustle.com/ "}}
