{"authors":["Lia Beck"],"date_download":"2018-10-31 00:25:27","date_modify":"2018-10-31 00:25:27","date_publish":"2018-10-15 16:36:25","description":"Going out for Halloween as an adult is such a commitment that you basically have to decide whether you're doing it or not a couple weeks out, so you can have your costume and plans all set. But, if you are in the \"hell to the no\" camp this year,…","filename":"8WaysToSpendHalloweenByYourselfThisYearIfYouDontFeelLikeGoingOut_2124.json","image_url":"https://imgix.bustle.com/uploads/image/2018/10/15/f21489cb-0517-4f03-84ae-912bf47e9660-screen-shot-2018-10-15-at-122315-pm.png?w=1200&h=630&q=70&fit=crop&crop=faces&fm=jpg","language":"en","localpath":"8WaysToSpendHalloweenByYourselfThisYearIfYouDontFeelLikeGoingOut_2124.json","title":"8 Ways To Spend Halloween By Yourself This Year If You Don’t Feel Like Going Out","title_page":"8 Ways To Spend Halloween By Yourself This Year If You Don’t Feel Like Going Out","title_rss":"NULL","source_domain":"bustle.com","text":"Going out for Halloween as an adult is such a commitment that you basically have to decide whether you're doing it or not a couple weeks out, so you can have your costume and plans all set. But, if you are in the \"hell to the no\" camp this year, then perhaps you're looking for some ideas for things to do for yourself on Halloween. You can still make the most of the day even if you're doing nothing. (This includes doing literally nothing, as you'll see on the list below.)\nTaking care of yourself and doing things that you want to do is important. (Of course, if getting dressed up for Halloween and going to a party is your thing, then please do that!) And since planning a costume, getting dressed up, and going out can take up a lot of time, if you're not going out for Halloween, then it's a good chance to do something chill that just makes you feel good.\nOf course, this can be anything (scroll through Twitter for hours, if you want), but if you're in need of some ideas to make the most of your night — perhaps by doing the least — then check out the list below. And if you have some non-Halloween party friends, feel free to let them join in, too.\n1. Take A Walk\nNot doing something social for Halloween doesn't have to just apply to the nighttime. While everyone else is running around trying to buy a wig last minute, you can take a nice stroll and think about the fact that you'll be wearing pajamas later instead of that uncomfortable costume from last year.\n2. Watch A Movie\nThere are plenty of Halloween-appropriate movies to choose from, whether you want something scary or nostalgic. A few ideas: The Nightmare Before Christmas, Hocus Pocus, Halloween, or Scream.\n3. Have A TV Show Marathon\nIf you're in one of those moods where you don't want to commit to a movie, but are totally fine watching four hours of TV, then there are some spooky shows you can try, including Stranger Things, American Horror Story, and The Walking Dead.\n4. Do Something Not Very Halloween At All\nIt's your night. Maybe you don't want to do anything Halloween-related at all. Need a suggestion? Order pizza and watch The Great British Baking Show, there is no series more calming and delightful.\n5. Buy Yourself A Bunch Of Candy\nThe stores are full of it, and not being a trick-or-treater any longer doesn't meant you shouldn't have any. At least get a couple of those little Reese's pumpkins.\n6. Bake Or Cook Something Comforting Or Festive\nYou could bake an apple pie or make this pumpkin fondue that Meghan Markle loves or keep things simple and buy a box of Halloween Funfetti cake.\n7. Do Some Pampering\nYou want to do some pampering, but you just don't have time. Well, if you're staying in on Halloween that's as good a time as any to finally do it. You can also make it spooky with this scream emoji face mask that actually looks a lot scarier than the actual scream emoji. (Allure also has a bunch more Halloween-themed beauty products, too.)\n8. Sleep\nIsn't that all you really want to do, anyway? Own it!","url":"https://www.bustle.com/p/8-ways-to-spend-halloween-by-yourself-this-year-if-you-dont-feel-like-going-out-12254541","polarityScore":{"sourceTitle":"Bustle","allSidesBias":"left-center","communityAgree":"564","communityDisagree":"566","sourceUrl":"http://www.bustle.com/ "}}
