{"authors":["Natalia Lusinski"],"date_download":"2018-10-31 01:17:52","date_modify":"2018-10-31 01:17:52","date_publish":"2018-10-17 14:52:18","description":"Although it may be fun to become friendly with your co-workers, it's still important to make sure there are certain boundaries in place. After all, you may vent to your best friend about your latest date, but does your supervisor really need every…","filename":"9BoundariesYouNeedWithYourFriendsAtWorkAccordingToExperts_2127.json","image_url":"https://imgix.bustle.com/uploads/image/2018/10/17/f426ab3b-f074-4c71-89e7-e6d22d3b0633-fotolia_223009058_subscription_monthly_m-1.jpg?w=1200&h=630&q=70&fit=crop&crop=faces&fm=jpg","language":"en","localpath":"9BoundariesYouNeedWithYourFriendsAtWorkAccordingToExperts_2127.json","title":"9 Boundaries You Need With Your Friends At Work, According To Experts","title_page":"9 Boundaries You Need With Your Friends At Work, According To Experts","title_rss":"NULL","source_domain":"bustle.com","text":"Although it may be fun to become friendly with your co-workers, it's still important to make sure there are certain boundaries in place. After all, you may vent to your best friend about your latest date, but does your supervisor really need every last detail when she asks you what you did over the weekend? Of course, the same goes for colleagues on your same level: Do you readily disclose details about your life, or are you more discerning and make it a case-by-case basis? If you’re one of those people who tells everyone everything, don’t worry — setting boundaries with friends at work is not difficult, and it’s also not too late to instill them.\n“One of the best parts about jobs can be the opportunity to form long-lasting friendships,” Teague Simoncic, career coach with Ama La Vida, tells Bustle. “It’s a natural occurrence — you’re around other people who are passionate about the same things you are and spending a ton of time together.” However, Simoncic also suggests proceeding with caution. “Because these friendships are intertwined with your professional life, it’s important to exercise appropriate boundaries to make sure you’re representing yourself in your best light while at work.”\nThat said, if you’re looking for some ideas about boundaries you need with workplace friends, experts weigh in below.\n1 Start Slow Andrew Zaeh for Bustle Even though you may think you and a co-worker bond instantaneously, it may not be true, and if you immediately reveal your innermost thoughts to them, then learn they’re the gossipy type, be careful. “When it comes to work friendships, I advise starting slower than you might with someone you met outside of the workplace,” Simoncic says. “It takes time to get to know someone, and revealing too much or acting inappropriately could backfire on you in a way that wouldn’t happen if this was a friendship blossoming outside of work; at your job, the consequences are much higher. This is especially true when it comes to the urge to gossip or slack off.” She also warns that these behaviors may get back to your supervisor, which could affect your professional reputation.\n2 Focus On Work First, Friendship Second Hannah Burton/Bustle Sometimes, lines between work goals and work-friendship goals can become blurred, but there’s an easy solution. “If you are truly focused on your career, then the boundary has to be that the relationship at its core is about the work first,” John Crossman, CEO of Crossman & Company, tells Bustle. “You share goals at work, and must be committed to them and keep each other accountable.”\n3 Don’t Overshare Things You Don't Want Other Co-Workers To Know About Andrew Zaeh for Bustle Even if you and your co-worker are super close, it's important to remember that gossip can easily be spread at the office. “Be sure to not overshare personal things that you wouldn’t want other co-workers to know about,” Nicole Sbordone, LCSW and author of Surviving Female Friendships: The Good, The Bad, and The Ugly, tells Bustle. “For instance, this includes details about your sex life or how much you’re making. People talk and gossip, especially at work, so be sure not to share information you wouldn’t want your boss (or anyone else, for that matter) to know.” Caleb Backe, health and wellness expert for Maple Holistics, agrees. “When it comes to personal topics such as your love/sex life, keep it inside, or speak about it outside,” he tells Bustle. “You probably wouldn’t want someone else to hear you, anyway, so it is best to avoid it at work if you can.”\n4 Practice Neutrality If You’re In A Leadership Position Hannah Burton/Bustle If you supervise others at work, do you talk to certain employees more than others? Michelle Gomez, business professional, author, and success coach advises against it. “If you’re in a leadership role, avoid spending too much one-on-one time with one employee over the others, since it could lead others to feel ‘set aside,’\" she tells Bustle. “Be neutral, and allow time and space for individual relationships with each person.”\n5 Avoid Forming Cliques Hannah Burton/Bustle Similar to maintaining neutrality if you’re in a leadership position at work is avoiding the temptation to form cliques. “It’s natural that you’ll form close relationships with some, but not all, of your colleagues,” Simoncic says. “However, be careful that your friendships don’t affect your workplace behavior, and that you aren’t excluding your colleagues who aren’t also your BFFs.” She adds that one way to avoid this is by inviting more people to grab coffee mid-day versus your usual one or few. And, if you’re working on a big project, Simoncic says to stay objective and consider everyone’s input, not just ones from your favorite colleagues. Andrew Rawson, chief learning officer at Traliant, a compliance training company, adds another angle to the clique topic. “One important boundary you need with workplace friends is inviting all employees if socializing outside of work,” he tells Bustle. “For instance, a supervisor could use socialization outside of work as a way to strengthen team dynamics. However, if not all of the team members are invited, then it can come across as favoritism.”\n6 Avoid Overlapping Too Much Of Your Personal And Professional Free Time Andrew Zaeh for Bustle Some offices are more social than others, and it seems as though there’s a new post-work activity every other night. However, do you have to attend them all? “Avoid overlapping too much of your personal/professional time,” Gomez says. “Occasional lunches together, and maybe a Friday night happy hour visit here and there, are OK, as well as big events like weddings. But do not overdo it with too many out-of-office functions, as it will skew the working relationship.”\n7 Be Cautious About Physical Contact With Co-workers Andrew Zaeh for Bustle You may naturally be a touchy-feely type of person, but in a work environment, it may not be the best idea. “Pay attention to the handshake which becomes a ‘hug hello’ to the ‘hand-on-the-shoulder’ or ‘heads together’ moments while looking at a screen, etc.,” Backe says. “Don’t overstep your boundaries (or human resources’), since there could be significant ramifications.” Beyond physical contact with co-workers, Mathison cautions about workplace friendships that turn romantic. “Romance between people at different levels of an organization, particularly between a boss and a direct report, raise cultural and legal concerns for employers, as well as employees,” he says. “Therefore, it is important to know and follow your employer’s policy. It is also a good idea for employees to inform the employer of any unwelcome conduct they may experience at work.”\n8 Take Top-Secret Conversations Out Of The Office Andrew Zaeh for Bustle You may be closer to some co-workers more than others, but if you need to confide in them about a highly sensitive topic — like you possibly leaving your job — do so outside of the office. “If there is one co-worker in particular that you have an extremely trusted professional or personal relationship with, and you are looking to get another perspective from someone intimately familiar with your situation, that could be helpful,” Colleen Star Koch, career coach and founder of Rowan Coaching, tells Bustle. “Then, enter into the conversation with an open mind, ready to listen, and consider advice from different angles.” She says that by having this talk outside of the office, you’ll avoid a co-worker hearing you, potentially being the center of gossip, and/or having your boss unexpectedly learn about the issue at hand.","url":"https://www.bustle.com/p/9-boundaries-you-need-with-your-friends-at-work-according-to-experts-9412259","polarityScore":{"sourceTitle":"Bustle","allSidesBias":"left-center","communityAgree":"564","communityDisagree":"566","sourceUrl":"http://www.bustle.com/ "}}
