{"authors":["Kristine Fellizar"],"date_download":"2018-10-31 00:47:52","date_modify":"2018-10-31 00:47:52","date_publish":"2018-10-10 14:28:26","description":"Everyone has their own set of relationship red flags and dealbreakers to look out for. Although it's easy to brush off some of your partner's questionable habits, experts say it's important to always pay attention to what's really going on in your…","filename":"9SeeminglySmallRelationshipRedFlagsThatAreActuallyAMuchBiggerDealThanYouThink_2146.json","image_url":"https://imgix.bustle.com/uploads/image/2018/10/9/2740988c-d627-412b-83e9-829209e288be-2t4a9682.JPG?w=1200&h=630&q=70&fit=crop&crop=faces&fm=jpg","language":"en","localpath":"9SeeminglySmallRelationshipRedFlagsThatAreActuallyAMuchBiggerDealThanYouThink_2146.json","title":"9 Seemingly Small Relationship Red Flags That Are Actually A Much Bigger Deal Than You Think","title_page":"9 Seemingly Small Relationship Red Flags That Are Actually A Much Bigger Deal Than You Think","title_rss":"NULL","source_domain":"bustle.com","text":"Everyone has their own set of relationship red flags and dealbreakers to look out for. Although it's easy to brush off some of your partner's questionable habits, experts say it's important to always pay attention to what's really going on in your relationship. Sometimes, seemingly small red flags can indicate bigger problems without you realizing it.\n\"The key here is knowing if bad behavior is a blip or a pattern,\" Constance Dunn, MA, relationship expert and author, tells Bustle. \"Little red flags can be chalked up to a momentary bit of bad behavior, or to showcase for the fact that the person [...] has issues that need to be worked out.\"\nAccording to Dunn, tales of bad relationships tend to have this one phrase in common: I knew, but I didn't want to know. \"When an otherwise dreamy date [wasn't kind] to the server or gaped at other people, people like to tell themselves that maybe the whole thing was a misunderstanding. Or worse, the date sucked — but the good things about it temporarily cancelled out the bad,\" she says. \"Deep down, however, they knew otherwise because their heart kind of sunk.\"\nUnfortunately, it's not always easy to tell whether someone's behavior is actually problematic or not. So here are some seemingly small relationship red flags that are actually a much bigger deal than you think, according to experts.\n1 Your Partner Can't Seem To Get Enough Of You Andrew Zaeh for Bustle It may not seem like a bad thing to have a partner's who's very into you — and in many cases, it's not. But there's a difference between a \"harmonious\" or healthy passion and one that's obsessive. According to Suzie and James Pawelski, co-authors of Happy Together: Using the Science of Positive Psychology to Build Love That Lasts it's common to have intense attraction and passion for your partner, especially at the beginning. But as time goes on, these feelings should transform into something much deeper. An obsessive passion on the other hand, is when your partner loses interest in everything else in their life but you. But those feelings may not lead to a long-lasting relationship. \"Thriving relationships tend to be sustained by a calmer, healthier type of passion,\" the Pawelskis tell Bustle. \"If over time, one is still experiencing intense, all-consuming feelings they may be experiencing obsessive passion rather than a healthy passion.\" It's important to note that's not about how much passion you have for each other, but rather if that passion becomes all-consuming and potentially codependent.\n2 Your Relationship Takes Up A Majority Of Your Time Andrew Zaeh for Bustle If you want your relationship to work, you need to be spend time with your partner. But if that time spent together has stopped you from having a life outside of your relationship, this could be a sign that you have lost yourself in an unhealthy way. As the Pawelskis say, this can lead to codependency in your relationship, which is not conducive to building long-term love. \"It's interdependency, not dependency, which is associated with thriving sustainable romantic relationships,\" they say. \"Couples who continue to engage in their individual interests and connect with close friends and family are more likely to cultivate a healthier, deeper love that will last.\"\n3 Your Partner Tends To Focus On The Negative More Than The Positive Andrew Zaeh for Bustle If your partner always expects the worst out of situations or people, that's a red flag to watch out for. \"While it may be just the way your person is, it can do harm to you in the long-run,\" transformational life coach and relationship expert, Cindy Shaw, tells Bustle. You may not realize it, but spending time with someone who is constantly negative can lead you to accepting this negativity as the norm. This can also be a problem if your partner has self-sabotaging beliefs — if times get rough, they may give up more easily than someone who's more optimistic.\n4 They Push The Limits Of Your Physical Boundaries Andrew Zaeh for Bustle If your partner pushes physical boundaries — no matter how — after you've told them to stop, that is a major red flag to be addressed, especially if they are being sexually coercive. \"This may initially appear as playful behavior,\" Amica Graber, relationship expert with TruthFinder, tells Bustle. But if someone doesn't respect your physical boundaries when you're in a playful mood, they likely won't respect it when you're being serious. Consent is important. If you say no once, your partner shouldn't do things with the intent of making you change your mind, even if they do it playfully. If you're with someone who doesn't respect consent, just remember that it's a form of sexual abuse, and seeking help from loved ones or even a therapist may be the best course to leaving the relationship. If you or someone you know has been sexually assaulted, call the National Sexual Assault Telephone Hotline at 800-656-HOPE (4673) or visit online.rainn.org.\n5 They Make Seemingly Harmless Jokes At Your Expense Andrew Zaeh for Bustle You may not think it's a huge deal if your partner makes an offhanded comment about your appearance or your intellect. They may even say it in a \"joking\" way. But as Graber says, a respectful partner will never put you down even in a light-hearted way. There are ways to tease your partner that don't involve name-calling or making potentially hurtful digs.\n6 You're Nowhere To Be Found In Their Social Media Andrew Zaeh for Bustle If you've been exclusively dating for a while but there's no mention of you at all in their social media, they may be hiding you. \"This begs the question, why are they hiding you and who from?\" Graber says. It really depends on how your partner uses social media — if they use it solely for work purposes, you may not need to worry as much. But if your partner's social media habits include posting photos and tagging friends and you're not mentioned anywhere, it's a red flag to pay attention to.\n7 You Give In To Them More Than They Give In To You Ashley Batz/Bustle If your partner always chooses which movie you're going to see and never seems to take your opinions into consideration, your relationship may just be all about them. \"A relationship is about compromise,\" Graber says. \"If they won't ever give up what they want, it's a bad omen about the future of your relationship.\"\n8 They've Told Small Lies About Their Spending Habits Andrew Zaeh for Bustle If you're looking to spend the rest of your life with someone, their money situation is something they need to be honest about. Small lies about how much something really costs may not seem like a big deal, but it can signal trouble in the future. \"It is normal and appropriate for parties to have different priorities in terms of how they like to spend their discretionary funds, but it is important to be honest about all such expenses,\" matrimonial lawyers, Kelly Frawley and Emily Pollock, tell Bustle. \"You don’t want to learn down the line that there is an account or asset you are not aware of, and that you could be financially responsible for should you get married.\"","url":"https://www.bustle.com/p/9-seemingly-small-relationship-red-flags-that-are-actually-a-much-bigger-deal-than-you-think-12194435","polarityScore":{"sourceTitle":"Bustle","allSidesBias":"left-center","communityAgree":"564","communityDisagree":"566","sourceUrl":"http://www.bustle.com/ "}}
