{"authors":["Amanda Chatel"],"date_download":"2018-10-31 00:22:09","date_modify":"2018-10-31 00:22:09","date_publish":"2018-10-02 17:05:22","description":"Threesomes are one of the most common sexual fantasies. According to a 2015 study of 2,000 U.S. adults, aged 18+, one in seven Americans has had a threesome at some point in their life. The same study also found that one in five people are…","filename":"9ThingsToKnowAboutThreesomeEtiquetteAccordingToExperts_2145.json","image_url":"https://imgix.bustle.com/uploads/image/2018/10/2/7caa6ba2-e500-40b1-b90d-6d8303a34d73-zaeh_bustle_apr2016-670.jpg?w=1200&h=630&q=70&fit=crop&crop=faces&fm=jpg","language":"en","localpath":"9ThingsToKnowAboutThreesomeEtiquetteAccordingToExperts_2145.json","title":"9 Things To Know About Threesome Etiquette, According To Experts","title_page":"9 Things To Know About Threesome Etiquette, According To Experts","title_rss":"NULL","source_domain":"bustle.com","text":"Threesomes are one of the most common sexual fantasies. According to a 2015 study of 2,000 U.S. adults, aged 18+, one in seven Americans has had a threesome at some point in their life. The same study also found that one in five people are interested in having a threesome, and more men than women have had them.\nBut when it comes to talking about threesomes, an important part of the equation is often overlooked: threesome etiquette. Depending on who’s involved, the dynamics of it, or if two of the people are in a relationship, there are definitely some dos and don’ts when it comes to threesome etiquette.\nMelissa, 25, of Melissa A. Vitale Public Relations, learned this the hard way when her ex of two years contacted her through Telegram, an internet-based instant messaging app, to propose the threesome with his new girlfriend, completely ignoring the fact he had caused her trauma. Vitale declined, because as far as threesome etiquette goes, that’s a hard no.\nHere are some other do and don'ts to adhere to the next time you have threesome on the brain.\n1 Consent Is First And Foremost Andrew Zaeh for Bustle Not only should everyone involved give their consent, but you want them to be excited and not feel like they've been pressured into the threesome. \"When approaching the subject of a threesome, I advise my clients to be absolutely sure of their intention,\" NYC-based sex expert and relationship coach, Lia Holmgren, tells Bustle. \"When a couple who is adding a third intimate partner, one individual shouldn’t feel pressured or like they’re only doing this for their partner. Both partners in a couple should be excited for a threesome. If one partner is uncomfortable or only wants to participate to please their partner, the couple shouldn’t proceed.\"\n2 Have Confidence In Your Relationship Andrew Zaeh for Bustle If you're thinking about having a threesome with your partner, bringing it up is the very first place where etiquette is everything. In no way do you want your partner to feel bad. So not only is it important to approach it delicately, but it's crucial to have confidence in your relationship, too. \"You know your relationship better than anyone else,\" Daniel Saynt, founder of The New Society for Wellness (NSFW), a sex-positive members-only club that hosts sexual education workshops in club-like settings, tells Bustle. \"If you and your partner are dealing with issues of jealousy it’s probably not a good idea to discuss bringing someone else in, until you can work through the issues and identify what sparks these feelings... Having open honest conversations about your relationship is key to navigating the tricky territory of threesomes.\"\n3 Discuss, Beforehand, What's OK & What Isn't Ashley Batz/Bustle Whether you're having a threesome with your partner and someone else, two friends, or you've found you're the unicorn to someone else's partnership, it's important that boundaries are discussed and respected. \"Communication is key if you have a partner, but also important if you’re single and looking to mingle,\" Saynt says. \"Discuss expectations and set some boundaries if you want a little more control of the situation. If you’re inviting someone into a shared bedroom, be sure to all take a second to talk about where you want the evening to go. It’s OK to share things that will make you uncomfortable beforehand so that you can go into the experience with a clear path to sexual satisfaction... Get everyone on the same page and your experience will be so much better.\"\n4 Have The Safe Sex Talk Ashley Batz/Bustle A major part of threesome etiquette is making sure everyone feels safe, which means you need to talk about what type of protection you'll be using. From condoms, to dental dams, to female condoms — no matter what you choose, make sure everyone is in agreement on what's going to make them feel safe. “You also need to be able to have a safer sex conversation without embarrassment,” Charlie Glickman, PhD, sex and relationship coach, tells Bustle. “I really recommend this format from Reid Milhalko. Practice it with each other or with a friend before you try it with a potential threesome partner.”\n5 Create An Environment Where Everyone Feels Included Andrew Zaeh for Bustle One of the trickiest parts about threesomes is trying to make everyone feel equally involved. What can also be tricky is creating an environment where people can speak up, if they don't feel equally involved. “My rule for successful threesomes is that anyone can join in anytime,” Glickman says. “If you want to sit back and watch, that's awesome. But if you're feeling left out or ignored, that's no fun. So set a rule that anyone can join in at any time to make sure that nobody feels neglected.”\n6 Don't Make It All About You Ashley Batz for Bustle Not only should everyone feel part of the threesome, but if this is your fantasy being fulfilled, don't make it all about you. \"Don't ignore your partner,\" Saynt says. \"Don’t make it all about you. Make it a shared experience. Don't forget to thank your unicorn. Don’t make the other person feel disposable or like they are just part of a fantasy.\" A threesome involves three people. Whether that threesome is you, your partner, and a unicorn, or you and two friends, or any other combination of people, this is supposed to be fun and pleasurable for everyone involved — not just you. \"If you’re looking to just have sex and want someone who will just leave and never communicate with you or your partner afterwards, hire a sex worker,\" Saynt says. \"Don’t treat anyone as if they are disposable.\"\n7 Accept Or Decline With Grace Hannah Burton for Bustle \"We teach people the importance of knowing how to take rejection and knowing how to decline someone,\" Saynt says. \"If you’re turned down, don’t feel embarrassed or upset. Move on. If you’re using an app keep swiping. It’s important to not give up. Your unicorn is out there.\" Some people have zero desire to ever have a threesome and that's totally fine. If you propose the idea to someone and they decline the offer, accept it. If someone proposes the idea to you and you're not interested, politely decline. Even if it's not your scene, don't be rude or judgmental. \"I recommend using 'not right now,' because it’s definitive but also not as harsh,\" Holmgren says. \"Something like, 'thank you so much for your interest. I’m not feeling it right now,' is a cordial yet firm way to reject advances.\"\n8 Be Sensitive As To Who You Ask For A Threesome Ashley Batz for Bustle As is the case with most things in life, there's a time and place for everything. So be wary of where you go looking for a third or, if you're solo, looking for two partners. \"Asking a former partner for a threesome can be appropriate in some cases,\" Holmgren says. \"If you have maintained a relationship with them, you have recovered from the pain and healed after the breakup, and still see them casually, or even intimately, a former partner may be an excellent source for a threesome. If, however the relationship ended badly and afterward they didn’t establish any sort of relationship after the breakup, this individual is not the best person to ask for a threesome and doing so can be hurtful or even humiliating to the individual.\" In Vitale's case, where she didn't have an amicable breakup, her ex asking her for a threesome was inappropriate. \"If your ex-partner has blocked you already on a number of communication channels, don’t find the one that they haven’t to ask for a threesome,\" Holmgren says.","url":"https://www.bustle.com/p/9-things-to-know-about-threesome-etiquette-according-to-experts-11980117","polarityScore":{"sourceTitle":"Bustle","allSidesBias":"left-center","communityAgree":"564","communityDisagree":"566","sourceUrl":"http://www.bustle.com/ "}}
