{"authors":["Lani Seelinger"],"date_download":"2018-10-31 00:52:01","date_modify":"2018-10-31 00:52:01","date_publish":"2018-09-30 19:52:07","description":"The first time that much of the American public likely learned about Judge Brett Kavanaugh was in 2017, when he presided over a court that hesitated to grant a pregnant immigrant teen access to an abortion that she had requested. Now, this could…","filename":"AbortionForUndocumentedTeensWouldBeBannedUnderTheseNewTrumpAdministrationRules_2182.json","image_url":"https://imgix.bustle.com/uploads/getty/2018/9/30/7f321bb4-22ef-4749-86f0-bdc46750738c-getty-500414664.jpg?w=1200&h=630&q=70&fit=crop&crop=faces&fm=jpg","language":"en","localpath":"AbortionForUndocumentedTeensWouldBeBannedUnderTheseNewTrumpAdministrationRules_2182.json","title":"Abortion For Undocumented Teens Would Be Banned Under These New Trump Administration Rules","title_page":"Abortion For Undocumented Teens Would Be Banned Under These New Trump Administration Rules","title_rss":"NULL","source_domain":"bustle.com","text":"The first time that much of the American public likely learned about Judge Brett Kavanaugh was in 2017, when he presided over a court that hesitated to grant a pregnant immigrant teen access to an abortion that she had requested. Now, this could become a more frequent occurrence, as the Trump administration is attempting to prevent all undocumented teens from getting abortions while in custody.\nLawyers for the Trump administration and the undocumented teens seeking abortions argued their cases in the United States Court of Appeals for the District of Columbia Circuit in late September, The New York Times reported. The administration, the Justice Department lawyer claimed, “has a strong, legitimate and profound interest in the life of the child in the womb.”\nThis case first came up in court in March, when a judge in Washington D.C. issued an order that applied across the country, mandating that the administration could not block undocumented teens from abortion access, The Washington Post wrote. The Trump Justice Department then brought the case before the appeals court, arguing that the court should not require the government to “facilitate the termination of life through abortion.”\nThe ACLU has been fighting for undocumented teens' rights to abortion access, though, and a lawyer for the organization told Vox in April that “the government can’t ban abortion for anyone,” thanks to Roe v. Wade.\nGovernment lawyer August Flentje, however, argued that the order forcing the administration to provide abortions was “inconsistent with their profound respect for life,” according to BuzzFeed News.\n“This is an unprecedented expansion of abortion jurisprudence,” Flentje said, according to BuzzFeed. Flentje then laid out the policy that the government prefers, under which the teens' constitutionally mandated right to an abortion would only be available to them if they left government custody to go to a sponsor or if they left the country entirely.\nThe push to block undocumented teens from abortion access stems from the Office of Refugee Resettlement, which is led by noted abortion-opponent E. Scott Lloyd. Lloyd has referred to abortion as “violence that has the ultimate destruction of another human being as its goal” and pushed for women to undergo a procedure meant to reverse abortions, despite the fact that this procedure has not been well tested.\nIn December 2017, Lloyd said in a deposition that undocumented teens' immigration status is reason enough for denying them abortions. A lawyer for the ACLU, however, called the administration's policies \"a blatant abuse of power,\" according to NPR.\n\"The Trump administration's cruel policy of blocking young immigrant women in federal custody from accessing abortion is a blatant abuse of power,\" ACLU Reproductive Freedom Project Deputy Director Brigitte Amiri said in a statement, according to NPR, after a court issued the order blocking the administration's policies in March. \"We are relieved that the court issued an order preventing the administration from continuing this practice while our case proceeds.\"\nSix months after that, though, the question of whether the administration will succeed in blocking pregnant teens from accessing abortion is very much still an open one.","url":"https://www.bustle.com/p/abortion-for-undocumented-teens-would-be-banned-under-these-new-trump-administration-rules-12103385","polarityScore":{"sourceTitle":"Bustle","allSidesBias":"left-center","communityAgree":"564","communityDisagree":"566","sourceUrl":"http://www.bustle.com/ "}}
