{"authors":["Becky Krystal","Reporter Covering Topics Related To Food","Becky Krystal Is A Food Reporter","The Lead Writer For Voraciously. After Several Years As A General Assignment Reporter In Virginia S Shenandoah Valley","She Came To The Washington Post In To Work For Tv Week","Sunday Source. Her Time At The Post Also Includes A Five-Year Stint In The Travel Section."],"date_download":"2018-10-21 02:54:41","date_modify":"2018-10-21 02:54:41","date_publish":"2018-10-17 15:00:19","description":"It's not fancy, but this classic, creamy, salty salad is popular for a reason.","filename":"ACaesarsaladrecipethatssimpleandsatisfying_375.json","image_url":"https://www.washingtonpost.com/resizer/Sr_qbh-7vkWe8mVhNXQgLagUGDY=/1484x0/arc-anglerfish-washpost-prod-washpost.s3.amazonaws.com/public/OJIZEIUX6E4ULGTQJPWG5N6EL4.jpg","language":"en","localpath":"ACaesarsaladrecipethatssimpleandsatisfying_375.json","title":"A Caesar salad recipe that's simple and satisfying","title_page":"A Caesar salad recipe that's simple and satisfying - The Washington Post","title_rss":"NULL","source_domain":"washingtonpost.com","text":"Overview\nCan a salad just be a salad, at least once in a while? Maybe I’m the outlier, but these days, salad just feels exhausting. Salad as a lifestyle! Salad as life!\nI can appreciate the commitment to packing as many local, nutrient-dense and interesting ingredients into a single bowl (always a bowl) as possible. Sometimes, though, I just want a salad that consists of lettuce, dressing and, duh, croutons.\nCaesar salad scratches that itch. Granted, it’s not health food. Nutritionists almost always point to it as the type of dish diners delude themselves into thinking is good for them (it’s salad, right?). And yet, a good Caesar is hard to resist. Just ask my colleagues who swooped in when I was testing. So have it every so often. Serve it on dainty plates the next time you have friends over. No one is going to complain. Or turn it into an entree by adding grilled or poached chicken.\n[Anyone can make Indian food at home, and this chickpea curry is how to start]\nThe Washington Post originally published this recipe from food writer David Hagedorn in 2011. Olive oil was not a staple in his house growing up, but feel free to use it in the dressing instead of, or in combination with, the vegetable oil the recipe calls for. The dressing takes its cues from the classic formulation, too, by using anchovy fillets and a raw egg (using a pasteurized egg reduces the risk of salmonella).\nThe homemade croutons are worth the few minutes it takes to put them together. You might want to make extra because odds are you or someone else will start snacking on them before the salad is even tossed (oh, hey, me).\nMake Ahead: The croutons can be made a day in advance and stored in an airtight container. The dressing can be made a few days in advance.\nScale and get a printer-friendly version of the recipe here.\nIngredients\nFOR THE CROUTONS\n2tablespoonsvegetable or canola oil\n1large clove garlic, crushed\n4slicessoft Italian bread, cut into 1/2-inch cubes (2 1/2 cups), crusts removed if desired\nKosher salt\nFreshly ground black pepper\nFOR THE DRESSING\n2medium cloves garlic\n4anchovy fillets, drained\n2teaspoonsWorcestershire sauce\n2tablespoonsfresh lemon juice (from 1 lemon)\n1⁄ 2 teaspoonpowdered mustard\n1large pasteurized raw egg (see headnote)\n1⁄ 2 teaspoonsugar\n1⁄ 2 teaspoonfreshly ground black pepper\n1⁄ 2 cupvegetable or canola oil (may substitute olive oil; see headnote)\n1⁄ 4 cupfreshly grated Parmigiano-Reggiano cheese\nFOR THE SALAD\n4romaine hearts, cored, leaves torn crosswise four or five times (about 12 ounces total)\nAbout 2 tablespoons freshly grated or shaved Parmigiano-Reggiano cheese, for garnish\nFreshly ground black pepper, for garnish\nSteps\nStep 1\nFor the croutons: Heat the oil in a medium nonstick saute pan over medium-high heat until the oil shimmers. Add the garlic and cook just long enough for it to flavor the oil; remove and discard just as the garlic starts to brown.\nDid you make this recipe? Take a photo and tag us on Instagram with #eatvoraciously.\nStep 2\nAdd the bread cubes to the pan, stirring to coat evenly. Season lightly with salt and pepper; cook for 4 to 5 minutes, stirring often, until the cubes are well browned and toasted. Remove from the heat.\nStep 3\nFor the dressing: Combine the garlic, anchovies, Worcestershire sauce, lemon juice, powdered mustard, egg, sugar, pepper and oil in a blender or mini food processor. Puree until smooth, then add the grated cheese and puree once more. The yield is 1 cup.\nStep 4\nTo assemble the salad, combine the croutons and all the dressing in a large salad bowl. Add the romaine leaves; use tongs or salad utensils to toss the salad, coating the lettuce evenly.\nDivide among individual plates. Top each portion with some grated cheese and pepper; serve right away.\nAdapted from a recipe by food writer David Hagedorn.\nTested by Becky Krystal; email questions to voraciously@washpost.com.\nScale and get a printer-friendly version of the recipe here. The nutritional analysis is based on 6 servings.\nDid you make this recipe? Take a photo and tag us on Instagram with #eatvoraciously.\nNutrition\nCalories: 310; Total Fat: 26 g; Saturated Fat: 5 g; Cholesterol: 35 mg; Sodium: 350 mg; Carbohydrates: 15 g; Dietary Fiber: 2 g; Sugars: 2 g; Protein: 6 g.","url":"https://www.washingtonpost.com/news/voraciously/wp/2018/10/17/when-only-a-simple-satisfying-salad-will-do-caesar-is-there-for-you/","polarityScore":{"sourceTitle":"Washington Post","allSidesBias":"left-center","communityAgree":"21425","communityDisagree":"12735","sourceUrl":"http://www.washingtonpost.com/regional "}}
