{"authors":["Neil Munro"],"date_download":"2018-10-30 21:53:21","date_modify":"2018-10-30 21:53:21","date_publish":"2017-08-15 03:10:53","description":"The independent Virginia branch of the ACLU is blaming Charlottesville's Democratic government for the street brawls which injured many participants and killed one young woman. | Politics","filename":"ACLUBlamesPoliceInactionforCharlottesvilleStreetBrawls_1341.json","image_url":"https://media.breitbart.com/media/2017/08/wi/ap/12/1rnpo1n-e1502598773703.jpg","language":"en","localpath":"ACLUBlamesPoliceInactionforCharlottesvilleStreetBrawls_1341.json","title":"ACLU Blames Police Inaction for Charlottesville Street Brawls","title_page":"ACLU Blames Police Inaction for Charlottesville Street Brawls | Breitbart","title_rss":"NULL","source_domain":"breitbart.com","text":"The independent Virginia branch of the ACLU is blaming inaction by the police working under Charlottesville’s Democratic government for the street brawls which injured many participants and killed one young woman.\nThe fighting between white-power groups and the left-wing progressives began while the city police stood aside, even thought the police knew about the planned demonstrations months in advance. The fighting escalated when the city police forced the fascist demonstrators to walk through a gantlet of masked, black-clad and armed “Antifa” progressives.\n7. It is the responsibility of 👮🏻to ensure safety of all protesters. The policing on Saturday was not effective in preventing violence. — ACLU of Virginia (@ACLUVA) August 14, 2017\n9. 👮🏻 was standing passively by, seemingly waiting for violence to take place, so that they'd have grounds to declare 'unlawful assembly'. — ACLU of Virginia (@ACLUVA) August 14, 2017\nInvestigators and reporters are still trying to untangle the circumstances and decisions that led to the street brawls on Saturday.\nThe ACLU tweets were sent in response to efforts by the city’s Democratic major and Virginia’s Democratic governor to fix the blame for the Weimar Republic-style street fighting on the ACLU and its long-standing support for people’s right to protest in public.\n“The City of Charlottesville asked for that [white supremacist demonstration] to be moved out of downtown Charlottesville to a park about a mile and a half away to a park with a lot of open fields. That was the place where it should have been,” Gov. Terry McAuliffe told NPR on Monday. “We were unfortunately sued by the ACLU. The judge ruled against us. That rally should not have been in the middle of downtown.”\nMcAuliffe continued:\nThe Charlottesville police were in charge. They did a magnificent job. Our state police and guard backed them up. But listen – not a shot fired. And we were worried. And with a thousand people with very, you know – it was a powder keg in there – high tensions… The lessons I learned is we’ve got to do a better job of working with the judiciary. They need to listen to the local city officials about where these permits are allowed to allow people to come into your city with guns. Our job is to protect it. And we – the judiciary needs to do a better job of working with us.\nIn response, the executive director of the independent Virginia affiliate of the national ACLU, Claire Gastanaga issued this statement:\nWe are horrified by the violence that took place in Charlottesville on Saturday and the tragic loss of life that resulted from it. The ACLU of Virginia does not support violence. We do not support Nazis. We support the Constitution and laws of the United States. We would be eager to work with the governor and the attorney general on efforts to ensure that public officials understand their rights and obligations under the law. But let’s be clear: our lawsuit challenging the city to act constitutionally did not cause violence nor did it in any way address the question whether demonstrators could carry sticks or other weapons at the events. We asked the city to adhere to the U.S. Constitution and ensure people’s safety at the protest. It failed to do so. In our system, the city makes the rules and the courts enforce them. Our role is to ensure that the system works the same for everyone. In the weeks after the July 8 protests, the city (working with the governor and others) had ample opportunity to put together a case and present it in court on its own motion justifying the revocation of the permit and the imposition of a prior restraint on speech. If the judge in our case had been presented with any credible evidence or testimony by the city of an imminent threat of harm (other than a list of internet entries) or evidence that the change in permit would, in fact, result in no demonstration in downtown Charlottesville, I have confidence that he would have denied the injunction, and the city would have been faced with enforcing the change of venue and protecting demonstrators and counter-demonstrators in two locations. Instead, the city’s pleadings said that its decision to revoke the permit was based primarily on the unmanageable numbers of people who would show up. An affidavit from the police chief said that they expected twice as many counter-protesters (2,000) as protesters (1,000). Yet, the city did not revoke the permits for the counter-protesters, too. In light of those facts, the judge couldn’t get beyond the fact that the city hadn’t revoked all permits for demonstrations downtown on Saturday. It is the responsibility of law enforcement to ensure safety of both protesters and counter-protesters. The policing on Saturday was not effective in preventing violence. I was there and brought concerns directly to the secretary of public safety and the head of the Virginia State Police about the way that the barricades in the park limiting access by the arriving demonstrators and the lack of any physical separation of the protesters and counter-protesters on the street were contributing to the potential of violence. They did not respond. In fact, law enforcement was standing passively by, seeming to be waiting for violence to take place, so that they would have grounds to declare an emergency, declare an ‘unlawful assembly’ and clear the area. Rather than seeking to scapegoat the ACLU of Virginia and the [civil right law firm] Rutherford Institute for the devastating events on Saturday, it is my firm hope and desire that the governor and other state and local officials will learn from this past weekend how constitutionally to prevent events like the horror we saw in Charlottesville from ever happening again.”\nRead the tweets here.","url":"https://www.breitbart.com/politics/2017/08/14/aclu-blames-police-inaction-charlottesville-street-brawls/","polarityScore":{"sourceTitle":"Breitbart News","allSidesBias":"right","communityAgree":"11345","communityDisagree":"6286","sourceUrl":"http://www.breitbart.com/ "}}
