{"authors":["Seth Millstein"],"date_download":"2018-10-31 00:15:09","date_modify":"2018-10-31 00:15:09","date_publish":"2018-10-05 01:04:46","description":"It was two years ago that the Washington Post released the infamous Access Hollywood tape, in which then-candidate Donald Trump bragged about being able to \"grab [women] by the p*ssy\" without their consent because he's \"a star.\" On Thursday, two…","filename":"ActivistsPlayedTrumpsAccessHollywoodTapeOnRepeatInWashingtonDCAllDay_2184.json","image_url":"https://imgix.bustle.com/uploads/getty/2018/10/5/495ff694-0f90-41f3-a660-c1a5360496e5-getty-1047719468.jpg?w=1200&h=630&q=70&fit=crop&crop=faces&fm=jpg","language":"en","localpath":"ActivistsPlayedTrumpsAccessHollywoodTapeOnRepeatInWashingtonDCAllDay_2184.json","title":"Activists Played Trump's 'Access Hollywood' Tape On Repeat In Washington, DC All Day","title_page":"Activists Played Trump's 'Access Hollywood' Tape On Repeat In Washington, DC All Day","title_rss":"NULL","source_domain":"bustle.com","text":"It was two years ago that the Washington Post released the infamous Access Hollywood tape, in which then-candidate Donald Trump bragged about being able to \"grab [women] by the p*ssy\" without their consent because he's \"a star.\" On Thursday, two different groups of protesters played Trump's Access Hollywood tape on a loop in Washington, D.C., all day long to ensure that Trump's words aren't forgotten any time soon.\nThe group UltraViolet parked a truck with a TV screen and speakers outside the U.S. Capitol and played the Access Hollywood tape on a loop all day, video and audio both. The Bridge Project, meanwhile, set up loudspeakers outside the Trump International Hotel in D.C. where a group called Women for Trump was meeting, and played audio from the tape.\nIn the 2005 recording, which surfaced in the last weeks of the presidential election and compelled Trump to make a rare public apology, Trump tells Billy Bush, then the host of Access Hollywood, about his unsuccessful attempts to sleep with a married woman, then says that he kisses and touches women without their consent.\n\"I’m automatically attracted to beautiful — I just start kissing them. It’s like a magnet. Just kiss. I don’t even wait. And when you’re a star, they let you do it. You can do anything,\" Trump says. \"Grab ’em by the pussy. You can do anything.\"\nBoth of the protest groups tied Trump's comments on the tape to his nomination of Brett Kavanaugh to the Supreme Court. Like Trump, Kavanaugh has been accused of sexual misconduct by multiple women (both men deny all of the accusations). The Senate is set to vote on Kavanaugh's nomination over the weekend.\n\"On its two-year anniversary, we’re playing the Access Hollywood tape outside Trump’s DC hotel as 'Women for Trump' kick-off their summit inside, reminding them that an admitted sexual abuser is trying to put an accused sexual abuser on the Supreme Court,\" Bridge Project wrote in a tweet. Meanwhile, the screen tape that UltraViolet had the text \"Trump is trying to put another man with a history of sexual assault on the court\" displayed next to the video.\nIt's unclear whether Kavanaugh has the votes to be confirmed. Four crucial senators — Republicans Jeff Flake, Lisa Murkowski, and Susan Collins, and Democrat Joe Manchin — remain publicly undecided on his nomination, and any or all of them could be crucial in deciding the outcome of the vote. Additionally, Republican Sen. Steve Daines announced Thursday that he will be in Montana for his daughter's wedding over the weekend, leaving Kavanaugh with one less vote if his nomination is put to the floor over the weekend.\nIn a recent interview with the Daily Caller, Trump claimed that NBC leaked the Access Hollywood tape to the Washington Post, and said that it \"was illegal, what they did.\" He didn't elaborate on what specifically he believes was illegal, nor did he offer evidence that NBC leaked the tape. Trump also say that he prepared a lawsuit against NBC over the incident, though no such lawsuit was ever filed.","url":"https://www.bustle.com/p/activists-played-trumps-access-hollywood-tape-on-repeat-in-washington-dc-all-day-12165511","polarityScore":{"sourceTitle":"Bustle","allSidesBias":"left-center","communityAgree":"564","communityDisagree":"566","sourceUrl":"http://www.bustle.com/ "}}
