{"authors":["Robbie Neiswanger"],"date_download":"2018-11-02 09:31:46","date_modify":"2018-11-02 09:31:46","date_publish":"2017-08-01 04:30:00","description":"An activist investor fund will press for changes at Dillard's Inc., believing there are ways the Little Rock-based company can add value for shareholders through its real estate holdings.","filename":"ActivistinvestorfundtourgechangeatLittleRockbasedDillards_4202.json","image_url":"https://media.arkansasonline.com/static/ao_redesign/graphics/adgog.jpg","language":"en","localpath":"ActivistinvestorfundtourgechangeatLittleRockbasedDillards_4202.json","title":"Activist investor fund to urge change at Little Rock-based Dillard's","title_page":"Activist investor fund to urge change at Little Rock-based Dillard's","title_rss":"NULL","source_domain":"arkansasonline.com","text":"An activist investor fund will press for changes at Dillard's Inc., believing there are ways the Little Rock-based company can add value for shareholders through its real estate holdings.\nJeffrey Pierce, who is managing partner at New York-based Snow Park Capital Partners, said Monday in an email the fund hopes to engage Dillard's management and its board with a number of ideas that could unlock value for the minority shareholders who \"believe in the company and its future.\" Those ideas include leasing or repurposing store space for other retail tenants.\n\"We believe the value of Dillard's vast real estate holdings is well north of $200 per share,\" said Pierce, whose activist fund focuses on real estate securities. \"With an average sales per square foot of approximately $125, it's fair to say that Dillard's may not be getting the highest and best use for some or all of their owned space. In fact, our estimated rental value to more productive retail tenants exceeds the company's entire current income as a retailer.\"\nDillard's did not respond to a request for comment regarding Snow Park, which owns about 2 percent of the company's Class A stock according to multiple reports. Activist investors purchase a large amount of a public company's shares in hopes of driving change.\nDillard's shares closed Monday trading down $5.05, or 6 percent, to $73.82.\nThe family-owned business has a large retail portfolio with 293 stores, including 25 clearance centers, in 29 states. The stores total 49.2 million square feet and Dillard's owns about 44.1 million -- or roughly 90 percent -- of the square footage, according to the company's 2016 annual report.\nKen Perkins, president of research firm Retail Metrics, said it's no surprise to see activist investors look for ways to get some \"relatively low-hanging fruit\" with real estate, especially in a current retail landscape that has been dominated by bankruptcies and store closures.\nPerkins pointed to Macy's as another recent example. The company was pressed by investor Starboard Value LP, which wanted Macy's to separate its real estate from its retail business.\n\"What they're essentially asking is for a lot of these retailers to either form some form of a real estate trust and they lease back the real estate from them to operate their businesses or, as [Snow Park] has even suggested, maybe renting it out or subdividing it into more productive spaces where they lease it out to other businesses,\" Perkins said.\nBut Perkins said doing so would leave one key question: What becomes of the retail business itself?\nDillard's reported a 14 percent decrease in profits during the first quarter of the fiscal year. Earnings per share of $2.12 also declined from the previous year, but topped analyst estimates of $2.02 for the quarter. Revenue dropped 5.5 percent, while same-store sales fell 4 percent.\n\"I think that's the question a lot of retail managements are going to have to be grappling with in terms of downsizing or being forced by activists to change the nature of their businesses to some extent,\" Perkins said. \"Because they are not generating a kind of sales per square footage and it only seems to be diminishing as mall traffic continues to decline.\"\nSnow Park's campaign for change at the company is not the first time Dillard's has been pressed by an activist investor that sees potential in the company's real estate holdings.\nIn 2014, Marcato Capital Management LP released a report encouraging Dillard's to create a real estate investment trust. Marcato, which owned a 4.9 percent stake at the time, believed the move would have increased the value of the combined companies to about $193 a share.\nIt's not known if the latest push by an activist investor will yield results. The Dillard family controls the company through a separate set of Class B shares.\n\"It's always a little trickier when there's a Class A and a Class B [stock],\" said Bob Williams, senior vice president and managing director of Simmons First Investment Group Inc. in Little Rock.\n\"Obviously, it's in everyone's best interest to have the shares be fully valued through whatever means possible. Frequently people differ as to the timing and when is the best opportunity to do so.\"\nBusiness on 08/01/2017","url":"https://www.arkansasonline.com/news/2017/aug/01/investor-unlock-dillard-s-real-estate-2/?page=1","polarityScore":{"sourceTitle":"Arkansas Democrat-Gazette","allSidesBias":"left","communityAgree":"686","communityDisagree":"522","sourceUrl":"http://www.arkansasonline.com/ "}}
