{"authors":["Emma Hurt"],"date_download":"2018-11-02 09:35:22","date_modify":"2018-11-02 09:35:22","date_publish":"2017-06-08 00:00:00","description":"When Scott Howe joined Acxiom Corp. in 2011 as president and CEO, he was signing up for a turnaround. After the company's fiscal-year earnings release in May, Howe expressed his excitement that the company had finally \"turned a corner\" and started to see growth again.","filename":"Acxiomtostartalumniprogram_4308.json","image_url":"https://media.arkansasonline.com/img/photos/2017/06/08/resized_250499-scott-howe_73-23174_t600.JPG?4326734cdb8e39baa3579048ef63ad7b451e7676","language":"en","localpath":"Acxiomtostartalumniprogram_4308.json","title":"Acxiom to start 'alumni' program","title_page":"Acxiom to start 'alumni' program","title_rss":"NULL","source_domain":"arkansasonline.com","text":"When Scott Howe joined Acxiom Corp. in 2011 as president and CEO, he was signing up for a turnaround. After the company's fiscal-year earnings release in May, Howe expressed his excitement that the company had finally \"turned a corner\" and started to see growth again.\nNow he wants to ensure the growth will include re-engaging with former Acxiom employees, many of whom were laid off over the years. He plans to create an Acxiom alumni program within the current quarter.\nAt its peak around 2007, about 2,700 people worked for the company in Arkansas, where it was founded in 1969. In 2013 that number hovered around 2,250. It recently sold its 12-story tower in Little Rock to consolidate most Arkansan employees in Conway, where it now has about 1,500 employees in the state.\n\"A lot of the tactics and strategies around the turnaround, they are done,\" Howe said. \"We can put a check mark next to them. They're behind us. We've taken our medicine. We've gotten smaller by divesting, and we're starting to grow.\"\nAs a data broker and distributor, Acxiom helps marketers advertise and target potential customers through digital marketing technology and data-management and -collection services.\nHowe highlighted the addition of 120 employees in fiscal 2017 and profit growth he hasn't seen since he arrived.\n\"This is a great example of transforming a company that had lagged for almost a decade into something that is growing nicely,\" he said. \"We have a future that is brighter than our past.\"\nThe company's market capitalization has risen from about $900 million to $2 billion during his tenure.\n\"There was a lot of turnaround stuff around modernizing, investing and downsizing to divest ourselves of assets we didn't feel fit with the company,\" he said. \"And now that's done. We're starting to see the payoff for that.\"\nAcxiom sold its IT outsourcing business for $190 million in 2015 and its email services business, Acxiom Impact, for $22 million last year.\nBrett Huff, an analyst at Stephens Inc. in Little Rock, said the strategy to shrink Acxiom made sense, considering that the company had acquired some businesses that didn't fit with its strategy and weren't \"producing the kind of returns that we think that investors would've thought was appropriate.\"\n\"I do think they had to pick some assets that they needed to divest,\" he said. \"By and large, I think they chose correctly.\"\nAfter years of shrinking, Acxiom alumni in Arkansas have a \"wide range\" of opinions of the company,\" Howe said.\n\"If you went to interview 50 alumni ... you would hear people say, 'I think that was a really important step in my career.' And you would hear people say, 'I hate that company. They laid me off 10 years ago, and I'm still mad about it.' And that's not OK,\" he said.\nWhile Acxiom has done some outreach with single events and things like scholarships, \"It can't be one-off. It's got to be a program. I want to get to where, within the quarter, we are in a position to say, 'Here is our alumni program, and this is what it entails,'\" Howe said.\nEmployees were asked for suggestions, and Howe plans to pool them into programming that would include alumni and current employees, from social gatherings, speakers on campus and training to community service.\nThe Conway campus is Acxiom's largest, and the company is Conway's largest employer.\n\"Our reputation and the pride that our Conway associates have in the company is, in part, driven by how they are perceived and how the relationships they have persevere or don't over time,\" he said.\n\"From a cultural and a community perspective, it's the right thing to do,\" Howe said of reconnecting with past employees.\n\"If you look at Acxiom alumni and what they've gone on to do, they've done amazing things,\" he said. \"We want to have business relationships with those people after they leave Acxiom. They will become our future partners, clients and advisers.\"\nJerry Jones, Acxiom's chief ethics and legal officer and a native Arkansan, said Howe is focused on the idea.\n\"We want people to have a good view of our company, and we want to provide a forum for people to see their friends,\" he said. \"People who may be upset with Acxiom still like a lot of the people who work at Acxiom, so we are going to give everybody the opportunity to get together.\"\nBusiness on 06/09/2017","url":"https://www.arkansasonline.com/news/2017/jun/09/acxiom-to-start-alumni-program-20170609/?page=1","polarityScore":{"sourceTitle":"Arkansas Democrat-Gazette","allSidesBias":"left","communityAgree":"686","communityDisagree":"522","sourceUrl":"http://www.arkansasonline.com/ "}}
