{"authors":["Mike Debonis","Congressional Reporter Covering The House Of Representatives"],"date_download":"2018-10-21 02:53:22","date_modify":"2018-10-21 02:53:22","date_publish":"2018-10-19 10:00:52","description":"The Democratic Congressional Campaign Committee raised more than $22 million last month, beating records as individual candidates rake in small-dollar donations.","filename":"AddingtocandidatesbilliondollarhaulDemocraticleadersmaintainintenseHousefundraisingpace_431.json","image_url":"https://www.washingtonpost.com/resizer/8oAXe0_z-zpbZgV3EtRZgPESYOg=/1484x0/arc-anglerfish-washpost-prod-washpost.s3.amazonaws.com/public/JKR5F7GRSUI6RJG3DBBRDUTRFE.jpg","language":"en","localpath":"AddingtocandidatesbilliondollarhaulDemocraticleadersmaintainintenseHousefundraisingpace_431.json","title":"Adding to candidates’ billion-dollar haul, Democratic leaders maintain intense House fundraising pace","title_page":"Adding to candidates’ billion-dollar haul, Democratic leaders maintain intense House fundraising pace - The Washington Post","title_rss":"NULL","source_domain":"washingtonpost.com","text":"House Minority Leader Nancy Pelosi (D-Calif.) speaks during her weekly news conference on Capitol Hill on Sept. 6. (Jose Luis Magana/AP)\nThe main national campaign organ for House Democrats continued a stretch of record fundraising in September, wrapping up a quarter that brought more than $51 million into their midterms war chest.\nThe $22.2 million total reported by the Democratic Congressional Campaign Committee for September easily outstrips the $16.7 million that the DCCC raised in September 2014, the last midterm cycle. It’s also bigger than the $21.1 million raised in September 2016, a presidential cycle when political giving generally tends to increase.\nThe DCCC has roughly $30 million in cash to spend in races across the country, supplementing a surge of donations that have benefited individual campaigns in key House battlegrounds. Those campaigns have collectively raised more than $1 billion, according to an analysis of federal election records — the first time one party’s candidates have reached that threshold in an election cycle.\nThat campaign fundraising has largely been powered by small donors giving via the Internet, and the DCCC — which, as a national committee, is typically more reliant on big checks — is benefiting as well. Nearly $9 million of the group’s September receipts were raised online, at an average amount of $19. The total number of first-time online donors to the committee this cycle now stands at 465,000.\nSo far for the 2018 cycle, the DCCC has raised $228.6 million — a roughly 40 percent increase over the committee’s fundraising in both 2014 and 2016.\nThe National Republican Congressional Committee has not yet reported September figures to the Federal Election Commission. At the end of August, the NRCC had raised $150.5 million for the midterm cycle compared to the DCCC’s $206.4 million.\nRep. Ben Ray Luján (D-N.M.), the DCCC’s chairman, said that the committee’s haul, as well as the massive direct support to candidates, “has allowed Democrats to share their records of service directly with voters and set the narrative early in key races.”\nHe added: “Our strategic focus on small-dollar donations has allowed us to confront the unprecedented amount of dark outside Republican money flooding the airwaves and even put Republicans on their heels across an expansive battlefield.\"\nThe new numbers come after House Minority Leader Nancy Pelosi (D-Calif.) announced her own fundraising totals, which included more than $30 million for the DCCC — accounting for more than half the committee’s total receipts for the quarter. That includes dollars Pelosi raised from major donors at fundraising events as well as small donations solicited by the DCCC by mail and the Internet using Pelosi’s name.\nWhile the DCCC and individual Democratic campaigns have outraised their Republican counterparts, things have been more evenly matched when it comes to super PACs — outside groups that can accept unlimited donations but must operate independently of candidates or parties.\nFor instance, the Congressional Leadership Fund, the biggest House Republican super PAC, has reported raising $126 million for the cycle through September. Its Democratic counterpart, House Majority PAC, has reported raising $51 million, although that group has only filed reports through August.","url":"https://www.washingtonpost.com/politics/2018/10/19/adding-candidates-billion-dollar-haul-democratic-leaders-maintain-intense-house-fundraising-pace/","polarityScore":{"sourceTitle":"Washington Post","allSidesBias":"left-center","communityAgree":"21425","communityDisagree":"12735","sourceUrl":"http://www.washingtonpost.com/regional "}}
