{"authors":[],"date_download":"2018-11-02 06:54:10","date_modify":"2018-11-02 06:54:10","date_publish":"2017-11-20 00:00:00","description":null,"filename":"AddictionBraindiseaseorbadhabit_6285.json","image_url":"https://www.americanthinker.com/images/bucket/2017-11/202094.jpg","language":null,"localpath":"AddictionBraindiseaseorbadhabit_6285.json","title":"Addiction: Brain disease or bad habit?","title_page":"Addiction: Brain disease or bad habit?","title_rss":"NULL","source_domain":"americanthinker.com","text":"That President Trump has declared the opioid crisis a national public health emergency does not address the underlying question: Is drug addiction a mental health problem or a behavioral problem?\nLess than two weeks after a court ordered Julie Eldred not to use drugs while on probation, she tested positive for the opioid fentanyl. Consequently, Ms. Eldred, a chronic substance abuser, spent almost two weeks in jail until an inpatient treatment bed was available.\nOn appeal, her lawyer argues that incarceration was unconstitutional cruel and unusual punishment because drug use was beyond her client's control. In sum, Ms. Eldred had no choice.\nA decision by the court in her favor may radically alter how America confronts the demand side of its metastasizing opioid epidemic.\nAlthough the medical community generally accepts the view that addiction is a \"chronic and relapsing brain disease,\" a learned group of scientific, medical, and legal professionals fervently dissent.\nIn their amici brief, Sally Satel, a psychiatrist and scholar at the American Enterprise Institute, and Stephen J. Morse, a law and psychiatry professor at the University of Pennsylvania, persuasively argue that addiction is behavior: \"the persistent seeking and using of drugs despite negative consequences.\"\nIn essence, substance abuse is akin more to bad behavior than to mental illness.\nThey maintain that while Alzheimer's sufferers have no control over the progression of their condition, addiction is the result of repeated negative choices. Addicts are made, not born.\nBehaviorists contend further that there is little empirical evidence to support the \"brain disease\" theory.\nFor example, a plausible argument may be made that purported symptoms of the brain disease model (uncontrollable cravings; depression; anxiety; diminished impulse control; serious physical, mental, and emotional health problems) are the result of chronic substance abuse, not its cause.\nOf greater concern is the risk that the majority opinion has unintentionally exacerbated the drug scourge by shielding addicts from the consequences of negative behavior. As the prosecution argues in Eldred, \"brain disease\" rewards people like Ms. Eldred with the ready-made excuse that they have no choice but to use.\nBut just as touching a hot stove teaches a child to avoid hot stoves, the truth is that many addicts get clean and sober of their own volition or when the cumulative consequences of negative behavior become the catalyst for change.\nMany former users credit a stint in jail with jump-starting their recovery. For others, the mere threat of jail is incentive enough to seek help.\nPersonal responsibility is the sine qua non of a functioning member of society. Adoption of the brain disease theory by the court will effectively remove this cornerstone of recovery. Ironically, Ms. Eldred may too late discover that by prevailing, she will have sentenced herself to a lifetime of supervised care, treatment facilities, and the prospect of early death.\nThe grant of her petition will inevitably lead to more drug deaths, more and longer prison sentences without the possibility of probation or parole, increased recidivism, fewer options like drug courts to incentivize recovery, thousands of wasted lives, millions of wasted dollars, and the prolongation of the opioid epidemic.","url":"https://www.americanthinker.com/blog/2017/11/addiction_brain_disease_or_bad_habit.html","polarityScore":{"sourceTitle":"American Thinker","allSidesBias":"right","communityAgree":"1076","communityDisagree":"614","sourceUrl":"http://www.americanthinker.com/ "}}
