{"authors":["Joseph D. Lyons"],"date_download":"2018-10-31 00:51:57","date_modify":"2018-10-31 00:51:57","date_publish":"2018-09-30 20:44:36","description":"It took weeks of negotiating to get the Senate Republicans to ask for an FBI investigation into the allegations against Judge Brett Kavanaugh, including protests by Sen. Jeff Flake. But for one false Kavanaugh accusation, the Senate Judiciary…","filename":"AFalseKavanaughAllegationIsBeingInvestigatedByTheFBIHeresWhatThatMeans_2153.json","image_url":"https://imgix.bustle.com/uploads/getty/2018/9/30/dad7a695-ff12-4ca7-b83e-c68cac261a1b-getty-1046030768.jpg?w=1200&h=630&q=70&fit=crop&crop=faces&fm=jpg","language":"en","localpath":"AFalseKavanaughAllegationIsBeingInvestigatedByTheFBIHeresWhatThatMeans_2153.json","title":"A False Kavanaugh Allegation Is Being Investigated By The FBI - Here's What That Means","title_page":"A False Kavanaugh Allegation Is Being Investigated By The FBI — Here's What That Means","title_rss":"NULL","source_domain":"bustle.com","text":"It took weeks of negotiating to get the Senate Republicans to ask for an FBI investigation into the allegations against Judge Brett Kavanaugh, including protests by Sen. Jeff Flake. But for one false Kavanaugh accusation, the Senate Judiciary Committee referred the issue to the FBI and Department of Justice for criminal investigation on Saturday.\nCommittee chairman Sen. Chuck Grassley wrote the letter requesting the investigation and said that making false accusations is \"potentially illegal.\" Multiple studies show that while this case may be one of the few false accusations out there, they are proportionally minuscule compared to accurate accusations of sexual assault.\nKavanaugh has denied all the accusations against him and Bustle has reached out to the White House for additional comment.\nExperts said that the false accusation would hurt the others made against Kavanaugh, and sending it openly for further investigation could have the aim of supporting that narrative. \"It seems like an effort to emphasize that not all reports were accurate,\" Renato Mariotti, a defense lawyer and former federal prosecutor, told USA Today. \"This is a way to suggest you can't trust all the allegations made to the committee and could cause some people to draw conclusions that more are false.\"\nOf all accusations of rape (Kavanaugh has only been accused of attempted rape, which he denies), between just 2 and 10 percent have been shown to be false, according to one study in 2010. A 2017 study put the number at 5 percent. And that doesn't count the large number of sexual assaults that aren't reported at all.\nThat didn't stop Grassley from making a big deal out of his letter. \"The Committee is grateful to citizens who come forward with relevant information in good faith, even if they are not one hundred percent sure about what they know,\" Grassley wrote. \"But when individuals provide fabricated allegations to the Committee, diverting Committee resources during time-sensitive investigations, it materially impedes our work.\"\nThen he explained what was illegal and pushed the FBI to investigate seriously. \"It is illegal to make materially false, fictitious, or fraudulent statements to Congressional investigators. It is illegal to obstruct Committee investigations,\" Grassley wrote. \"I hope you will give this referral the utmost consideration.\"\nAlso on Saturday, news broke that the investigation into the accusations against Kavanaugh, all of which he denies, are being limited in scope by the White House. There's also a one-week deadline on the FBI investigation, which is not criminal but just an expanded background check.\nPresident Donald Trump has tried to push back against initial reports about the limited scope, saying the FBI has \"free rein,\" but The New York Times reported that the investigation is limited to just four interviews. One of those to be interviewed is Kavanaugh's friend Mark Judge, who Ford alleges was in the room when she was sexually assaulted. Many Democrats wanted to question him during the hearing and suggested he be subpoenaed.\nSenate Republicans decided who would make the cut, not Grassley or the Senate Judiciary Committee, as Kavanaugh has already advanced to the whole chamber. Senate Majority Leader Mitch McConnell shared who Senate Republicans wanted interviewed with the White House, which sent it on to the FBI.","url":"https://www.bustle.com/p/a-false-kavanaugh-allegation-is-being-investigated-by-the-fbi-heres-what-that-means-12103415","polarityScore":{"sourceTitle":"Bustle","allSidesBias":"left-center","communityAgree":"564","communityDisagree":"566","sourceUrl":"http://www.bustle.com/ "}}
