{"authors":[],"date_download":"2018-11-02 17:55:15","date_modify":"2018-11-02 17:55:15","date_publish":"2017-09-12 15:37:00","description":"Follow these 10 smart tips after Hurricane Irma and the tropical storm passes through your city.","filename":"AfterHurricaneIrmatipsafterstormtips_4727.json","image_url":"https://www.ajc.com/rf/image_large/Pub/p8/CmgSharedContent/2017/09/11/Videos/4169930.vpx.jpg","language":"en","localpath":"AfterHurricaneIrmatipsafterstormtips_4727.json","title":"After Hurricane Irma tips, after storm tips","title_page":"Hurricane Irma damage: After Hurricane Irma tips, after storm tips","title_rss":"NULL","source_domain":"ajc.com","text":"Hurricane Irma was downgraded from a Category 5 disaster with 185-mph record-breaking winds to a severe tropical storm as it reached Georgia Monday, only after taking at least 37 lives in the Caribbean, five in Florida and at least three in Georgia.\n» RELATED: Irma assaults Georgia: Three dead and nearly 1.5 million without power\nWhile the storm weakened over the weekend, Irma is still packing powerful winds and causing flooding as well as damage to trees and power lines.\nBut even after the storm passes through your city, it’s imperative that residents and evacuees in Irma-affected areas follow some post-storm tips.\n» RELATED: Georgia DOT: Traveling after Irma remains risky\nHere are 10 things you should do right after the storm hits or passes:\nA fallen tree lies across stairs leading to the Cornell Art Museum at Old School Square in Delray Beach after Hurricane Irma Monday, September 11, 2017. (Bruce R. Bennett / The Palm Beach Post) (Bruce R. Bennett/The Palm Beach Post)\n1. If you’ve experienced flooding, keep all electricity turned off.\nDue to possible risk of experiencing electrical shock or fire, it’s recommended that anyone that has experienced flooding not turn on any electricity, especially around appliances that have been wet.\n» RELATED: Georgians react with skepticism, anxiety on social media as Irma makes its way through Georgia\n2. Don’t turn all of your major appliances on at once.\nIf you haven’t experienced flooding, you should still be sure to turn your major appliances on gradually.\n3. Don’t touch any downed wire.\nAccording to Georgia Power, touching downed wire, including telephone or cable TV wires, can kill.\nIf you notice any downed wires, immediately inform Georgia Power or your local authorities.\n» RELATED: Georgia governor warns of ‘slow’ recovery from Irma\n4. Never use generators indoors or outside near windows, vents.\nAccording to Stephen Nelson, Polk County chief medical examiner in Orlando, Florida, the main source of carbon monoxide poisining after hurricanes is the power generator.\n“Carbon monoxide poisoning is a huge problem,” he told the Orlando Sentinel. “Don’t put the generators in your garage to power your house. The generator needs to be outside the house way far away from anything that can suck carbon monoxide into your house.”\n» RELATED: NASA astronaut captures eerie images of Hurricane Irma’s destruction from space\n» More about generator safety from Georgia Power\n5. Don’t step in a puddle.\nGeorgia Power warns against stepping in any puddles of water after a storm, because they may be electrified.\n6. Document all damages.\nTake thorough photos and videos of any damage and keep a running list of your damaged items.\n7. File an insurance claim for said damages.\nUse your documented damages to file an insurance claim. When you contact your insurance company, let them know that you have a full inventory of your damages in hand.\nAfter you file a claim and the insurance company gets back to you, an insurance adjuster should come to your property to further assess the damage.\nAdditionally, Paul Holmes of the Today Show recommends that when it comes to repairs, focus on emergency repairs and leave the rest for your insurance adjuster to see.\nFor more questions about insurance policies after a storm, contact your insurance company.\n» RELATED: Here’s how to know if your food is safe to eat if affected by Hurricane Irma\n8. Seek professionals for any electrical repairs.\n“Let our crews do the dangerous work,” Georgia Power warns.\n9. Use protective gear when cleaning up.\nWear work gloves, safety classes, long sleeves and pants and boots if possible.\n10. Plan better for the next disaster.\nApply for flood insurance and take other preventative steps, such as keeping a Ready kit in hand for evacuations, keeping trees and shrubs trimmed and coming up with a plan for your pets.\nFor more hurricane readiness tips, go to ready.ga.gov.\n» RELATED: AJC Atlanta weather updates","url":"https://www.ajc.com/news/disasters/storm-over-what-now-things-you-need-right-after-the-storm-passes/sH2sjsB6hJWpN4eday5ZeJ/","polarityScore":{"sourceTitle":"Atlanta Journal-Constitution","allSidesBias":"left-center","communityAgree":"561","communityDisagree":"580","sourceUrl":"http://www.ajc.com/ "}}
