{"authors":[],"date_download":"2018-11-02 17:57:43","date_modify":"2018-11-02 17:57:43","date_publish":"2017-07-14 13:01:00","description":"Less than a day after Jimmy Carter had to be treated for dehydration, the 92-year-old was back volunteering for Habitat","filename":"AfterhospitalizationJimmyCarterreturnstoHabitatbuild_4749.json","image_url":"https://www.ajc.com/rf/image_large/Wires/w2/OldFeeds/2017/07/13/Images/photos.medleyphoto.14874834.jpg","language":"en","localpath":"AfterhospitalizationJimmyCarterreturnstoHabitatbuild_4749.json","title":"After hospitalization Jimmy Carter returns to Habitat build","title_page":"After hospitalization Jimmy Carter returns to Habitat build","title_rss":"NULL","source_domain":"ajc.com","text":"Well that didn’t take long.\nProving you can’t keep a good man -- or a dehydrated one -- down for long, former President Jimmy Carter returned to a Habitat for Humanity building site in Winnipeg Friday morning, one day after being hospitalized for dehydration.\nHabitat for Humanity broke the news with a tweet posted at 9:01 a.m.\n“President Jimmy Carter has arrived at the build site to start the final day of the 2017 #HabitatCWP in Canada.” It showed the 92-year-old Plains resident smiling at hard hat wearing volunteers and Habitat workers as he arrived.\nPresident Jimmy Carter has arrived at the build site to start the final day of the 2017 #HabitatCWP in Canada. pic.twitter.com/oDammpIPvP — Habitat for Humanity (@Habitat_org) July 14, 2017\nEven before Habitat made it official, someone on the site where houses are being built in Winnipeg reacted excitedly:\nMinutes later, the Carter Center released a statement that said Carter had attended the 8 a.m. morning devotional held on the building site; it made no mention of whether the devoted Habitat volunteer would be back manning his circular saw today, the fifth and final day of the 34th Habitat for Humanity Jimmy & Rosalynn Carter Work Project.\nRELATED: Two presidents to another: Bill Clinton, George H.W. Bush wish Jimmy Carter well\n“President Carter became dehydrated the morning of Thursday, July 13, during the build. As a precaution, he was transported to St. Boniface General Hospital for rehydration, the statement explained. “He and Mrs. Carter extend their appreciation for the many well-wishes he received worldwide.”\nUPDATE: CBC News reported later Friday morning that Carter left for some rest after the devotional service “but planned to return for the closing ceremony at the site, and to thank all of the volunteers for their work,” according to a Habitat for Humanity spokesperson.\nFormer President Jimmy Carter became dehydrated on a Habitat for Humanity build in Winnipeg Thursday morning and reportedly received medical attention.\nCarter was accompanied by his 89-year-old wife, Rosalynn. The duo, who celebrated their 71st wedding anniversary last week, began volunteering for Habitat in 1984, then based some 10 minutes from their Plains home in Americus. Now headquartered in Atlanta, Habitat for Humanity has become a global force for good, helped along immeasurably by the Carters, who annually devote a week to building homes in different locations around the world.\nTheir return to the building site on Friday morning was greeted with a “huge ovation,” according to Habitat for Humanity International CEO Jonathan Reckford, who tweeted out a photo of an attentive-looking Jimmy Carter and his wife seated at the morning devotional service.\nHuge ovation as Pres and Mrs. Carter returned to the build site this morning at #HabitatCWP #BuildingHope pic.twitter.com/wb8zNWfLDR — Jonathan Reckford (@JReckford) July 14, 2017\nAt least one person didn’t seem surprised at Carter’s quick return -- his grandson, Jason Carter. The younger Carter, the 2014 Georgia Democratic gubernatorial nominee who now chairs the Carter Center’s board of trustees, is extremely close to both of his grandparents. Not long after Habitat posted the photo of Carter arriving at the building site Friday morning, Jason Carter retweeted it with the hashtag #ofcourse.","url":"https://www.ajc.com/news/jimmy-back-jimmy-carter-back-habitat-build-site-friday-morning-after-dehydration-scare/lS2grCivyxdrRmoGWdI9jL/","polarityScore":{"sourceTitle":"Atlanta Journal-Constitution","allSidesBias":"left-center","communityAgree":"561","communityDisagree":"580","sourceUrl":"http://www.ajc.com/ "}}
