{"authors":[],"date_download":"2018-10-23 05:14:48","date_modify":"2018-10-23 05:14:48","date_publish":"2018-10-13 00:00:00","description":"Stunt performers can take a punch or survive a fiery car crash. It may sound like a job for the young, but Lesseos has been at it for decades. At 54, she wants to pass on her work's rewards and snags.","filename":"AfterLivingDozensOfLivesLeadingStuntwomanMimiLesseosHasLessonsToOffer_672.json","image_url":"https://media.npr.org/assets/img/2018/10/12/mimi_wide-1d40c6a49754cbeff39e397f98ba0f28aaf46cb5.jpeg?s=1400","language":"en","localpath":"AfterLivingDozensOfLivesLeadingStuntwomanMimiLesseosHasLessonsToOffer_672.json","title":"After Living Dozens Of Lives, Leading Stuntwoman Mimi Lesseos Has Lessons To Offer","title_page":"After Living Dozens Of Lives, Leading Stuntwoman Mimi Lesseos Has Lessons To Offer : NPR","title_rss":"NULL","source_domain":"npr.org","text":"SCOTT SIMON, HOST:\nStunt work is a tough trade - almost as tough as writing our theme music like BJ Leiderman does. Stunt people have to know how to take a poke in the schnoz, get thrown off of buildings and smolder in fiery car crashes. Sure sounds like a job for the young, but about an hour outside of Los Angeles, NPR's Peter Breslow spoke with a woman who's been at it for decades. We sent Peter out to learn a few tricks of her trade.\nPETER BRESLOW, BYLINE: You have to linger a long time in your movie theater seat or on your living room couch before Mimi Lesseos' credit rolls by. But eventually, her name does pop up - a small reward for getting decapitated by a helicopter blade on \"Fear Of The Walking Dead\" or having her lights punched out in Clint Eastwood's boxing movie \"Million Dollar Baby.\"\n(SOUNDBITE OF FILM, \"MILLION DOLLAR BABY\")\nMIMI LESSEOS: Here's a wall of shame over here (laughter).\nBRESLOW: Mimi Lesseos' house sits in a cul-de-sac in Acting, Calif. - a high, desert community full of scrub brush and played-out gold mines. Her walls are covered with movie posters and photos of her with the celebrities she's known - George Clooney, Clint Eastwood, Cher and some she's pretended to pummel over the years.\nLESSESO: Erik Estrada - I was in a movie where I beat up his whole gang, took his drugs (laughter) and then they came and killed me and took the drugs back (laughter).\nBRESLOW: Lesseos, who is auburn-haired, sturdy and likes to cackle, figures she's been killed about 30 or 40 times on screen. Today, very much alive, she's dressed in black track pants and a tank top showcasing biceps boasting definition. She entered the fight world young. She says she fled a rough household when she was a teenager. And with a bit of judo experience she learned from her uncle, she made her way to mud wrestling.\nLESSESO: I went to a club and got a job at the Hollywood Tropicana when I was 16 years old and did the whole little dance around, you know, the mud pit and fought another girl almost every night.\nBRESLOW: From mud, Lesseos moved to professional wrestling and Magnificent Mimi was born.\n(SOUNDBITE OF ARCHIVED RECORDING)\nUNIDENTIFIED ANNOUNCER: (Unintelligible) challenger - from Hollywood, Calif., here is the Magnificent Mimi.\n(APPLAUSE)\nBRESLOW: Along the way, she began performing stunts on screen. But even though pro wrestling moves are planned out, Lesseos says your body still takes a beating. So she retired from the ring in 1990 to begin a career writing, directing, producing and acting in her own action films. The first was called \"Pushed To The Limit,\" but she ran out of funds while making that movie. And so she re-entered the ring, this time in Japan where the money was good, but the action was brutal.\nLESSESO: They would take out the ropes and put in electrical barb wire. It was - they were crazy. And so when you got kicked, you got kicked into the barbed wire. And you wouldn't - not alone just get shocked but your skin would get stuck onto the barb wire.\nBRESLOW: But stunt fighting for film and TV is all about safety, says Lesseos. There are pads for your knees and to guard your spine. The moves are precise and there is no contact - usually.\nLESSESO: I particularly like a little bit of contact. That's just me, you know (laughter)? It's like hit me a little bit, you know? Come on.\nBRESLOW: Lesseos has done her share of car crashes and fires, but her specialty, one she's very proud of, is the fighting.\nLESSESO: It's like a dance - a choreographed, wonderful dance. And it's all in the timing. And the other person that you're fighting with has the same feeling. And you've pleased that director so much after you - you're on the floor going - and then you get up. Everybody stands up and claps. You know, I've got chills. It's just - it's - I almost want to cry. I'm sorry.\nBRESLOW: But that doesn't mean injuries don't happen. Once while stunting on a TV show, Lesseos had to absorb a car window breaking on her face. The glass was fake, but still, she was bloodied by 50 little shards.\nLESSESO: You know, we did like 20 takes. And, you know, I was, yeah, I'll do another one, sure. I'm up for another one. You know, you've got to be, you know, the person who is always right there. OK, yes, I'm eager to do it because the director can hire another person. And you want them to say, wow, that stunt girl was badass.\nBRESLOW: Stunt work has changed, and women are now prominent in the industry. They've helped end the era when stunt men would throw on a wig and a dress and pretend to be an actress. Mimi Lesseos is almost 55 years old, and she thinks it's time to pass on some of her fighting know-how. She's just written a memoir called \"Break The Chain,\" and she's shopping around a 12-part reality show, \"America's Superwoman, Next Action Diva,\" in which aspiring action stars learn how to take a fall and take a punch. But today on her front lawn...\nLESSESO: What do you punch with? Are you a righty or lefty?\nBRESLOW: I don't punch anyone.\n(LAUGHTER)\nLESSESO: Are you a righty or lefty?\nBRESLOW: Yeah, I'm right handed. Yeah.\nLESSESO: OK. So am I.\nBRESLOW: She's going to show a graying reporter how to stunt fight. The sequence - a right hook to the jaw, followed by a backhand to the face, a karate kick to the midsection and a toss onto a mat on the ground.\n(LAUGHTER)\nBRESLOW: This is fun.\nLESSESO: It is fun. OK. Do it again.\nBRESLOW: Peter Breslow, NPR News.\nLESSESO: Yeah - beautiful.\nBRESLOW: Are you OK?\nLESSESO: Oh, I'm great. I didn't feel a thing. Did you (laughter)?\n(SOUNDBITE OF MUSIC)\nCopyright © 2018 NPR. All rights reserved. Visit our website terms of use and permissions pages at www.npr.org for further information.\nNPR transcripts are created on a rush deadline by Verb8tm, Inc., an NPR contractor, and produced using a proprietary transcription process developed with NPR. This text may not be in its final form and may be updated or revised in the future. Accuracy and availability may vary. The authoritative record of NPR’s programming is the audio record.","url":"https://www.npr.org/templates/transcript/transcript.php?storyId=656908708","polarityScore":{"sourceTitle":"NPR Editorial ","allSidesBias":"left-center","communityAgree":"764","communityDisagree":"809","sourceUrl":"https://www.npr.org/sections/opinion/ "}}
