{"authors":["Julia Emmanuele"],"date_download":"2018-10-31 00:24:58","date_modify":"2018-10-31 00:24:58","date_publish":"2018-10-05 18:12:46","description":"Remember when Rory and Lorelai went to four separate Thanksgiving dinners one year, and effectively lived everyone's greatest holiday dreams? Well, the Gilmore girls are gifting everyone else with an overwhelming holiday treat of their own this…","filename":"AGilmoreGirlsThanksgivingMarathonIsComingThisYearGivingYouSoMuchToBeGratefulFor_2156.json","image_url":"https://imgix.bustle.com/uploads/image/2018/10/5/7b35ea97-c6e2-4dc6-b1ca-6f7255d483ac-96ac5fe1-5cac-4d1a-8e71-9744a23c2811-027_gilmoregirls_101_win_00072r.jpeg?w=1200&h=630&q=70&fit=crop&crop=faces&fm=jpg","language":"en","localpath":"AGilmoreGirlsThanksgivingMarathonIsComingThisYearGivingYouSoMuchToBeGratefulFor_2156.json","title":"A 'Gilmore Girls' Thanksgiving Marathon Is Coming This Year, Giving You So Much To Be Grateful For","title_page":"A 'Gilmore Girls' Thanksgiving Marathon Is Coming This Year, Giving You So Much To Be Grateful For","title_rss":"NULL","source_domain":"bustle.com","text":"Remember when Rory and Lorelai went to four separate Thanksgiving dinners one year, and effectively lived everyone's greatest holiday dreams? Well, the Gilmore girls are gifting everyone else with an overwhelming holiday treat of their own this year: an epic week-long Gilmore Girls Thanksgiving marathon.\nEntertainment Weekly first reported that UPtv is bringing back its epic GilMore the Merrier marathon, and will air all seven seasons of Gilmore Girls over the Thanksgiving holiday weekend. Starting on Monday, Nov. 19 at 3 p.m. ET, the network will air Gilmore Girls episodes 24 hours a day for a grand total of 153 straight hours, culminating on Sunday, Nov. 25 at midnight. The marathon will be hosted by Stars Hollow's very own Scott Paterson, who played grumpy diner owner (and Lorelai's true love) Luke Danes.\nA Thanksgiving marathon is especially fitting for Gilmore Girls, as fans have watched the girls enjoy their fair share of holiday meals — again, they once ate four separate Thanksgiving dinners — but also because Gilmore Girls made its return to the small screen last Thanksgiving, thanks to the holiday weekend premiere of the four-part Netflix series, A Year in the Life. Besides, there is truly no better way to honor everyone's favorite junk food and move obsessives than by stuffing our faces while binge watching television. It's truly how Lorelai would want Thanksgiving to be celebrated.\nIn addition to reliving every epic snack session that Rory and Lorelai have enjoyed over the years, fans can take a break from any dinner table awkwardness with their own families in order to relive the lifelong drama between Lorelai and Emily. Whether they're arguing about paying for Rory's tuition or just trying to break the ice at a particularly uncomfortable Friday night dinner, the familial tension between Lorelai and her mother (and occasionally her father) should proved respite from even the most heated family fights.\nAnd if nothing else, seeing them be able to put aside their disagreements might even help bring fans and their own parents closer together. After all, nobody can make it through any of Lorelai and Emily's big fights without feeling the urge to call their mother.\nOn the other hand, if you're looking to inject a little more drama into your holiday weekend — or to just keep the conversation away from politics and onto something a little less controversial — 153 hours of Gilmore Girls offers plenty of new opportunities to reevaluate your stance on one of the greatest debates in TV history: Which of Rory's boyfriends she should have ended up with. Team Jess, Team Logan, Team Random Chewbacca dude — it doesn't matter what your stance is, just be prepared to defend it over pumpkin pie if you so happen to bring it up during dinner.\nUPtv's GilMore the Merrier marathon might be the best way for Gilmore Girls fans to celebrate with their favorite family from now on, especially since both Lauren Graham and Alexis Bledel have expressed hesitance about returning to Stars Hollow yet again.\nDespite the fact that Netflix expressed interest in even more Gilmore Girls episodes in the wake of A Year in the Life, Bledel has stated that her future involvement \"would be about the story and certainly the timing. We want to tell a great story.\" Graham echoed those sentiments in May 2017, telling The Hollywood Reporter that while she personally would be open to filming more episodes, \"There are people that have better objectivity than I with saying what is best for the show. You could never please everybody. … We would just want to make sure it could be pleasing.\"\nIn the meantime, at least fans will always have the original episodes and one to four turkeys to help keep our hearts and stomachs full this Thanksgiving.","url":"https://www.bustle.com/p/a-gilmore-girls-thanksgiving-marathon-is-coming-this-year-giving-you-so-much-to-be-grateful-for-12173335","polarityScore":{"sourceTitle":"Bustle","allSidesBias":"left-center","communityAgree":"564","communityDisagree":"566","sourceUrl":"http://www.bustle.com/ "}}
