{"authors":[],"date_download":"2018-11-02 14:14:50","date_modify":"2018-11-02 14:14:50","date_publish":"2017-08-04 00:00:00","description":"What makes a college LGBTQ-friendly?","filename":"AgnesScottnamedmostLGBTQfriendly_4821.json","image_url":"https://www.ajc.com/rf/image_large/Pub/p8/AJC/2017/08/04/Videos/4145645.vpx.jpg","language":"en","localpath":"AgnesScottnamedmostLGBTQfriendly_4821.json","title":"Agnes Scott named most LGBTQ friendly","title_page":"Best college Georgia: Agnes Scott named most LGBTQ friendly","title_rss":"NULL","source_domain":"ajc.com","text":"What makes a college LGBTQ-friendly? Ask students at Decatur’s Agnes Scott, a private liberal arts women’s college.\n» RELATED: Oprah Winfrey gives inspiring speech at Agnes Scott College commencement\nThe small school situated near the bustling streets of downtown and midtown Atlanta was recently named one of the country’s top 10 most LGBTQ-friendly colleges by the Princeton Review.\nThe company’s “Best 382 Colleges” book includes 62 different rankings, such as best quality of life, most politically active, most LGBTQ-friendly and more.\n» RELATED: What's the best college in Georgia? Depends who you ask\nTo assess the score for each ranking, Princeton Review analysts collected surveys from 137,000 students at the 382 schools.\nWhen asked to answer how strongly they agreed or disagreed with the statement “Students treat all persons equally, regardless of their sexual orientation and gender identity/expression,” the students chose from a range of answer choices (“strongly agree” “strongly disagree,” “excellent,” “poor” etc.), each of which was attached to a specific percentage score.\n» RELATED: The most beautiful college campus in the world is in Georgia\nAgnes Scott College in Decatur. Photo courtesy of Agnes Scott College. (Fast Copy News Service)\nBased on those scores, metro Atlanta’s Agnes Scott College was named the seventh most LGBTQ-friendly college in the nation.\nFrom the Agnes Scott College Statement on Gender Expression and Gender Identity:\nWe support students, including students who identify as lesbian, gay, bisexual, transgender, queer, intersex or questioning (LGBTQIQ). This support takes the form of a variety of campus services designed to create a safe learning and living environment for all. We recognize and value individuals across the spectrum of gender and are proud of the trans women, trans men, and non-binary individuals who have been admitted and/or graduated from Agnes Scott. We embrace our identity as a women’s college and as a community committed to inclusive excellence in our mission.\nHere are the top 20 LGBTQ-friendly colleges in America, according to the Princeton Review’s “Best 382 Colleges:”\nBryn Mawr College (Bryn Mawr, Pennsylvania) College of the Atlantic (Bar Harbor, Maine) Emerson College (Boston, Massachusetts) Warren Wilson College (Asheville, North Carolina) Mount Holyoke College (South Hadley, Massachusetts) Sarah Lawrence College (Bronxville, New York) Agnes Scott College (Decatur) Vassar College (Poughkeepsie, New York) Franklin W. Olin College of Engineering (Needham, Massachusetts) Grinnell College (Grinnell, Iowa) Brown University (Providence, Rhode Island) Reed College (Portland, Oregon) Harvey Mudd College (Claremont, California) College of William and Mary (Williamsburg, Virginia) Bennington College (Brunswick, Maine) Bowdoin College (Brunswick, Maine) Oberlin College (Oberlin, Ohio) Eckerd College (St. Petersburg, Florida) Carleton College (Northfield, Minnesota) Simmons College (Boston, Massachusetts)\n» RELATED: Two Georgia colleges among the best in the world in new global ranking\nAgnes Scott College also cracked the top 20 in the following Princeton Review “Best 382” rankings:\nBest quality of life: No. 20\nMost active student government: No. 9\nMost liberal students: No. 12\nRace/class interaction: No. 20\n“Nobody Plays Intramural Sports:” No. 14\n“Stone-Cold Sober Schools:” No. 20\n“Don’t Inhale” (wide marijuana usage): No. 19\nMore about the Princeton Review “Best 382” list.","url":"https://www.ajc.com/news/local/georgia-school-named-one-the-most-lgbtq-friendly-colleges-the-country/UbP2pp5brBsiizLQvc1qQO/","polarityScore":{"sourceTitle":"Atlanta Journal-Constitution","allSidesBias":"left-center","communityAgree":"561","communityDisagree":"580","sourceUrl":"http://www.ajc.com/ "}}
