{"authors":[],"date_download":"2018-10-30 01:20:59","date_modify":"2018-10-30 01:20:59","date_publish":"2017-11-08 17:01:00","description":"To find the best Black Friday deals on gifts this year, you'll want to know what you're looking for and be on the ball Thanksgiving Day and Black Friday.","filename":"AguidetothebestBlackFridaydeals_737.json","image_url":"https://www.ajc.com/rf/image_large/Pub/p8/PalmBeachPost/2017/11/08/Images/11222012%20met%20shop%2009.JPG","language":"en","localpath":"AguidetothebestBlackFridaydeals_737.json","title":"A guide to the best Black Friday deals","title_page":"Black Friday 2017: A guide to the best Black Friday deals","title_rss":"NULL","source_domain":"ajc.com","text":"To find the best Black Friday deals on gifts this year, you'll want to know what you're looking for and be on the ball now until Thanksgiving Day.\nLuckily, many of the best Black Friday ads have leaked, allowing you to get started early on your shopping lists and create a plan of action.\n» RELATED: Amazon launches Black Friday deals early\nDon't miss these top deals from some of the most popular retailers that will be going on Black Friday (and in some cases are available now):\nTarget\nOpens 6 p.m. Thanksgiving Day, open on Black Friday\nSee the Target Black Friday ad\nThe top Target deal:\nCanon Rebel T6 DSLR bundle: $449.99, reg. $749.99\nAdditional deals:\nXbox One S 500GB with $25 gift card: $189.99 , reg. $279.99\n, reg. $279.99 Jetson V12 All-Terrain Hoverboard: $199 , reg. $299.99\n, reg. $299.99 GoPro HERO5 Black with $50 gift card: $349.99 , reg. $399.99\n, reg. $399.99 DJI Spark Mini Drone: $399, reg. $499\nCostco\nBlack Friday at Costco (Courtesy of Zach Epstein/For the AJC)\nClosed Thanksgiving Day, opens 9 a.m. on Black Friday\nSee the Costco Black Friday ad\nThe top Costco deal:\nHP Pavilion 15.6\" 1080p Touchscreen Windows 10 Professional Laptop: $799.99, reg. $1149.99\nAdditional deals:\nDyson Ball Animal + Upright Vacuum: $269.99 , reg. $399.99\n, reg. $399.99 HP Pavilion 15.6\" 1080p Touchscreen Windows 10 Professional Laptop: $50 Off\nFitbit Charge 2 Activity Tracker with Additional Band: $99.99 , reg. $149.99\nXbox One S Bundle (two controllers, 3-month game pass): $219.99 , reg. $299.99\nDJI Mavic Pro Aerial Camera Bundle: $100 Off\nSony PlayStation 4 1TB Console: $189.99, reg. $289.99\nHere are the Costco deals you can jump on right now.\nKohl's\nBlack Friday at Kohl's (Courtesy of Nick Ut/For the AJC)\nOpens 6 p.m. Thanksgiving Day, open Black Friday\nSee the Kohl's Black Friday ad\nThe top Kohl's deal:\nExpect the unexpected—from the perfect KitchenAid Stand Mixer to elves to earning #KohlsCash on gifts! https://t.co/kTPYaOhObO pic.twitter.com/WmjL3zCLUU — Kohl's (@Kohls) November 5, 2017\nSamsung 55\" 4K Ultra HD Smart TV Model UN55MU6290 + $150 Kohl's Cash: $499.99, reg. $999.99\nAdditional deals:\nCanon EOS Rebel T6 DSLR Camera with Wi-Fi connectivity + $135 Kohl's Cash: $449.99 , reg. $749.99\n, reg. $749.99 Haier 55\" 4K Ultra HDTV + $90 Kohl's Cash: $299.99 , reg. $399.99\nXbox One S 500GB Console + $45 Kohl's Cash: $189.99 , reg. $279.99\nFitbit Charge 2 Heart Rate + Fitness Wristband + $30 Kohl's Cash: $99.99 , reg. $149.99\nVictrola 6-in-1 Bluetooth Record Player: $89.99 , reg. $129.99\n, reg. $129.99 Holiday Motorized Train Set: $34.99, reg. $99.99 Here are other Kohl’s deals to look out for now until Black Friday.\nDell\nOpens 11 a.m. Thanksgiving Day, open Black Friday\nSee the Dell Black Friday ad\nThe top Dell deal:\nAlienware 17: $1,599.99, reg. $2074.99\nAdditional deals:\nInspiron 14 3000: $129.99 , reg. $249.99\nDell 32 Monitor - D3218HN: $169.99 , reg. $349.99\nInspiron Gaming Desktop: $499.99 , reg. $649.99\nSamsung 55\" 4K Smart HDR Ultra HDTV + $100 Dell Promo eGift Card: $599.99 , reg. $799.99\nUltimate Ears BOOM 2 Bluetooth Speaker: $99.99 , reg. $199.99\n, reg. $199.99 Inspiron 24 3000 Touch: $549.99, reg. $749.99 Here’s more on Dell deals to keep an eye on.\nJCPenney\nOpens 3 p.m. Thanksgiving Day, open Black Friday\nSee the JCPenney Black Friday ad\nThe top JCPenney deal:\n1-Carat T.W. Diamond Swirl 14K Yellow Gold Stud Earrings: $376.99, reg. $1624.98\nAdditional deals:\nSamsung 55\" Class UHD 4K HDR LED Smart HDTV: $499.99 , reg. $699.99\nSamsung 26 Cubic Foot 3-Door French Door Refrigerator RF260BEAESR/AA: $995 , reg. $1999\nEpicurious 11-Piece Aluminum Nonstick Set: $99.99 , reg. $380\n, reg. $380 North Pole Trading Co. 7-foot Cyprus LED Color Changing Christmas Tree: $69.99 , reg. $180\nSkyrider Falcon 2 Pro Drone with Camera: $29.99 , reg. $79\nPlaystation 4 1TB Console: $199.99, reg. $299.99 Here’s more on JC Penney’s deals to keep an eye on.\nHere’s how to capitalize on Black Friday deals:\nBlack Friday at Target (Courtesy of Target Brands, Inc./For the AJC)\nUse discounted gift cards.\nAlong with all the deals you'll score this Black Friday, you can save even further by using discounted gift cards when you shop. Before you hit the stores, visit Gift Card Granny to find gift cards at a reduced price. This one-stop shop will help you locate the best-discounted gift cards available on multiple sites so that you'll save the most money possible. If you're already planning on spending a significant amount of money on Black Friday, you could end up saving a lot of money by using discounted gift cards for your purchases.\nCreate a plan.\nDon't just show up at your favorite store hoping to find the best Black Friday deals. If you really want to get the most for your money, create a plan so that you know what you need to purchase, which stores offer the best discounts and doorbusters and in what order you'll shop.\nLeave the kids at home.\nLet's face it, bringing your kids along can really turn a well-planned shopping trip into an exhausting excursion. Long lines, chaotic crowds and late hours can wreak havoc on anyone's patience but are especially tough on young children. Though they might want to come along on Black Friday, do everyone a favor and hire a sitter.\nDitch the cart.\nIt's hard enough to weave a shopping cart through the aisles of a store on a normal day, but during Black Friday it's simply maddening. Not only that, but you'll lose precious time in the process. This year, bring along reusable shopping bags instead of using a cart whenever possible.\nBlack Friday 2017: Microsoft ad deals on laptops, gaming systems and more just leaked","url":"https://www.ajc.com/lifestyles/holiday/all-the-black-friday-sales-you-should-jumping-now/UYNzex6ZUoPjhn6LrqJzCO/","polarityScore":{"sourceTitle":"Atlanta Journal-Constitution","allSidesBias":"left-center","communityAgree":"561","communityDisagree":"580","sourceUrl":"http://www.ajc.com/ "}}
