{"authors":[],"date_download":"2018-10-23 00:58:24","date_modify":"2018-10-23 00:58:24","date_publish":"2017-09-02 00:00:00","description":"At the only emergency department providing care in downtown Houston, staff stayed in the hospital throughout the week to care for patients. It was an emotional experience.","filename":"AHoustonEmergencyRoomWorksAroundTheClockToHelpHurricaneVictimsShots_651.json","image_url":"https://media.npr.org/assets/img/2017/09/01/img_8209-2_wide-cfdd86ea0936bb0a791354c083bcb2fb110f7248.jpg?s=1400","language":"en","localpath":"AHoustonEmergencyRoomWorksAroundTheClockToHelpHurricaneVictimsShots_651.json","title":"A Houston Emergency Room Works Around The Clock To Help Hurricane Victims : Shots","title_page":"A Houston Emergency Room Works Around The Clock To Help Hurricane Victims : Shots - Health News : NPR","title_rss":"NULL","source_domain":"npr.org","text":"SCOTT SIMON, HOST:\nSt. Joseph Medical Center is the only hospital in the heart of Houston's downtown. It is just down the street from the convention center where thousands of evacuees have been staying since Hurricane Harvey hit. From member station KERA, Rachel Osier Lindley reports that some doctors and nurses were on the clock for almost the entire week.\nRACHEL OSIER LINDLEY, BYLINE: When you're working in an ER during a major natural disaster, nothing is routine.\nTRENT TANKERSLEY: We had a lady who the only vehicle heavy enough and strong enough to get to her through the floodwaters was a dump truck. She was pregnant. She was in labor. She was brought to the hospital in the dump bed of a dump truck, soaking wet.\nOSIER LINDLEY: Trent Tankersley is the director of emergency services at St. Joseph Medical Center.\nTANKERSLEY: As we were getting her over to the women's building to get taken care of, we had a trauma come in. Shortly after that, we had a young man - came in that was having a stroke.\nOSIER LINDLEY: And on and on. Tankersley showed up to work on the Saturday the rain started and hasn't had what you'd consider a break since.\nTANKERSLEY: I finally got to go home last night for a couple hours and do some laundry and then came right back. So it's been an interesting five or six days.\nKRISTEN BENJAMIN: Well, I think we're all working on adrenaline right now.\nOSIER LINDLEY: Kristen Benjamin, an associate chief nursing officer, has been right beside him.\nBENJAMIN: Some people are doing 15, 16-hour shifts. We let them go off and sleep. They come back in.\nOSIER LINDLEY: They saw more than 600 patients in the first five days alone. At times, they saw more people in a few hours than they usually would in a whole day. Many staffers were stuck at the hospital with no clear path to their homes. As floodwaters recede, their co-workers can finally come back.\nBENJAMIN: And so we're going to start transitioning staff out to get home so that they can check on their homes. Because some of them don't even know what's happening at their house right now because they haven't been home since Friday. So they don't even really have an idea if their house has been flooded or not.\nOSIER LINDLEY: Among those staffing the ER today are doctors from other departments pitching in and even med students like Diana Johnson.\nDIANA JOHNSON: Me and my classmates - someone created a Google spreadsheet. And we all signed up, and now we're here.\nOSIER LINDLEY: She's in her third year at Houston's McGovern Medical School. She's assisting Dr. Winston Watkins, an internist. It's his first day in the emergency room.\nWINSTON WATKINS: And actually, one of the first patients that came in happened to be one of my own patients from my practice. And he came in with his - foot was hurting. So Diana here went in, evaluated him. It turns out, he has gangrene of his right fourth toe. And so we're going to admit him to the hospital. Are you doing OK?\nUNIDENTIFIED MAN: I'm right.\nWATKINS: You're OK?\nUNIDENTIFIED MAN: I'm here.\nWATKINS: Nurse Aaron Pedron says he's never seen such a wide range of emotions in the ER.\nAARON PEDRON: A lot of laughter, crying, yelling, tears. You know, people that you work with that you think that wouldn't crack, you know, just put their head in their hands and take a second to cry to themselves or not to themselves and wipe away the tears and get back to work.\nOSIER LINDLEY: He's been working here for most of the last week.\nPEDRON: I went home on Saturday to rescue my family before the floods got too high for me to get in or out. And then I came back Sunday. And I have been working and sleeping here ever since.\nOSIER LINDLEY: His house flooded. Several others working in the ER saw their homes flooded, too. He says it's all been a transformational experience.\nPEDRON: I think times of crisis and times of emergency and times of stress really have a way to bring people together and create a lot of camaraderie and really can push people to excel at what they do.\nOSIER LINDLEY: Once reinforcements come in, he can rotate off his shift and find out just how much his family lost. For NPR News, I'm Rachel Osier Lindley in Houston.\nCopyright © 2017 NPR. All rights reserved. Visit our website terms of use and permissions pages at www.npr.org for further information.\nNPR transcripts are created on a rush deadline by Verb8tm, Inc., an NPR contractor, and produced using a proprietary transcription process developed with NPR. This text may not be in its final form and may be updated or revised in the future. Accuracy and availability may vary. The authoritative record of NPR’s programming is the audio record.","url":"https://www.npr.org/templates/transcript/transcript.php?storyId=547945860","polarityScore":{"sourceTitle":"NPR Editorial ","allSidesBias":"left-center","communityAgree":"764","communityDisagree":"809","sourceUrl":"https://www.npr.org/sections/opinion/ "}}
