{"authors":["Tamar Hallerman"],"date_download":"2018-11-02 10:25:00","date_modify":"2018-11-02 10:25:00","date_publish":"2018-10-12 18:15:00","description":"President Donald Trump’s support appears to be rising slightly among likely Georgia voters, ac...","filename":"AJCChannel2pollshowsTrumpspopularitygrowinginGa_4555.json","image_url":"https://www.ajc.com/rf/image_large/Pub/p9/AJC/2018/10/12/Images/042917%20trump%20NRA%20kdj01.JPG","language":"en","localpath":"AJCChannel2pollshowsTrumpspopularitygrowinginGa_4555.json","title":"AJC/Channel 2 poll shows Trump’s popularity growing in Ga.","title_page":"AJC/Channel 2 poll shows Trump’s popularity growing in Ga.","title_rss":"NULL","source_domain":"ajc.com","text":"President Donald Trump’s support appears to be rising slightly among likely Georgia voters, according to a new Atlanta Journal-Constitution/Channel 2 Action News poll, a development that could aid GOP candidates on the ballot next month.\nThe survey found the president’s approval has edged up roughly 4 percentage points compared to a similar poll last month and is now sitting at 46.6 percent. A narrow majority of Georgia voters, roughly 50.3 percent, disapprove of the commander-in-chief, which is more or less flat compared to the AJC’s September poll.\nThe uptick could make a difference for local Republicans whose candidacies could live or die based on what voters make of Trump on Election Day. Midterm elections are often seen as a referendum on the president’s party.\nThe poll was conducted between Sept. 30 and Oct. 9, a period when the White House secured a series of political victories. Supreme Court pick Brett Kavanaugh was confirmed following weeks of partisan rancor, a positive national economic report was released and the administration secured a new free trade agreement with Mexico and Canada after more than a year of tense negotiations. It’s unclear how much each factor affected the poll’s responses, but some national surveys have suggested the Senate’s rancorous confirmation process for Brett Kavanaugh has helped galvanize voters of both parties.\nINTERACTIVE: Complete poll results\nPDF: View poll crosstabs\nRELATED: How the poll was conducted\nTrump’s increase in Georgia support was particularly noticeable among right-leaning moderates, whose approval increased 7 percentage points. The number of women who said they approved of the president also ticked up to 40.7 percent from 35.4 percent, although the gender gap remained stark.\nTrump carried Georgia by 5 percentage points in 2016, but his approval numbers have been underwater in the state ever since, especially among women.\nThe president, however, still remains wildly popular among Georgia Republicans, which is why every major GOP official in the state has endorsed him. More than 90 percent of the October poll’s Republican respondents said they approved of the work Trump is doing.\nOne of those voters is Dan Berger, a retired journalist from Sandy Springs who said he expects local Republican candidates to support Trump’s agenda.\n“I like the fact that this is a red state and I want my politicians here supporting Donald Trump,” he said.\nIn what could be a troubling sign for the GOP, roughly two-thirds of independents said they disapproved of the president, a number that’s virtually unchanged from last month.\nPaulding County resident James Ward once considered himself a Republican but has drifted into the independent column since Trump was elected. He said he plans to back Democrat Stacey Abrams for governor next month and attributes part of his political shift to “the fact that the Republican Party did not stand up when Trump got so far out of line.”\n“I’m aghast at some of the things he says and I don’t like not cooperating with our allies,” the 65-year-old said.\nThe survey was conducted by the University of Georgia’s School of Public and International Affairs and has a margin of error of 2.8 percentage points. It included 1,232 likely general election voters who said they had voted in recent contests and said they were definitely or probably going to vote in November.\nStaff writer Greg Bluestein contributed to this article.\nRead more coverage of the AJC’s latest poll:\nAbrams and Kemp in tight race\nDuncan leads Amico in lieutenant governor contest\nWhite women voters are sticking -- not just with Kemp, but Trump, too","url":"https://www.ajc.com/blog/politics/ajc-channel-poll-shows-trump-popularity-growing/N8fxqysCSVxJji6GmcWLvK/","polarityScore":{"sourceTitle":"Atlanta Journal-Constitution","allSidesBias":"left-center","communityAgree":"561","communityDisagree":"580","sourceUrl":"http://www.ajc.com/ "}}
