{"authors":["Becky Bohrer"],"date_download":"2018-10-21 03:03:24","date_modify":"2018-10-21 03:03:24","date_publish":"2018-10-19 22:58:12","description":"Independent Alaska Gov. Bill Walker has dropped his re-election bid with less than three weeks before the general election","filename":"Alaskasindependentgovernordropsreelectionbid_304.json","image_url":"https://www.washingtonpost.com/resizer/2CjPNwqvXHPS_2RpuRTKY-p3eVo=/1484x0/www.washingtonpost.com/pb/resources/img/twp-social-share.png","language":"en","localpath":"Alaskasindependentgovernordropsreelectionbid_304.json","title":"Alaska’s independent governor drops re-election bid","title_page":"Alaska’s independent governor drops re-election bid - The Washington Post","title_rss":"NULL","source_domain":"washingtonpost.com","text":"Alaska Gov. Bill Walker announces he will drop his re-election bid while addressing the Alaska Federation of Natives conference Friday, Oct. 18, 2018, in Anchorage, Alaska. Walker’s re-election plans were dealt a blow earlier in the week after his running mate, Lt. Gov. Byron Mallott, resigned after making an inappropriate overture toward a woman. (Mark Thiessen/Associated Press)\nJUNEAU, Alaska — Alaska Gov. Bill Walker dropped his re-election bid Friday, three days after the sudden resignation of his lieutenant governor over what Walker described as an inappropriate overture toward a woman.\nWalker’s announcement, made at the Alaska Federation of Natives conference in Anchorage shortly before Walker was to participate in a debate, was met with gasps and cries of “No!” from the audience.\n“’Alaska First’ is and cannot be just a campaign slogan,” he said. With less than three weeks until the election, Walker, an independent, said it became clear he could not win a three-way race against Republican former state Sen. Mike Dunleavy and Democratic former U.S. Sen. Mark Begich.\nAlaskans deserve a competitive race, “and Alaskans deserve a choice other than Mike Dunleavy,” he said. Dunleavy’s campaign was expected to release a statement.\nWalker, a former Republican and the only independent governor in the country, said Begich’s stance on important issues more closely align with his priorities for Alaska.\nWalker was showered with praise and hugs by conference attendees after his announcement.\nHis campaign was rocked Tuesday by the resignation of Lt. Gov. Byron Mallott, a Democrat who was replaced by former state health commissioner Valerie Davidson.\nThroughout the campaign, some Democrats and independents worried that Walker and Begich would split the vote, giving the election to Dunleavy. Walker was elected in 2014 with Democratic support.\nWalker’s campaign manager earlier this week said Walker and Begich had been in talks about a “path forward for Alaska” but would not elaborate. On Thursday, they both sought to downplay any suggestions of a potential deal ahead of the Nov. 6 election.\nA Division of Elections spokeswoman said ballots have already been printed. Early voting in the state starts Monday.\nMallott, in a resignation letter, apologized for “inappropriate comments I made that placed a person whom I respect and revere in a position of vulnerability.”\nWalker spokesman Austin Baird said the incident that led to Mallott’s resignation happened Sunday. Walker said he learned of it Monday. Few details have been released because Walker said he is honoring the wishes of the woman involved.\nThe partnership of Walker and Mallott — and blurring of partisan lines — was a central theme of their administration and campaign. Walker said he considers Mallott his closest friend and “soul mate.”\nIn 2014, Walker and Mallott were each running for governor, trying to unseat Republican Gov. Sean Parnell. Walker was a Republican mounting an outsider bid. Mallott was the Democratic candidate and an Alaska Native leader.\nWith the support of the Democratic party, the two men, who had developed a friendship, combined their campaigns and defeated Parnell. Walker changed his affiliation from Republican to undeclared, and Mallott became Walker’s running mate.\nThis year, their desire to run together helped seal what some had already seen as an uphill battle for Walker because of the three-way race. Though Democrats now allow independents to run in their primaries, Walker opted against that when it appeared Begich would run. He instead gathered signatures to appear on the general election ballot, which ensured that he and Mallott could run together. Libertarian Billy Toien also is running for governor.\nWalker, 67, is no stranger to the underdog role and embraced it through much of the campaign. He often speaks of the emotional and financial toll of rebuilding his hometown of Valdez after the devastating 1964 Good Friday earthquake. As a kid, he worked odd jobs to help make ends meet and helped his father with his construction business. He said the quake changed him — teaching him lessons about faith, perseverance and working together.\nIn 2014, oil prices, which had reached around $110 a barrel, began a freefall, bottoming out at $26 a barrel in early 2016. For a state heavily reliant on oil, the impact was severe, creating a multibillion-dollar budget deficit. Alaska fell into a recession.\nAs governor, Walker faced criticism for halving the size of the check Alaskans received from the state’s oil-wealth fund in 2016. He defends his decision as proper; it came amid legislative gridlock over how to address the deficit. But critics labeled him a thief.\n“I ran for the job to do the job, not to keep the job,” he said in a recent interview, describing that and other difficult decisions.\nCopyright 2018 The Associated Press. All rights reserved. This material may not be published, broadcast, rewritten or redistributed.","url":"https://www.washingtonpost.com/national/alaska-governor-suspends-re-election-bid/2018/10/19/74538e76-d3f2-11e8-a4db-184311d27129_story.html","polarityScore":{"sourceTitle":"Washington Post","allSidesBias":"left-center","communityAgree":"21425","communityDisagree":"12735","sourceUrl":"http://www.washingtonpost.com/regional "}}
