{"authors":["Meghan Demaria"],"date_download":"2018-10-31 01:03:03","date_modify":"2018-10-31 01:03:03","date_publish":"2018-10-12 15:05:57","description":"Long before they were J-Rod, Alex Rodriguez was one of Jennifer Lopez's many fans. And in an Instagram post on Thursday night, the former Yankees player revealed just how much he'd loved Lopez's work. Alex Rodriguez saved a signed headshot from…","filename":"AlexRodriguezs20YearOldJenniferLopezAutographProvesTheyReallyWereMeantToBePHOTO_2188.json","image_url":"https://imgix.bustle.com/uploads/getty/2018/10/12/19fa2817-4af9-4a39-bb2e-503a1d5ca3ed-getty-1039562282.jpg?w=1200&h=630&q=70&fit=crop&crop=faces&fm=jpg","language":"en","localpath":"AlexRodriguezs20YearOldJenniferLopezAutographProvesTheyReallyWereMeantToBePHOTO_2188.json","title":"Alex Rodriguez's 20-Year-Old Jennifer Lopez Autograph Proves They Really Were Meant To Be - PHOTO","title_page":"Alex Rodriguez's 20-Year-Old Jennifer Lopez Autograph Proves They Really Were Meant To Be — PHOTO","title_rss":"NULL","source_domain":"bustle.com","text":"Long before they were J-Rod, Alex Rodriguez was one of Jennifer Lopez's many fans. And in an Instagram post on Thursday night, the former Yankees player revealed just how much he'd loved Lopez's work. Alex Rodriguez saved a signed headshot from Jennifer Lopez for 20 years, which just goes to show that you really never know what the future has in store.\nApparently, Rodriguez and Lopez found the signed photo while going through some things he'd kept tucked away in storage. It's pretty impressive that he saved the picture over all these years — and it's pretty sweet that it's in a frame. Lopez's signature appears to include the message \"To Alex with love,\" though the singer had no idea just how much love she and Rodriguez would eventually have.\nRodriguez's Instagram caption is just as sweet. He wrote, \"#TBT to almost 20 years ago when a big time global superstar signed a pic for a young ball player #lifecanbeafunnythingsometimes #pictureperfect #keepsake #jlo.\" And in terms of foreshadowing and just generally cute coincidences, it'd be hard to find a cuter throwback post.\nLopez reposted the photo on her own account, too. \"Wow! Had to repost !!! I found this cleaning out storage !!\" she wrote.\nOf course, Lopez and Rodriguez probably didn't discuss the signed headshot when their paths crossed again last year. As the story goes, Rodriguez and Lopez ran into each other in Los Angeles, and they started dating after that.\nLast March, E! News reported that Rodriguez and Lopez met in 2005, at a Yankees-Mets game. There weren't sparks flying back then — Lopez was with her ex Marc Anthony at the time. But there is photographic evidence of the two of them at the game together, taking pictures and shaking hands. Little did they know what the future held for the two of them.\nLopez and Rodriguez marked their one-year anniversary in February, and their relationship seems to be going strong. In an interview with Entertainment Tonight last month, Lopez praised Rodriguez for being so supportive of her Las Vegas residency. She told the outlet,\n\"Listen, to have a partner who's that supportive, who comes to that many shows — we all know what it's like to be in show business. It's a grind. It's being away a lot and he really makes the effort, so do I, to be there for each other, and it means a lot to me.\"\nRodriguez is definitely a supportive stage partner — he's been known to share posts about Lopez's concerts and performances on Instagram. Just look at this adorable photo of the two of them backstage (complete with Lopez's signature blinged-out Starbucks cup, naturally).\nBased on Rodriguez's latest Instagram post, it looks like he's always been a J. Lo fan. And now that the two of them are a couple, he's even more supportive of her career — it's all super heartwarming. Not many couples can say they met decades before their relationship started, but the signed headshot just shows that these two really were meant for each other.","url":"https://www.bustle.com/p/alex-rodriguezs-20-year-old-jennifer-lopez-autograph-proves-they-really-were-meant-to-be-photo-12247761","polarityScore":{"sourceTitle":"Bustle","allSidesBias":"left-center","communityAgree":"564","communityDisagree":"566","sourceUrl":"http://www.bustle.com/ "}}
