{"authors":[],"date_download":"2018-11-03 02:15:10","date_modify":"2018-11-03 02:15:10","date_publish":"2017-11-30 22:32:00","description":"An Army veteran and a former elected official in New England accused Sen.","filename":"AlFrankenaccusedofsexualmisconductbyArmyveteranformerelecte_6680.json","image_url":"https://www.ajc.com/rf/image_large/Pub/p8/CmgSharedContent/2017/11/20/Videos/4232042.vpx.jpg","language":"en","localpath":"AlFrankenaccusedofsexualmisconductbyArmyveteranformerelecte_6680.json","title":"Al Franken accused of sexual misconduct by Army veteran, former electe","title_page":"Al Franken accused of sexual misconduct by Army veteran, former electe","title_rss":"NULL","source_domain":"ajc.com","text":"An Army veteran and a former elected official in New England accused Sen. Al Franken of sexual misconduct Thursday, bringing the embattled lawmaker’s total number of accusers to six.\n>> Read more trending news\nStephanie Kemplin, 41, told CNN she was a 27-year-old military police officer when she met Franken in Kuwait during a USO tour in December 2003. She told the news station that as a longtime fan of “Saturday Night Live,” she got in line to meet him.\nFranken was elected to represent Minnesota in the U.S. Senate and previously worked as a comic and host for Air America Radio. He was a writer and sometime-actor for \"Saturday Night Live\" from 1977 to 1980 and from 1988 to 1995.\n>> Related: 'Saturday Night Live' women defend Sen. Al Franken after groping allegations\nKemplin told CNN that Franken put his arm around her for a photo when his hand slid over her breast.\n\"When he put his arm around me, he groped my right breast. He kept his hand all the way over on my breast,\" she told the news network. \"I've never had a man put their arm around me and then cup my breast.”\n>> Related: Sen. Al Franken accused of kissing, groping news anchor without consent\nShe said his hand remained over her chest for five to 10 seconds before she shifted and the photo was taken.\n\"I remember clenching up and how you just feel yourself flushed,\" she said. \"And I remember thinking -- is he going to move his hand? Was it an accident? Was he going to move his hand? He never moved his hand.\"\n\"And I remember thinking — is he going to move his hand?\"\nAn Army veteran tells CNN that Sen. Al Franken inappropriately touched her in 2003, cupping her breast during a USO tour photo op https://t.co/R004Jsrbap pic.twitter.com/9MWgOWZeVG — CNN (@CNN) November 30, 2017\nA spokesperson for Franken told CNN that the senator “takes thousands of photos and has met tens of thousands of people and he has never intentionally engaged in this kind of conduct. He remains fully committed to cooperating with the ethics investigation.\"\nAnother woman told Jezebel that Franken attempted to give her a “wet, open-mouthed kiss” while they were onstage for an event in 2006. The woman declined to be identified because, she told Jezebel, she wanted her name associated with her accomplishments “and not publicly linked to a man’s bad behavior.”\nSen. Al Franken, D-Minn., arrives to speak to the media on Capitol Hill, Monday, Nov. 27, 2017 in Washington. (AP Photo/Alex Brandon) (Alex Brandon/AP)\nThe woman was chair of her town’s Selectboard when Franken invited her to appear as a guest on a live taping of his show on Air America Radio, Jezebel reported.\nAfter the interview, as the two were still onstage, the woman said she reached toward Franken to shake his hand.\n“He took it and leaned toward me with his mouth open,” she said. “I turned my head away from him and he landed a wet, open-mouthed kiss awkwardly on my cheek.”\nShe called the incident demeaning.\n“I felt put in my place,” she said. “It was onstage in front of a full theater. … It was in plain sight and yet nobody saw it.”\n>> Related: Sen. Al Franken accused of groping woman in 2010\nThe allegations came after four other women claimed Franken made inappropriate sexual contact with them. Most of the women shared stories similar to Kemplin’s, telling reporters that Franken groped them as they posed for photos.\nLos Angeles news anchor Leeann Tweeden was the first to go public with her accusations, writing in a blog for KABC earlier this month that Franken forcibly kissed her and groped her breasts for a photo as she slept while the two were on a USO tour in 2006. She shared an image of herself sleeping as Franken’s hands hovered over her chest as evidence of the incident.\nFranken apologized and called for an ethics investigation into the incident.\n\"I don't know what was in my head when I took that picture, and it doesn't matter,\" Franken said in a statement. \"There's no excuse. I look at it now and I feel disgusted with myself. It isn't funny. It's completely inappropriate. It's obvious how Leeann would feel violated by that picture.\"\nThe Senate Ethics Committee on Thursday announced that it was opening a preliminary inquiry into the allegations, The Associated Press reported.","url":"https://www.ajc.com/news/national-govt--politics/franken-accused-sexual-misconduct-army-veteran-former-elected-official/yvNyxJc4ylXKX6xtwg6yWJ/","polarityScore":{"sourceTitle":"Atlanta Journal-Constitution","allSidesBias":"left-center","communityAgree":"561","communityDisagree":"580","sourceUrl":"http://www.ajc.com/ "}}
