{"authors":["Shea Simmons"],"date_download":"2018-10-31 00:22:16","date_modify":"2018-10-31 00:22:16","date_publish":"2018-10-02 16:45:52","description":"Every month is the Month Of Markle when it comes to fashion. While it's been a bit since she wed Prince Harry, the world is still in love with the new duchess — especially when it comes to her style. All the looks Meghan Markle wore in September are…","filename":"AllTheLooksMeghanMarkleWoreInSeptember2018_2191.json","image_url":"https://imgix.bustle.com/uploads/getty/2018/10/2/d6c75b7f-b2bc-4f8e-a917-d3615e84d9e9-getty-1026696652.jpg?w=1200&h=630&q=70&fit=crop&crop=faces&fm=jpg","language":"en","localpath":"AllTheLooksMeghanMarkleWoreInSeptember2018_2191.json","title":"All The Looks Meghan Markle Wore In September 2018","title_page":"All The Looks Meghan Markle Wore In September 2018","title_rss":"NULL","source_domain":"bustle.com","text":"Every month is the Month Of Markle when it comes to fashion. While it's been a bit since she wed Prince Harry, the world is still in love with the new duchess — especially when it comes to her style. All the looks Meghan Markle wore in September are proof that this royal is a new style icon, and it's time to celebrate all of her bold, rule-breaking, and classic fashions from last month. To stay there's some serious style inspo for your future fall wardrobe is an understatement.\nIn September, not only did Markle rock everything from dresses to a full-on suit, but she broke some fashion rules as well. After all, rules are not for royals. Well, they kind of are, but Markle doesn't seem to be bothered by many of them. In fact, she's made her mark on royal style by doing things a bit different. Whether she's wearing a blazer as a dress or pairing black with blue (which is really kind of a dumb rule any way), she takes as many royal fashion risks as she can. She's basically giving fans a crash course in how to dress for fall, and the inspiration for your wardrobe is so, so good.\nChris Jackson/Getty Images Entertainment/Getty Images\nWhile Markle and her husband Prince Harry hadn't been seen much until September, they certainly made up for lost time which means there's tons of Markle fashions to drool over from September. The real question about her style, though, is whether or not you'll be able to choose a favorite.\nSept. 4: Altuzarra Suit\nJeff Spicer/Getty Images Entertainment/Getty Images\nAt the beginning of the month, Markle accompanied Prince Harry to the Wellchild Awards, and for the occasion, she wore a gorgeous black Altuzarra suit (offers sizes 2-14) with a sleek camisole and black pumps. Basically, she proved that she may just look better in a suit than her husband.\nSept. 7: Jason Wu Dress\nWPA Pool/Getty Images Entertainment/Getty Images\nAccording to Elle, Markle didn't simply wear this gorgeous blue Jason Wu dress (offers sizes 0-14) to an event with Prince Harry. She actually debuted the piece before it hit the runway the next week at New York Fashion Week.\nSept. 20: Black & Blue Pairing\nWPA Pool/Getty Images Entertainment/Getty Images\nIn September, Markle broke a known fashion rule by pairing a blue coat with a black dress at an event for the Hubb Community Kitchen Together: Our Community Cookbook release. Clearly, that rule is no longer a thing because Markle proves it can totally work.\nSept. 24: Asymmetrical Hem Blouse & Trousers\nWPA Pool/Getty Images Entertainment/Getty Images\nMarkle's outfit wasn't so much the star of the show when she attended the Coach Core Awards. Her ultra-straight hair made headlines, but her asymmetrical hem blouse and sleek trousers are pretty great.\nSept. 25: All Black Givenchy\nChris Jackson/Getty Images Entertainment/Getty Images\nIn her last appearance of the month, Markle went for a black Givenchy dress (offers sizes 2-12) that may just give you some Princess Diana \"revenge dress\" vibes. Markle was attending the \"Oceania\" exhibit opening at the Royal Academy of Arts.\nAug. 29: Honorable Mention Blazer Dress\nWPA Pool/Getty Images Entertainment/Getty Images\nWhile not in September, Prince Harry and Markle's outing to a Hamilton show to benefit the Duke's charity marked one of their first public appearances in some time. Markle totally shone by wearing a more daring ensemble in the form of a blazer as a dress.\nClearly, Markle's September fashions were all killer. Now, fans just have to wait to see what this rising style star does in October.","url":"https://www.bustle.com/p/all-the-looks-meghan-markle-wore-in-september-2018-12121299","polarityScore":{"sourceTitle":"Bustle","allSidesBias":"left-center","communityAgree":"564","communityDisagree":"566","sourceUrl":"http://www.bustle.com/ "}}
