{"authors":[],"date_download":"2018-10-22 21:22:04","date_modify":"2018-10-22 21:22:04","date_publish":"2017-08-04 00:00:00","description":"Savvy Internet users in China can tunnel under the \"Great Firewall\" using virtual private networks. Even as the government finds new methods to block VPNs, providers find ways to go around the blocks.","filename":"AllTechConsidered_648.json","image_url":"https://media.npr.org/assets/img/2017/08/04/gettyimages-501527486_wide-71d2c11fe7e411ffa000c76e9b0c26931f75a61a.jpg?s=1400","language":"en","localpath":"AllTechConsidered_648.json","title":"All Tech Considered","title_page":"VPNs In China: Behind Internet Crackdown, 'Game Of Cat And Mouse' Continues : All Tech Considered : NPR","title_rss":"NULL","source_domain":"npr.org","text":"DAVID GREENE, HOST:\nChina has constructed the world's most sophisticated system of Internet content control. It's been dubbed not the Great Wall but the great firewall. Now, savvy Internet users can tunnel under that wall using tools known as virtual private networks or, as you might know them, VPNs. But as NPR's Anthony Kuhn reports from Beijing, China's government is now stepping up its efforts to block those VPNs.\nANTHONY KUHN, BYLINE: A software developer in southern China surnamed Xie was at his home on a recent day when he responded to a knock on the door. He opened it to find three plainclothes policemen. Xie asks that we just use his last name because he fears being arrested. At the time, Mr. Xie was selling VPN apps on Apple's China App Store. The tool helps people access internet content that's blocked in China. He says police told him...\nXIE: (Through interpreter) Somebody has discovered that you're selling circumvention software. That's illegal. Then they asked me to let them inspect my computer.\nKUHN: Xie says the police told him to remove his VPN from the Apple App Store. Xie didn't want to go to jail. So he complied, and the cops left. He said he could have put the VPN back later. But not long after that, Apple removed all VPNs from its China App Store. Apple says it's just complying with Chinese law. But not everyone is sympathetic.\nHAROLD LI: Restrictions like these are a threat to free speech and civil liberties.\nKUHN: Harold Li is vice president of ExpressVPN, a British Virgin Islands-based company.\nLI: We were surprised and disappointed because we believe in the importance of VPNs, like ExpressVPN, for ensuring that there's a free and open Internet.\nKUHN: Li says that for the past eight years, his company has managed to keep providing VPN services to customers in China, despite government attempts to block it. Even as the government finds new methods to block VPNs, providers find new ways to end run the blocks. And it's not clear that either side has a decisive advantage. Li describes the situation as...\nLI: ...An ongoing game of cat and mouse or whack-a-mole.\nKUHN: The Chinese government insists that companies in China can apply to use unrestricted connections to overseas websites. But at a recent press conference, Ministry of Industry and Information Technology official Wen Ku issued this warning.\nWEN KU: (Through interpreter) We strictly forbid the transmission of harmful information or terrorist information over the internet.\nKUHN: By harmful information, the government often means dissenting political views. It blocks access to overseas sites, including Google, Twitter, Facebook, The New York Times and the BBC, just to name a few. Zhou Shuguang is a citizen journalist and blogger who goes by the pen name Zuola. He believes that the Chinese government has the technical ability to seal the country's internet off from the outside world. But he says they're not prepared to go that far yet.\nZHOU SHUGUANG: (Through interpreter) Authorities are not seeking to prevent 100 percent of the people from evading censorship. They're just trying to keep things within their control.\nKUHN: Zuola says that China is not going to risk crippling the internet economy with total censorship. He says China's main goal in shutting down VPNs is to shape public discourse.\nZHOU: (Through interpreter) The Chinese government has always paid a lot of attention to controlling the agenda. They just want to ensure that other topics don't interfere with the topics they're focusing on.\nKUHN: He also notes that in times of emergency, China's government has the legal authority to completely shut down the country's internet. China's western region of Xinjiang did just that during ethnic rioting in 2009. But the whole country's internet has never gone black yet. Anthony Kuhn, NPR News, Beijing.\n(SOUNDBITE OF LOW IN THE SKY'S \"FAX MN\")\nCopyright © 2017 NPR. All rights reserved. Visit our website terms of use and permissions pages at www.npr.org for further information.\nNPR transcripts are created on a rush deadline by Verb8tm, Inc., an NPR contractor, and produced using a proprietary transcription process developed with NPR. This text may not be in its final form and may be updated or revised in the future. Accuracy and availability may vary. The authoritative record of NPR’s programming is the audio record.","url":"https://www.npr.org/templates/transcript/transcript.php?storyId=541554438","polarityScore":{"sourceTitle":"NPR Editorial ","allSidesBias":"left-center","communityAgree":"764","communityDisagree":"809","sourceUrl":"https://www.npr.org/sections/opinion/ "}}
