{"authors":[],"date_download":"2018-11-03 02:10:50","date_modify":"2018-11-03 02:10:50","date_publish":"2017-06-16 16:47:00","description":"Gary Dinges dropped the news this morning: Whole Foods finally had a buyer.","filename":"AmazonjustboughtWholeFoodsNowwhat_6602.json","image_url":"https://www.ajc.com/rf/image_large/Pub/p8/WHIO/2017/06/16/Videos/4083506.vpx.jpg","language":"en","localpath":"AmazonjustboughtWholeFoodsNowwhat_6602.json","title":"Amazon just bought Whole Foods. Now what?","title_page":"Amazon just bought Whole Foods. Now what?","title_rss":"NULL","source_domain":"ajc.com","text":"Gary Dinges dropped the news this morning: Whole Foods finally had a buyer.\nAfter months of rumors about a sale — the company has been expanding quickly but had a hard time staying profitable enough to please investors — the company announced today that Amazon would be buying it in a $13.7 billion-dollar deal. It’s the largest acquisition ever for Amazon, and Whole Foods co-founder John Mackey will stay on as CEO.\nThe company had been valued at $11 billion, so it looks like Jeff Bezos and crew made Mackey and his team an offer they couldn’t refuse.\nAmazon has ramped up its grocery delivery services in recent years, adding Amazon Prime Now for same-day delivery of dry groceries a few years ago and, last month, adding fresh grocery delivery through Sprouts Farmers Market.\nWhole Foods CEO John Mackey, shown in a 2009 file photo, will continue to lead the grocer following its acquisition by Amazon.\nWhole Foods’ grocery delivery services had primarily been provided through Instacart, but I presume that relationship will fold as Amazon takes over the store’s management.\nHow else will this acquisition affect one of Austin’s flagship companies and its most notable grocery store? Will the amusement park of supermarkets downtown chance now that Amazon is in charge?\nRELATED: Stocks dip as Amazon-Whole Foods deal hammers grocery stores\nWill Whole Foods’ longtime mission of promoting healthy, organic food — which started out in a little shop on North Lamar Boulevard in 1980 with a staff of 19 people — change under management of one of the world’s largest companies?\nWe’ll find out some of these answers as this story evolves, but my gut says that Amazon bought Whole Foods because it liked its core business and mission but had some changes to make to the business model. That might mean we’ll see fewer local startups on shelves or a more streamlined distribution system that incorporated Amazon’s giant warehouses.\nRELATED: Whole Foods project outside Decatur announces retail tenants\nWe will absolutely see a push to incorporate Amazon Prime perks into the shopping experience, including making grocery delivery more affordable for people who have paid the $99/year Prime fee. Right now, you can get groceries delivered from Sprouts, one of Whole Foods’ competitors, for free (with a tip for the driver) if you can wait a few hours to get your groceries. I doubt the Sprouts partnership will last long, unless Amazon decides to acquire them, too.\nWhat do you want to know about this Whole Foods news? How would you like to see the company and stores change? What do you hope doesn’t change? How will this news affect H-E-B, which dominates local grocery sales but doesn’t have the same tech capabilities as Amazon?\nHere are some early thoughts from readers on Twitter:\nWith Amazon buying Whole Foods, they've now positioned themselves with storefronts in thousands of middle-class neighborhoods across the US. — Erik Finman (@erikfinman) June 16, 2017\nBet Amazon streamlines Whole Foods backend. Then users grocery shop on Amazon Fresh for Whole Foods product, delivered quickly, locally. — Mitchell Watts (@_mitchellwatts) June 16, 2017\nAmazon acquired Whole Foods. I think it's fair to say that they're shooting for world domination.$AMZN — Luish (@LuishXY) June 16, 2017\nI've got @statesman tab on constant 'refresh' to see Austin's reaction — Michael Ogden (@grabbingtoast) June 16, 2017","url":"https://www.ajc.com/lifestyles/shopping/amazon-just-bought-whole-foods-now-what/biNSfZwBdTduGTa1Jx64fO/","polarityScore":{"sourceTitle":"Atlanta Journal-Constitution","allSidesBias":"left-center","communityAgree":"561","communityDisagree":"580","sourceUrl":"http://www.ajc.com/ "}}
