{"authors":[],"date_download":"2018-11-02 12:10:49","date_modify":"2018-11-02 12:10:49","date_publish":"2017-09-07 12:54:00","description":"Amazon wants to build a second North American headquarters. Could Atlanta be in the mix?","filename":"AmazonwantssecondNorthAmericanheadquarters_4566.json","image_url":"https://www.ajc.com/rf/image_large/Pub/p9/WSBTV/2018/01/10/Videos/4292278.vpx.jpg","language":"en","localpath":"AmazonwantssecondNorthAmericanheadquarters_4566.json","title":"Amazon wants second North American headquarters","title_page":"Amazon wants second North American headquarters","title_rss":"NULL","source_domain":"ajc.com","text":"E-commerce giant Amazon said Thursday it’s in the market to build a second North American headquarters, a massive complex the company says one day could hold 50,000 jobs.\nAmazon, in a request for proposals on its website, said it wants its “HQ2” to be the “equal” of its Seattle base of operations, which currently consists of 33 buildings covering more than 8 million square feet of office space. No doubt Georgia and Atlanta area officials will pitch for the project, and tout the region’s talent base and research universities such as Georgia Tech.\nAmazon has corporate offices in Atlanta, as well as fulfillment centers for package delivery. The company’s recent acquisition of Whole Foods includes several Atlanta area locations.\nA spokeswoman for the Georgia Department of Economic Development said the agency would defer any comment to Amazon.\nStill the announcement got Atlanta’s real estate and economic development circles buzzing.\nThe Thursday morning announcement set off the largest corporate jobs recruitment bonanza in modern memory. It’s sure to ignite an incentives bidding war, and Amazon’s public launch of such a project sent a clear signal to state and local governments across North America: have your checkbooks ready.\nThis angle looks across the foundation of another Amazon building being built near Amazon’s Doppler building at left, and its Spheres and Day 1 building at right, in downtown Seattle, Wash. On Thursday, Amazon said it wants to build a second North American headquarters to rival its Seattle base of operations. (Steve Ringman/Seattle Times/TNS) (The Atlanta Journal-Constitution)\nAmazon asked governments to identify incentive programs such as tax credits, exemptions, grants for relocation and workforce and other cost reduction programs.\n“The initial cost and ongoing cost of doing business are critical decision drivers,” the document said.\nJob recruitment is often a secretive business, but some companies have chosen of late to go public with their plans, and in effect creating open bidding wars. Automakers Toyota and Mazda announced plans for a U.S. plant this year, and companies such as Tesla, Boeing and Archer Daniels Midland have made relocation or expansion plans public in recent years.\nCorporate headquarters, particularly for such a massive company as Amazon, are coveted by lawmakers and business leaders for their quantity of high-paying jobs.\n“Amazon HQ2 will be Amazon’s second headquarters in North America,” the company’s announcement said. “We expect to invest over $5 billion in construction and grow this second headquarters to include as many as 50,000 high-paying jobs – it will be a full equal to our current campus in Seattle. In addition to Amazon’s direct hiring and investment, construction and ongoing operation of Amazon HQ2 is expected to create tens of thousands of additional jobs and tens of billions of dollars in additional investment in the surrounding community.”\nEconomic development officials have much to pitch in metro Atlanta. The region offers relatively affordable real estate, both in terms of existing buildings and raw land, and a skilled labor force. Atlanta also has landed in recent years the North American headquarters of Mercedes-Benz, a division and software development center by Honeywell, the headquarters of GE Digital and a software center from health care giant Anthem.\nA company said the response deadline to the RFP is Oct. 19, with a final decision expected next year. The company said it prefers a metro area of greater than 1 million residents and said it will consider “urban or suburban” locations to help attract and retain talent.\nFILE - In this Wednesday, June 18, 2014, file photo, Amazon CEO Jeff Bezos demonstrates the new Amazon Fire Phone, in Seattle. (AP Photo/Ted S. Warren, File) (The Atlanta Journal-Constitution)\nAmazon said it will consider greenfield sites as well as infill development areas.\nThe document said the company wants jurisdictions to “think creatively for viable real estate options, while not negatively affecting our preferred timeline.” Among the company’s requirements, are easy access to major highways, a location within 45 minutes of an international airport and direct mass transit access.\nAmazon said its requirements would start with first phase of 500,000 square feet to 1 million square feet, but development of a campus rivaling the Seattle location is expected through 2027 and beyond.\nAmazon said annual average compensation for the jobs is expected to be $100,000\nJobs would include software designers and engineers, corporate finance and executive roles.\n“We are looking for a location with strong local and regional talent—particularly in software development and related fields—as well as a stable and business-friendly environment to continue hiring and innovating on behalf of our customers,” the company said.\nRelated coverage\nWill Georgia make a play for a Toyota-Mazda factory?\nHoneywell hiring up for Midtown Atlanta hub\nGE Digital finds its home in Buckhead","url":"https://www.ajc.com/business/amazon-set-off-incentives-bidding-war-with-second-search/aNrOnLo4905Sh7m10UIcIO/","polarityScore":{"sourceTitle":"Atlanta Journal-Constitution","allSidesBias":"left-center","communityAgree":"561","communityDisagree":"580","sourceUrl":"http://www.ajc.com/ "}}
