{"authors":["Jeff Karoub"],"date_download":"2018-10-21 03:26:49","date_modify":"2018-10-21 03:26:49","date_publish":"2018-10-19 14:39:47","description":"The music of Motown still beguiles audiences around the globe but the music of Stevie, Martha, the Supremes and Temptations doesn’t get heard regularly and reliably in Detroit, the city of its birth","filename":"AmbassadorsforMotownsoundseekmoreofitinhometown_174.json","image_url":"https://www.washingtonpost.com/resizer/2CjPNwqvXHPS_2RpuRTKY-p3eVo=/1484x0/www.washingtonpost.com/pb/resources/img/twp-social-share.png","language":"en","localpath":"AmbassadorsforMotownsoundseekmoreofitinhometown_174.json","title":"Ambassadors for Motown sound seek more of it in hometown","title_page":"Ambassadors for Motown sound seek more of it in hometown - The Washington Post","title_rss":"NULL","source_domain":"washingtonpost.com","text":"In this July 31, 2018, photo, singers Mark Scott of The Miracles and Joan Belgrave, left, perform in Detroit. The music of Motown still beguiles audiences around the globe. But the music of Stevie, Martha, the Supremes and Temptations doesn’t get heard regularly and reliably in Detroit, the city of its birth. Belgrave is among those out to change that: She’s brought it to many venues and hopes to secure a place “dedicated to the genre.” She said what exists isn’t enough for a city with such a sonic lineage and legacy. (Carlos Osorio/Associated Press)\nDETROIT — From the auditorium of Detroit’s main library on a recent weeknight emerged the sound of Motown: Spirited takes of tunes that sprung from a studio just a few miles away and made their way around the world.\nSome of Detroit’s best singers and musicians breathed new life into beloved songs more than a half-century old: “Signed, Sealed, Delivered I’m Yours.” ‘’Dancing in the Street.” ‘’Stop! In the Name of Love.” ‘’Papa Was a Rolling Stone.”\nThey still beguile audiences across the globe, but the music of Stevie Wonder, Martha Reeves, the Supremes and Temptations doesn’t get heard regularly and reliably in the city of its birth. Joan Belgrave, one of the voices belting out Motown classics on the library stage, is out to change that as the label nears its 60th anniversary early next year.\n“There’s no place that’s dedicated to that genre. And this is Detroit,” said Belgrave, wife of the late jazz trumpeting great and Motown player Marcus Belgrave . “People come here (and) they go to the Motown Museum. And then what?”\nSure, you can catch a whiff of Hitsville U.S.A. here and there in Detroit. Classic Motown singers and groups — some of which still boast an original member or two — certainly “can’t forget the Motor City,” to quote a Reeves and the Vandellas hit, on a tour. Other artists might throw a Motown song or two into their set lists. Further, there are tribute bands and even a local DJ who spins records from the label and era. To top it off, the Motown Museum plans a major expansion and upgrade that includes a performance space.\nStill, Belgrave said it’s not enough for a city with such a sonic lineage and legacy.\n“Marcus and I would go to New Orleans, Preservation Hall ,” she said. “It’s just a little bitty place. But it’s a place designated for that place’s music — traditional New Orleans music. Why don’t we have a place like that in Detroit?”\nBelgrave had high hopes for something regular earlier this year when she was brought in to book entertainment at a downtown bar. They started an open jam session one weeknight and brought in some Motown tribute bands on the weekends, but the efforts stalled when the bar closed.\nAmong those joining Belgrave’s crusade is Mark Scott, who joined the legendary Motown group The Miracles about 15 years ago and sings the leads made famous by Smokey Robinson.\n“When we go overseas, the response is enormous,” said Scott, who also performed at the Detroit library. “A lot of people come here to visit, and they’re not able to see a lot of Motown acts consistently. ... I think the thing about Detroit that the venues need to start doing is respecting the legacy.”\nBelgrave isn’t giving up. She’s grateful for places like the library, which has long supported local music and artists, including those with connections to or a love for Motown. She’s looking for a new venue or two to take up the cause.\nTo be sure, she’s been feeling a surge of support for Detroit’s musical heritage as artists have been paying homage to Aretha Franklin , who died Aug. 16 at 76. Franklin wasn’t officially a Motown artist, but alums consider her family: She grew up alongside Robinson and recorded and toured with the Four Tops. Robinson delivered a touching tribute to her at her funeral, as did Stevie Wonder.\nBelgrave performed at a Franklin tribute at Chene Park, which is being renamed the Aretha Louise Franklin Amphitheatre. She said she spoke with people about her “dream” and gained support that she hopes will bear fruit.\nAbdul “Duke” Fakir, the lone surviving original member of the Four Tops, still performs regularly with the group. He said it seemed for a few years in the late 1990s and early 2000s, “Motown music history just kind of faded away,” but he feels like there’s a “resurgence of the Motown sound and the great music” in recent years.\n“We’re getting more engagements, we’re getting more calls,” he said. “It’s more like now is back in the ‘60s. ... We’re selling out places again — the Tops and the Tempts.”\nHe’s excited by what Belgrave is doing and can’t wait for the expansion of the museum.\n“It should be really a known part of our history that everybody knows about, everybody hears about and everybody can share in the wonder and the wonderful part that music has played in this city,” he said. “That community maybe is starting to get close again. ... It’s starting to seem like that.”\n___\nFollow Jeff Karoub on Twitter at https://twitter.com/jeffkaroub and find more of his work at https://apnews.com/search/jeff%20karoub .\nCopyright 2018 The Associated Press. All rights reserved. This material may not be published, broadcast, rewritten or redistributed.","url":"https://www.washingtonpost.com/entertainment/music/ambassadors-for-motown-sound-seek-more-of-it-in-hometown/2018/10/19/d369eafe-d3ac-11e8-a4db-184311d27129_story.html","polarityScore":{"sourceTitle":"Washington Post","allSidesBias":"left-center","communityAgree":"21425","communityDisagree":"12735","sourceUrl":"http://www.washingtonpost.com/regional "}}
