{"authors":[],"date_download":"2018-10-30 14:33:15","date_modify":"2018-10-30 14:33:15","date_publish":"2017-08-09 19:23:00","description":"This Cabbagetown home captures quirkiness and comedy.","filename":"AmberNashsCabbagetownhome_741.json","image_url":"https://www.ajc.com/rf/image_large/Pub/p8/AJC/2017/08/09/Images/081317%20hf%20private%2030819.JPG","language":"en","localpath":"AmberNashsCabbagetownhome_741.json","title":"Amber Nash's Cabbagetown home","title_page":"Private Quarters: Amber Nash's Cabbagetown home","title_rss":"NULL","source_domain":"ajc.com","text":"1 / 23\n(Christopher Oquendo Photography) The 2003 bungalow the homeowners bought in 2016 didn't need much renovating. One of their few updates was whitewashing the brick fireplace and installing a new mantel made from an old barn beam. Photo captions by Lori Johnston and Shannon Dominy/Fast Copy News Service.\n2 / 23\n(Christopher Oquendo Photography/Fast Copy News Service) The front porch encourages people to be social and to have a community, said actress and Cabbagetown resident Amber Nash. An old kitchen table, a 1950s classic with an aluminum ring, and vintage vinyl chairs offer seating for themselves and neighbors.\n3 / 23\n(Christopher Oquendo Photography/Fast Copy News Service) On the front porch, homeowners Nash and Kevin Gillese use a vintage washing machine, originally purchased by Nash's aunt, as a cooler for parties. Two rocking chairs were left by the home's previous owners.\n4 / 23\n(Christopher Oquendo Photography/Fast Copy News Service) Pop culture art on the walls include a depiction of the Golden Girls as superheroes by Trevor Wayne, a portrait of Bill Murray, Spider-Man hanging in a window and a \"Game of Thrones\" print Gillese bought as a gift for Nash - a throwback to their early days of dating when they would watch the show together.\n5 / 23\n(Christopher Oquendo Photography/Fast Copy News Service) Bedding from Anthropologie tops the bed from RH. Art hanging above the bed, by R. Land, is from the first show that Gillese directed.\n6 / 23\n(Christopher Oquendo Photography/Fast Copy News Service) \"I have to say that when I'm looking for furniture, I can generally find something that suits my needs at an antique store, and that's exactly the story here. Cheaper than buying new furniture, and I prefer it aesthetically too,\" said Gillese.\n7 / 23\n(Christopher Oquendo Photography/Fast Copy News Service) Gillese and Nash took the master bedroom and transformed it into a den to watch television. The gray sectional sofa is from Room and Board.\n8 / 23\n(Christopher Oquendo Photography/Fast Copy News Service) Vintage salt and pepper shakers that once belonged to Nash's great grandmother add whimsy and a sense of history to the 14-year-old bungalow's kitchen.\n9 / 23\n(Christopher Oquendo Photography/Fast Copy News Service) Homeowners Amber Nash and Kevin Gillese bought their 14-year-old bungalow in 2016. They made minor cosmetic changes, such as replacing the bland tan tile floors with black-and-white checkered marble and granite and adding charcoal leathered granite countertops.\n10 / 23\n(Christopher Oquendo Photography/Fast Copy News Service) The homeowners placed their TV in another room, because they wanted the heart of their living room to be about entertaining guests, not watching television. \"It's very much a place to socialize and to gather,\" said Nash.\n11 / 23\n(Christopher Oquendo Photography/Fast Copy News Service) With a vintage bar and portable cart, the couple set up their open living area to make entertaining easy.\n12 / 23\n(Christopher Oquendo Photography/Fast Copy News Service) A vintage bar from Highland Row Antiques is a sophisticated counterbalance to the eclectic elements in the living room.\n13 / 23\n(Christopher Oquendo Photography/Fast Copy News Service) Nash and her father created shelves out of vintage suitcases that Nash bought a few years ago. When she and husband Kevin Gillese moved into their home in 2016, Nash decided it was time to make her craft dream a reality.\n14 / 23\n(Christopher Oquendo Photography/Fast Copy News Service) Shelves made from vintage Samsonite suitcases and mounted behind the vintage bar hold antique decanters, cups and a flask the couple collected from Kudzu Antiques & Modern and Highland Row Antiques.\n15 / 23\n(Christopher Oquendo Photography/Fast Copy News Service) \"On the shelves above the bar, you might see some of my jalapeno-infused tequila that is so spicy that most people get mad when I make them try it,\" said Gillese. The shelves are made from vintage suitcases.\n16 / 23\n(Christopher Oquendo Photography/Fast Copy News Service) The art gives the home character and personality. A chaise lounger from Room and Board and a whitewashed fireplace strike a balance between quirk and style.\n17 / 23\n(Christopher Oquendo Photography/Fast Copy News Service) \"We have industrial things. We have army stuff. We have kitschy vintage things,\" said Nash about the art in the home she shares with her husband. \"Everything has a story.\"\n18 / 23\n(Christopher Oquendo Photography/Fast Copy News Service) On the hearth lies a faux bearskin rug, purchased from the Mast General Store in North Carolina. \"I love fake stuff like that. I also have a fake mink stole that's made from felt that I like to wear like I'm a fancy lady,\" said Nash.\n19 / 23\n(Christopher Oquendo Photography/Fast Copy News Service) Amber Nash, an actress and theater artist who is the voice of Pam Poovey on FX's \"Archer,\" has an extensive wig collection. Instead of packing them away when not in use, she displays those wigs as decor.\n20 / 23\n(Christopher Oquendo Photography/Fast Copy News Service) A window emblazoned with \"Asylum for the Insane, \" was a birthday gift from Gillese to Nash. Unusual art from around the world covers the walls of the couple's Cabbagetown home.\n21 / 23\n(Christopher Oquendo Photography/Fast Copy News Service) A teal vinyl banquette adds a vivid splash of color to the eclectic living room. Nash's father bought the booths from Americanchairs.com to use in his business warehouse. When he no longer needed them, he gave the booths to Nash and Gillese for their dining area.\n22 / 23\n(Christopher Oquendo Photography/Fast Copy News Service) The 1,628-square foot bungalow in Cabbagetown has three bedrooms and two baths.\n23 / 23","url":"https://www.ajc.com/lifestyles/home/bohemian-gem-cabbagetown-for-voice-pam-archer-artistic-director/C1XKau09nSaZB9in3iIWbO/","polarityScore":{"sourceTitle":"Atlanta Journal-Constitution","allSidesBias":"left-center","communityAgree":"561","communityDisagree":"580","sourceUrl":"http://www.ajc.com/ "}}
