{"authors":["Greg Bluestein"],"date_download":"2018-10-30 19:05:12","date_modify":"2018-10-30 19:05:12","date_publish":"2017-09-07 06:00:21","description":"Gov.","filename":"AmenacingHurricaneIrmatestsGeorgiasnewemergencyteam_1704.json","image_url":"https://politics.myajc.com/rf/image_large/Pub/p8/Politics-MyAJC/2017/09/06/Images/WPIMAGE_cmgajcpolitics_41040.jpeg","language":"en","localpath":"AmenacingHurricaneIrmatestsGeorgiasnewemergencyteam_1704.json","title":"A menacing Hurricane Irma tests Georgia's new emergency team","title_page":"A menacing Hurricane Irma tests Georgia's new emergency team","title_rss":"NULL","source_domain":"ajc.com","text":"Gov. Nathan Deal's overhauled storm response strategy - and his new head of the emergency management agency - face what could be their most significant weather-related challenge yet as Hurricane Irma barrels toward the Atlantic coast.\nThe Category 5 storm, with lashing winds topping 185 miles an hour, is one of the most powerful Atlantic storms ever recorded, and it's projected to rake Georgia's coast early next week.\nIt will be the biggest weather threat since Homer Bryson, a former corrections commissioner, was tapped to lead the state's emergency management agency shortly after Hurricane Matthew battered Georgia in October. And it will test Deal's weather response plan - and his better-safe-than-sorry mantra - in new ways.\nThat approach was on display Wednesday when the governor declared a state of emergency in six coastal counties and signed orders enforcing bans on price gouging and easing restrictions for drivers ferrying food and other supplies across the region.\nDeal has taken few chances after the poor communication and slow government response to the 2014 ice storm that transformed a dusting of wintry weather into an embarrassing debacle for Georgia. Deal and other state officials say they’ve learned from their mistakes.\nA weather task force appointed by the governor has led to more equipment and more coordination between state and local officials. And Deal has embraced preemptive preparations, declaring emergencies and calling for workers to stay home when severe weather threatens.\nThat’s what happened when wintry weather walloped Georgia three weeks after that 2014 ice storm, and again in 2015 when a new round of snow threatened metro Atlanta.\nAnd Deal used the same strategy in October to respond to Hurricane Matthew, which killed at least four people in Georgia and caused millions of dollars in damage. Using the word “cautious” several times to describe his approach, he urged coastal residents to escape the coming storm and ordered one of the state's largest evacuations.\nThe state's response to that hurricane was largely praised, but behind-the-scenes at the Georgia Emergency Management Agency an internal storm ratcheted up tensions.\nDocuments obtained through the Open Records Act showed a frenzy of activity as state officials prepared to move inmates, readied road-clearing equipment and evacuated hundreds of thousands of people from the Category 2 storm. They also showed a dust-up at GEMA's highest ranks between then-director Jim Butterworth and Clint Perkins, head of the agency's operations center.\nAccording to emails - and what appeared to be a farewell note - Perkins was threatened with being fired in the middle of the response, though he was never terminated. He was later granted a $20,000 salary increase under a Jan. 30 settlement agreement.\nShortly after the storm passed, Butterworth sent word that he was leaving for a private-sector job. Deal’s top aide said it was a long-planned departure and that Butterworth, a former head of the Georgia National Guard, had briefed the governor on his plans in September.\nThe governor soon turned to Bryson, an even-keeled former parks official who served more than three decades in state government and prefers to stay out of the spotlight.\nDepending on Irma's path, he could soon be thrust to the forefront.\nSign up for our morning newsletter here.","url":"https://politics.myajc.com/blog/politics/menacing-hurricane-irma-tests-georgia-new-emergency-team/2ppnAaRxD3cJbi2rx39kBK/","polarityScore":{"sourceTitle":"Atlanta Journal-Constitution","allSidesBias":"left-center","communityAgree":"561","communityDisagree":"580","sourceUrl":"http://www.ajc.com/ "}}
