{"authors":["Theresa Ukpo"],"date_download":"2018-10-31 00:41:34","date_modify":"2018-10-31 00:41:34","date_publish":"2018-10-01 18:40:32","description":"Running. It's one of the most challenging and strangely rewarding physical activities. Walking is easy, but putting some torque behind your steps? Now that's special. My first run out in the world was rife with unpreparedness. Wires everywhere, no…","filename":"10EssentialsEveryNewRunnerNeedsFromWalmartcom_3.json","image_url":"https://imgix.bustle.com/uploads/image/2018/10/1/40939a89-478e-4074-85aa-ce4f154dde09-shutterstock_1137739130.jpg?w=1200&h=630&q=70&fit=crop&crop=faces&fm=jpg","language":"en","localpath":"10EssentialsEveryNewRunnerNeedsFromWalmartcom_3.json","title":"10 Essentials Every New Runner Needs From Walmart.com","title_page":"10 Essentials Every New Runner Needs From Walmart.com","title_rss":"NULL","source_domain":"bustle.com","text":"running challenging strangely rewarding physical activities walking easy putting torque behind steps special world rife unpreparedness wires everywhere hydration worst tennis shoes barely supportive didn essentials runners needed talk rookie mistakes sixth official race prepped days hours took inventory everything possibly sure prepared wind cross finish line shopping upgrades running essentials across great gear deals walmart affordable stylish started beginner runner nothing sneakers heart looking amazing sport read running essentials walmart started races good pair running shoes best friend tote essentials stay hydrated sleek running belt gearonic waist belt walmart staying hydrated running lightweight neoprene waist belt water bottle holders ensures without drink shop keep pedicure feet intact super comfortable socks fruit loom womens everyday ankle socks walmart wants chipped pedicure sure pair socks keep polish intact socks soft specially engineered cross stretch technology moves expands foot performance slow down shop roll hamstrings calves optimal running performance relief triggerpoint grid foam roller walmart grid foam roller become running specifically designed grooves piece equipment helps relieve muscle joint pain increasing circulation promotes muscle growth shop comfort support compression sports track monitor progress fitness watch kick shin splints weak muscles rear sports tape kinesiology tape walmart attest tape life saver running toll knees shins kinesiology tape offers mobility support rough days starting shop stay motivated favorite songs headphones beats powerbeats3 wireless earphones walmart underestimate virtue power song wireless headphones comfortable keep stride tangle free push next level shop fuel replenish energy stores finish line clif shot energy walmart fuel regular runs marathons quick shots energy form keep energy stores replenished moving shop protect body largest organ sweatproof suncreen bustle receive portion sales products purchased article created independently bustle editorial sales departments article reflects price publication change","url":"https://www.bustle.com/p/10-essentials-every-new-runner-needs-from-walmartcom-12104348","polarityScore":{"sourceTitle":"Bustle","allSidesBias":"left-center","communityAgree":"564","communityDisagree":"566","sourceUrl":"http://www.bustle.com/ "},"processedText":["running","challenging","strangely","rewarding","physical","activities","walking","easy","putting","torque","behind","steps","special","world","rife","wires","everywhere","hydration","worst","tennis","shoes","barely","supportive","didn","essentials","runners","needed","talk","rookie","mistakes","sixth","official","race","days","hours","took","inventory","everything","possibly","sure","prepared","wind","cross","finish","line","shopping","upgrades","running","essentials","across","great","gear","deals","walmart","affordable","stylish","started","beginner","runner","nothing","sneakers","heart","looking","amazing","sport","read","running","essentials","walmart","started","races","good","pair","running","shoes","best","friend","tote","essentials","stay","hydrated","sleek","running","belt","waist","belt","walmart","staying","hydrated","running","lightweight","waist","belt","water","bottle","holders","ensures","without","drink","shop","keep","feet","intact","super","comfortable","socks","fruit","loom","everyday","ankle","socks","walmart","wants","chipped","sure","pair","socks","keep","polish","intact","socks","soft","specially","engineered","cross","stretch","technology","moves","expands","foot","performance","slow","down","shop","roll","calves","optimal","running","performance","relief","grid","foam","roller","walmart","grid","foam","roller","become","running","specifically","designed","piece","equipment","helps","relieve","muscle","joint","pain","increasing","circulation","promotes","muscle","growth","shop","comfort","support","compression","sports","track","monitor","progress","fitness","watch","kick","shin","weak","muscles","rear","sports","tape","tape","walmart","attest","tape","life","running","toll","knees","tape","offers","mobility","support","rough","days","starting","shop","stay","motivated","favorite","songs","headphones","beats","wireless","walmart","underestimate","virtue","power","song","wireless","headphones","comfortable","keep","stride","tangle","free","push","next","level","shop","fuel","energy","stores","finish","line","shot","energy","walmart","fuel","regular","runs","quick","shots","energy","form","keep","energy","stores","moving","shop","protect","body","largest","organ","bustle","receive","portion","sales","products","purchased","article","created","independently","bustle","editorial","sales","departments","article","reflects","price","publication","change"]}
