{"authors":[],"date_download":"2018-11-02 23:22:54","date_modify":"2018-11-02 23:22:54","date_publish":"2017-10-23 22:25:57","description":"Collin Sexton, Romello White and Jared Harper lead high school alums from Cobb County who will be competing for a spot in March Madness.","filename":"10fromCobbCountytowatchincollegebasketballthisyear_8.json","image_url":"https://www.ajc.com/rf/image_large/Pub/p8/AJC/2017/10/23/Images/122116%20uga%20tech%20photos%20CC22_1927x1206.JPG","language":"en","localpath":"10fromCobbCountytowatchincollegebasketballthisyear_8.json","title":"10 from Cobb County to watch in college basketball this year","title_page":"Collin Sexton among Cobb basketball players in college this year","title_rss":"NULL","source_domain":"ajc.com","text":"early projections 2018 draft collin sexton picked lottery chases dreams pebblebrook high school graduate season ahead college playing avery johnson crimson tide tuscaloosa sexton players cobb county starring college basketball others include wheeler darius perry romello white north cobb christian stephon jelks 2017 college basketball season tips final four april players cobb county watch robert baker sophomore harvard walker school harvard crimson preseason favorites league sophomore baker help ncaa tournament foot woodstock native played games tommy amaker season averaging points rebounds minutes game solid outing against penn march season tallying eight points rebounds block harvard teammates milton chris lewis daniel giddens sophomore alabama wheeler taking redshirt season transfer ohio state giddens eligible give alabama strong player post giddens solid player wheeler averaging points rebounds game took prep hill academy became nation recruits foot forward picked ohio state played games freshman helping buckeyes appear jared harper sophomore auburn pebblebrook harper started games auburn freshman twice named freshman week foot mableton native posted game averages points assists rebounds steals best game season against uconn tallied points five rebounds five assists four steals harper player auburn tigers reach ncaa tournament 2003 stephon jelks senior mercer north cobb christian foot marietta native fixture macon stepped campus appearing games seasons senior jelks look build season starter team rebounds good game clip shot percent free throw line season derek ogbeide junior georgia pebblebrook born lagos nigeria ogbeide pronounced aahg name pebblebrook becoming touted prospect signing bulldogs houston tulane memphis virginia tech foot pound starter dawgs season averaging points rebounds block game best outing overtime loss kentucky posted points rebounds pair blocks collin sexton tries block opponent shot macon 2016 photo sexton mentioned several mock drafts play alabama kent johnson darius perry freshman louisville wheeler espn named perry 54th best player country class 2017 guard signed louisville georgia georgia tech alabama wake forest several high majors foot perry averaged points assists rebounds steals senior season wheeler high school collin sexton freshman alabama pebblebrook foot guard tabbed seventh best player class 2017 espn gold medal team fiba world championships spain leading team scoring assists senior pebblebrook sexton averaged points game picked alabama georgia tech kansas state lead crimson tide ncaa tournament appearance 2012 jordan tucker freshman duke wheeler tucker moved york atlanta summer 2016 georgia tech began recruiting away signing star prospect picked coach blue devils yellow jackets syracuse villanova maryland arizona others foot tucker 40th best prospect 2017 espn helped wheeler duke nephew late heavy influential artist jordan usher freshman southern wheeler wheeler product usher opted west coast instead staying close home college ball foot canton native chose trojans arizona state yale kennesaw state mississippi state others wheeler four star prospect ranked 98th best player country espn romello white freshman arizona state wheeler coming wheeler foot white initially committed georgia tech wanted stay home play team grew watching white asked release letter intent yellow jackets wound west signing arizona state ruled ineligible play season meeting ncaa academic requirements good season foot pounds suwanee native pegged recruit espn scout sports illustrated predicted best young scorers country cobb county news facebook follow twitter basketball","url":"https://www.ajc.com/news/local/from-cobb-county-watch-college-basketball-this-year/V9WvnMHfsEcPOpjcReOpDL/","polarityScore":{"sourceTitle":"Atlanta Journal-Constitution","allSidesBias":"left-center","communityAgree":"561","communityDisagree":"580","sourceUrl":"http://www.ajc.com/ "},"processedText":["early","projections","2018","draft","collin","sexton","picked","lottery","dreams","pebblebrook","high","school","graduate","season","ahead","college","playing","avery","johnson","crimson","tide","tuscaloosa","sexton","players","cobb","county","starring","college","basketball","others","include","wheeler","darius","perry","white","north","cobb","christian","2017","college","basketball","season","tips","final","four","april","players","cobb","county","watch","robert","baker","sophomore","harvard","walker","school","harvard","crimson","preseason","favorites","league","sophomore","baker","help","ncaa","tournament","foot","woodstock","native","played","games","tommy","season","averaging","points","rebounds","minutes","game","solid","outing","against","penn","march","season","eight","points","rebounds","block","harvard","teammates","milton","chris","lewis","daniel","giddens","sophomore","alabama","wheeler","taking","redshirt","season","transfer","ohio","state","giddens","eligible","give","alabama","strong","player","post","giddens","solid","player","wheeler","averaging","points","rebounds","game","took","prep","hill","academy","became","nation","recruits","foot","forward","picked","ohio","state","played","games","freshman","helping","appear","jared","harper","sophomore","auburn","pebblebrook","harper","started","games","auburn","freshman","twice","named","freshman","week","foot","native","posted","game","averages","points","assists","rebounds","steals","best","game","season","against","tallied","points","five","rebounds","five","assists","four","steals","harper","player","auburn","tigers","reach","ncaa","tournament","2003","senior","mercer","north","cobb","christian","foot","marietta","native","fixture","macon","stepped","campus","appearing","games","seasons","senior","look","build","season","starter","team","rebounds","good","game","clip","shot","percent","free","throw","line","season","derek","junior","georgia","pebblebrook","born","lagos","nigeria","pronounced","name","pebblebrook","becoming","touted","prospect","signing","bulldogs","houston","memphis","virginia","tech","foot","pound","starter","season","averaging","points","rebounds","block","game","best","outing","overtime","loss","kentucky","posted","points","rebounds","pair","blocks","collin","sexton","tries","block","opponent","shot","macon","2016","photo","sexton","mentioned","several","mock","drafts","play","alabama","kent","johnson","darius","perry","freshman","louisville","wheeler","espn","named","perry","best","player","country","class","2017","guard","signed","louisville","georgia","georgia","tech","alabama","wake","forest","several","high","majors","foot","perry","averaged","points","assists","rebounds","steals","senior","season","wheeler","high","school","collin","sexton","freshman","alabama","pebblebrook","foot","guard","seventh","best","player","class","2017","espn","gold","medal","team","world","championships","spain","leading","team","scoring","assists","senior","pebblebrook","sexton","averaged","points","game","picked","alabama","georgia","tech","kansas","state","lead","crimson","tide","ncaa","tournament","appearance","2012","jordan","tucker","freshman","duke","wheeler","tucker","moved","york","atlanta","summer","2016","georgia","tech","began","recruiting","away","signing","star","prospect","picked","coach","blue","devils","yellow","jackets","villanova","maryland","arizona","others","foot","tucker","40th","best","prospect","2017","espn","helped","wheeler","duke","nephew","late","heavy","influential","artist","jordan","usher","freshman","southern","wheeler","wheeler","product","usher","opted","west","coast","instead","staying","close","home","college","ball","foot","canton","native","chose","arizona","state","yale","kennesaw","state","mississippi","state","others","wheeler","four","star","prospect","ranked","best","player","country","espn","white","freshman","arizona","state","wheeler","coming","wheeler","foot","white","initially","committed","georgia","tech","wanted","stay","home","play","team","grew","watching","white","asked","release","letter","intent","yellow","jackets","wound","west","signing","arizona","state","ruled","ineligible","play","season","meeting","ncaa","academic","requirements","good","season","foot","pounds","suwanee","native","pegged","recruit","espn","scout","sports","illustrated","predicted","best","young","country","cobb","county","news","facebook","follow","twitter","basketball"]}
