{"authors":[],"date_download":"2018-11-02 01:41:28","date_modify":"2018-11-02 01:41:28","date_publish":"2017-10-27 22:26:00","description":"Elijah Bryant, Josh Okogie, Rayshaun Hammonds and Isaiah Wilkins leads the crop of players from Gwinnett County looking to shine in college basketball.","filename":"10fromGwinnettCountytowatchin201718season_9.json","image_url":"https://www.ajc.com/rf/image_large/Pub/p8/AJC/2017/10/27/Images/032017%20tech%20hoops%20print%20CC23-RJLMKJVHx1AfNLJGppvgb5H-680x383%40AJC.com.JPG","language":"en","localpath":"10fromGwinnettCountytowatchin201718season_9.json","title":"10 from Gwinnett County to watch in 2017-18 season","title_page":"College basketball: 10 from Gwinnett County to watch in 2017-18 season","title_rss":"NULL","source_domain":"ajc.com","text":"former high school basketball stars gwinnett county chance impact college basketball tournament picture likely departs shiloh product josh okogie lead georgia tech dance 2010 marcus simonds devin mitchell isaiah williams pieces georgia state squad trying belt highly touted freshmen rayshaun hammonds lance thomas aljami durahm massenburg jordan goldwire boost teams basketball players gwinnett county college hoops fans keep elijah bryant junior mill creek bryant interesting path college basketball scouts paid attention mill creek until inch growth spurt junior senior season verbally committed samford instead opted prep hampton school hampshire signed elon named rookie posting averages points rebounds assists game season burlington north carolina bryant went west provo utah transfer rules 2015 season solid scoring points game breakout game against portland tallying points five rebounds assists ahmad caver junior dominion north gwinnett bryant caver took road division college basketball high school days caver left charles drew high school riverdale north gwinnett days drive forth days live jerry stackhouse coach north gwinnett went wisconsin john northwest military academy visited kent state dominion ultimately picking school nestled norfolk virginia decision paid caver player monarchs averaged points rebounds assists game named team heading season named cusa preseason team aljami durham freshman indiana berkmar star prospect foot point guard stayed indiana school fired coach crean durham help archie miller revitalize program history tabbed espn 34th best point guard country 14th best player georgia class 2017 picked hoosiers florida miami georgia rhode island jordan goldwire freshman duke norcross goldwire feet ball rivals espn pegged star prospect committed duke arizona state mercer butler eastern kentucky others averaged seven assists game high school norcross state title game goldwire today committed duke needed someone able second group great opportunity played ball fellow duke guard milton native alex connell rayshaun hammonds freshman georgia norcross prospects state hammonds decided stay close home picked dawgs alabama uconn memphis miami texas georgia tech georgia state espn four star recruit fourth best 2017 player georgia foot pounds second highest rated recruit mark landed athens lilburn isaiah wilkins defenders cavaliers rebounds steals blocks chuck burton josh okogie sophomore georgia tech shiloh columnist jeff schultz wrote march okogie helping yellow jackets power 2017 season tech sounds already mentioned mocks next draft freshman okogie averaged points rebounds assists steals game earning spot freshman team coming season named preseason second team massenburg freshman middle tennessee state shiloh massenburg interest majors picked best middle tennessee state appeared ncaa tournament times 2013 wins michigan state minnesota march star recruit foot forward picked blue raiders james madison temple georgia southern towson others shiloh averaged double double points rebounds game senior lance thomas freshman louisville norcross thomas picked louisville florida southern california miami tennessee foot forward espn 13th best 2017 recruit georgia norcross averaged points rebounds blocks game isaiah wilkins senior virginia greater atlanta christian wilkins junior charlottesville best averaged points rebounds assist block steal game rounded foot wing helped cavaliers reach ncaa tournament virginia rebounding blocks steals season efforts named defense team perhaps best game against louisville tallied points rebounds five blocks assist isaiah williams senior georgia state buford foot guard solid season panthers junior averaging points assists game williams home state spending freshman samford southern conference freshman given playing williams shown ability score bunches notching points games season gwinnett county news facebook follow twitter instagram basketball","url":"https://www.ajc.com/news/local/from-gwinnett-county-watch-college-basketball-this-year/PkPzcKo4uFWL7yxUgqIiqI/","polarityScore":{"sourceTitle":"Atlanta Journal-Constitution","allSidesBias":"left-center","communityAgree":"561","communityDisagree":"580","sourceUrl":"http://www.ajc.com/ "},"processedText":["former","high","school","basketball","stars","gwinnett","county","chance","impact","college","basketball","tournament","picture","likely","departs","shiloh","product","josh","lead","georgia","tech","dance","2010","marcus","devin","mitchell","isaiah","williams","pieces","georgia","state","squad","trying","belt","highly","touted","freshmen","lance","thomas","jordan","boost","teams","basketball","players","gwinnett","county","college","hoops","fans","keep","elijah","bryant","junior","mill","creek","bryant","interesting","path","college","basketball","scouts","paid","attention","mill","creek","until","inch","growth","junior","senior","season","verbally","committed","instead","opted","prep","hampton","school","hampshire","signed","elon","named","rookie","posting","averages","points","rebounds","assists","game","season","north","carolina","bryant","went","west","utah","transfer","rules","2015","season","solid","scoring","points","game","breakout","game","against","portland","points","five","rebounds","assists","junior","dominion","north","gwinnett","bryant","took","road","division","college","basketball","high","school","days","left","charles","drew","high","school","riverdale","north","gwinnett","days","drive","forth","days","live","jerry","coach","north","gwinnett","went","wisconsin","john","northwest","military","academy","visited","kent","state","dominion","ultimately","picking","school","nestled","norfolk","virginia","decision","paid","player","monarchs","averaged","points","rebounds","assists","game","named","team","heading","season","named","preseason","team","durham","freshman","indiana","star","prospect","foot","point","guard","stayed","indiana","school","fired","coach","durham","help","archie","miller","revitalize","program","history","espn","34th","best","point","guard","country","14th","best","player","georgia","class","2017","picked","florida","miami","georgia","rhode","island","jordan","freshman","duke","norcross","feet","ball","rivals","espn","pegged","star","prospect","committed","duke","arizona","state","mercer","butler","eastern","kentucky","others","averaged","seven","assists","game","high","school","norcross","state","title","game","today","committed","duke","needed","someone","able","second","group","great","opportunity","played","ball","fellow","duke","guard","milton","native","alex","connell","freshman","georgia","norcross","prospects","state","decided","stay","close","home","picked","alabama","memphis","miami","texas","georgia","tech","georgia","state","espn","four","star","recruit","fourth","best","2017","player","georgia","foot","pounds","second","highest","rated","recruit","mark","landed","athens","lilburn","isaiah","wilkins","defenders","rebounds","steals","blocks","chuck","burton","josh","sophomore","georgia","tech","shiloh","columnist","jeff","schultz","wrote","march","helping","yellow","jackets","power","2017","season","tech","sounds","already","mentioned","mocks","next","draft","freshman","averaged","points","rebounds","assists","steals","game","earning","spot","freshman","team","coming","season","named","preseason","second","team","freshman","middle","tennessee","state","shiloh","interest","majors","picked","best","middle","tennessee","state","appeared","ncaa","tournament","times","2013","wins","michigan","state","minnesota","march","star","recruit","foot","forward","picked","blue","raiders","james","madison","temple","georgia","southern","others","shiloh","averaged","double","double","points","rebounds","game","senior","lance","thomas","freshman","louisville","norcross","thomas","picked","louisville","florida","southern","california","miami","tennessee","foot","forward","espn","13th","best","2017","recruit","georgia","norcross","averaged","points","rebounds","blocks","game","isaiah","wilkins","senior","virginia","greater","atlanta","christian","wilkins","junior","charlottesville","best","averaged","points","rebounds","assist","block","steal","game","rounded","foot","wing","helped","reach","ncaa","tournament","virginia","blocks","steals","season","efforts","named","defense","team","perhaps","best","game","against","louisville","tallied","points","rebounds","five","blocks","assist","isaiah","williams","senior","georgia","state","buford","foot","guard","solid","season","panthers","junior","averaging","points","assists","game","williams","home","state","spending","freshman","southern","conference","freshman","given","playing","williams","shown","ability","score","points","games","season","gwinnett","county","news","facebook","follow","twitter","instagram","basketball"]}
