{"authors":["Jessica Booth"],"date_download":"2018-10-31 00:13:56","date_modify":"2018-10-31 00:13:56","date_publish":"2018-10-02 19:44:57","description":"One of the best things about Halloween is that you can scare your friends and family members and it's not only kind of expected, but also totally appropriate. In fact, it's basically even encouraged to scare people on purpose during this holiday,…","filename":"10FunnyHalloween2018PranksToPlayOnYourCoworkersThisYearThatWontGetYouInTrouble_10.json","image_url":"https://imgix.bustle.com/uploads/image/2018/10/1/8c3cd47c-283c-45d2-b72d-b8cfd329d6ae-shutterstock_718988854.jpg?w=1200&h=630&q=70&fit=crop&crop=faces&fm=jpg","language":"en","localpath":"10FunnyHalloween2018PranksToPlayOnYourCoworkersThisYearThatWontGetYouInTrouble_10.json","title":"10 Funny Halloween 2018 Pranks To Play On Your Coworkers This Year That Won’t Get You In Trouble","title_page":"10 Funny Halloween 2018 Pranks To Play On Your Coworkers This Year That Won’t Get You In Trouble","title_rss":"NULL","source_domain":"bustle.com","text":"best halloween scare friends family members kind expected totally appropriate fact basically encouraged scare people purpose holiday means ideal freak basically everyone trouble hopefully advantage holiday play prank work break bring excitement office distraction work perk ideas below funny halloween pranks play coworkers chewing loudly whenever lunch desks play pranks though consider workplace cool fired reputation something silly halloween prank manager coworkers generally pretty celebrating holidays something harmless funny probably fine work strict environment stuff encouraged recommend playing pranks probably pretty important lifestyle below pranks freak coworkers laugh seen something halloween expert check pick speaks hand fridge giphy head halloween novelty store store sells halloween decor probably find inexpensive fake bloody hand wrap fingers something office fridge milk something kind hide hand people realize until reach item harmless easy jump head giphy thing stuff fridge freak people putting head explain print photo face ideally making scared expression glue fill mason green tinted water fridge office supplies cabinet somewhere people bound idea reddit course scarecrow fakeout giphy prank pretty elaborate work hour dedicate goes dress scarecrow costume super legit lobby office somewhere else people part actual scarecrow move jump freak everyone halloween classic hanging hair giphy perfectly innocent prank simple scare people likely trouble office movable ceiling tiles hair extension tuck inside tile hangs down gross creepy snake giphy crafty rubber snake string snake hide somewhere people supplies closet fridge chocolate veggies giphy disappoint coworkers classic halloween candy treats except instead chocolate truffles something veggies cover chocolate pretend real candy course works brussels sprouts look chocolate truffles sure actual chocolate hand later course clown window giphy office early tape spooky photos clown faces windows near desks tape secret spots throughout office fridge behind something inside drawers likes clowns candy bowl scare giphy candy idea candy bowl animated hand fill candy leave popular spot hours people reaching candy serious scare something reaches hand terrifying ceiling giphy freak people movable tiles ceiling halloween mask move tiles slightly hiding mask small glimpse wait terror begin","url":"https://www.bustle.com/p/10-funny-halloween-2018-pranks-to-play-on-your-coworkers-this-year-that-wont-get-you-in-trouble-12113277","polarityScore":{"sourceTitle":"Bustle","allSidesBias":"left-center","communityAgree":"564","communityDisagree":"566","sourceUrl":"http://www.bustle.com/ "},"processedText":["best","halloween","scare","friends","family","members","kind","expected","totally","appropriate","fact","basically","encouraged","scare","people","purpose","holiday","means","ideal","freak","basically","everyone","trouble","hopefully","advantage","holiday","play","prank","work","break","bring","excitement","office","distraction","work","perk","ideas","below","funny","halloween","pranks","play","coworkers","chewing","loudly","whenever","lunch","play","pranks","though","consider","workplace","cool","fired","reputation","something","silly","halloween","prank","manager","coworkers","generally","pretty","celebrating","holidays","something","harmless","funny","probably","fine","work","strict","environment","stuff","encouraged","recommend","playing","pranks","probably","pretty","important","lifestyle","below","pranks","freak","coworkers","laugh","seen","something","halloween","expert","check","pick","speaks","hand","fridge","giphy","head","halloween","novelty","store","store","sells","halloween","decor","probably","find","inexpensive","fake","bloody","hand","wrap","fingers","something","office","fridge","milk","something","kind","hide","hand","people","realize","until","reach","item","harmless","easy","jump","head","giphy","thing","stuff","fridge","freak","people","putting","head","explain","print","photo","face","ideally","making","scared","expression","glue","fill","mason","green","water","fridge","office","supplies","cabinet","somewhere","people","bound","idea","reddit","course","scarecrow","giphy","prank","pretty","elaborate","work","hour","dedicate","goes","dress","scarecrow","costume","super","legit","lobby","office","somewhere","else","people","part","actual","scarecrow","move","jump","freak","everyone","halloween","classic","hanging","hair","giphy","perfectly","innocent","prank","simple","scare","people","likely","trouble","office","ceiling","tiles","hair","extension","tuck","inside","tile","hangs","down","gross","creepy","snake","giphy","crafty","rubber","snake","string","snake","hide","somewhere","people","supplies","closet","fridge","chocolate","veggies","giphy","disappoint","coworkers","classic","halloween","candy","treats","except","instead","chocolate","something","veggies","cover","chocolate","pretend","real","candy","course","works","brussels","sprouts","look","chocolate","sure","actual","chocolate","hand","later","course","clown","window","giphy","office","early","tape","spooky","photos","clown","faces","windows","near","tape","secret","spots","throughout","office","fridge","behind","something","inside","likes","clowns","candy","bowl","scare","giphy","candy","idea","candy","bowl","animated","hand","fill","candy","leave","popular","spot","hours","people","reaching","candy","serious","scare","something","reaches","hand","terrifying","ceiling","giphy","freak","people","tiles","ceiling","halloween","mask","move","tiles","slightly","hiding","mask","small","glimpse","wait","terror","begin"]}
