{"authors":[],"date_download":"2018-10-30 19:57:56","date_modify":"2018-10-30 19:57:56","date_publish":"2017-05-24 16:21:28","description":"As colleges across the country wrap up classes, final exams and commencement ceremonies, it’s...","filename":"10thingsnewgradsshouldknowbeforestartingfirstjobs_16.json","image_url":"https://www.ajc.com/rf/image_large/Pub/p8/CmgSharedContent/2017/05/24/Images/GettyImages-545163589-RGNxzr2f6TTWWdfHNabY8CJ-680x383.jpg","language":"en","localpath":"10thingsnewgradsshouldknowbeforestartingfirstjobs_16.json","title":"10 things new grads should know before starting first jobs","title_page":"10 things new grads should know before starting first jobs","title_rss":"NULL","source_domain":"ajc.com","text":"colleges across country wrap classes final exams commencement ceremonies grads find jobs read trending news landed congratulations minute enjoy moment read pointers help ready real world boss valuable resource smart boss explain provide training monitor progress aren friend maintain professional relationships friendly pleasant good supervisor responsive questions help move forward career walk prepared matter research learning curve good idea company does role relates flatten learning curve quickly learning cafeteria bathrooms look linkedin glassdoor online resources part team joining group people working together hated doing group projects school learn likely rely workers workers rely successful groups complete tasks working together hang next diploma person scene prepared listen learn soak information learn people company experience help speed employee phrase ears eyes mouth proportionately directly applies enjoy lunch tempting work extra hard good impression give yourself chance meet workers simple build team chemistry without resorting painful team building exercises dress part office life start determine office dress code conform aren able figure side formality leave extra piercings ripped jeans home until sense office protocol nice having impression friendly open person goes meet people expect diversity ages backgrounds attitudes work habits experiences positive attitude cheerful demeanor mark someone people work flexible strolled graduation stage armload awards means person office involve doing certain amount menial labor work food chain sexy work getting done smile give boss good impression flexibility responsiveness adaptability good traits mistakes happen mistake happens worst thing cover instead find solution keep head recognize wrong learn best ensure happen whatever doing feels awkward practice weekend away office without people watching effort easiest path success figuring objective doing best achieve particularly entry positions effort important important part early ready started related mistakes college grads finding apartments","url":"https://www.ajc.com/news/national/things-new-grads-should-know-before-starting-first-jobs/qNgETASLcdWvMGoRr2BriM/","polarityScore":{"sourceTitle":"Atlanta Journal-Constitution","allSidesBias":"left-center","communityAgree":"561","communityDisagree":"580","sourceUrl":"http://www.ajc.com/ "},"processedText":["colleges","across","country","wrap","classes","final","exams","commencement","ceremonies","find","jobs","read","trending","news","landed","congratulations","minute","enjoy","moment","read","help","ready","real","world","boss","valuable","resource","smart","boss","explain","provide","training","monitor","progress","aren","friend","maintain","professional","relationships","friendly","pleasant","good","supervisor","responsive","questions","help","move","forward","career","walk","prepared","matter","research","learning","curve","good","idea","company","does","role","relates","learning","curve","quickly","learning","cafeteria","bathrooms","look","linkedin","online","resources","part","team","joining","group","people","working","together","hated","doing","group","projects","school","learn","likely","rely","workers","workers","rely","successful","groups","complete","tasks","working","together","hang","next","diploma","person","scene","prepared","listen","learn","soak","information","learn","people","company","experience","help","speed","employee","phrase","ears","eyes","mouth","directly","applies","enjoy","lunch","tempting","work","extra","hard","good","impression","give","yourself","chance","meet","workers","simple","build","team","chemistry","without","painful","team","building","exercises","dress","part","office","life","start","determine","office","dress","code","conform","aren","able","figure","side","formality","leave","extra","ripped","jeans","home","until","sense","office","protocol","nice","having","impression","friendly","open","person","goes","meet","people","expect","diversity","ages","backgrounds","attitudes","work","habits","experiences","positive","attitude","demeanor","mark","someone","people","work","flexible","strolled","graduation","stage","awards","means","person","office","involve","doing","certain","amount","labor","work","food","chain","sexy","work","getting","done","smile","give","boss","good","impression","flexibility","good","traits","mistakes","happen","mistake","happens","worst","thing","cover","instead","find","solution","keep","head","recognize","wrong","learn","best","ensure","happen","whatever","doing","feels","awkward","practice","weekend","away","office","without","people","watching","effort","easiest","path","success","figuring","objective","doing","best","achieve","particularly","entry","positions","effort","important","important","part","early","ready","started","related","mistakes","college","finding","apartments"]}
