{"authors":["Kerri Jarema"],"date_download":"2018-10-31 00:42:51","date_modify":"2018-10-31 00:42:51","date_publish":"2018-10-04 17:32:29","description":"If you've been paying attention to bookish news at all recently, you'll know that J.K. Rowling, author of the beloved Harry Potter series, has come under scrutiny since the release of the trailer for the Fantastic Beasts film sequel, The Crimes of…","filename":"10YAFantasyBooksInspiredByAsianMythologyAndWrittenByFemaleAuthors_18.json","image_url":"https://imgix.bustle.com/uploads/image/2018/10/4/f3bebaf9-fcbe-476d-a4ac-1571f816ab83-pjimage.jpg?w=1200&h=630&q=70&fit=crop&crop=faces&fm=jpg","language":"en","localpath":"10YAFantasyBooksInspiredByAsianMythologyAndWrittenByFemaleAuthors_18.json","title":"10 YA Fantasy Books Inspired By Asian Mythology - And Written By Female Authors","title_page":"10 YA Fantasy Books Inspired By Asian Mythology — And Written By Female Authors","title_rss":"NULL","source_domain":"bustle.com","text":"paying attention bookish news recently rowling author beloved harry potter series scrutiny release trailer fantastic beasts film sequel crimes grindelwald quick summary situation rowling rewritten origin story lord voldemort snake nagini maledictus creature author inspired ancient mythology naga fans rowling incorrectly attributed indian lore indonesian myth accused ignoring problematic racial undertones casting south korean actress claudia play role whether believe rowling poor choices creation crimes grindelwald probably acknowledge best read fiction inspired asian folklore embracing books researched diverse authors experience myths legends part vibrant cultures below books authors connections cultural mythology forefront fantasies illuminating read empress seasons emiko jean generation competition held find next empress honoku eligible compete except supernatural monsters spirits whom human emperor determined enslave destroy mari spent lifetime training become empress winning easy weren hiding dangerous secret click girls paper fire natasha ngan member paper caste lowest oppressed class ikhara lives remote village father decade trauma watching mother snatched royal guards haunts guards girl whose golden eyes piqued king interest click library fates aditi khorana home siege siege emperor sikander princess amrita finds herself fugitive utterly alone oracle named thala kept emperor side slave thala encourages amrita quest find fabled library possible reverse fates click forest thousand lanterns julie stars xifeng destined greatness meant empress feng embraces darkness within order achieve greatness spurn young loves exploit callous magic runs veins sorcery fueled eating hearts recently killed click star touched queen roshani choksi horoscope promises marriage death destruction maya earned scorn fear father kingdom whole world torn apart father raja arranges wedding political convenience soon maya becomes queen akaran wife amar akaran secrets soon maya suspects life danger click shadow julie kagawa raised monks isolated temple yumeko trained life hide yokai nature until forced flee life temple greatest treasure part ancient scroll army demons heels unlikeliest allies side yumeko secrets determine fate world click flame mist renee ahdieh daughter prominent samurai mariko always known raised purpose marry mariko sent imperial palace meet betrothed mariko convoy viciously attacked black clan dangerous bandits hired kill narrowly escapes dressed peasant sets infiltrate black clan hunt down responsible click bone witch chupeco accidentally resurrects brother dead learns different witches family gift necromancy means bone witch feared ostracized community finds solace guidance older wiser bone witch takes brother land training click tiger midnight swati teerdhala april 2019 esha moonlights viper rebels highly skilled assassin tasked important mission date taking down ruthless general hotha kunal soldier childhood uncle general ensured kunal strays path esha kunal meet unimaginable chain events unfolds click","url":"https://www.bustle.com/p/10-ya-fantasy-books-inspired-by-asian-mythology-written-by-female-authors-12109669","polarityScore":{"sourceTitle":"Bustle","allSidesBias":"left-center","communityAgree":"564","communityDisagree":"566","sourceUrl":"http://www.bustle.com/ "},"processedText":["paying","attention","news","recently","rowling","author","beloved","harry","potter","series","scrutiny","release","trailer","fantastic","beasts","film","sequel","crimes","grindelwald","quick","summary","situation","rowling","rewritten","origin","story","lord","snake","creature","author","inspired","ancient","mythology","fans","rowling","incorrectly","attributed","indian","lore","indonesian","myth","accused","ignoring","problematic","racial","casting","south","korean","actress","play","role","whether","believe","rowling","poor","choices","creation","crimes","grindelwald","probably","acknowledge","best","read","fiction","inspired","asian","folklore","embracing","books","researched","diverse","authors","experience","myths","legends","part","vibrant","cultures","below","books","authors","connections","cultural","mythology","forefront","fantasies","illuminating","read","empress","seasons","jean","generation","competition","held","find","next","empress","eligible","compete","except","supernatural","monsters","spirits","whom","human","emperor","determined","enslave","destroy","mari","spent","lifetime","training","become","empress","winning","easy","weren","hiding","dangerous","secret","click","girls","paper","fire","natasha","member","paper","lowest","oppressed","class","lives","remote","village","father","decade","trauma","watching","mother","snatched","royal","guards","haunts","guards","girl","whose","golden","eyes","king","interest","click","library","fates","home","siege","siege","emperor","princess","finds","herself","fugitive","utterly","alone","named","kept","emperor","side","slave","encourages","quest","find","fabled","library","possible","reverse","fates","click","forest","thousand","lanterns","julie","stars","destined","greatness","meant","empress","embraces","darkness","within","order","achieve","greatness","young","loves","exploit","callous","magic","runs","fueled","eating","hearts","recently","killed","click","star","touched","queen","horoscope","promises","marriage","death","destruction","maya","earned","scorn","fear","father","kingdom","whole","world","torn","apart","father","wedding","political","convenience","soon","maya","becomes","queen","wife","secrets","soon","maya","suspects","life","danger","click","shadow","julie","raised","isolated","temple","trained","life","hide","nature","until","forced","flee","life","temple","greatest","treasure","part","ancient","scroll","army","demons","heels","allies","side","secrets","determine","fate","world","click","flame","mist","renee","daughter","prominent","always","known","raised","purpose","marry","sent","imperial","palace","meet","convoy","viciously","attacked","black","clan","dangerous","hired","kill","narrowly","escapes","dressed","sets","infiltrate","black","clan","hunt","down","responsible","click","bone","witch","accidentally","brother","dead","learns","different","witches","family","gift","means","bone","witch","feared","ostracized","community","finds","solace","guidance","older","wiser","bone","witch","takes","brother","land","training","click","tiger","midnight","april","2019","rebels","highly","skilled","assassin","tasked","important","mission","date","taking","down","ruthless","general","soldier","childhood","uncle","general","ensured","path","meet","unimaginable","chain","events","unfolds","click"]}
