{"authors":["Kaitlyn Wylde"],"date_download":"2018-10-31 01:27:50","date_modify":"2018-10-31 01:27:50","date_publish":"2018-10-16 20:12:55","description":"Despite the fact that people like to dress up as cats on Halloween, cats don't really give a damn about the holiday. Quite frankly, cats don't really give a damn about much at all. So if you plan on dressing your cat up on Halloween this year,…","filename":"11CatHalloweenCostumesYourPetWontHate_21.json","image_url":"https://imgix.bustle.com/uploads/image/2018/10/16/7ba48665-4d48-4d27-b862-99b2c4c2df73-ef1fdf43-d2ed-4171-87ad-5d0188e97b90-guest_e7cbb2ed-097d-48f0-940d-33d5ffdd35ba.jpg?w=1200&h=630&q=70&fit=crop&crop=faces&fm=jpg","language":"en","localpath":"11CatHalloweenCostumesYourPetWontHate_21.json","title":"11 Cat Halloween Costumes Your Pet Won't Hate","title_page":"11 Cat Halloween Costumes Your Pet Won't Hate","title_rss":"NULL","source_domain":"bustle.com","text":"despite fact people dress cats halloween cats give damn holiday quite frankly cats give damn plan dressing halloween find least encumbering thing essentially find minimalistic least invasive halloween costumes hate least hate hold against forever cats different meet likes wear clothes clothes themselves amount attention putting clothes requires cats aren interested spotlight legs touched generally left alone dress costume super easy feel bothersome basically question costume together list costumes basic seconds bunny bunny ears amazon nothing grumpy pair plush happy bunny ears soften look super easy costume amazon mean kitten doing charlie chaplin impression everything wear halloween maybe everyday thereafter lion lion costume target love costume simple piece instantly turns house jungle unicat unicorn costume target unicorn heart true colors beautiful unicorn head piece soft east fasten creates epic look cowboy costume western target western costume looks something yourself wear flea market sunday twinsie vibe together circus clown etsy silly personality dress classic clown costume pieces relatively simple least able keep enough snap picture dapper halloween etsy costume perhaps easiest looking festive without subjecting stress dressing feel different collar horse kitty costume petco best part costume idea ridiculous looks cool wearing harness costume bother","url":"https://www.bustle.com/p/11-cat-halloween-costumes-your-pet-wont-hate-12159812","polarityScore":{"sourceTitle":"Bustle","allSidesBias":"left-center","communityAgree":"564","communityDisagree":"566","sourceUrl":"http://www.bustle.com/ "},"processedText":["despite","fact","people","dress","cats","halloween","cats","give","damn","holiday","quite","frankly","cats","give","damn","plan","dressing","halloween","find","least","thing","essentially","find","least","invasive","halloween","costumes","hate","least","hate","hold","against","forever","cats","different","meet","likes","wear","clothes","clothes","themselves","amount","attention","putting","clothes","requires","cats","aren","interested","spotlight","legs","touched","generally","left","alone","dress","costume","super","easy","feel","basically","question","costume","together","list","costumes","basic","seconds","bunny","bunny","ears","amazon","nothing","grumpy","pair","plush","happy","bunny","ears","soften","look","super","easy","costume","amazon","mean","doing","charlie","impression","everything","wear","halloween","maybe","everyday","thereafter","lion","lion","costume","target","love","costume","simple","piece","instantly","turns","house","jungle","unicorn","costume","target","unicorn","heart","true","colors","beautiful","unicorn","head","piece","soft","east","creates","epic","look","cowboy","costume","western","target","western","costume","looks","something","yourself","wear","flea","market","sunday","vibe","together","circus","clown","etsy","silly","personality","dress","classic","clown","costume","pieces","relatively","simple","least","able","keep","enough","snap","picture","halloween","etsy","costume","perhaps","easiest","looking","festive","without","stress","dressing","feel","different","collar","horse","kitty","costume","best","part","costume","idea","ridiculous","looks","cool","wearing","harness","costume","bother"]}
