{"authors":["Nina Kahn"],"date_download":"2018-10-31 00:52:01","date_modify":"2018-10-31 00:52:01","date_publish":"2018-09-30 20:00:29","description":"The joys of sharing your life with a cat are truly boundless. As a professed and unabashed cat lady, I'll preach this as gospel to the end of times. But that doesn't mean being a cat parent is always a walk in the park. If you're thinking of…","filename":"11DifficultThingsAboutOwningCatsThatNoOneTellsYouAbout_22.json","image_url":"https://imgix.bustle.com/uploads/getty/2018/9/27/9da6a9ce-6c77-49f8-8b3d-ea9ace0c9276-getty-915821460.jpg?w=1200&h=630&q=70&fit=crop&crop=faces&fm=jpg","language":"en","localpath":"11DifficultThingsAboutOwningCatsThatNoOneTellsYouAbout_22.json","title":"11 Difficult Things About Owning Cats That No One Tells You About","title_page":"11 Difficult Things About Owning Cats That No One Tells You About","title_rss":"NULL","source_domain":"bustle.com","text":"joys sharing life truly boundless professed unabashed lady preach gospel times mean parent always walk park thinking bringing life important difficult having totally obvious cats reputation maintenance independent overall easy care grains truth stereotypes certainly always case kitty facts properly caring requires energy space money responsibility lightly people cats dogs thinking less work find surprise kitty attention special issues guardian needs aware feline friend considering taking rewarding sometimes challenging plunge parenthood smart educate yourself difficult aspects owning aware kitty thank cats bored cats known independence pack animals dogs cats social beings company stimulation suffer without ready kitty parent life consider adopting means keep company good look items keep entertained soothed alone interactive toys music designed enjoyed cats offer comfort stimulation groomed cats groom themselves constantly cats naturally lean toward lifestyle cleanliness mean require grooming almost cats short haired ones brushed regularly special brushes help keep coats looking luxurious health remove brush less hair ball causing ingesting groom themselves especially important haired cats easily matted cared properly overheat reason grooming important haired kitties especially climate home gets warm inside kitty thick consider shave trim professional groomer keep cool summer playtime cats aren self sufficient actively played entertained plan test drive toys kitty give good fashioned attention tons apps cats endlessly entertaining leave home extended periods work invest kitty gadgets designed keep busy active needs help obvious cats fascinating evolutionary instincts difficult humans identify help cats known hiding illness weakness pain especially chronic conditions dental kidney heart disease explains banfield hospital site goes existence wild trying avoid attracting attention predators means symptoms pain illness aren likely obvious educate yourself signs look attention small changes kitty moods behavior watch plants love houseplants warned kitties chew poses problem goes beyond aesthetics common houseplants dangerous lethal ingested cats dozens houseplants considered poisonous cats surprise avoid assume instinctively poisonous plant explained cindy lawson pethelpful often cats rushed vets suffering poisoning result chewing eating number different houseplants sure clear home risky ones keep emergency contact info handy times case life hack lint roller dogs aren animals leave shaggy surface furniture clothing life cats shed round subsequently kitty probably unintentionally become part daily wardrobe lady life comin large packs lint rollers likely become staple shopping lists worth people allergies speaking covering surface life important aware fact allergies super common estimated percent people allergic household pets allergies twice common allergies american college allergy asthma immunology reported livescience ways reduce amount allergens home keep kitty groomed brushed vacuum surfaces home regularly invest small purifier keep kitty rooms someone allergy sleeping outdoor life dangerous huge misconception fine cats roam outdoors freely humane societies animal organizations advocate keeping kitty indoors outdoor cats higher risk diseases injuries kinds hunters pose threat local wildlife outdoor done close supervision leash cutest thing safe enclosed yard secured fence owning expensive kids expensive cats kitty college fund anything plan money aside feline family member bringing life keep mind funds ready annual veterinary appointment spay neuter surgery already done plus ongoing expenses food litter supplies health care toys stay prepared unexpected veterinary expenses emergencies happen sometimes pricey litter boxes cleaned daily sucks absolutely vital future guardian aware part life cats skimp litter boxes truly cleaned daily sometimes often imagine having filthy bathroom hate cats naturally clean animals thing step waste bathroom keeping clean benefit dirty litter stink whole house drive business outside good anyone","url":"https://www.bustle.com/p/11-difficult-things-about-owning-cats-that-no-one-tells-you-about-12060157","polarityScore":{"sourceTitle":"Bustle","allSidesBias":"left-center","communityAgree":"564","communityDisagree":"566","sourceUrl":"http://www.bustle.com/ "},"processedText":["joys","sharing","life","truly","professed","unabashed","lady","preach","gospel","times","mean","parent","always","walk","park","thinking","bringing","life","important","difficult","having","totally","obvious","cats","reputation","maintenance","independent","overall","easy","care","truth","stereotypes","certainly","always","case","kitty","facts","properly","caring","requires","energy","space","money","responsibility","lightly","people","cats","dogs","thinking","less","work","find","surprise","kitty","attention","special","issues","guardian","needs","aware","feline","friend","considering","taking","rewarding","sometimes","challenging","plunge","parenthood","smart","educate","yourself","difficult","aspects","owning","aware","kitty","thank","cats","bored","cats","known","independence","pack","animals","dogs","cats","social","beings","company","stimulation","suffer","without","ready","kitty","parent","life","consider","adopting","means","keep","company","good","look","items","keep","entertained","alone","interactive","toys","music","designed","enjoyed","cats","offer","comfort","stimulation","groomed","cats","groom","themselves","constantly","cats","naturally","lean","toward","lifestyle","mean","require","grooming","almost","cats","short","haired","ones","brushed","regularly","special","brushes","help","keep","coats","looking","luxurious","health","remove","brush","less","hair","ball","causing","groom","themselves","especially","important","haired","cats","easily","cared","properly","reason","grooming","important","haired","especially","climate","home","gets","warm","inside","kitty","thick","consider","shave","trim","professional","keep","cool","summer","cats","aren","self","sufficient","actively","played","entertained","plan","test","drive","toys","kitty","give","good","fashioned","attention","tons","apps","cats","endlessly","entertaining","leave","home","extended","periods","work","invest","kitty","gadgets","designed","keep","busy","active","needs","help","obvious","cats","fascinating","evolutionary","instincts","difficult","humans","identify","help","cats","known","hiding","illness","weakness","pain","especially","chronic","conditions","dental","kidney","heart","disease","explains","hospital","site","goes","existence","wild","trying","avoid","attracting","attention","predators","means","symptoms","pain","illness","aren","likely","obvious","educate","yourself","signs","look","attention","small","changes","kitty","moods","behavior","watch","plants","love","warned","chew","poses","problem","goes","beyond","aesthetics","common","dangerous","lethal","cats","dozens","considered","poisonous","cats","surprise","avoid","assume","instinctively","poisonous","plant","explained","cindy","lawson","often","cats","rushed","vets","suffering","poisoning","result","chewing","eating","number","different","sure","clear","home","risky","ones","keep","emergency","contact","info","handy","times","case","life","hack","lint","roller","dogs","aren","animals","leave","surface","furniture","clothing","life","cats","shed","round","subsequently","kitty","probably","unintentionally","become","part","daily","wardrobe","lady","life","large","packs","lint","likely","become","staple","shopping","lists","worth","people","allergies","speaking","covering","surface","life","important","aware","fact","allergies","super","common","estimated","percent","people","allergic","household","pets","allergies","twice","common","allergies","american","college","allergy","asthma","reported","ways","reduce","amount","allergens","home","keep","kitty","groomed","brushed","vacuum","surfaces","home","regularly","invest","small","purifier","keep","kitty","rooms","someone","allergy","sleeping","outdoor","life","dangerous","huge","misconception","fine","cats","roam","outdoors","freely","humane","societies","animal","organizations","advocate","keeping","kitty","indoors","outdoor","cats","higher","risk","diseases","injuries","kinds","hunters","pose","threat","local","wildlife","outdoor","done","close","supervision","leash","cutest","thing","safe","enclosed","yard","secured","fence","owning","expensive","kids","expensive","cats","kitty","college","fund","anything","plan","money","aside","feline","family","member","bringing","life","keep","mind","funds","ready","annual","appointment","surgery","already","done","plus","ongoing","expenses","food","litter","supplies","health","care","toys","stay","prepared","unexpected","expenses","emergencies","happen","sometimes","pricey","litter","boxes","cleaned","daily","sucks","absolutely","vital","future","guardian","aware","part","life","cats","litter","boxes","truly","cleaned","daily","sometimes","often","imagine","having","filthy","bathroom","hate","cats","naturally","clean","animals","thing","step","waste","bathroom","keeping","clean","benefit","dirty","litter","whole","house","drive","business","outside","good","anyone"]}
