{"authors":["Marlen Komar"],"date_download":"2018-10-31 00:49:51","date_modify":"2018-10-31 00:49:51","date_publish":"2018-10-18 17:46:13","description":"If you love curling your hair but don't love the damage that a heating tool does to your locks, then you're in luck. The new Dyson Airwrap is here to reinvent the curling iron, using jets of air to give you tousled curls, nix frizz, and add volume.…","filename":"11DysonAirwrapCurlingIronReviewsTutorialsYouNeedToSeeBeforeBuyingTheHairTool_23.json","image_url":"https://imgix.bustle.com/uploads/image/2018/10/18/00dfe444-46cd-4934-8999-d918d3608119-1.jpg?w=1200&h=630&q=70&fit=crop&crop=faces&fm=jpg","language":"en","localpath":"11DysonAirwrapCurlingIronReviewsTutorialsYouNeedToSeeBeforeBuyingTheHairTool_23.json","title":"11 Dyson Airwrap Curling Iron Reviews & Tutorials You Need To See Before Buying The Hair Tool","title_page":"11 Dyson Airwrap Curling Iron Reviews & Tutorials You Need To See Before Buying The Hair Tool","title_rss":"NULL","source_domain":"bustle.com","text":"love curling hair love damage heating tool does locks luck dyson airwrap reinvent curling iron using jets give tousled curls frizz volume worth steep price dyson airwrap reviews tutorials seem starting point worth investment steep price curling iron purchase starting point gets dryer tools help achieve hairstyle complete tools considering quality hair tools usually clock hundred dollars price seems sense drop half grand beauty innovation sure deliver results promises especially exactly beauty aficionado knows wield blow dryer curler expertly luckily youtube vloggers tested product shared thoughts people below quynh pham recommends regardless price quynh pham youtube quynh pham video wasn sponsored spent money test drive product mentioned spend kind money beauty items often purchase investment verdict product does hair styling half plus loves series attachments meaning hair styling tool ariba pervaiz thinks dyson apple beauty industry ariba pervaiz youtube ariba pervaiz test drove different attachments kits giving tips kits depending hair texture afro hair fine baby wisps does show wield attachments maximum results answers frequently asked questions tool finds styling process faster curls bouncier thanks fact using rather clamping strands metal plates however completely replace blow dryer techniques tool dryer andreaschoice impressed heat sensors andreaschoice youtube andreaschoice hair tool curly hair giving glimpse tool work straight hair found took hang using tool able move quickly seeing veers towards heatless hairstyles tool takes less achieve looks recommends evelina true believer evelina youtube evelina video sponsored dyson opinions created soft hollywood glam look video without using hair products volume keep shape final verdict obsessed curling iron ellevate found easy therapeutic straighten hair ellevate youtube elle video brush attachment blow impressed easily smoothed hair usually curses straightener smoothing down hair finds frustrating process found easy therapeutic description video updated experience tried attachments found brush attachment amazing tool nixing frizz sleeping hair however wasn impressed curling barrels acknowledged learning curve hour wear test youtube tested hair wrap barrels hour wear test found tool easy user curious hair hair products look hours defined curls gone hair wavy impressed liked results didn person knows curling iron needs splurge feels best people wield barrel convenience having styling percentage quynh pham does hour wear test quynh pham youtube pham hour wear test curls stay place without product wore curls evening went sleep curled hair outside rain move collect trash bins found curls weren tight soft twist lucy jessica carter likes short hair lucy jessica carter youtube lucy jessica carter tried short loved didn blow hair curl instead cutting half blasting locks double heat asian features proves works fine hair asian features youtube people fine hair oftentimes hard styling locks asian features proves dyson airwrap create lush lasting curls wispy locks fringe milabu created perfect beach waves wand milabu youtube milabu video sponsored dyson gave honest opinion found barrel created voluminous shiny beach waves loved barrel cound create different looks found create hollywood bouncy waves piecy beach waves depending held tool stacy semiklit smoothing tool stacy semiklit youtube stacy semiklit wanted slick tool found locks sleek shiny natural hair five minutes opposed minutes routine gave thumbs vloggers agree dyson airwrap tool does promises decide budget allows","url":"https://www.bustle.com/p/11-dyson-airwrap-curling-iron-reviews-tutorials-you-need-to-see-before-buying-the-hair-tool-12607194","polarityScore":{"sourceTitle":"Bustle","allSidesBias":"left-center","communityAgree":"564","communityDisagree":"566","sourceUrl":"http://www.bustle.com/ "},"processedText":["love","curling","hair","love","damage","heating","tool","does","locks","luck","dyson","airwrap","reinvent","curling","iron","using","jets","give","curls","volume","worth","steep","price","dyson","airwrap","reviews","tutorials","seem","starting","point","worth","investment","steep","price","curling","iron","purchase","starting","point","gets","dryer","tools","help","achieve","complete","tools","considering","quality","hair","tools","usually","clock","hundred","dollars","price","seems","sense","drop","half","grand","beauty","innovation","sure","deliver","results","promises","especially","exactly","beauty","knows","wield","blow","dryer","expertly","luckily","youtube","tested","product","shared","thoughts","people","below","pham","recommends","regardless","price","pham","youtube","pham","video","wasn","sponsored","spent","money","test","drive","product","mentioned","spend","kind","money","beauty","items","often","purchase","investment","verdict","product","does","hair","styling","half","plus","loves","series","attachments","meaning","hair","styling","tool","thinks","dyson","apple","beauty","industry","youtube","test","drove","different","attachments","kits","giving","tips","kits","depending","hair","texture","afro","hair","fine","baby","does","show","wield","attachments","maximum","results","answers","frequently","asked","questions","tool","finds","styling","process","faster","curls","thanks","fact","using","rather","strands","metal","plates","however","completely","replace","blow","dryer","techniques","tool","dryer","impressed","heat","sensors","youtube","hair","tool","curly","hair","giving","glimpse","tool","work","straight","hair","found","took","hang","using","tool","able","move","quickly","seeing","towards","tool","takes","less","achieve","looks","recommends","true","believer","youtube","video","sponsored","dyson","opinions","created","soft","hollywood","glam","look","video","without","using","hair","products","volume","keep","shape","final","verdict","obsessed","curling","iron","found","easy","therapeutic","hair","youtube","elle","video","brush","attachment","blow","impressed","easily","hair","usually","curses","smoothing","down","hair","finds","frustrating","process","found","easy","therapeutic","description","video","updated","experience","tried","attachments","found","brush","attachment","amazing","tool","sleeping","hair","however","wasn","impressed","curling","barrels","acknowledged","learning","curve","hour","wear","test","youtube","tested","hair","wrap","barrels","hour","wear","test","found","tool","easy","user","curious","hair","hair","products","look","hours","defined","curls","gone","hair","impressed","liked","results","didn","person","knows","curling","iron","needs","splurge","feels","best","people","wield","barrel","convenience","having","styling","percentage","pham","does","hour","wear","test","pham","youtube","pham","hour","wear","test","curls","stay","place","without","product","wore","curls","evening","went","sleep","curled","hair","outside","rain","move","collect","trash","bins","found","curls","weren","tight","soft","twist","lucy","jessica","carter","likes","short","hair","lucy","jessica","carter","youtube","lucy","jessica","carter","tried","short","loved","didn","blow","hair","curl","instead","cutting","half","blasting","locks","double","heat","asian","features","proves","works","fine","hair","asian","features","youtube","people","fine","hair","oftentimes","hard","styling","locks","asian","features","proves","dyson","airwrap","create","lush","lasting","curls","locks","fringe","created","perfect","beach","waves","wand","youtube","video","sponsored","dyson","gave","honest","opinion","found","barrel","created","shiny","beach","waves","loved","barrel","create","different","looks","found","create","hollywood","waves","beach","waves","depending","held","tool","stacy","smoothing","tool","stacy","youtube","stacy","wanted","slick","tool","found","locks","sleek","shiny","natural","hair","five","minutes","opposed","minutes","routine","gave","thumbs","agree","dyson","airwrap","tool","does","promises","decide","budget","allows"]}
