{"authors":["Kirsten Nunez"],"date_download":"2018-10-31 00:31:34","date_modify":"2018-10-31 00:31:34","date_publish":"2018-10-10 22:15:06","description":"Dressing up for Halloween is always a blast, but let’s be real — the holiday can be pretty hard on the wallet. After all, those ready-made costumes from the party store often come with a hefty price tag. So, why not use what you already own? Take…","filename":"11EasyHalloween2018CostumesYouCanWearWithADenimJacket_24.json","image_url":"https://imgix.bustle.com/uploads/image/2018/10/10/d6efeddc-0f17-484b-8b90-4d59c6f196fe-8c133fad-311f-414f-8c16-898c9aed43a4-denim-plus-size-destroyed.jpg?w=1200&h=630&q=70&fit=crop&crop=faces&fm=jpg","language":"en","localpath":"11EasyHalloween2018CostumesYouCanWearWithADenimJacket_24.json","title":"11 Easy Halloween 2018 Costumes You Can Wear With A Denim Jacket","title_page":"11 Easy Halloween 2018 Costumes You Can Wear With A Denim Jacket","title_rss":"NULL","source_domain":"bustle.com","text":"dressing halloween always blast real holiday pretty hard wallet ready costumes party store often hefty price already denim jacket halloween costumes example outfit idea calls classic denim jacket probably already hand sure later besides anything iconic denim jacket basic denim jacket closet staple matter style taste clothes corner easily denim jacket halloween costume ideas call closet staples plaid shirts hoodies fact already easy halloween costume hiding stash budget check thrift store second hand pieces hesitate friends family members borrow items accessories clothing easily throw together halloween costume within budget inspiration outfit ideas denim jacket rosie riveter plus size destroyed denim jacket charlotte russe paisley bandanna imagin8 michaels wrong classic rosie riveter costume simple inexpensive epitome feminist costume denim jacket button shirt white polka bandanna however find traditional paisley create similar vibe ketchum denim jacket denim blue trashed pokemon ketchum trucker amazon fingerless black gloves spirit halloween ketchum updated look recreated denim jacket trucker fingerless gloves inexpensive option draw plain fingers gloves jughead jones refuge denim sherpa jacket charlotte russe riverdale jughead beanie topic riverdale jughead jones ring shirt topic woven plaid shirt forever dress riverdale mysterious moody writer pair denim jacket plaid shirt iconic crown beanie find topic already extra beanie simply edge border forget serpents serpent shirt look denim jacket acid wash yoga waist leggings amazon neon pink warmers spirit halloween acid wash comeback seem anywhere anytime soon luckily means easily create vibrant look neon leggings legwarmers wear favorite graphic printed throw hair high ponytail ears pierced accessorize chunky statement earrings grunge rocker plus size destroyed denim jacket charlotte russe curb chain hoop choker forever plus size ruched crop forever thanks grunge revival option brainer wear denim jacket choker crop instant twist finish look brown gray lipstick plaid shirt waist eleven stranger denim bomber jacket charlotte russe airy dress light pink tobeinstyle women acrylic knee striped amazon denim bomber jacket easily dress eleven stranger layer pink dress white polo create vibe pink dress slip high striped socks fake blood recreate nosebleed carry waffles marty mcfly future denim jacket denim blue mens classic quilted down puffer vest amazon destroy flannel button shirt american eagle costume cozy recognizable dress marty mcfly future layer denim jacket light blue plaid shirt wear puffy vest talk warm comfortable halloween costume hermione harry potter deathly hallows denim jacket denim blue sofra women cotton hoodie jacket mauve rose amazon harry potter wand spirit halloween harry potter deathly hallows hermione donned dark pink hoodie denim jacket create similar look mauve magenta light hoodie carry wand john bender breakfast club plus size destroyed denim jacket charlotte russe destroy flannel button shirt american eagle fingerless black gloves spirit halloween denim jacket dress john bender breakfast club plaid shirt fingerless gloves better layer shirt white sleeved shirt justin timberlake 2001 denim jacket denim blue trashed joox classic aviator sunglasses amazon twisted rope chain necklace amazon almost jitney justin timberlake britney spears couple name gifted early 2000s look specifically denim jacket recreate justin outfit pair tinted aviators chunky chain necklace denim jeans ultimate couples costume partner wear denim dress britney scarecrow denim jacket denim blue destroy flannel button shirt american eagle straw trim forever scarecrows usually wear denim overalls pull similar look denim jacket essential details plaid prints face makeup straw","url":"https://www.bustle.com/p/11-easy-halloween-2018-costumes-you-can-wear-with-a-denim-jacket-12158638","polarityScore":{"sourceTitle":"Bustle","allSidesBias":"left-center","communityAgree":"564","communityDisagree":"566","sourceUrl":"http://www.bustle.com/ "},"processedText":["dressing","halloween","always","blast","real","holiday","pretty","hard","wallet","ready","costumes","party","store","often","hefty","price","already","denim","jacket","halloween","costumes","example","outfit","idea","calls","classic","denim","jacket","probably","already","hand","sure","later","besides","anything","iconic","denim","jacket","basic","denim","jacket","closet","staple","matter","style","taste","clothes","corner","easily","denim","jacket","halloween","costume","ideas","call","closet","staples","plaid","shirts","fact","already","easy","halloween","costume","hiding","stash","budget","check","store","second","hand","pieces","hesitate","friends","family","members","borrow","items","accessories","clothing","easily","throw","together","halloween","costume","within","budget","inspiration","outfit","ideas","denim","jacket","rosie","plus","size","destroyed","denim","jacket","charlotte","paisley","michaels","wrong","classic","rosie","costume","simple","inexpensive","epitome","feminist","costume","denim","jacket","button","shirt","white","however","find","traditional","paisley","create","similar","vibe","denim","jacket","denim","blue","trashed","pokemon","trucker","amazon","black","gloves","spirit","halloween","updated","look","denim","jacket","trucker","gloves","inexpensive","option","draw","plain","fingers","gloves","jughead","jones","refuge","denim","jacket","charlotte","riverdale","jughead","beanie","topic","riverdale","jughead","jones","ring","shirt","topic","woven","plaid","shirt","forever","dress","riverdale","mysterious","moody","writer","pair","denim","jacket","plaid","shirt","iconic","crown","beanie","find","topic","already","extra","beanie","simply","edge","border","forget","serpent","shirt","look","denim","jacket","acid","wash","yoga","waist","leggings","amazon","neon","pink","spirit","halloween","acid","wash","comeback","seem","anywhere","anytime","soon","luckily","means","easily","create","vibrant","look","neon","leggings","wear","favorite","graphic","printed","throw","hair","high","ears","chunky","statement","earrings","rocker","plus","size","destroyed","denim","jacket","charlotte","curb","chain","forever","plus","size","crop","forever","thanks","revival","option","brainer","wear","denim","jacket","crop","instant","twist","finish","look","brown","gray","lipstick","plaid","shirt","waist","eleven","stranger","denim","bomber","jacket","charlotte","airy","dress","light","pink","women","acrylic","knee","striped","amazon","denim","bomber","jacket","easily","dress","eleven","stranger","layer","pink","dress","white","polo","create","vibe","pink","dress","slip","high","striped","socks","fake","blood","recreate","carry","waffles","marty","future","denim","jacket","denim","blue","classic","down","vest","amazon","destroy","flannel","button","shirt","american","eagle","costume","cozy","recognizable","dress","marty","future","layer","denim","jacket","light","blue","plaid","shirt","wear","vest","talk","warm","comfortable","halloween","costume","hermione","harry","potter","denim","jacket","denim","blue","women","cotton","hoodie","jacket","rose","amazon","harry","potter","wand","spirit","halloween","harry","potter","hermione","donned","dark","pink","hoodie","denim","jacket","create","similar","look","light","hoodie","carry","wand","john","bender","breakfast","club","plus","size","destroyed","denim","jacket","charlotte","destroy","flannel","button","shirt","american","eagle","black","gloves","spirit","halloween","denim","jacket","dress","john","bender","breakfast","club","plaid","shirt","gloves","better","layer","shirt","white","sleeved","shirt","justin","timberlake","2001","denim","jacket","denim","blue","trashed","classic","sunglasses","amazon","twisted","rope","chain","necklace","amazon","almost","justin","timberlake","britney","spears","couple","name","gifted","early","2000s","look","specifically","denim","jacket","recreate","justin","outfit","pair","chunky","chain","necklace","denim","jeans","ultimate","couples","costume","partner","wear","denim","dress","britney","scarecrow","denim","jacket","denim","blue","destroy","flannel","button","shirt","american","eagle","straw","trim","forever","usually","wear","denim","pull","similar","look","denim","jacket","essential","details","plaid","prints","face","makeup","straw"]}
