{"authors":["Aoife Hanna"],"date_download":"2018-10-31 01:25:38","date_modify":"2018-10-31 01:25:38","date_publish":"2018-10-20 04:00:30","description":"My boot scootin' baby is driving me cer-azy my obsession for these hot boots, will not go awaaaay! Yes guys, these boots were made for walking and very thankfully, they are walking into your local shoe shop as we speak. Yes honey, yes! Getting ready…","filename":"11FashionCowboyBootsToMakeAllYourLineDancingDreamsComeTrue_27.json","image_url":"https://imgix.bustle.com/uploads/image/2018/10/19/d06893c1-e1fe-4be0-b392-ff2632ef0eff-1231509aq.jpg?w=1200&h=630&q=70&fit=crop&crop=faces&fm=jpg","language":"en","localpath":"11FashionCowboyBootsToMakeAllYourLineDancingDreamsComeTrue_27.json","title":"11 Fashion Cowboy Boots To Make All Your Line-Dancing Dreams Come True","title_page":"11 Fashion Cowboy Boots To Make All Your Line-Dancing Dreams Come True","title_rss":"NULL","source_domain":"bustle.com","text":"boot scootin baby driving obsession boots awaaaay guys boots walking thankfully walking local shoe shop speak honey getting ready unpredictable weather hard everyone knows shoe weather goes everything importantly comfy stylish enter stage left cowboy boot kindness shrivelled heart carefully curated pairs cowboy boots boots sensible ideal weather garms guess unless concerned lines british isles lines issue next eight months gucci baby cowboy trend floating embroidered leather jackets silver tipped collars denim fringed everything haves spring summer 2018 wether lifetime investment something offset look couple months look flora snake martens falling love boots whole love affair call biased pair absolutely droppingly comfy gorgeous enjoy compliments galore pair shoes everything check luckily snake skin print attracts snakes bingo western boots topshop rootin tootin cowboy pair look chic white boot british weather damned boots tacky glamorous equal measure five thanks pointed western boot topshop pair embroidery enough metal extras ensure heard seen entrance leather block heel side ankle boots marks spencer marks spencer saucy goat look proving classic brand absolutely keep latest trends gorgeous pair boots available half size basically tailor eternally stylish white shout cowboy boot line dancing night away vagabond simone cowboy boots urban outfitters drooling laptop constitutes water damage freaking seen boots best worn entirely honest thing people notice rock papio western cowboy ankle boot dune cowboy cowgirl corporate work funerals kind pair honey dress dress down world line dancing black western chelsea boot pretty thing smart subtle pattern embossed silver capped definitely catch light people distracting shiny looking dead stylish black floral embroidered western boots missguided feel stylish pair boots minute leave enough change burger fries ones worn animal print trousers orange imagine wether fancy yourself cowgirl cowboy line dancing queen boot","url":"https://www.bustle.com/p/11-fashion-cowboy-boots-to-make-all-your-line-dancing-dreams-come-true-12618598","polarityScore":{"sourceTitle":"Bustle","allSidesBias":"left-center","communityAgree":"564","communityDisagree":"566","sourceUrl":"http://www.bustle.com/ "},"processedText":["boot","baby","driving","obsession","boots","guys","boots","walking","thankfully","walking","local","shoe","shop","speak","honey","getting","ready","unpredictable","weather","hard","everyone","knows","shoe","weather","goes","everything","importantly","comfy","stylish","enter","stage","left","cowboy","boot","kindness","heart","carefully","curated","pairs","cowboy","boots","boots","sensible","ideal","weather","guess","unless","concerned","lines","british","lines","issue","next","eight","months","baby","cowboy","trend","floating","embroidered","leather","jackets","silver","tipped","denim","everything","haves","spring","summer","2018","lifetime","investment","something","offset","look","couple","months","look","flora","snake","falling","love","boots","whole","love","affair","call","biased","pair","absolutely","comfy","gorgeous","enjoy","compliments","galore","pair","shoes","everything","check","luckily","snake","skin","print","attracts","snakes","bingo","western","boots","topshop","cowboy","pair","look","chic","white","boot","british","weather","damned","boots","tacky","glamorous","equal","measure","five","thanks","pointed","western","boot","topshop","pair","enough","metal","extras","ensure","heard","seen","entrance","leather","block","heel","side","ankle","boots","marks","spencer","marks","spencer","goat","look","proving","classic","brand","absolutely","keep","latest","trends","gorgeous","pair","boots","available","half","size","basically","eternally","stylish","white","shout","cowboy","boot","line","dancing","night","away","simone","cowboy","boots","urban","outfitters","laptop","constitutes","water","damage","freaking","seen","boots","best","worn","entirely","honest","thing","people","notice","rock","western","cowboy","ankle","boot","cowboy","corporate","work","funerals","kind","pair","honey","dress","dress","down","world","line","dancing","black","western","chelsea","boot","pretty","thing","smart","subtle","pattern","silver","capped","definitely","catch","light","people","distracting","shiny","looking","dead","stylish","black","floral","embroidered","western","boots","feel","stylish","pair","boots","minute","leave","enough","change","burger","fries","ones","worn","animal","print","trousers","orange","imagine","fancy","yourself","cowboy","line","dancing","queen","boot"]}
