{"authors":["Natalia Lusinski"],"date_download":"2018-10-31 00:31:41","date_modify":"2018-10-31 00:31:41","date_publish":"2018-10-10 22:06:12","description":"With autumn in full swing, it’s an ideal time for getting to know someone and cozying up to your date in the process. After all, fall is the season of pumpkin spice lattes, cooler temperatures, and Halloween — all followed up by finally using the…","filename":"11FunFallDateIdeasToTryInOctober2018_28.json","image_url":"https://imgix.bustle.com/uploads/image/2018/10/10/7d24997c-1ad3-45b0-a938-ac40470bd813-fotolia_210603442_subscription_monthly_m.jpg?w=1200&h=630&q=70&fit=crop&crop=faces&fm=jpg","language":"en","localpath":"11FunFallDateIdeasToTryInOctober2018_28.json","title":"11 Fun Fall Date Ideas To Try In October 2018","title_page":"11 Fun Fall Date Ideas To Try In October 2018","title_rss":"NULL","source_domain":"bustle.com","text":"autumn full swing ideal getting someone cozying date process fall season pumpkin spice lattes cooler temperatures halloween followed finally using fireplace building nice fire afterwards plus looking outside inspired fall date ideas fall great dates everyone seems love fall activities festivals events david bennett counselor relationship expert double trust dating tells bustle fall start major holiday seasons plenty related holidays halloween thanksgiving outside halloween thanksgiving plenty fall themed date whether started seeing relationship below find fall date ideas date month festive picnics beach picking carving pumpkins walk hike poprotskiy alexey fotolia fall perfect seeing leaves change color walking hiking date great either pick local park find formal hiking trail weather cools walking hiking trails become appealing haselkorn matchmaker runs dating blog unemployed tells bustle region leaves start change color fall truly beautiful outdoors walking hiking dates great date options encourage conversation without having awkwardly across restaurant wholesome activities show casual side haselkorn picnic park beach bokan fotolia walk hike picnic park beach happen tree rainbow autumn colors better though cool outside great reason break fall sweaters watch fall leaves sunset together eating apple picking skynext fotolia went apple picking date fall different kind date idea doing activity allows teamwork goal help enjoy company date setting stef safran matchmaking dating expert tells bustle plus decrease pressure date plus corn maze soupstock fotolia halloween hard find city without corn maze depending live corn mazes popular bennett something unique especially combined crisp fall weather naturally able date problem solving stress able help close quarters ride skydivecop fotolia rides springing days halloween thanksgiving coming midwest probably find farm ride safran among safran good exercise teamwork visit brewery cidery theauthenticimages fotolia wine tasting popular summer date activity finding local brewery cidery seems fall months tend spots fall haselkorn usually tour facility sample offerings means lots sharing plenty talk date attend fall festival ondreicka fotolia sipping warm apple cider seeing fall decorations pumpkins scarecrows plus festivals hands craft sections date home scarecrow together safran fall festivals perfect date venues great date unique setting fall carnivals pumpkin carving contests events find farmers market ayaimages fotolia aside cooler weather fall means wide assortment fall foods better place taste testing farmers market whether farmers market handful bound festive farmers markets full harvest foods crafts bennett spend together shop fall produce course pick couple pumpkins pick carve pumpkins vectorfusionart fotolia fall festival farmers market great date pick pumpkins home carve together find local pumpkin patch spend afternoon picking pumpkins gourds bennett good spend relaxing date away busy city later carve decorate favorite fall memories carving pumpkins decorating fall halloween bennett carve pumpkins together place ready fall ghost tour haunted house sascha burkard fotolia places formal ghost tours cities ventura give ghost hunting tips local haunted house ghost haunted house season nothing brings couple closer together physically needing someone hold onto scared bennett","url":"https://www.bustle.com/p/11-fun-fall-date-ideas-to-try-in-october-2018-12220102","polarityScore":{"sourceTitle":"Bustle","allSidesBias":"left-center","communityAgree":"564","communityDisagree":"566","sourceUrl":"http://www.bustle.com/ "},"processedText":["autumn","full","swing","ideal","getting","someone","date","process","fall","season","pumpkin","spice","cooler","temperatures","halloween","followed","finally","using","fireplace","building","nice","fire","afterwards","plus","looking","outside","inspired","fall","date","ideas","fall","great","dates","everyone","seems","love","fall","activities","festivals","events","david","bennett","counselor","relationship","expert","double","trust","dating","tells","bustle","fall","start","major","holiday","seasons","plenty","related","holidays","halloween","thanksgiving","outside","halloween","thanksgiving","plenty","fall","themed","date","whether","started","seeing","relationship","below","find","fall","date","ideas","date","month","festive","beach","picking","carving","pumpkins","walk","hike","fotolia","fall","perfect","seeing","leaves","change","color","walking","hiking","date","great","either","pick","local","park","find","formal","hiking","trail","weather","walking","hiking","trails","become","appealing","matchmaker","runs","dating","blog","unemployed","tells","bustle","region","leaves","start","change","color","fall","truly","beautiful","outdoors","walking","hiking","dates","great","date","options","encourage","conversation","without","having","awkwardly","across","restaurant","wholesome","activities","show","casual","side","picnic","park","beach","fotolia","walk","hike","picnic","park","beach","happen","tree","rainbow","autumn","colors","better","though","cool","outside","great","reason","break","fall","sweaters","watch","fall","leaves","sunset","together","eating","apple","picking","fotolia","went","apple","picking","date","fall","different","kind","date","idea","doing","activity","allows","teamwork","goal","help","enjoy","company","date","setting","dating","expert","tells","bustle","plus","decrease","pressure","date","plus","corn","maze","fotolia","halloween","hard","find","city","without","corn","maze","depending","live","corn","popular","bennett","something","unique","especially","combined","crisp","fall","weather","naturally","able","date","problem","solving","stress","able","help","close","quarters","ride","fotolia","rides","days","halloween","thanksgiving","coming","midwest","probably","find","farm","ride","among","good","exercise","teamwork","visit","brewery","fotolia","wine","tasting","popular","summer","date","activity","finding","local","brewery","seems","fall","months","tend","spots","fall","usually","tour","facility","sample","offerings","means","lots","sharing","plenty","talk","date","attend","fall","festival","fotolia","sipping","warm","apple","cider","seeing","fall","decorations","pumpkins","plus","festivals","hands","craft","sections","date","home","scarecrow","together","fall","festivals","perfect","date","venues","great","date","unique","setting","fall","pumpkin","carving","contests","events","find","farmers","market","fotolia","aside","cooler","weather","fall","means","wide","assortment","fall","foods","better","place","taste","testing","farmers","market","whether","farmers","market","handful","bound","festive","farmers","markets","full","harvest","foods","crafts","bennett","spend","together","shop","fall","produce","course","pick","couple","pumpkins","pick","carve","pumpkins","fotolia","fall","festival","farmers","market","great","date","pick","pumpkins","home","carve","together","find","local","pumpkin","patch","spend","afternoon","picking","pumpkins","bennett","good","spend","relaxing","date","away","busy","city","later","carve","decorate","favorite","fall","memories","carving","pumpkins","decorating","fall","halloween","bennett","carve","pumpkins","together","place","ready","fall","ghost","tour","haunted","house","fotolia","places","formal","ghost","tours","cities","ventura","give","ghost","hunting","tips","local","haunted","house","ghost","haunted","house","season","nothing","brings","couple","closer","together","physically","needing","someone","hold","onto","scared","bennett"]}
