{"authors":["Carolyn Steber"],"date_download":"2018-10-31 00:47:25","date_modify":"2018-10-31 00:47:25","date_publish":"2018-10-01 13:55:58","description":"If you ever chatted with someone who truly seemed to \"get\" you, they were probably someone with high emotional intelligence. These folks have a few skills — and habits that come about as a result — that allow them to tap into the experiences of…","filename":"11HabitsAllEmotionallyIntelligentPeopleHaveInCommon_29.json","image_url":"https://imgix.bustle.com/uploads/image/2018/9/28/12e2fd7f-a4de-4aaf-bd12-ed03106b7a3f-zaeh_bustle_apr2016-380.jpg?w=1200&h=630&q=70&fit=crop&crop=faces&fm=jpg","language":"en","localpath":"11HabitsAllEmotionallyIntelligentPeopleHaveInCommon_29.json","title":"11 Habits All Emotionally Intelligent People Have In Common","title_page":"11 Habits All Emotionally Intelligent People Have In Common","title_rss":"NULL","source_domain":"bustle.com","text":"chatted someone truly seemed probably someone high emotional intelligence folks skills habits result allow experiences others quite grounded open minded understanding result emotional intelligence ability understand people saying saying impacting emotionally clinical psychologist helen odessky tells bustle able read accurately perceive someone feeling able knowledge social emotional intelligence comes handy communicating others makes life easier provides healthy dose empathy compassion understanding emotions people born skills something rest work improving trait developed though people born greater degree naturally couples therapist brooke sprowl lcsw tells bustle psychotherapy help developing skills anxiety regulation empathy communication skills perspective taking improve emotional intelligence habits skills sign emotionally intelligence experts actively listen andrew zaeh bustle instead waiting turn talk emotionally intelligent people hear others saying focus person speaking show listening respond accordingly listen odessky means understand person rather formulate response speaking goal connection healthy sided conversation find common ground hannah burton bustle agree someone saying emotionally intelligent person best civil conversation seek establish relationships find common ground possible odessky understand wants feel loser argument effort fair read lines andrew zaeh bustle skill enables fair read lines words interpret underlying emotions odessky emotionally intelligent people able infer someone mean themselves people shoes helps sides practice patience andrew zaeh bustle situations others become frustrated irritated emotionally intelligent folks knack staying cool pressure instead lashing jumping conclusions allow themselves process thoughts emotions rushing decision lifestyle expert writer amanda raimondi tells bustle addition give others amount patience someone struggling individual give figure incredibly self aware andrew zaeh bustle possible spot emotional intelligence others simply carry themselves aware speak others raimondi almost observing conversation having doing catch mirroring skill puts others ease change tone speaking depending raimondi creating meaningful conversation open minded hannah burton bustle stuck ways emotionally intelligent people open minded interested people situations raimondi opportunity grow create relationships able stay positive andrew zaeh bustle part maintaining healthy outlook getting habit looking silver lining people goes hand hand open minded raimondi individual positive wants better better weight world down stifle goals life positive attitude mindset helps achieve having cynical mindset emotionally intelligent people aware naturally read everyone body language andrew zaeh bustle anyone feel others folks emotionally intelligent people highly empathetic compassionate nature katie ziskind licensed marriage family therapist tells bustle empathy ability step someone else shoes deeply understand instance sorrow pain loss able spot emotions different cues emotionally intelligent people great reading facial expressions body language ziskind body language connected emotion sense without needing talk regulate emotions andrew zaeh bustle emotional intelligence provides better understanding emotions thus ability handle emotions emotionally intelligent people manage negative emotions channeled destructive ways sprowl importance taking care themselves able spot early signs practice self care slow down destress defensive ashley batz bustle thing emotionally intelligent people likely defensive validate someone else point view disagree holding ground assertively expressing views sprowl","url":"https://www.bustle.com/p/11-habits-all-emotionally-intelligent-people-have-in-common-12082296","polarityScore":{"sourceTitle":"Bustle","allSidesBias":"left-center","communityAgree":"564","communityDisagree":"566","sourceUrl":"http://www.bustle.com/ "},"processedText":["chatted","someone","truly","seemed","probably","someone","high","emotional","intelligence","folks","skills","habits","result","allow","experiences","others","quite","grounded","open","minded","understanding","result","emotional","intelligence","ability","understand","people","saying","saying","impacting","emotionally","clinical","psychologist","helen","tells","bustle","able","read","accurately","perceive","someone","feeling","able","knowledge","social","emotional","intelligence","comes","handy","communicating","others","makes","life","easier","provides","healthy","dose","empathy","compassion","understanding","emotions","people","born","skills","something","rest","work","improving","trait","developed","though","people","born","greater","degree","naturally","couples","therapist","brooke","lcsw","tells","bustle","help","developing","skills","anxiety","regulation","empathy","communication","skills","perspective","taking","improve","emotional","intelligence","habits","skills","sign","emotionally","intelligence","experts","actively","listen","andrew","zaeh","bustle","instead","waiting","turn","talk","emotionally","intelligent","people","hear","others","saying","focus","person","speaking","show","listening","respond","accordingly","listen","means","understand","person","rather","formulate","response","speaking","goal","connection","healthy","sided","conversation","find","common","ground","hannah","burton","bustle","agree","someone","saying","emotionally","intelligent","person","best","civil","conversation","seek","establish","relationships","find","common","ground","possible","understand","wants","feel","loser","argument","effort","fair","read","lines","andrew","zaeh","bustle","skill","enables","fair","read","lines","words","interpret","underlying","emotions","emotionally","intelligent","people","able","infer","someone","mean","themselves","people","shoes","helps","sides","practice","patience","andrew","zaeh","bustle","situations","others","become","frustrated","irritated","emotionally","intelligent","folks","knack","staying","cool","pressure","instead","lashing","jumping","conclusions","allow","themselves","process","thoughts","emotions","rushing","decision","lifestyle","expert","writer","amanda","raimondi","tells","bustle","addition","give","others","amount","patience","someone","struggling","individual","give","figure","incredibly","self","aware","andrew","zaeh","bustle","possible","spot","emotional","intelligence","others","simply","carry","themselves","aware","speak","others","raimondi","almost","observing","conversation","having","doing","catch","skill","puts","others","ease","change","tone","speaking","depending","raimondi","creating","meaningful","conversation","open","minded","hannah","burton","bustle","stuck","ways","emotionally","intelligent","people","open","minded","interested","people","situations","raimondi","opportunity","grow","create","relationships","able","stay","positive","andrew","zaeh","bustle","part","maintaining","healthy","outlook","getting","habit","looking","silver","lining","people","goes","hand","hand","open","minded","raimondi","individual","positive","wants","better","better","weight","world","down","stifle","goals","life","positive","attitude","mindset","helps","achieve","having","cynical","mindset","emotionally","intelligent","people","aware","naturally","read","everyone","body","language","andrew","zaeh","bustle","anyone","feel","others","folks","emotionally","intelligent","people","highly","empathetic","compassionate","nature","katie","licensed","marriage","family","therapist","tells","bustle","empathy","ability","step","someone","else","shoes","deeply","understand","instance","sorrow","pain","loss","able","spot","emotions","different","cues","emotionally","intelligent","people","great","reading","facial","expressions","body","language","body","language","connected","emotion","sense","without","needing","talk","regulate","emotions","andrew","zaeh","bustle","emotional","intelligence","provides","better","understanding","emotions","thus","ability","handle","emotions","emotionally","intelligent","people","manage","negative","emotions","channeled","destructive","ways","importance","taking","care","themselves","able","spot","early","signs","practice","self","care","slow","down","defensive","ashley","batz","bustle","thing","emotionally","intelligent","people","likely","defensive","validate","someone","else","point","view","disagree","holding","ground","expressing","views"]}
