{"authors":["Marlen Komar"],"date_download":"2018-10-31 00:46:09","date_modify":"2018-10-31 00:46:09","date_publish":"2018-10-18 20:06:54","description":"Halloween is just around the corner, but not everyone can afford getting a pre-made costume for a few hundred dollars. If you're in the DIY camp, then you're probably looking for Halloween makeup tutorials using drugstore products to match your…","filename":"11HalloweenMakeupTutorialsUsingDrugstoreProductsForAnAffordableHalloweenLook_30.json","image_url":"https://imgix.bustle.com/uploads/image/2018/10/18/813194c5-2e26-4c4b-b1ac-f701f13e641f-1.jpg?w=1200&h=630&q=70&fit=crop&crop=faces&fm=jpg","language":"en","localpath":"11HalloweenMakeupTutorialsUsingDrugstoreProductsForAnAffordableHalloweenLook_30.json","title":"11 Halloween Makeup Tutorials Using Drugstore Products For An Affordable Halloween Look","title_page":"11 Halloween Makeup Tutorials Using Drugstore Products For An Affordable Halloween Look","title_rss":"NULL","source_domain":"bustle.com","text":"halloween corner everyone afford getting costume hundred dollars camp probably looking halloween makeup tutorials using drugstore products match handmade look beauty vloggers youtube creative halloween looks spooky creations thing tutorials always attainable either deft hand gels afford palettes contour kits makeup artists making videos less accessible watch doable bathroom mirror hope beauty bloggers created tutorials using drugstore makeup letting people sorts budgets follow along ghoulish culture creations whether become classic skeleton gothic witch certain horror movie character burned skin achieve drugstore purchases cost ahead halloween makeup tutorials using drugstore makeup probably already spookiest halloween drugstore skeleton jamie genevieve youtube jamie genevieve partnered rimmel show transition look spooky skull night look makeup start change workday look ghoulish halloween transformation bride frankenstein clements youtube wanting halloween makeup accessible clements body paints high products create creepy bride frankenstein look products rimmel making super affordable creepy pumpkin bonnie corban youtube bonnie corban makeup create creepy half faced pumpkin look special effects stuff stop drugstore pull costume neon skull stephanie toms youtube stephanie toms decided classic skeleton look gave neon twist bloggers makeup specifically ultimate brights palette slide pencil white create surprisingly easy look costume mallory cornelison youtube channel lichtenstein halloween look transform yourself 1950s comic book character mallory cornelison walks create iconic lines dots using drugstore products relying mainly maybelline covergirl pennywise everyday heidi youtube pennywise 2017 tutorial help achieve creepy clown aesthetic terrify friends everyday heidi uses everything wild pull haunting look black panther inspired costume kyra knox youtube though black panther marvel franchise strong dressing women wakanda expiration date pull look kyra knox maybelline oreal products mimic comic book characters reptile halloween costume teaisforteagan youtube everyone else cute animals standard devils roll party terrifying lizard teaisforteagan uses maybelline reptilian freddy krueger madeyewlook youtube rather using tricky liquid latex create burn marks madeyewlook painted contoured face look melting skin using affordable drugstore makeup items gothic witch costume kayleigh noelle youtube classic halloween costume follow kayleigh noelle footsteps gothic witch mostly using products beauty vlogger pulled dark moody look perfect october festivities bambi lebanna beauty youtube whether channeling iconic disney movie cute deer evening lebanna beauty covered drugstore reiteration spend money statement halloween season","url":"https://www.bustle.com/p/11-halloween-makeup-tutorials-using-drugstore-products-for-affordable-halloween-look-12612355","polarityScore":{"sourceTitle":"Bustle","allSidesBias":"left-center","communityAgree":"564","communityDisagree":"566","sourceUrl":"http://www.bustle.com/ "},"processedText":["halloween","corner","everyone","afford","getting","costume","hundred","dollars","camp","probably","looking","halloween","makeup","tutorials","using","drugstore","products","match","handmade","look","beauty","youtube","creative","halloween","looks","spooky","creations","thing","tutorials","always","either","deft","hand","afford","palettes","kits","makeup","artists","making","videos","less","accessible","watch","doable","bathroom","mirror","hope","beauty","bloggers","created","tutorials","using","drugstore","makeup","letting","people","sorts","budgets","follow","along","ghoulish","culture","creations","whether","become","classic","skeleton","gothic","witch","certain","horror","movie","character","burned","skin","achieve","drugstore","purchases","cost","ahead","halloween","makeup","tutorials","using","drugstore","makeup","probably","already","spookiest","halloween","drugstore","skeleton","jamie","youtube","jamie","partnered","show","transition","look","spooky","skull","night","look","makeup","start","change","look","ghoulish","halloween","transformation","bride","frankenstein","youtube","wanting","halloween","makeup","accessible","body","paints","high","products","create","creepy","bride","frankenstein","look","products","making","super","affordable","creepy","pumpkin","bonnie","youtube","bonnie","makeup","create","creepy","half","faced","pumpkin","look","special","effects","stuff","stop","drugstore","pull","costume","neon","skull","stephanie","toms","youtube","stephanie","toms","decided","classic","skeleton","look","gave","neon","twist","bloggers","makeup","specifically","ultimate","palette","slide","pencil","white","create","surprisingly","easy","look","costume","mallory","youtube","channel","halloween","look","transform","yourself","1950s","comic","book","character","mallory","walks","create","iconic","lines","dots","using","drugstore","products","relying","mainly","everyday","heidi","youtube","2017","tutorial","help","achieve","creepy","clown","aesthetic","friends","everyday","heidi","uses","everything","wild","pull","haunting","look","black","panther","inspired","costume","knox","youtube","though","black","panther","marvel","franchise","strong","dressing","women","expiration","date","pull","look","knox","products","mimic","comic","book","characters","halloween","costume","youtube","everyone","else","cute","animals","standard","devils","roll","party","terrifying","uses","freddy","youtube","rather","using","tricky","liquid","latex","create","burn","marks","painted","face","look","melting","skin","using","affordable","drugstore","makeup","items","gothic","witch","costume","youtube","classic","halloween","costume","follow","footsteps","gothic","witch","mostly","using","products","beauty","pulled","dark","moody","look","perfect","october","festivities","beauty","youtube","whether","channeling","iconic","disney","movie","cute","deer","evening","beauty","covered","drugstore","spend","money","statement","halloween","season"]}
