{"authors":["Olivia Muenter"],"date_download":"2018-10-31 01:12:00","date_modify":"2018-10-31 01:12:00","date_publish":"2018-10-17 19:17:11","description":"When I think of intricate makeup tutorials on YouTube, images of perfectly blended smokey eyes or precise ombré lipstick come to mind. When I think of optical illusion makeup tutorials on YouTube, though, it's a whole other game entirely. Optical…","filename":"11MesmerizingOpticalIllusionMakeupTutorialsForHalloween2018_31.json","image_url":"https://imgix.bustle.com/uploads/image/2018/10/17/552580f5-b5b5-4649-ac55-e0b3ab0df669-screen-shot-2018-10-17-at-22350-pm.png?w=1200&h=630&q=70&fit=crop&crop=faces&fm=jpg","language":"en","localpath":"11MesmerizingOpticalIllusionMakeupTutorialsForHalloween2018_31.json","title":"11 Mesmerizing Optical Illusion Makeup Tutorials For Halloween 2018","title_page":"11 Mesmerizing Optical Illusion Makeup Tutorials For Halloween 2018","title_rss":"NULL","source_domain":"bustle.com","text":"intricate makeup tutorials youtube images perfectly blended smokey eyes precise ombr lipstick mind optical illusion makeup tutorials youtube though whole game entirely optical illusion makeup breathtaking necessarily beautiful although sometimes amazing spooky something looks real created makeup reality pretty freaky optical illusion makeup tutorials perfect creepiest season halloween beauty days optical illusion tutorial level skill whether simple illusion head look upside down makeup possible youtube tutorial everyone halloween feel stressful pressure create perfect outfit makeup look benefit optical illusion makeup usually enough huge hair makeup makeup focus look optical illusion makeup takes good deal patience least level artistic skill worth experimenting halloween reason freak friends mask illusion amber mancha youtube ready freak friends interested anything gory mask illusion tutorial best friend illusion roxxsaurus youtube look tutorial minute without head spinning video seriously trippy spider illusion tina halada youtube spiders creep probably stand arachnids spidey tutorial pulled skin illusion nikkietutorials youtube spooky comes nikkietutorials best business definitely beginners major impact melting face illusion spankie valentine youtube advanced illusion makeup look impressive sliced face illusion sincerely zoey youtube does scream case illusion seriously creepy perfect serious halloween party face burst tutorial sammylovesfossas youtube screaming mean screaming puzzle piece tutorial silvia quir youtube making entire face tutorial allows makeup tiny piece intended russian doll head illusion sammylovesfossas youtube ready scarred life look final look ready scar everyone life ideal tutorial arrived jekyll hyde illusion roxi matt youtube trying decide looks tutorial super creepy creature yourself ideal glitter galaxy illusion katie snooks youtube finally glitter based tutorial slightly gory pulled face look good luck removing glitter advance","url":"https://www.bustle.com/p/11-mesmerizing-optical-illusion-makeup-tutorials-for-halloween-2018-12280162","polarityScore":{"sourceTitle":"Bustle","allSidesBias":"left-center","communityAgree":"564","communityDisagree":"566","sourceUrl":"http://www.bustle.com/ "},"processedText":["intricate","makeup","tutorials","youtube","images","perfectly","blended","smokey","eyes","precise","lipstick","mind","optical","illusion","makeup","tutorials","youtube","though","whole","game","entirely","optical","illusion","makeup","breathtaking","necessarily","beautiful","although","sometimes","amazing","spooky","something","looks","real","created","makeup","reality","pretty","freaky","optical","illusion","makeup","tutorials","perfect","creepiest","season","halloween","beauty","days","optical","illusion","tutorial","level","skill","whether","simple","illusion","head","look","upside","down","makeup","possible","youtube","tutorial","everyone","halloween","feel","stressful","pressure","create","perfect","outfit","makeup","look","benefit","optical","illusion","makeup","usually","enough","huge","hair","makeup","makeup","focus","look","optical","illusion","makeup","takes","good","deal","patience","least","level","artistic","skill","worth","experimenting","halloween","reason","freak","friends","mask","illusion","amber","youtube","ready","freak","friends","interested","anything","gory","mask","illusion","tutorial","best","friend","illusion","youtube","look","tutorial","minute","without","head","spinning","video","seriously","spider","illusion","tina","youtube","creep","probably","stand","spidey","tutorial","pulled","skin","illusion","youtube","spooky","comes","best","business","definitely","beginners","major","impact","melting","face","illusion","valentine","youtube","advanced","illusion","makeup","look","impressive","sliced","face","illusion","sincerely","youtube","does","scream","case","illusion","seriously","creepy","perfect","serious","halloween","party","face","burst","tutorial","youtube","screaming","mean","screaming","puzzle","piece","tutorial","youtube","making","entire","face","tutorial","allows","makeup","tiny","piece","intended","russian","doll","head","illusion","youtube","ready","scarred","life","look","final","look","ready","scar","everyone","life","ideal","tutorial","arrived","jekyll","hyde","illusion","matt","youtube","trying","decide","looks","tutorial","super","creepy","creature","yourself","ideal","glitter","galaxy","illusion","katie","youtube","finally","glitter","based","tutorial","slightly","gory","pulled","face","look","good","luck","removing","glitter","advance"]}
