{"authors":["Kyli Rodriguez-Cayro"],"date_download":"2018-10-31 01:32:24","date_modify":"2018-10-31 01:32:24","date_publish":"2018-10-07 15:00:29","description":"There are two types of people in this world: Early risers and night owls. The ongoing debate between which is better will always live on (team night owls forever), but let’s face the facts: We live in a morning person’s world. A majority of people…","filename":"11ProductsToHelpYouBecomeAMorningPerson_36.json","image_url":"https://imgix.bustle.com/uploads/getty/2018/9/25/9b92f0a6-53b2-48f2-a0fe-97267060bc0c-getty-475095206.jpg?w=1200&h=630&q=70&fit=crop&crop=faces&fm=jpg","language":"en","localpath":"11ProductsToHelpYouBecomeAMorningPerson_36.json","title":"11 Products To Help You Become A Morning Person","title_page":"11 Products To Help You Become A Morning Person","title_rss":"NULL","source_domain":"bustle.com","text":"types people world early risers night owls ongoing debate better always live team night owls forever face facts live morning person world majority people wake early ready nine five plenty people voluntarily wake earlier work balanced breakfast believe anyone prefers stay later mornings straight exhausting feeling daze until coffee kicks luckily tend snooze button often products help become morning person biggest night tonic reported studies shown benefits night increased creativity productivity late evening studies indicate night owls smarter larks however flipside research discovered morning people happier experience less emotional distress later life proactive whole smithsonian reported april recent study found night owls percent higher risk dying early though scientists behind research aren sure pros cons morning person night emerging science suggests level preference genetic however mean doomed lifetime groggy mornings night early schedule help morning person caffeine infused soap shower shock caffeinated peppermint soap thinkgeek using caffeinated infused soap perk feel ready thinkgeek website shower shock contains approximately servings showers ounce milligrams caffeine serving longer jolt yourself awake cold shower matcha powder organic match powder spot rather doubling espresso shots consider making switch matcha mornings matcha delivers kick caffeine effects tend longer lasting crash making perfect beverage night needs sustainable energy throughout list knock knock sticky notes amazon seems morning larks always organized feel prepared consider getting yourself paper list fill night forget tasks fancy alarm clock philips wake light alarm clock amazon investing fancy alarm clock totally worth trouble hopping wake alarm clock designed stimulate sunrise mornings feel less grueling breakfast station nostalgia breakfast station amazon night owls breakfast translate grabbing granola halfway door however breakfast station help simplify morning routine meal feel less afterthought nostalgia products retro breakfast station griddle coffee maker toaster meal place highly organized laptop mancro laptop backpack amazon mornings feel less daunting yourself stylish laptop multiple pockets stay organized spend endlessly searching items late work energy boosting snack high octane energy nuts bogged down morning tiredness keep snacks desk give energy boost nuts trail formulated help beat morning fatigue packed antioxidant packed mulberries almonds energy boosting dark chocolate covered espresso beans english walnuts pepitas dried pineapple fiber loaded crimson raisins goji berries activity sleep tracker fitbit flex amazon does fitbit track steps distance walked track sleep features vibrating alarm clock setting extra boost feel unmotivated moving mornings fitbit give extra push looking shower speaker polk audio swimmer waterproof bluetooth speaker amazon morning lively waterproof speaker shower almost nothing wake efficiently jamming favorite tunes ready sure slip fall dancing","url":"https://www.bustle.com/p/11-products-to-help-you-become-a-morning-person-12029808","polarityScore":{"sourceTitle":"Bustle","allSidesBias":"left-center","communityAgree":"564","communityDisagree":"566","sourceUrl":"http://www.bustle.com/ "},"processedText":["types","people","world","early","night","owls","ongoing","debate","better","always","live","team","night","owls","forever","face","facts","live","morning","person","world","majority","people","wake","early","ready","nine","five","plenty","people","voluntarily","wake","earlier","work","balanced","breakfast","believe","anyone","prefers","stay","later","mornings","straight","exhausting","feeling","until","coffee","kicks","luckily","tend","snooze","button","often","products","help","become","morning","person","biggest","night","tonic","reported","studies","shown","benefits","night","increased","creativity","productivity","late","evening","studies","indicate","night","owls","smarter","however","research","discovered","morning","people","happier","experience","less","emotional","distress","later","life","proactive","whole","smithsonian","reported","april","recent","study","found","night","owls","percent","higher","risk","dying","early","though","scientists","behind","research","aren","sure","pros","cons","morning","person","night","emerging","science","suggests","level","preference","genetic","however","mean","doomed","lifetime","mornings","night","early","schedule","help","morning","person","caffeine","infused","soap","shower","shock","peppermint","soap","using","infused","soap","perk","feel","ready","website","shower","shock","contains","approximately","showers","ounce","milligrams","caffeine","serving","longer","jolt","yourself","awake","cold","shower","matcha","powder","organic","match","powder","spot","rather","doubling","espresso","shots","consider","making","switch","matcha","mornings","matcha","delivers","kick","caffeine","effects","tend","longer","lasting","crash","making","perfect","beverage","night","needs","sustainable","energy","throughout","list","knock","knock","sticky","notes","amazon","seems","morning","always","organized","feel","prepared","consider","getting","yourself","paper","list","fill","night","forget","tasks","fancy","alarm","clock","philips","wake","light","alarm","clock","amazon","investing","fancy","alarm","clock","totally","worth","trouble","hopping","wake","alarm","clock","designed","stimulate","sunrise","mornings","feel","less","grueling","breakfast","station","nostalgia","breakfast","station","amazon","night","owls","breakfast","translate","grabbing","halfway","door","however","breakfast","station","help","simplify","morning","routine","meal","feel","less","afterthought","nostalgia","products","retro","breakfast","station","griddle","coffee","maker","meal","place","highly","organized","laptop","laptop","backpack","amazon","mornings","feel","less","daunting","yourself","stylish","laptop","multiple","pockets","stay","organized","spend","endlessly","searching","items","late","work","energy","boosting","snack","high","octane","energy","nuts","bogged","down","morning","keep","snacks","desk","give","energy","boost","nuts","trail","formulated","help","beat","morning","fatigue","packed","antioxidant","packed","almonds","energy","boosting","dark","chocolate","covered","espresso","beans","english","dried","pineapple","fiber","loaded","crimson","berries","activity","sleep","tracker","fitbit","flex","amazon","does","fitbit","track","steps","distance","walked","track","sleep","features","alarm","clock","setting","extra","boost","feel","moving","mornings","fitbit","give","extra","push","looking","shower","speaker","polk","audio","waterproof","bluetooth","speaker","amazon","morning","lively","waterproof","speaker","shower","almost","nothing","wake","efficiently","favorite","tunes","ready","sure","slip","fall","dancing"]}
