{"authors":["Carolyn Steber"],"date_download":"2018-10-31 00:48:02","date_modify":"2018-10-31 00:48:02","date_publish":"2018-10-10 13:21:31","description":"If you've always been someone who can easily tune into others, someone who is emotional, or someone who feels overwhelmed by the \"vibe\" of your surroundings, then you may be wondering if you're an empath, or someone who is highly tuned into the…","filename":"11QuestionsToAskYourselfToFigureOutIfYoureAnEmpath_37.json","image_url":"https://imgix.bustle.com/uploads/image/2018/10/9/c629d622-f6b5-49d8-9169-75a86a842799-bustle_102416_188.jpg?w=1200&h=630&q=70&fit=crop&crop=faces&fm=jpg","language":"en","localpath":"11QuestionsToAskYourselfToFigureOutIfYoureAnEmpath_37.json","title":"11 Questions To Ask Yourself To Figure Out If You’re An Empath","title_page":"11 Questions To Ask Yourself To Figure Out If You’re An Empath","title_rss":"NULL","source_domain":"bustle.com","text":"always someone easily tune others someone emotional someone feels overwhelmed vibe surroundings wondering empath someone highly tuned emotions others feelings possess degree empaths ability tune others whole nother level people extremely sensitive capable putting themselves shoes person walking shoes davida rappaport psychic spiritual counselor tells bustle others sensitive pick thoughts feelings people close always felt highly sensitive discovering empath explain empathic considered gift often curse fact necessarily thoughts thinking feeling belongs rappaport become easily overwhelmed comforting others among reason important empath healthy boundaries rappaport questions yourself figure empath ways practice self care remain balanced feel drained hanging others andrew zaeh bustle empaths constantly soaking surroundings notice feel drained whenever others empaths sponges absorb thoughts feelings sensations licensed psychotherapist lisa hutchison lmhc tells bustle talking someone depressed notice feel down afterwards speaking someone highly anxious start feel empaths naturally introverted likely enjoy company spending quiet evenings rather socializing often correctly guess others thinking andrew zaeh bustle often correctly guess someone thinking loud note find sync people rappaport keep saying page thinking feeling thing took words mouth definitely connected person happens everyone occasion empaths notice pattern important tread lightly mindful occurs stride rappaport happens frequently learn sort sure does life empaths absorb people emotions important practice self care burnt find public places overwhelming hannah burton bustle yourself feel loud place party crowded subway platform busy networking event hutchison empaths easily stimulated noise focus often outward rather inward always problem clue empathic always highly emotional andrew zaeh bustle reasons highly emotional easily upset anxiety depression feel super sensitive lack sleep hormonal imbalances always someone cries drop note highly sensitive easily especially someone hurts feelings definitely emotional person empath rappaport experience someone else emotions exactly discover feeling strongly walking next journey leave emotions running high making prone teariness empaths heart find themselves crying easily seeing abuse injustice natural disasters either movies hearing experience hutchison others feel upset empaths feel others emotional pain literally leave feeling angry sure best doing detach feelings thoughts taking someone else stuff rappaport always wanted help others hannah burton bustle empaths helping others sign altruistic life hutchison empaths desire help world causes assist people explain always volunteering enjoy listening friends talk problems always neighbor needs helping hand interested corporate jobs hannah burton bustle people enjoy desk jobs corporate culture simply find interesting empaths tend avoid types careers entirely different reasons namely noisy sometimes manipulative throat nature type work types jobs cause feel unhappy something hutchison empaths better jobs freedom help others express creativity important quiet times order decompress supportive intuitive nature highly creative hannah burton bustle point empathic people tend artist fields partake beauty nature spare often empaths creative artistic hutchison sensitivity strength learn boundaries assert yourself ways protect energy means creating space thoughts creativity letting problems others down point stop enjoying life pursuing passions handle toxic people andrew zaeh bustle people able deal unhealthy relationships degree whether toxic friend coworker family member empaths tend avoid folks plague simply empath hanging toxic person notice start impact wellbeing become leave find terminate friendship relationship rappaport find happening empath stay away people places energy unhealthy feeling emotions everyone else andrew zaeh bustle often feel reason overjoyed reason tune yourself moment determine thoughts feelings rappaport close friends able sense feeling whether happy confused experiencing moments empathy yourself question emotion blue rappaport picking someone else feeling moments important slow down focus yourself regain clarity often feel scattered unclear andrew zaeh bustle empaths pick people feelings intense degree find yourself struggling constant sense overwhelm scattered thinking hutchison empaths compassionate givers often engulfed others emotions problems point disconnect thoughts feelings point tune good important thing empathic realizing good boundaries constantly pick people thoughts feelings rappaport discover unable clearly thoughts feelings swirling self care meditation handy","url":"https://www.bustle.com/p/11-questions-to-ask-yourself-to-figure-out-if-youre-empath-12167891","polarityScore":{"sourceTitle":"Bustle","allSidesBias":"left-center","communityAgree":"564","communityDisagree":"566","sourceUrl":"http://www.bustle.com/ "},"processedText":["always","someone","easily","tune","others","someone","emotional","someone","feels","overwhelmed","vibe","surroundings","wondering","someone","highly","tuned","emotions","others","feelings","possess","degree","empaths","ability","tune","others","whole","level","people","extremely","sensitive","capable","putting","themselves","shoes","person","walking","shoes","rappaport","psychic","spiritual","counselor","tells","bustle","others","sensitive","pick","thoughts","feelings","people","close","always","felt","highly","sensitive","discovering","explain","considered","gift","often","curse","fact","necessarily","thoughts","thinking","feeling","belongs","rappaport","become","easily","overwhelmed","comforting","others","among","reason","important","healthy","boundaries","rappaport","questions","yourself","figure","ways","practice","self","care","remain","balanced","feel","drained","hanging","others","andrew","zaeh","bustle","empaths","constantly","soaking","surroundings","notice","feel","drained","whenever","others","empaths","absorb","thoughts","feelings","sensations","licensed","psychotherapist","lisa","hutchison","tells","bustle","talking","someone","depressed","notice","feel","down","afterwards","speaking","someone","highly","anxious","start","feel","empaths","naturally","introverted","likely","enjoy","company","spending","quiet","evenings","rather","socializing","often","correctly","guess","others","thinking","andrew","zaeh","bustle","often","correctly","guess","someone","thinking","loud","note","find","sync","people","rappaport","keep","saying","page","thinking","feeling","thing","took","words","mouth","definitely","connected","person","happens","everyone","occasion","empaths","notice","pattern","important","tread","lightly","mindful","occurs","stride","rappaport","happens","frequently","learn","sort","sure","does","life","empaths","absorb","people","emotions","important","practice","self","care","burnt","find","public","places","overwhelming","hannah","burton","bustle","yourself","feel","loud","place","party","crowded","subway","platform","busy","networking","event","hutchison","empaths","easily","stimulated","noise","focus","often","outward","rather","inward","always","problem","clue","always","highly","emotional","andrew","zaeh","bustle","reasons","highly","emotional","easily","upset","anxiety","depression","feel","super","sensitive","lack","sleep","hormonal","always","someone","cries","drop","note","highly","sensitive","easily","especially","someone","hurts","feelings","definitely","emotional","person","rappaport","experience","someone","else","emotions","exactly","discover","feeling","strongly","walking","next","journey","leave","emotions","running","high","making","prone","empaths","heart","find","themselves","crying","easily","seeing","abuse","injustice","natural","disasters","either","movies","hearing","experience","hutchison","others","feel","upset","empaths","feel","others","emotional","pain","literally","leave","feeling","angry","sure","best","doing","feelings","thoughts","taking","someone","else","stuff","rappaport","always","wanted","help","others","hannah","burton","bustle","empaths","helping","others","sign","altruistic","life","hutchison","empaths","desire","help","world","causes","assist","people","explain","always","volunteering","enjoy","listening","friends","talk","problems","always","neighbor","needs","helping","hand","interested","corporate","jobs","hannah","burton","bustle","people","enjoy","desk","jobs","corporate","culture","simply","find","interesting","empaths","tend","avoid","types","careers","entirely","different","reasons","namely","noisy","sometimes","manipulative","throat","nature","type","work","types","jobs","cause","feel","unhappy","something","hutchison","empaths","better","jobs","freedom","help","others","express","creativity","important","quiet","times","order","supportive","intuitive","nature","highly","creative","hannah","burton","bustle","point","people","tend","artist","fields","partake","beauty","nature","spare","often","empaths","creative","artistic","hutchison","sensitivity","strength","learn","boundaries","assert","yourself","ways","protect","energy","means","creating","space","thoughts","creativity","letting","problems","others","down","point","stop","enjoying","life","pursuing","passions","handle","toxic","people","andrew","zaeh","bustle","people","able","deal","unhealthy","relationships","degree","whether","toxic","friend","coworker","family","member","empaths","tend","avoid","folks","plague","simply","hanging","toxic","person","notice","start","impact","wellbeing","become","leave","find","terminate","friendship","relationship","rappaport","find","happening","stay","away","people","places","energy","unhealthy","feeling","emotions","everyone","else","andrew","zaeh","bustle","often","feel","reason","overjoyed","reason","tune","yourself","moment","determine","thoughts","feelings","rappaport","close","friends","able","sense","feeling","whether","happy","confused","experiencing","moments","empathy","yourself","question","emotion","blue","rappaport","picking","someone","else","feeling","moments","important","slow","down","focus","yourself","regain","clarity","often","feel","scattered","unclear","andrew","zaeh","bustle","empaths","pick","people","feelings","intense","degree","find","yourself","struggling","constant","sense","overwhelm","scattered","thinking","hutchison","empaths","compassionate","often","engulfed","others","emotions","problems","point","disconnect","thoughts","feelings","point","tune","good","important","thing","realizing","good","boundaries","constantly","pick","people","thoughts","feelings","rappaport","discover","unable","clearly","thoughts","feelings","swirling","self","care","meditation","handy"]}
