{"authors":["Kyli Rodriguez-Cayro"],"date_download":"2018-10-31 00:34:58","date_modify":"2018-10-31 00:34:58","date_publish":"2018-10-01 21:12:34","description":"Tired of listening to the same old songs when hitting the gym? Have you been jamming to the one playlist you made years ago on repeat? If you feel like you’re in a rut when it comes to your exercise music, it may be time to find new running…","filename":"11RunningPlaylistsForWhenYoureBoredOfAllYourWorkoutMusic_39.json","image_url":"https://imgix.bustle.com/uploads/getty/2018/9/25/40876bd1-d928-452d-83b4-b36f71df018a-getty-963217896.jpg?w=1200&h=630&q=70&fit=crop&crop=faces&fm=jpg","language":"en","localpath":"11RunningPlaylistsForWhenYoureBoredOfAllYourWorkoutMusic_39.json","title":"11 Running Playlists For When You're Bored Of All Your Workout Music","title_page":"11 Running Playlists For When You're Bored Of All Your Workout Music","title_rss":"NULL","source_domain":"bustle.com","text":"tired listening songs hitting jamming playlist repeat feel comes exercise music find running playlists beat boredom help workout science shown music listen play important role fitness routine healthline reported playlist encourage longer help concentrate improve coordination workout research revealed listening music workout boost mood confidence basically playlist difference whether working feels activity grueling task wants work feels responsibility release music queue daily needs refresher luck hits classic rock bangers running playlists spotify help feel pumped exercise complete cardio lover paradise spotify playlist followers perf anyone loves upbeat modern mention hours playtime meaning keep entertained quite jogs breakup anthems blast everyone breakup cathartic benefits hour playlist breakup anthems seriously empowering help push classic rock roll runner love classic rock look further playlist followers compiled high energy rock hits workout psych rock modern psychedelic rock classics playlist faves bands mgmt tame impala beats feel breeze women refresh fitness routine feminist music playlist comprised women artists released powerful songs classics tina turner contemporary hits ariana grande keep moving fans playlist become pick followers hours playtime workout less snore punk perfection feel bored current jams trip down memory lane playlist basically compilation bands played warped tour 2000s definitely transport middle high school minus weird happen adolescence switch beat playlist song lineup includes favorites decades keep feeling pumped duration workout workout playlist followers music popular songs great anyone looking reliable pick switch current playlist songs sprinting extra motivation intensive exercise routine playlist help songs approximately beats minute means help faster goal lastly short playlist cool down important couple songs help slow down heart rate help feel relaxed good workout playlist short good queue","url":"https://www.bustle.com/p/11-running-playlists-for-when-youre-bored-of-all-your-workout-music-12029813","polarityScore":{"sourceTitle":"Bustle","allSidesBias":"left-center","communityAgree":"564","communityDisagree":"566","sourceUrl":"http://www.bustle.com/ "},"processedText":["tired","listening","songs","hitting","playlist","repeat","feel","comes","exercise","music","find","running","beat","boredom","help","workout","science","shown","music","listen","play","important","role","fitness","routine","healthline","reported","playlist","encourage","longer","help","concentrate","improve","coordination","workout","research","revealed","listening","music","workout","boost","mood","confidence","basically","playlist","difference","whether","working","feels","activity","grueling","task","wants","work","feels","responsibility","release","music","daily","needs","refresher","luck","hits","classic","rock","running","spotify","help","feel","pumped","exercise","complete","lover","paradise","spotify","playlist","followers","anyone","loves","upbeat","modern","mention","hours","meaning","keep","entertained","quite","breakup","anthems","blast","everyone","breakup","benefits","hour","playlist","breakup","anthems","seriously","empowering","help","push","classic","rock","roll","runner","love","classic","rock","look","further","playlist","followers","compiled","high","energy","rock","hits","workout","rock","modern","rock","classics","playlist","faves","bands","tame","beats","feel","breeze","women","refresh","fitness","routine","feminist","music","playlist","comprised","women","artists","released","powerful","songs","classics","tina","turner","contemporary","hits","ariana","grande","keep","moving","fans","playlist","become","pick","followers","hours","workout","less","punk","perfection","feel","bored","current","jams","trip","down","memory","lane","playlist","basically","compilation","bands","played","warped","tour","2000s","definitely","transport","middle","high","school","minus","weird","happen","adolescence","switch","beat","playlist","song","lineup","includes","favorites","decades","keep","feeling","pumped","duration","workout","workout","playlist","followers","music","popular","songs","great","anyone","looking","reliable","pick","switch","current","playlist","songs","extra","motivation","intensive","exercise","routine","playlist","help","songs","approximately","beats","minute","means","help","faster","goal","lastly","short","playlist","cool","down","important","couple","songs","help","slow","down","heart","rate","help","feel","relaxed","good","workout","playlist","short","good"]}
