{"authors":["Jack O'Keeffe"],"date_download":"2018-10-31 00:58:18","date_modify":"2018-10-31 00:58:18","date_publish":"2018-10-09 21:39:54","description":"The first season of Big Mouth made for an uncomfortable watch, but chances are, its graphic humor wasn't still haunting fans days later. Not so for Season 2, which introduces The Hormone Monster's rival — a pointy- eared pot-stirrer who taps into…","filename":"11ShameWizardJokesFromBigMouthSeason2ThatProveHesJustAsHilariousAsHeIsHorrible_41.json","image_url":"https://imgix.bustle.com/uploads/image/2018/10/9/1b9fbc24-35a5-4dcb-8b2a-666f2ada08e2-big_mouth_s02e04_6m57s9999f.jpg?w=1200&h=630&q=70&fit=crop&crop=faces&fm=jpg","language":"en","localpath":"11ShameWizardJokesFromBigMouthSeason2ThatProveHesJustAsHilariousAsHeIsHorrible_41.json","title":"11 Shame Wizard Jokes From 'Big Mouth' Season 2 That Prove He's Just As Hilarious As He Is Horrible","title_page":"11 Shame Wizard Jokes From 'Big Mouth' Season 2 That Prove He's Just As Hilarious As He Is Horrible","title_rss":"NULL","source_domain":"bustle.com","text":"season mouth uncomfortable watch chances graphic humor wasn haunting fans days later season introduces hormone monster rival pointy eared stirrer taps embarrassing childhood moment rest show doles enough funny liners laugh pain fact shame wizard mouth jokes perfectly capture makes hilarious horrifying characters show shame wizard best zingers makes sense given sole purpose kick others down voiced none david thewlis remus lupin spends season guilt tripping rest mouth cast andrew masturbating fantasizing friend sister jessi getting high finding coach steve apparently capacity shame exception shame wizard antagonizing tied teenage mistakes usual mouth reminds painfully relatable cringing missteps decades later hopefully shame wizard least give good chuckle shoving down memory lane best jokes downs below taking cheese restaurant netflix kind person lies taking cheese restaurant kind takes hormonal teenager shame court forces rely hormone monster legal representation getting witness testimony everyone masturbated sort rubs fronts world saddest girl leaves netflix andrew short lived fling lola wonderful outing andrew hormone monster great moment shame wizard pushing andrew fronts lola shame wizard immediately work reminding andrew matter does next good person afte rubbing fronts someone wanted dump worth jessi hella faded netflix shame wizard begins season bringing shame upon andrew sexual inclinations malevolent rabble rouser shows encourages kinds shame interaction jessi drug experimentation leads father getting kicked house shame wizard turns outdated slang guilt jessi aggressive volunteering hillary clinton phone calls knows netflix although shame wizard saying line jessi saying entire audience sure maybe voted hillary maybe volunteered campaign couldn done fault specifically yours hillary lost shame wizard does work rational thought does benefit chose defile denim dungarees netflix world shame wizard simply cannot deny teenager making deeply regretful life choice alliteration filled turn phrase luckily shame wizard shaming andrew glouberman invites opprotunity combine passions indeed professor pervert teaching next semester ogling jizz nomatry netflix shame wizard less cutting season presses knows part subjects forget moment terrible people collect vintage nazi dildos netflix hormone monsters disgusted something gross shame wizard announcement primary hobby collecting nazi dildos raises great deal questions none hormone monsters answered monsters laments figured ruin dildos continue lousy piece netflix viewers free shame wizard half mouth part sleepover episode knowing shame wizard recognizes viewers likely marathoning show nothing stop remaining view next episode live accept vicious queen saddest moments show occasionally pretty shame wizard uses others shame matthew continue mean episode trying kind understanding others shame wizard pushes matthew cruel room full daddies trying abandan kids rebellion against shame wizard villain reveals secret shame wracked father abandan ment attempts children","url":"https://www.bustle.com/p/11-shame-wizard-jokes-from-big-mouth-season-2-that-prove-hes-just-as-hilarious-as-he-is-horrible-12196497","polarityScore":{"sourceTitle":"Bustle","allSidesBias":"left-center","communityAgree":"564","communityDisagree":"566","sourceUrl":"http://www.bustle.com/ "},"processedText":["season","mouth","uncomfortable","watch","chances","graphic","humor","wasn","haunting","fans","days","later","season","introduces","hormone","monster","rival","taps","embarrassing","childhood","moment","rest","show","enough","funny","liners","laugh","pain","fact","shame","wizard","mouth","jokes","perfectly","capture","makes","hilarious","horrifying","characters","show","shame","wizard","best","makes","sense","given","sole","purpose","kick","others","down","voiced","none","david","spends","season","guilt","tripping","rest","mouth","cast","andrew","masturbating","friend","sister","jessi","getting","high","finding","coach","steve","apparently","capacity","shame","exception","shame","wizard","tied","teenage","mistakes","usual","mouth","reminds","painfully","relatable","decades","later","hopefully","shame","wizard","least","give","good","chuckle","shoving","down","memory","lane","best","jokes","downs","below","taking","cheese","restaurant","netflix","kind","person","lies","taking","cheese","restaurant","kind","takes","hormonal","teenager","shame","court","forces","rely","hormone","monster","legal","representation","getting","witness","testimony","everyone","sort","fronts","world","girl","leaves","netflix","andrew","short","lived","fling","wonderful","outing","andrew","hormone","monster","great","moment","shame","wizard","pushing","andrew","fronts","shame","wizard","immediately","work","reminding","andrew","matter","does","next","good","person","rubbing","fronts","someone","wanted","dump","worth","jessi","hella","faded","netflix","shame","wizard","begins","season","bringing","shame","upon","andrew","sexual","malevolent","rabble","shows","encourages","kinds","shame","interaction","jessi","drug","experimentation","leads","father","getting","kicked","house","shame","wizard","turns","outdated","slang","guilt","jessi","aggressive","volunteering","hillary","clinton","phone","calls","knows","netflix","although","shame","wizard","saying","line","jessi","saying","entire","audience","sure","maybe","voted","hillary","maybe","volunteered","campaign","couldn","done","fault","specifically","yours","hillary","lost","shame","wizard","does","work","rational","thought","does","benefit","chose","denim","netflix","world","shame","wizard","simply","cannot","deny","teenager","making","deeply","life","choice","filled","turn","phrase","luckily","shame","wizard","shaming","andrew","invites","combine","passions","indeed","professor","pervert","teaching","next","semester","netflix","shame","wizard","less","cutting","season","knows","part","subjects","forget","moment","terrible","people","collect","vintage","nazi","netflix","hormone","monsters","disgusted","something","gross","shame","wizard","announcement","primary","hobby","collecting","nazi","raises","great","deal","questions","none","hormone","monsters","answered","monsters","laments","figured","ruin","continue","lousy","piece","netflix","viewers","free","shame","wizard","half","mouth","part","episode","knowing","shame","wizard","recognizes","viewers","likely","show","nothing","stop","remaining","view","next","episode","live","accept","vicious","queen","moments","show","occasionally","pretty","shame","wizard","uses","others","shame","matthew","continue","mean","episode","trying","kind","understanding","others","shame","wizard","pushes","matthew","cruel","room","full","trying","kids","rebellion","against","shame","wizard","villain","reveals","secret","shame","father","attempts","children"]}
