{"authors":["Sadie Trombetta"],"date_download":"2018-10-31 00:55:24","date_modify":"2018-10-31 00:55:24","date_publish":"2018-10-03 21:30:31","description":"October is here, and you know what that means: it is officially time to get in the Halloween spirit. In addition to watching horror movies, eating candy corn, and decorating your house with fake cobwebs and skulls this year, don't forget to read…","filename":"11SpookyPoemsForHalloweenSeasonAboutWitchesGhostsAndBadOmens_44.json","image_url":"https://imgix.bustle.com/uploads/image/2018/10/3/555535e5-3013-42bd-b61d-46871536be9f-stocksy_txpc3dd8564wr6200_small_1148024.jpg?w=1200&h=630&q=70&fit=crop&crop=faces&fm=jpg","language":"en","localpath":"11SpookyPoemsForHalloweenSeasonAboutWitchesGhostsAndBadOmens_44.json","title":"11 Spooky Poems For Halloween Season About Witches, Ghosts, And Bad Omens","title_page":"11 Spooky Poems For Halloween Season About Witches, Ghosts, And Bad Omens","title_rss":"NULL","source_domain":"bustle.com","text":"october means officially halloween spirit addition watching horror movies eating candy corn decorating house fake cobwebs skulls forget read spooky poems halloween season nothing quite hallows reciting scary stanzas ghosts witches bats omens poetry comes mind people associate love romance heartache poetry rich history spooky edgar allan emily dickinson rainer maria rilke john keats poets penning spine tingling stanzas haunted houses wicked witches possessed people centuries halloween course perfect read whether looking something scary read annual holiday bash trying spirit holiday spooky poems halloween season exactly warned poems shorter typical horror novel scary story mean less terrifying witch bride william allingham giphy fair witch crept young side kiss took bride shape dead night fill room snowy light arms thing frightful mouth read full hour ghost cristina rossetti giphy love love hold fast draws away thee cannot stem blast cold strong away light shines beyond hills pines read full spirits dead edgar allan giphy soul shall find itself alone dark thoughts grey tomb stone crowd thine hour secrecy read full dead graveyard underneath window adelaide crapsey giphy watch blade green moves show restlessly toss turn fling desperate draw knees stiffened aching disuse watch night ghost comes forth freedom midnight hour read full portent william carlos williams giphy cradle night dusky child sleeps fast till shall piled sinew sinew read full witch mary elizabeth coleridge giphy walked great snow tall strong clothes teeth hard wandered fruitful earth lift threshold door read full black rainer maria rilke giphy ghost though invisible place sight knock echoing within thick black pelt strongest gaze absorbed utterly disappear raving madman nothing else ease charges dark night howling pounds padded wall feels rage taken pacified read full bats paisley rekdal giphy unveil themselves dark hang jagged silken sleeve moonlit rafters bright polished knives swim muddled keen supersonic babies sound imagine empty wombs women fill read full windigo louise erdrich giphy knew coming kettle jumped fire towels flapped hooks crept groaning deepest part woods read full omens cecilia llompart giphy dead bird color bruise smaller swollen shut king among omens read full","url":"https://www.bustle.com/p/11-spooky-poems-for-halloween-season-about-witches-ghosts-bad-omens-12140427","polarityScore":{"sourceTitle":"Bustle","allSidesBias":"left-center","communityAgree":"564","communityDisagree":"566","sourceUrl":"http://www.bustle.com/ "},"processedText":["october","means","officially","halloween","spirit","addition","watching","horror","movies","eating","candy","corn","decorating","house","fake","forget","read","spooky","poems","halloween","season","nothing","quite","scary","ghosts","witches","bats","omens","poetry","comes","mind","people","associate","love","romance","heartache","poetry","rich","history","spooky","edgar","allan","emily","dickinson","maria","john","poets","penning","spine","haunted","houses","wicked","witches","possessed","people","centuries","halloween","course","perfect","read","whether","looking","something","scary","read","annual","holiday","bash","trying","spirit","holiday","spooky","poems","halloween","season","exactly","warned","poems","shorter","typical","horror","novel","scary","story","mean","less","terrifying","witch","bride","william","giphy","fair","witch","crept","young","side","kiss","took","bride","shape","dead","night","fill","room","snowy","light","arms","thing","mouth","read","full","hour","ghost","cristina","giphy","love","love","hold","fast","draws","away","thee","cannot","stem","blast","cold","strong","away","light","shines","beyond","hills","pines","read","full","spirits","dead","edgar","allan","giphy","soul","shall","find","itself","alone","dark","thoughts","grey","tomb","stone","crowd","hour","secrecy","read","full","dead","graveyard","underneath","window","giphy","watch","blade","green","moves","show","toss","turn","fling","desperate","draw","knees","watch","night","ghost","comes","forth","freedom","midnight","hour","read","full","william","carlos","williams","giphy","cradle","night","child","sleeps","fast","till","shall","piled","read","full","witch","mary","elizabeth","giphy","walked","great","snow","tall","strong","clothes","teeth","hard","wandered","earth","lift","threshold","door","read","full","black","maria","giphy","ghost","though","invisible","place","sight","knock","echoing","within","thick","black","strongest","gaze","absorbed","utterly","disappear","madman","nothing","else","ease","charges","dark","night","howling","pounds","padded","wall","feels","rage","taken","read","full","bats","paisley","giphy","unveil","themselves","dark","hang","sleeve","bright","polished","knives","swim","muddled","keen","babies","sound","imagine","empty","women","fill","read","full","louise","giphy","knew","coming","kettle","jumped","fire","towels","hooks","crept","deepest","part","woods","read","full","omens","cecilia","giphy","dead","bird","color","smaller","swollen","shut","king","among","omens","read","full"]}
