{"authors":["Amen Oyiboke"],"date_download":"2018-10-31 00:58:10","date_modify":"2018-10-31 00:58:10","date_publish":"2018-10-09 22:00:29","description":"It's pretty fair to say that if you're a millennial, at some point of your adolescence you were a stan for everything Disney. And if you're a mid-to-late '80s or early '90s baby, chances are that the Disney Channel was your go to place for really…","filename":"12DCOMSToRewatchThisHalloweenForMaximumSpookyNostalgia_48.json","image_url":"https://imgix.bustle.com/uploads/image/2018/10/1/f97c0fc9-bc8e-44f7-87b5-95dca5e42849-171018-halloweentown-news.jpg?w=1200&h=630&q=70&fit=crop&crop=faces&fm=jpg","language":"en","localpath":"12DCOMSToRewatchThisHalloweenForMaximumSpookyNostalgia_48.json","title":"12 DCOMS To Rewatch This Halloween For Maximum Spooky Nostalgia","title_page":"12 DCOMS To Rewatch This Halloween For Maximum Spooky Nostalgia","title_rss":"NULL","source_domain":"bustle.com","text":"pretty fair millennial point adolescence stan everything disney late early baby chances disney channel place good original movies films halloweentown date vampire scream team annual reminders fall corner though hardly watch classics holidays particularly good timeless movies however spirit dcoms rewatch halloween season funny nostalgic scary disney channel original movies definite proof movies quirky lame look pushed envelope disney channel viewers definitely spookier ones grain salt imdb piece trivia alleges look subject parental complaints scary absolutely true movies running turning lights doubt unforgettable halloween hits remind childhood wraps wraps trailer youtube olds find undiscovered mummy accidentally revive life mummy wants find lost love late stream amazon halloweentown youtube classic halloweentown movie definite disney halloween list sequels film piper family finds visit grandma home family witches discover truth origins magic starts break loose stream amazon halloweentown kalabar revenge halloweentown kalabar revenge trailer youtube sequel halloweentown angry warlock stolen magic spell book plans turn everyone whatever halloween costume permanently midnight stream amazon worms channel awesome youtube felt leaving planet earth yourself dissatisfied teen sends plea outer space escape life friendly aliens answer call stream amazon look lilley redman youtube movie follows frances bacon mccausland tries find culprit various pranks hometown teams young named larry invisible tries redeem reputation soon find boogeyman causing trouble town scariest part always seeing larry turn terrifying monster clawed teeth stream amazon date vampire dedicated2disney youtube remember bummed grounded hansen kids getting break punishment goes date handsome totally left suspect bloodsucking vampire stream amazon scream team youtube world youtube brother sister find hometown halfway house restless ghosts cannot enter heaven until resolve unfinished business earth stream amazon phantom megaplex nick meece youtube down neighborhood theatre everyone seems find sketchy especially started working pete riley working theatre premiere major motion picture gold until everything goes south stream amazon halloweentown high halloweentown high trailer youtube marnie tries unite mortal school halloweentown high doing student exchange program interesting students cross witch warlock troll ogre stream amazon twitches lemon movies youtube imagine finding twin magical powers twitches literally sister sister mowry sisters play teen witches stream amazon return halloweentown lemon movies youtube marnie enough halloweentown installment halloweentown movies marnie played sara paxton dreams mother understand enrolls witch university favorite spooky town stream amazon girl monster youtube young girl finds monster hunting roots group monsters stop coming stream amazon taking look disney channel original movies nostalgic halloweens gone fortunately always rewatch","url":"https://www.bustle.com/p/12-dcoms-to-rewatch-this-halloween-for-maximum-spooky-nostalgia-11955908","polarityScore":{"sourceTitle":"Bustle","allSidesBias":"left-center","communityAgree":"564","communityDisagree":"566","sourceUrl":"http://www.bustle.com/ "},"processedText":["pretty","fair","millennial","point","adolescence","stan","everything","disney","late","early","baby","chances","disney","channel","place","good","original","movies","films","halloweentown","date","vampire","scream","team","annual","reminders","fall","corner","though","hardly","watch","classics","holidays","particularly","good","timeless","movies","however","spirit","halloween","season","funny","nostalgic","scary","disney","channel","original","movies","definite","proof","movies","quirky","lame","look","pushed","envelope","disney","channel","viewers","definitely","ones","grain","salt","imdb","piece","trivia","alleges","look","subject","parental","complaints","scary","absolutely","true","movies","running","turning","lights","doubt","unforgettable","halloween","hits","remind","childhood","wraps","wraps","trailer","youtube","olds","find","mummy","accidentally","revive","life","mummy","wants","find","lost","love","late","stream","amazon","halloweentown","youtube","classic","halloweentown","movie","definite","disney","halloween","list","sequels","film","piper","family","finds","visit","grandma","home","family","witches","discover","truth","origins","magic","starts","break","loose","stream","amazon","halloweentown","revenge","halloweentown","revenge","trailer","youtube","sequel","halloweentown","angry","warlock","stolen","magic","spell","book","plans","turn","everyone","whatever","halloween","costume","permanently","midnight","stream","amazon","channel","awesome","youtube","felt","leaving","planet","earth","yourself","dissatisfied","teen","sends","plea","outer","space","escape","life","friendly","aliens","answer","call","stream","amazon","look","youtube","movie","follows","frances","bacon","tries","find","culprit","various","pranks","hometown","teams","young","named","larry","invisible","tries","redeem","reputation","soon","find","boogeyman","causing","trouble","town","scariest","part","always","seeing","larry","turn","terrifying","monster","clawed","teeth","stream","amazon","date","vampire","youtube","remember","grounded","hansen","kids","getting","break","punishment","goes","date","handsome","totally","left","suspect","vampire","stream","amazon","scream","team","youtube","world","youtube","brother","sister","find","hometown","halfway","house","restless","ghosts","cannot","enter","heaven","until","resolve","unfinished","business","earth","stream","amazon","phantom","nick","youtube","down","neighborhood","theatre","everyone","seems","find","sketchy","especially","started","working","pete","riley","working","theatre","premiere","major","motion","picture","gold","until","everything","goes","south","stream","amazon","halloweentown","high","halloweentown","high","trailer","youtube","marnie","tries","unite","mortal","school","halloweentown","high","doing","student","exchange","program","interesting","students","cross","witch","warlock","troll","ogre","stream","amazon","lemon","movies","youtube","imagine","finding","twin","magical","powers","literally","sister","sister","sisters","play","teen","witches","stream","amazon","return","halloweentown","lemon","movies","youtube","marnie","enough","halloweentown","installment","halloweentown","movies","marnie","played","sara","paxton","dreams","mother","understand","witch","university","favorite","spooky","town","stream","amazon","girl","monster","youtube","young","girl","finds","monster","hunting","roots","group","monsters","stop","coming","stream","amazon","taking","look","disney","channel","original","movies","nostalgic","gone","fortunately","always"]}
