{"authors":[],"date_download":"2018-11-02 12:19:11","date_modify":"2018-11-02 12:19:11","date_publish":"2017-10-31 04:00:00","description":"12 great tips to help you keep holiday eating under control","filename":"12greattipstoavoidweightgain_50.json","image_url":"https://www.ajc.com/rf/image_large/Pub/p8/AJC/2017/10/31/Videos/4213224.vpx.jpg","language":"en","localpath":"12greattipstoavoidweightgain_50.json","title":"12 great tips to avoid weight gain","title_page":"Holidays 2017: 12 great tips to avoid weight gain","title_rss":"NULL","source_domain":"ajc.com","text":"weeks thanksgiving nibbling chocolates sugar cookies pumpkin seems life good news average american gains pound winter holiday season less pounds commonly believed national institutes health news people often lose weight pile people overweight likely gain pounds holidays experts agree perfectly fine healthy indulge holidays bonkers becky stein special becky stein experts agree perfectly fine healthy indulge holidays bonkers matter starve yourself skip meals sets grabbing closest plate brownies lanier dabruzzi dietitian senior manager public relations southeast dairy association suggests eating healthy snack hummus cheese stick vegetable sticks leaving house show party hungry holiday party scan table delectables decide high calorie foods devote half plate waistline friendly choices sliced fruits vegetables elyse sartor outpatient dietitian northside hospital ensure party offers least guilt free treat bring yourself dessert hostess gifts citrus fruits local seasonal vegetables apples honey cinnamon walnuts pretty basket eggnog fattening drink enjoyed moderation watch liquid calories limit weight gain contributed remember bites food broken christmas cookies included count wine soft drinks calorie mother lode eggnog pack calories stave weight gain exercising keith kantor norcross nutritionist nutritional addiction mitigation eating drinking program named cannot devote amount exercise normally outside holiday season remain active throughout recommends aiming steps rather devoting separate exercise counting steps done holiday shopping mall walking playing kids forget enough sleep sleepy likely grab food energy boost exercise journaling meditation help prevent stress overeating holidays file photo atlanta journal constitution tips keeping holiday eating control plan ahead mall slip cheese stick carrot sticks snack purse fight temptations food court slowest eater table give chance notice feel satisfied slow down challenging yourself chew bite times putting utensils down bites taking minutes plate drink plenty water drink glass party help fill bring guilt free dish party least splurge small plate looks full remember whatever moderation ditch sweet drinks consume alcohol moderation choose sparkling water citrus slices stemware calorie bubbly hang buffet table chatting beside tempt graze small desserts bite sized portions fantastic getting sweet cravings keeping portion size check seconds wait minutes food settle feel full lose interest munching peppermint bars extravagant dessert fudgy brownie layered peppermint frosting rich chocolate glaze indulge holiday treat sure balancing waistline friendly choices staying active mccormick find ways exercise exercise hard busy holiday schedule 10x10x10 rule minutes times throughout total minutes incorporate daily stress relievers exercise journaling meditation avoid waiting until minute gifts preparations consider making list traditions love skip festivities avoid overscheduling yourself sources elyse sartor outpatient dietitian northside hospital lanier dabruzzi nutrition affairs manager southeast dairy association keith kantor norcross nutritionist author book green league nutritious justice effective press","url":"https://www.ajc.com/lifestyles/fitness/expert-approved-tips-avoid-holiday-weight-gain/dOTdNmU8xUPZY1cWe76LHI/","polarityScore":{"sourceTitle":"Atlanta Journal-Constitution","allSidesBias":"left-center","communityAgree":"561","communityDisagree":"580","sourceUrl":"http://www.ajc.com/ "},"processedText":["weeks","thanksgiving","sugar","cookies","pumpkin","seems","life","good","news","average","american","gains","pound","winter","holiday","season","less","pounds","commonly","believed","national","institutes","health","news","people","often","lose","weight","pile","people","overweight","likely","gain","pounds","holidays","experts","agree","perfectly","fine","healthy","indulge","holidays","bonkers","becky","stein","special","becky","stein","experts","agree","perfectly","fine","healthy","indulge","holidays","bonkers","matter","starve","yourself","skip","meals","sets","grabbing","closest","plate","lanier","dietitian","senior","manager","public","relations","southeast","dairy","association","suggests","eating","healthy","snack","hummus","cheese","stick","vegetable","sticks","leaving","house","show","party","hungry","holiday","party","scan","table","decide","high","calorie","foods","devote","half","plate","friendly","choices","sliced","fruits","vegetables","outpatient","dietitian","northside","hospital","ensure","party","offers","least","guilt","free","treat","bring","yourself","dessert","gifts","citrus","fruits","local","seasonal","vegetables","apples","honey","cinnamon","pretty","basket","drink","enjoyed","moderation","watch","liquid","calories","limit","weight","gain","contributed","remember","bites","food","broken","christmas","cookies","included","count","wine","soft","drinks","calorie","mother","pack","calories","stave","weight","gain","exercising","keith","norcross","nutritional","addiction","mitigation","eating","drinking","program","named","cannot","devote","amount","exercise","normally","outside","holiday","season","remain","active","throughout","recommends","aiming","steps","rather","separate","exercise","counting","steps","done","holiday","shopping","mall","walking","playing","kids","forget","enough","sleep","sleepy","likely","grab","food","energy","boost","exercise","meditation","help","prevent","stress","holidays","file","photo","atlanta","journal","constitution","tips","keeping","holiday","eating","control","plan","ahead","mall","slip","cheese","stick","carrot","sticks","snack","purse","fight","food","court","slowest","eater","table","give","chance","notice","feel","satisfied","slow","down","challenging","yourself","chew","bite","times","putting","down","bites","taking","minutes","plate","drink","plenty","water","drink","glass","party","help","fill","bring","guilt","free","dish","party","least","splurge","small","plate","looks","full","remember","whatever","moderation","ditch","sweet","drinks","consume","alcohol","moderation","choose","sparkling","water","citrus","slices","calorie","bubbly","hang","buffet","table","chatting","beside","small","desserts","bite","sized","portions","fantastic","getting","sweet","cravings","keeping","portion","size","check","seconds","wait","minutes","food","settle","feel","full","lose","interest","peppermint","bars","extravagant","dessert","brownie","layered","peppermint","frosting","rich","chocolate","indulge","holiday","treat","sure","balancing","friendly","choices","staying","active","find","ways","exercise","exercise","hard","busy","holiday","schedule","rule","minutes","times","throughout","total","minutes","incorporate","daily","stress","exercise","meditation","avoid","waiting","until","minute","gifts","preparations","consider","making","list","traditions","love","skip","festivities","avoid","yourself","sources","outpatient","dietitian","northside","hospital","lanier","nutrition","affairs","manager","southeast","dairy","association","keith","norcross","author","book","green","league","nutritious","justice","effective","press"]}
