{"authors":["Kaitlyn Wylde"],"date_download":"2018-10-31 01:20:46","date_modify":"2018-10-31 01:20:46","date_publish":"2018-10-02 19:51:40","description":"If you haven't checked your social media in the past few days, you might have missed out on the boom of the latest internet meme trend: Moths. Like, literally just pictures of moths. Kids these days (definitely also adults) are obsessed with…","filename":"12MothLampMemesTweetsToFurtherFeedYourObsession_51.json","image_url":"https://imgix.bustle.com/uploads/getty/2018/10/2/5d79be94-3689-46ce-a6a5-49fc2d31b522-getty-451755780.jpg?w=1200&h=630&q=70&fit=crop&crop=faces&fm=jpg","language":"en","localpath":"12MothLampMemesTweetsToFurtherFeedYourObsession_51.json","title":"12 Moth Lamp Memes & Tweets To Further Feed Your Obsession","title_page":"12 Moth Lamp Memes & Tweets To Further Feed Your Obsession","title_rss":"NULL","source_domain":"bustle.com","text":"haven checked social media days missed boom latest internet meme trend moths literally pictures moths kids days definitely adults obsessed photoshopping captioning photo giant moth originated reddit usually funny references moths love lamps funny familiar craze probably scratching human head wondering considered funny effort help rounded list best moth memes tweets education welcome future welcome people moths thing surely comes mind attraction light proverb moth flame describe attraction endless obsession whether pizza ariana grande sweetener album repeat millennials understand power track mind allure lamp moth easily transposed real aspect human nature substitute lamp obsession suddenly moths everything common easily works swap lamp bucket moths relatable order meme craze check creative lengths people taken depict comparison favorites moth alone moths privacy shades moth watch movie creative memes seen lamp room disney classic reimagined classic disney memory totally ruined happy moth lamp deserve love disney anything else worry didn send moth real movie meta moth obsessed moths lamps moth memes honestly point moth meme meme literally works internet trend honestly particular funnier rest compete lamp valid comparison percent accurate lamp pizza lamp moths direct exactly love moth meme moths track mind trying score lamp blame ariana moth ariana grande song anthem moths everywhere moths everywhere getting turnt uplifting promise song moth meme love story romantic enough directed james cameron perspective though lamp didn fall moth though done meme close","url":"https://www.bustle.com/p/12-moth-lamp-memes-tweets-to-further-feed-your-obsession-12121137","polarityScore":{"sourceTitle":"Bustle","allSidesBias":"left-center","communityAgree":"564","communityDisagree":"566","sourceUrl":"http://www.bustle.com/ "},"processedText":["haven","checked","social","media","days","missed","boom","latest","internet","meme","trend","moths","literally","pictures","moths","kids","days","definitely","adults","obsessed","photo","giant","moth","originated","reddit","usually","funny","references","moths","love","lamps","funny","familiar","craze","probably","scratching","human","head","wondering","considered","funny","effort","help","rounded","list","best","moth","memes","tweets","education","welcome","future","welcome","people","moths","thing","surely","comes","mind","attraction","light","moth","flame","describe","attraction","endless","obsession","whether","pizza","ariana","grande","sweetener","album","repeat","millennials","understand","power","track","mind","allure","lamp","moth","easily","real","aspect","human","nature","substitute","lamp","obsession","suddenly","moths","everything","common","easily","works","swap","lamp","bucket","moths","relatable","order","meme","craze","check","creative","lengths","people","taken","depict","comparison","favorites","moth","alone","moths","privacy","shades","moth","watch","movie","creative","memes","seen","lamp","room","disney","classic","reimagined","classic","disney","memory","totally","ruined","happy","moth","lamp","deserve","love","disney","anything","else","worry","didn","send","moth","real","movie","meta","moth","obsessed","moths","lamps","moth","memes","honestly","point","moth","meme","meme","literally","works","internet","trend","honestly","particular","rest","compete","lamp","valid","comparison","percent","accurate","lamp","pizza","lamp","moths","direct","exactly","love","moth","meme","moths","track","mind","trying","score","lamp","blame","ariana","moth","ariana","grande","song","anthem","moths","everywhere","moths","everywhere","getting","uplifting","promise","song","moth","meme","love","story","romantic","enough","directed","james","cameron","perspective","though","lamp","didn","fall","moth","though","done","meme","close"]}
