{"authors":["Amanda Chatel"],"date_download":"2018-10-31 00:44:44","date_modify":"2018-10-31 00:44:44","date_publish":"2018-10-04 15:22:58","description":"Traveling for the very first time isn't just exciting, but oftentimes nerve-racking. Whether you're traveling from one state to another, or making the jump from your home country to a country where you don't know a single word of the local language,…","filename":"12WomenOnTheOneThingThatWentWrongWhenTheyTraveledForTheFirstTime_56.json","image_url":"https://imgix.bustle.com/uploads/image/2018/10/4/b1188e73-ffa3-4308-ae45-db77e5d5fffb-fotolia_210093454_subscription_monthly_m.jpg?w=1200&h=630&q=70&fit=crop&crop=faces&fm=jpg","language":"en","localpath":"12WomenOnTheOneThingThatWentWrongWhenTheyTraveledForTheFirstTime_56.json","title":"12 Women On The One Thing That Went Wrong When They Traveled For The First Time","title_page":"12 Women On The One Thing That Went Wrong When They Traveled For The First Time","title_rss":"NULL","source_domain":"bustle.com","text":"traveling exciting oftentimes nerve racking whether traveling state making jump home country country single word local language whole boatload feelings expectations fear involved course always risk something wrong traveling traveled abroad went paris done apartment swap airbnb couple release iphone paper gave address passage actual street wandered marais heavy bags hour trying find passage finally found realized code building wrong luggage hours wait until appropriate call couple paris hours ahead york needless cried whole swearing travel alone course months paris changed forever travel snafus risk plane someplace else blips catastrophes women thing went wrong traveled ahlam hannah burton bustle went island philippines boracay alone traveled akron ohio island manila philippines someone swiped passport found checking sketchy hotel supposed getting next nicu nurse went embassy waited emergency passport line spoke english running manilla straight hours working emergency passport booked flight home knowing passport blur amazed passport fast country start feel anything jessica travelled alone happened left country study abroad pretty lucky weekend trips throughout semester return trip home christmas absolute nightmare night flight home notified something went wrong computers heathrow airport flights next cancelled connecting flight stopping night trying figure home finally airport flight record matters worse didn access phone international plan left sobbing airport until moments flight someone found boarding pass system lucie five flying heading martinique terrified plane aunt assured wasn walked massive plane found seat passed cold apparently sheer fear fright laugh super scary moment young life nicole olezzo fotolia almost husband went honeymoon bali fell love arrived week hell thing went wrong started lost family heirloom necklace next motorbike accident next scammed bank teller stole next bali belly food poisoning karolina trip overseas thailand 2014 hours traveling finally arrived bangkok exhausted happy customs conditioning taxi unfortunately wasn lucky driver lost leave find hotel myself somewhere close tired heavy backpack felt completely lost foreign country nowhere fortunately approached asking needed help walked hotel turned corner angel 2007 family five traveled italy took train rome tuscany travelled train though light rail commuter system denver quickly discovered approaching stop soon train full complete stop recovered suitcases bins above started door train started move missed stop following rules airplane travel stay seated until plane comes full complete stop seatbelt sign lights next stop minutes further track expected next train next train heading opposite direction didn hour half forward always standing door ready depart soon train stops doors open autumn ashley batz bustle college friend took month travel europe trip abroad stayed airbnb stop italy airbnb friend booked friend messed dates supposed leave owners flat home course apartment mess didn leaving until following luckily lectured mess owners stay night though awkward embarrassing whole month started wrong foot krista moved california started tradition taking trip together least together loads places alaska cambodia egypt iceland vietnam trip country together zealand super excited decided stay late evening went began packing thinking wear myself conk hour flight next point late night packing frenzy lost wallet tore closet opened zippered pocket jackets looking flight leaving early morning thought maybe left started packing stayed waited until exact moment opened swung down wallet left behind locker something luck super stressed fact taken cash trip money gone driver license debit card credit card thankfully hadn lost passport good news traveling cool loaning money trip least passport least flight trip planning months flash forward later moving apartment find lost wallet stashed different inside money withdrawn driver license everything intact immediately found good chuckle finding later great memories adventure zealand alexa joshua resnick fotolia flying head london school study abroad program airport asked workers line confirmed hour waiting line comes tells wrong line point flight minutes boarding hadn checked checked luggage started having panic attack broke down crying middle airport airport executives help rushed front line check luggage obviously overweight convinced drove cart security straight gate wearing inch heels fabiana 2014 spent couple months edinburgh scotland study abroad program program ended went portugal spain lisbon portugal lisbon airport complete remodel meaning shuttles dust everywhere airport large security twice minute walk checkpoints open bags open bags pull contents examine themselves allowed touch anything additionally lagged hungry super tired second barely flight spain boarding bridge realized carry felt light noticed forgot laptop second customs location plane airline happened distance miss flight customs give account tested minutes negotiate flight airline incredibly kind helpful despite fact upset trying deal recklessness leaving laptop plus extra fees arrived seville spain five hours later laptop definitely left dignity airport stacey andrew zaeh bustle traveling abroad keep mind stone ages 1987 cell phones internet part college study abroad group based tuscany summer naturally thing wanted upon arriving phone home parents pins needles arrived safely mode quick communication bank phone booths town international phone center though taken week course basic italian prior arriving means semi fluent choice give shot listened instructions information pricing given woman counter hopped phone booth spent next minutes chatting relieved parents went desk horrified discover completely pricing wrong owed times thought cost didn enough lire italy currency wallet cover bill frantically wondering thrown slammer cobbled sentence needed find professor fluent italian mess straightened taken pity pitiful italian spent next minutes scouring cobblestone streets village until found professor straightened whole thing american extremely humbling shoe foot unfamiliar language gave whole level respect whose leave homeland easy looks","url":"https://www.bustle.com/p/12-women-on-the-one-thing-that-went-wrong-when-they-traveled-for-the-first-time-12060171","polarityScore":{"sourceTitle":"Bustle","allSidesBias":"left-center","communityAgree":"564","communityDisagree":"566","sourceUrl":"http://www.bustle.com/ "},"processedText":["traveling","exciting","oftentimes","nerve","whether","traveling","state","making","jump","home","country","country","single","word","local","language","whole","feelings","expectations","fear","involved","course","always","risk","something","wrong","traveling","traveled","abroad","went","paris","done","apartment","swap","airbnb","couple","release","iphone","paper","gave","address","passage","actual","street","wandered","heavy","bags","hour","trying","find","passage","finally","found","realized","code","building","wrong","luggage","hours","wait","until","appropriate","call","couple","paris","hours","ahead","york","needless","cried","whole","swearing","travel","alone","course","months","paris","changed","forever","travel","risk","plane","else","women","thing","went","wrong","traveled","hannah","burton","bustle","went","island","philippines","alone","traveled","akron","ohio","island","manila","philippines","someone","passport","found","checking","sketchy","hotel","supposed","getting","next","nurse","went","embassy","waited","emergency","passport","line","spoke","english","running","straight","hours","working","emergency","passport","booked","flight","home","knowing","passport","blur","amazed","passport","fast","country","start","feel","anything","jessica","travelled","alone","happened","left","country","study","abroad","pretty","lucky","weekend","trips","throughout","semester","return","trip","home","christmas","absolute","nightmare","night","flight","home","notified","something","went","wrong","computers","airport","flights","next","cancelled","connecting","flight","stopping","night","trying","figure","home","finally","airport","flight","record","matters","worse","didn","access","phone","international","plan","left","sobbing","airport","until","moments","flight","someone","found","boarding","pass","system","five","flying","heading","terrified","plane","aunt","assured","wasn","walked","massive","plane","found","seat","passed","cold","apparently","sheer","fear","fright","laugh","super","scary","moment","young","life","nicole","fotolia","almost","husband","went","honeymoon","bali","fell","love","arrived","week","hell","thing","went","wrong","started","lost","family","heirloom","necklace","next","accident","next","scammed","bank","teller","stole","next","bali","belly","food","poisoning","trip","overseas","thailand","2014","hours","traveling","finally","arrived","exhausted","happy","customs","conditioning","taxi","unfortunately","wasn","lucky","driver","lost","leave","find","hotel","myself","somewhere","close","tired","heavy","backpack","felt","completely","lost","foreign","country","nowhere","fortunately","approached","asking","needed","help","walked","hotel","turned","corner","angel","2007","family","five","traveled","italy","took","train","rome","travelled","train","though","light","rail","commuter","system","denver","quickly","discovered","approaching","stop","soon","train","full","complete","stop","recovered","bins","above","started","door","train","started","move","missed","stop","following","rules","airplane","travel","stay","seated","until","plane","comes","full","complete","stop","sign","lights","next","stop","minutes","further","track","expected","next","train","next","train","heading","opposite","direction","didn","hour","half","forward","always","standing","door","ready","depart","soon","train","stops","doors","open","autumn","ashley","batz","bustle","college","friend","took","month","travel","europe","trip","abroad","stayed","airbnb","stop","italy","airbnb","friend","booked","friend","messed","dates","supposed","leave","owners","flat","home","course","apartment","mess","didn","leaving","until","following","luckily","lectured","mess","owners","stay","night","though","awkward","embarrassing","whole","month","started","wrong","foot","moved","california","started","tradition","taking","trip","together","least","together","loads","places","alaska","cambodia","egypt","iceland","vietnam","trip","country","together","zealand","super","excited","decided","stay","late","evening","went","began","packing","thinking","wear","myself","hour","flight","next","point","late","night","packing","frenzy","lost","wallet","tore","closet","opened","pocket","jackets","looking","flight","leaving","early","morning","thought","maybe","left","started","packing","stayed","waited","until","exact","moment","opened","swung","down","wallet","left","behind","locker","something","luck","super","stressed","fact","taken","cash","trip","money","gone","driver","license","debit","card","credit","card","thankfully","hadn","lost","passport","good","news","traveling","cool","money","trip","least","passport","least","flight","trip","planning","months","flash","forward","later","moving","apartment","find","lost","wallet","different","inside","money","withdrawn","driver","license","everything","intact","immediately","found","good","chuckle","finding","later","great","memories","adventure","zealand","alexa","joshua","fotolia","flying","head","london","school","study","abroad","program","airport","asked","workers","line","confirmed","hour","waiting","line","comes","tells","wrong","line","point","flight","minutes","boarding","hadn","checked","checked","luggage","started","having","panic","attack","broke","down","crying","middle","airport","airport","executives","help","rushed","front","line","check","luggage","obviously","overweight","convinced","drove","cart","security","straight","gate","wearing","inch","heels","2014","spent","couple","months","edinburgh","scotland","study","abroad","program","program","ended","went","portugal","spain","lisbon","portugal","lisbon","airport","complete","remodel","meaning","dust","everywhere","airport","large","security","twice","minute","walk","checkpoints","open","bags","open","bags","pull","contents","examine","themselves","allowed","touch","anything","additionally","hungry","super","tired","second","barely","flight","spain","boarding","bridge","realized","carry","felt","light","noticed","forgot","laptop","second","customs","location","plane","airline","happened","distance","miss","flight","customs","give","account","tested","minutes","negotiate","flight","airline","incredibly","kind","helpful","despite","fact","upset","trying","deal","recklessness","leaving","laptop","plus","extra","fees","arrived","spain","five","hours","later","laptop","definitely","left","dignity","airport","stacey","andrew","zaeh","bustle","traveling","abroad","keep","mind","stone","ages","1987","cell","phones","internet","part","college","study","abroad","group","based","summer","naturally","thing","wanted","upon","arriving","phone","home","parents","pins","needles","arrived","safely","mode","quick","communication","bank","phone","booths","town","international","phone","center","though","taken","week","course","basic","italian","prior","arriving","means","semi","choice","give","shot","listened","instructions","information","pricing","given","woman","counter","hopped","phone","booth","spent","next","minutes","chatting","relieved","parents","went","desk","horrified","discover","completely","pricing","wrong","owed","times","thought","cost","didn","enough","italy","currency","wallet","cover","bill","frantically","wondering","thrown","cobbled","sentence","needed","find","professor","italian","mess","taken","pity","pitiful","italian","spent","next","minutes","streets","village","until","found","professor","whole","thing","american","extremely","humbling","shoe","foot","unfamiliar","language","gave","whole","level","respect","whose","leave","homeland","easy","looks"]}
