{"authors":["Charlotte Owen"],"date_download":"2018-10-31 01:25:37","date_modify":"2018-10-31 01:25:37","date_publish":"2018-10-20 04:30:29","description":"It's hard to remember a time before Brexit dominated the news cycle. A no-deal Brexit, the Chequers plan, the Brexit backstop: these phrases are now a seemingly interminable part of our vocabulary. The Brexit dialogue of 2018 is loud, rabid, and, as…","filename":"12WomenOnWhyTheyreMarchingForAPeoplesVoteOnBrexit_57.json","image_url":"https://imgix.bustle.com/uploads/image/2018/10/17/9e996940-90ab-49e6-9ff0-0c9815b1e2d5-shutterstock_9890044b.jpg?w=1200&h=630&q=70&fit=crop&crop=faces&fm=jpg","language":"en","localpath":"12WomenOnWhyTheyreMarchingForAPeoplesVoteOnBrexit_57.json","title":"12 Women On Why They're Marching For A People's Vote On Brexit","title_page":"12 Women On Why They're Marching For A People's Vote On Brexit","title_rss":"NULL","source_domain":"bustle.com","text":"hard remember brexit dominated news cycle deal brexit chequers plan brexit backstop phrases seemingly interminable part vocabulary brexit dialogue 2018 loud rabid recent yougov poll reported business insider revealed accompanied swelling tide regret despite vociferous coverage sides debate march looms closer thing clearer terms brexit contested point obscurity debate shifting sands public opinion drives campaign people vote weekend activists march central london advocate final public vote brexit marching ardent remainers others march democracy chance shape mechanics biggest political decision generation ahead march spoke british women deeply involved within campaign remain marching people vote reasons surprise rachel london women percent brexit negotiating team percent parliament percent population adequately represented biggest political decision generations nobody voted botched brexit vote final deal amanda cornwall strongly believe people vote clear address imbalance seen brexit debate women disproportionately impacted brexit percent parliamentary brexit discourse important woman peoplesvote voices heard queer woman rights best protected cathleen london marching people vote future choice final brexit voted remain 2016 tried move life politicians failed choice people hands kathryn london woman especially queer woman rights best protected previous generations fought hard simply capitulate stand silent rights risk raising voice call people vote simon dawson getty images news getty images lara chichester people vote campaign obtuse male egos plastered screens brexit covered intimidating young woman watching committed seeing ideological experiment costs driving motivation campaign voices women shut brexit process rights threatened futures limbo miranda london marching single hopeful thing everyday feels chaos coming closer life become harder soon does stood country values institutions communities love women adequately represented biggest political decision generations lauren london young person ethnic minority woman voice underrepresented brexit debate people vote final brexit deal ensure future rights protected jenny belfast people vote born belfast worried impact deal hard brexit northern ireland clearly rely politicians solve problem option hand decision people mackenzie london granddaughter holocaust survivors firmly believe importance tolerant society everything anti harassment legislation funding survivors domestic violence negatively impacted brexit women bear brunt consequences ensure voices heard demanding people vote final brexit deal jeff mitchell getty images news getty images madeleina sheffield vote leave european union slimmest majority questionable voter franchise citizens greatest material interest remaining denied vote consequences brexit damage decades believe democratic people vote final deal reality brexit fantasy promised kirsty london held women vast majority nurses midwives healthcare assistants female jobs livelihood risk brexit funding increase workload send staff home worsening staffing crisis happen women people vote alice london democracy process government mind parliament mind minority civil human rights threatened union threatened peace northern ireland threatened dividend costs government answers people","url":"https://www.bustle.com/p/12-women-on-why-theyre-marching-for-a-peoples-vote-on-brexit-12585572","polarityScore":{"sourceTitle":"Bustle","allSidesBias":"left-center","communityAgree":"564","communityDisagree":"566","sourceUrl":"http://www.bustle.com/ "},"processedText":["hard","remember","brexit","dominated","news","cycle","deal","brexit","plan","brexit","backstop","phrases","seemingly","part","vocabulary","brexit","dialogue","2018","loud","rabid","recent","yougov","poll","reported","business","insider","revealed","accompanied","swelling","tide","regret","despite","vociferous","coverage","sides","debate","march","looms","closer","thing","clearer","terms","brexit","contested","point","obscurity","debate","shifting","sands","public","opinion","drives","campaign","people","vote","weekend","activists","march","central","london","advocate","final","public","vote","brexit","marching","ardent","others","march","democracy","chance","shape","mechanics","biggest","political","decision","generation","ahead","march","spoke","british","women","deeply","involved","within","campaign","remain","marching","people","vote","reasons","surprise","rachel","london","women","percent","brexit","negotiating","team","percent","parliament","percent","population","adequately","represented","biggest","political","decision","generations","nobody","voted","botched","brexit","vote","final","deal","amanda","cornwall","strongly","believe","people","vote","clear","address","imbalance","seen","brexit","debate","women","disproportionately","impacted","brexit","percent","parliamentary","brexit","discourse","important","woman","voices","heard","queer","woman","rights","best","protected","cathleen","london","marching","people","vote","future","choice","final","brexit","voted","remain","2016","tried","move","life","politicians","failed","choice","people","hands","kathryn","london","woman","especially","queer","woman","rights","best","protected","previous","generations","fought","hard","simply","stand","silent","rights","risk","raising","voice","call","people","vote","simon","dawson","getty","images","news","getty","images","lara","people","vote","campaign","male","egos","screens","brexit","covered","intimidating","young","woman","watching","committed","seeing","ideological","experiment","costs","driving","motivation","campaign","voices","women","shut","brexit","process","rights","threatened","futures","limbo","miranda","london","marching","single","hopeful","thing","everyday","feels","chaos","coming","closer","life","become","harder","soon","does","stood","country","values","institutions","communities","love","women","adequately","represented","biggest","political","decision","generations","lauren","london","young","person","ethnic","minority","woman","voice","underrepresented","brexit","debate","people","vote","final","brexit","deal","ensure","future","rights","protected","jenny","belfast","people","vote","born","belfast","worried","impact","deal","hard","brexit","northern","ireland","clearly","rely","politicians","solve","problem","option","hand","decision","people","london","granddaughter","holocaust","survivors","firmly","believe","importance","tolerant","society","everything","anti","harassment","legislation","funding","survivors","domestic","violence","negatively","impacted","brexit","women","bear","brunt","consequences","ensure","voices","heard","demanding","people","vote","final","brexit","deal","jeff","mitchell","getty","images","news","getty","images","sheffield","vote","leave","european","union","majority","questionable","voter","franchise","citizens","greatest","material","interest","remaining","denied","vote","consequences","brexit","damage","decades","believe","democratic","people","vote","final","deal","reality","brexit","fantasy","promised","kirsty","london","held","women","vast","majority","nurses","healthcare","assistants","female","jobs","livelihood","risk","brexit","funding","increase","workload","send","staff","home","worsening","staffing","crisis","happen","women","people","vote","alice","london","democracy","process","government","mind","parliament","mind","minority","civil","human","rights","threatened","union","threatened","peace","northern","ireland","threatened","dividend","costs","government","answers","people"]}
