{"authors":["Charlotte Ahlin"],"date_download":"2018-10-31 01:31:07","date_modify":"2018-10-31 01:31:07","date_publish":"2018-10-16 16:00:29","description":"Is it just me or is it getting a tad... apocalyptic in here? I don't know if anyone else has glanced at the news lately, but at this rate I'm worried that I won't have time to enjoy my Handmaid's Tale-style retrograde anti-feminist dystopian police…","filename":"13BooksAboutTheEndOfTheWorldThatAreStillLessStressfulThanTheNewsCycle_58.json","image_url":"https://imgix.bustle.com/uploads/image/2018/10/16/912dd097-b881-4f1c-b200-5b03a76b8809-pjimage-23.jpg?w=1200&h=630&q=70&fit=crop&crop=faces&fm=jpg","language":"en","localpath":"13BooksAboutTheEndOfTheWorldThatAreStillLessStressfulThanTheNewsCycle_58.json","title":"13 Books About The End Of The World That Are Still Less Stressful Than The News Cycle","title_page":"13 Books About The End Of The World That Are Still Less Stressful Than The News Cycle","title_rss":"NULL","source_domain":"bustle.com","text":"getting apocalyptic anyone else glanced news lately rate worried enjoy handmaid tale style retrograde anti feminist dystopian police state climate change puts underwater scary human embarrassing american good news yourself huge nuisance forces hate injustice news everything else break constant stream terrifying news stories funny thrilling weirdly hopeful books world look saying pivot save world upsides impending doom mankind vote organize loud abandoning hope particularly useful strategy large scale political change certainly feel getting morning find yourself constantly picturing horrific cataclysms zombie wastelands books help work fears good laugh station eleven emily john mandel sure super wiped humanity civilization utterly collapsed traveling symphony road bringing music shakespeare plays scattered enclaves surviving humans survival insufficient dark future marked sickness violence creepy cults people fall love find ways rise above mere survival click good omens terry pratchett neil gaiman apocalypse good omens pandemic outbreak ecological collapse zombies good fashioned judeo christian judgment fussy angel aziraphale ultra cool demon crowley responsible kicking times hiccup misplaced antichrist good omens hysterically funny metaphysical bureaucracy absurd heart warming doomsday tale click hundred apocalypses apocalypses lucy corin settle apocalypse hundred lucy corin clever explosive collection short short fiction explores different ways world meet ridiculous strange hopeful corin apocalypses mean shattering relationship total destruction planet basically thing click zone colson whitehead zombie apocalypse plague finally retreating americans starting rebuild means resettling manhattan wiping remainders living dead dealing stragglers near catatonic individuals fixated former lives zone classic zombie story plenty horror cases post apocalyptic stress disorder plot subverts worn zombie tropes click cradle kurt vonnegut hesitate call cradle funny book hilarious bitter deadpan kind irony dark humor pick kurt vonnegut arguably disturbing book religion madness lethal chemical capable freezing liquid planet fell swoop running water granted click fifth season jemisin stillness fifth season quite earth alternate world future earth plagued seismic activity cycles tremendous destruction apocalyptic season begun earthquakes threaten tear land apart centuries essun none matters family already torn apart break earth herself means finding daughter essun determination carry unnatural natural disasters world crumbles click book peng shepherd people shadows started vanish spreading plague shadow less gain strange powers terrible price loss memories happens runs away danger husband refuses give amid bandits terrifying shadow cult stop nothing find wife find cure forgetting click oryx crake margaret atwood good post apocalyptic love stories margaret atwood oryx crake wildly uncomfortable angry life provide startling vision future overrun genetically engineered creatures lovely lush wilderness human emotions heartbreak love loss click gone away world nick harkaway world decimated away away bombs able destroy anything path without leaving single scrap wreckage behind catch away bombs create swirling storms stuff form whatever thinking whatever fear despite uniquely horrific premise gone away world terrifically adventure wastelands friends protect remains humanity apparitions imagination predatory corporations click burns post electric play anne washburn burns technically play catalog post apocalyptic fiction complete without civilization fallen humans gather campfire tell favorite episode simpsons humans begin rebuild episode works oral tradition becoming darkly hilarious testament power storytelling click anna kavan nameless narrator wanders frozen post apocalyptic landscape looking fragile woman silver hair person searching woman named warden find achingly beautiful somewhat hallucinatory novel forces question motivations behind classic saves girl apocalypse story click hitchhiker guide galaxy douglas adams laugh apocalypse douglas adams start novel seriously misnamed hitchiker trilogy planet earth blown hyper space bypass begins utterly absurd entirely brilliant series novels searching meaning nonsensical universe click","url":"https://www.bustle.com/p/13-books-about-the-end-of-the-world-that-are-still-less-stressful-than-the-news-cycle-12227696","polarityScore":{"sourceTitle":"Bustle","allSidesBias":"left-center","communityAgree":"564","communityDisagree":"566","sourceUrl":"http://www.bustle.com/ "},"processedText":["getting","apocalyptic","anyone","else","news","lately","rate","worried","enjoy","handmaid","tale","style","retrograde","anti","feminist","dystopian","police","state","climate","change","puts","underwater","scary","human","embarrassing","american","good","news","yourself","huge","nuisance","forces","hate","injustice","news","everything","else","break","constant","stream","terrifying","news","stories","funny","thrilling","weirdly","hopeful","books","world","look","saying","pivot","save","world","impending","doom","mankind","vote","organize","loud","abandoning","hope","particularly","useful","strategy","large","scale","political","change","certainly","feel","getting","morning","find","yourself","constantly","horrific","zombie","books","help","work","fears","good","laugh","station","eleven","emily","john","mandel","sure","super","wiped","humanity","civilization","utterly","collapsed","traveling","symphony","road","bringing","music","shakespeare","plays","scattered","enclaves","surviving","humans","survival","insufficient","dark","future","marked","sickness","violence","creepy","people","fall","love","find","ways","rise","above","mere","survival","click","good","omens","terry","neil","gaiman","apocalypse","good","omens","outbreak","ecological","collapse","zombies","good","fashioned","judeo","christian","judgment","angel","ultra","cool","demon","crowley","responsible","kicking","times","misplaced","antichrist","good","omens","hysterically","funny","bureaucracy","absurd","heart","warming","tale","click","hundred","lucy","settle","apocalypse","hundred","lucy","clever","explosive","collection","short","short","fiction","explores","different","ways","world","meet","ridiculous","strange","hopeful","mean","shattering","relationship","total","destruction","planet","basically","thing","click","zone","colson","whitehead","zombie","apocalypse","plague","finally","americans","starting","rebuild","means","manhattan","wiping","living","dead","dealing","near","individuals","fixated","former","lives","zone","classic","zombie","story","plenty","horror","cases","post","apocalyptic","stress","disorder","plot","worn","zombie","tropes","click","cradle","kurt","hesitate","call","cradle","funny","book","hilarious","bitter","kind","irony","dark","humor","pick","kurt","arguably","disturbing","book","religion","madness","lethal","chemical","capable","freezing","liquid","planet","fell","running","water","granted","click","fifth","season","fifth","season","quite","earth","alternate","world","future","earth","plagued","seismic","activity","cycles","tremendous","destruction","apocalyptic","season","begun","earthquakes","threaten","tear","land","apart","centuries","none","matters","family","already","torn","apart","break","earth","herself","means","finding","daughter","determination","carry","unnatural","natural","disasters","world","click","book","shepherd","people","shadows","started","vanish","spreading","plague","shadow","less","gain","strange","powers","terrible","price","loss","memories","happens","runs","away","danger","husband","refuses","give","amid","terrifying","shadow","cult","stop","nothing","find","wife","find","cure","forgetting","click","margaret","good","post","apocalyptic","love","stories","margaret","wildly","uncomfortable","angry","life","provide","startling","vision","future","overrun","genetically","engineered","creatures","lovely","lush","wilderness","human","emotions","heartbreak","love","loss","click","gone","away","world","nick","world","decimated","away","away","bombs","able","destroy","anything","path","without","leaving","single","scrap","wreckage","behind","catch","away","bombs","create","swirling","storms","stuff","form","whatever","thinking","whatever","fear","despite","uniquely","horrific","premise","gone","away","world","adventure","friends","protect","remains","humanity","apparitions","imagination","predatory","corporations","click","burns","post","electric","play","anne","burns","technically","play","catalog","post","apocalyptic","fiction","complete","without","civilization","fallen","humans","gather","tell","favorite","episode","simpsons","humans","begin","rebuild","episode","works","oral","tradition","becoming","darkly","hilarious","testament","power","storytelling","click","anna","narrator","frozen","post","apocalyptic","landscape","looking","fragile","woman","silver","hair","person","searching","woman","named","find","beautiful","somewhat","novel","forces","question","motivations","behind","classic","saves","girl","apocalypse","story","click","guide","galaxy","douglas","adams","laugh","apocalypse","douglas","adams","start","novel","seriously","trilogy","planet","earth","blown","hyper","space","bypass","begins","utterly","absurd","entirely","brilliant","series","novels","searching","meaning","nonsensical","universe","click"]}
