{"authors":["Kristian Wilson"],"date_download":"2018-10-31 00:33:33","date_modify":"2018-10-31 00:33:33","date_publish":"2018-10-10 21:09:14","description":"Harry Potter and The Chronicles of Narnia don't have a monopoly on witchy characters, y'all. There are plenty of book characters who are definitely witches, but who only show it in their own, secret, special ways. I've picked out 13 witches hiding…","filename":"13CharactersFromBooksThatAreDefinitelyWitchesFromMsFrizzleToAmyMarch_59.json","image_url":"https://imgix.bustle.com/uploads/image/2018/10/10/3b043ae4-cd57-4f06-89c0-d887ff9b54f2-mrsfrizzle.png?w=1200&h=630&q=70&fit=crop&crop=faces&fm=jpg","language":"en","localpath":"13CharactersFromBooksThatAreDefinitelyWitchesFromMsFrizzleToAmyMarch_59.json","title":"13 Characters From Books That Are Definitely Witches - From Ms. Frizzle To Amy March","title_page":"13 Characters From Books That Are Definitely Witches — From Ms. Frizzle To Amy March","title_rss":"NULL","source_domain":"bustle.com","text":"harry potter chronicles narnia monopoly witchy characters plenty book characters definitely witches show secret special ways picked witches hiding otherwise witch less books check below always source magic life couple potterheads tumblr convinced thing willy wonka mary poppins definitely students hogwarts probably pissed wizengamot albus percival wulfric brian dumbledore mary poppins list below wonka space witches wizards allowed secret witches list below display sort magical abilities psychic elemental evil good although novels characters exist classified fantasy witches themselves live worlds devoid magical effects users check list book characters definitely witches below share favorite spooky ladies twitter mary poppins mary poppins travers giphy known travers books great exception magical nanny mary poppins lose magic children world born talk animals perform amazing magical feats clear everyone else however mary poppins witch world full muggles frizzle magic school series joanna cole giphy everyone favorite fourth grade science teacher frizzle took class loads sweet adventures sentient magic school woman obviously witch though albeit upgraded broom matilda matilda roald dahl giphy personally roald dahl wrong took away title shero powers matilda mean matilda hermione hermione hermione definitely witch childlike empress neverending story michael ende giphy renamed moon child bastian childlike empress characters list supernatural lived countless millennia serves wise benevolent ruler fantastica fantasia 1984 film witch shortcomings however though childlike empress powerful almost deific entity save lands nothing without help outside borders march women louisa alcott giphy hear four march sisters pretty untouchable beloved characters cannot deny something incredibly strange obsessed altering appearance enjoys pickled citrus witch thing weird burns manuscript moment part revenge part ritual definitely witch meggie inkheart cornelia funke giphy unlike secret witches list meggie real verifiable powers inherited birth father meggie read characters books real world makes baddest witches read carrie white carrie stephen king giphy bleak entry list stephen king menstrual rager carrie white obscurus considering abusive mother powers awoke within carrie engaged assault bullies including margaret white katie welker girl silver eyes willo davis roberts giphy 1980 novel katie several children born silver eyes telekinetic abilities makes look witch muggle world witch finds herself hunted someone interest idgie threadgoode fried green tomatoes whistle stop cafe fannie flagg giphy southern sapphic fave imogen louise idgie threadgoode totally witch kind mean virtually everyone whistle stop totally love idgie manages charm bees pull cannibalism scheme without getting caught witch seen jackie fierro welcome night vale joseph fink jeffrey cranor giphy welcome night vale novel based podcast name jackie fierro perpetually runs needful esque pawn shop night vale takes strange item requests town equally strange residents magical powers definitely gives witchy vibe great great grandmother irene princess goblin george macdonald yamibakura youtube george macdonald fairy tale princess goblin princess irene gets needed magical help great great grandmother named irene lives secret room castle perpetually young apparition granny treasure trove magical items witch tita garza water chocolate laura esquivel giphy kitchen witch tita garza uses cooking bring irrevocable change lives family members including brother originally wanted marry tita instead sister","url":"https://www.bustle.com/p/13-characters-from-books-that-are-definitely-witches-from-ms-frizzle-to-amy-march-12130835","polarityScore":{"sourceTitle":"Bustle","allSidesBias":"left-center","communityAgree":"564","communityDisagree":"566","sourceUrl":"http://www.bustle.com/ "},"processedText":["harry","potter","chronicles","narnia","monopoly","witchy","characters","plenty","book","characters","definitely","witches","show","secret","special","ways","picked","witches","hiding","otherwise","witch","less","books","check","below","always","source","magic","life","couple","tumblr","convinced","thing","willy","mary","poppins","definitely","students","hogwarts","probably","pissed","brian","mary","poppins","list","below","space","witches","wizards","allowed","secret","witches","list","below","display","sort","magical","abilities","psychic","evil","good","although","novels","characters","exist","classified","fantasy","witches","themselves","live","worlds","devoid","magical","effects","users","check","list","book","characters","definitely","witches","below","share","favorite","spooky","ladies","twitter","mary","poppins","mary","poppins","giphy","known","books","great","exception","magical","nanny","mary","poppins","lose","magic","children","world","born","talk","animals","perform","amazing","magical","clear","everyone","else","however","mary","poppins","witch","world","full","magic","school","series","joanna","cole","giphy","everyone","favorite","fourth","grade","science","teacher","took","class","loads","sweet","adventures","magic","school","woman","obviously","witch","though","albeit","upgraded","matilda","matilda","dahl","giphy","personally","dahl","wrong","took","away","title","powers","matilda","mean","matilda","hermione","hermione","hermione","definitely","witch","empress","story","michael","giphy","renamed","moon","child","empress","characters","list","supernatural","lived","countless","millennia","serves","wise","benevolent","ruler","1984","film","witch","shortcomings","however","though","empress","powerful","almost","entity","save","lands","nothing","without","help","outside","borders","march","women","louisa","giphy","hear","four","march","sisters","pretty","beloved","characters","cannot","deny","something","incredibly","strange","obsessed","altering","appearance","enjoys","pickled","citrus","witch","thing","weird","burns","moment","part","revenge","part","ritual","definitely","witch","giphy","unlike","secret","witches","list","real","verifiable","powers","inherited","birth","father","read","characters","books","real","world","makes","witches","read","carrie","white","carrie","stephen","king","giphy","bleak","entry","list","stephen","king","menstrual","carrie","white","considering","abusive","mother","powers","awoke","within","carrie","engaged","assault","bullies","including","margaret","white","katie","girl","silver","eyes","davis","roberts","giphy","1980","novel","katie","several","children","born","silver","eyes","abilities","makes","look","witch","world","witch","finds","herself","hunted","someone","interest","fried","green","tomatoes","whistle","stop","cafe","fannie","giphy","southern","fave","louise","totally","witch","kind","mean","virtually","everyone","whistle","stop","totally","love","manages","charm","bees","pull","scheme","without","getting","caught","witch","seen","jackie","welcome","night","joseph","jeffrey","giphy","welcome","night","novel","based","podcast","name","jackie","perpetually","runs","esque","pawn","shop","night","takes","strange","item","requests","town","equally","strange","residents","magical","powers","definitely","gives","witchy","vibe","great","great","grandmother","irene","princess","george","youtube","george","fairy","tale","princess","princess","irene","gets","needed","magical","help","great","great","grandmother","named","irene","lives","secret","room","castle","perpetually","young","granny","treasure","trove","magical","items","witch","garza","water","chocolate","laura","giphy","kitchen","witch","garza","uses","cooking","bring","change","lives","family","members","including","brother","originally","wanted","marry","instead","sister"]}
