{"authors":["Charlotte Ahlin"],"date_download":"2018-10-31 01:28:11","date_modify":"2018-10-31 01:28:11","date_publish":"2018-10-08 14:00:29","description":"October has come again! It's the most wonderful time of the year (provided that your favorite things are plastic skeletons, fake blood, and contemplations of your own mortality). It's also the perfect month for reading a good creepy book. And if…","filename":"13CreepyNonfictionBooksToPutYouInTheMoodForOctober_61.json","image_url":"https://imgix.bustle.com/uploads/image/2018/10/8/0d64c993-307b-4d28-98d2-3e3f606a582c-pjimage-4.jpg?w=1200&h=630&q=70&fit=crop&crop=faces&fm=jpg","language":"en","localpath":"13CreepyNonfictionBooksToPutYouInTheMoodForOctober_61.json","title":"13 Creepy Nonfiction Books To Put You In The Mood For October","title_page":"13 Creepy Nonfiction Books To Put You In The Mood For October","title_rss":"NULL","source_domain":"bustle.com","text":"october wonderful provided favorite plastic skeletons fake blood contemplations mortality perfect month reading good creepy book looking classic october read plenty horror stories stomach churning pleasure venture beyond stephen king paperbacks steamy vampire romance novels however nonfiction books scare shock inform definitely mood halloween thing horror fiction usually strictly fictional reasonable certainty encounter ghosts sewer clowns real life always shut book turn slasher flick yourself threatening sandwich comes creepy nonfiction bets real horror stories telling real histories behind greatest fears find origins hallow itself true tales witches weird bugs resurrected corpses bloody countesses morgue based memoirs read dare infamous lady true story countess erzs thory kimberly craft amazon look saying celebrate female serial killers taste dark twisted enjoy reading erzs blood countess thory world notorious female serial killer reportedly bathe blood victims mythologized vampire demon infamous lady gets reality atrocious crimes committed click lady monsters tale dissections real life frankensteins creation mary shelley masterpiece roseanne montillo amazon modern horror science fiction genres huge debt original goth teen mary shelley shelley ideas frankenstein place lady monsters takes grisly trip shelley life actual weird science inspired create literature favorite monsters click penguin book witches katherine howe amazon witches better known basically woman throughout history threatening penguin book witches chilling collection historical accounts witchcraft read actual women stood accused bewitching friends family various witch hunters tried world dangerous women click wicked bugs louse conquered napoleon army diabolical insects stewart amazon bugs scary mean sure maybe fearless people finds bugs interesting cute feel confronted louse down army wicked bugs explores history insects wreaked havoc human civilization gnawing biting stinging general scurrying ruining everyone lives click world lore monstrous creatures aaron mahnke amazon based podcast name world lore monstrous creatures takes gruesome origin stories folklore fearsome monsters find truth behind vampires poltergeists werewolves jersey devils gremlins mahnke looks tell stories various beasties monsters teach ourselves click monsters among exploration otherworldly bigfoots wolfmen portals phantoms phenomena linda godfrey amazon believe monsters real monsters among chronicles whole mess firsthand monster encounters scientific basis believing bigfoot wolfmen possible world full secret portals dimensions stuff weird fringe subreddits linda godfrey find click tell horse voodoo life haiti jamaica zora neale hurston amazon zora neale hurston best known novelist brilliant folklorist anthropologist tell horse gives personal account participating extreme voodoo ceremonies 1930 maybe read animal sacrifice alley hurston gawk creepy side voodoo delves history voodoo misunderstood religious practice lasting impact west african folklore american culture click trick treat history halloween lisa morton amazon modern holiday october celebrates monsters pranks copious amounts sugar lisa morton explains spookiest holiday fall harvest festival mixed various ghostly feasts wound america excuse dress candy click zombies illustrated history undead jovanka vuckovic amazon zombie recognizable monsters contingency plans case zombie apocalypse zombie brains zombies illustrates history walking dead haitian folklore night living dead modern zombie marathons informative slightly disturbing ride click smoke gets eyes lessons crematory caitlin doughty amazon considered career morgue read smoke gets eyes comically macabre memoir caitlin doughty something took crematory recounts caring dead experience opened eyes culture weird uncomfortable methods dealing death click spook science tackles afterlife mary roach amazon does science ghosts happens ouija boards work mary roach aims find hilarious tour theoretical afterlife spook factually grounded approach life death although waiting definitive answer existence ghosts keep waiting click science monsters matt kaplan amazon culture earth fair share monsters inspires stories blood sucking fiends nasty squids monsters real least scientifically possible matt kaplan tackles origins fears reality behind creepiest historical mysteries click","url":"https://www.bustle.com/p/13-creepy-nonfiction-books-to-put-you-in-the-mood-for-october-12121736","polarityScore":{"sourceTitle":"Bustle","allSidesBias":"left-center","communityAgree":"564","communityDisagree":"566","sourceUrl":"http://www.bustle.com/ "},"processedText":["october","wonderful","provided","favorite","plastic","skeletons","fake","blood","mortality","perfect","month","reading","good","creepy","book","looking","classic","october","read","plenty","horror","stories","stomach","churning","pleasure","venture","beyond","stephen","king","steamy","vampire","romance","novels","however","nonfiction","books","scare","shock","inform","definitely","mood","halloween","thing","horror","fiction","usually","strictly","fictional","reasonable","certainty","encounter","ghosts","sewer","clowns","real","life","always","shut","book","turn","slasher","flick","yourself","threatening","sandwich","comes","creepy","nonfiction","bets","real","horror","stories","telling","real","histories","behind","greatest","fears","find","origins","itself","true","tales","witches","weird","bugs","resurrected","corpses","bloody","morgue","based","memoirs","read","dare","infamous","lady","true","story","countess","kimberly","craft","amazon","look","saying","celebrate","female","serial","killers","taste","dark","twisted","enjoy","reading","blood","countess","world","notorious","female","serial","killer","reportedly","bathe","blood","victims","vampire","demon","infamous","lady","gets","reality","atrocious","crimes","committed","click","lady","monsters","tale","real","life","creation","mary","shelley","masterpiece","roseanne","amazon","modern","horror","science","fiction","genres","huge","debt","original","goth","teen","mary","shelley","shelley","ideas","frankenstein","place","lady","monsters","takes","grisly","trip","shelley","life","actual","weird","science","inspired","create","literature","favorite","monsters","click","penguin","book","witches","katherine","howe","amazon","witches","better","known","basically","woman","throughout","history","threatening","penguin","book","witches","chilling","collection","historical","accounts","witchcraft","read","actual","women","stood","accused","friends","family","various","witch","hunters","tried","world","dangerous","women","click","wicked","bugs","conquered","napoleon","army","insects","stewart","amazon","bugs","scary","mean","sure","maybe","fearless","people","finds","bugs","interesting","cute","feel","confronted","down","army","wicked","bugs","explores","history","insects","havoc","human","civilization","biting","stinging","general","ruining","everyone","lives","click","world","lore","monstrous","creatures","aaron","mahnke","amazon","based","podcast","name","world","lore","monstrous","creatures","takes","gruesome","origin","stories","folklore","fearsome","monsters","find","truth","behind","vampires","poltergeists","jersey","devils","mahnke","looks","tell","stories","various","monsters","teach","ourselves","click","monsters","among","exploration","otherworldly","phenomena","linda","amazon","believe","monsters","real","monsters","among","chronicles","whole","mess","firsthand","monster","encounters","scientific","basis","believing","possible","world","full","secret","dimensions","stuff","weird","fringe","linda","find","click","tell","horse","voodoo","life","haiti","jamaica","amazon","best","known","novelist","brilliant","anthropologist","tell","horse","gives","personal","account","participating","extreme","voodoo","ceremonies","1930","maybe","read","animal","sacrifice","alley","creepy","side","voodoo","delves","history","voodoo","misunderstood","religious","practice","lasting","impact","west","african","folklore","american","culture","click","trick","treat","history","halloween","lisa","morton","amazon","modern","holiday","october","celebrates","monsters","pranks","copious","amounts","sugar","lisa","morton","explains","spookiest","holiday","fall","harvest","festival","mixed","various","ghostly","wound","america","excuse","dress","candy","click","zombies","illustrated","history","undead","amazon","zombie","recognizable","monsters","contingency","plans","case","zombie","apocalypse","zombie","brains","zombies","illustrates","history","walking","dead","folklore","night","living","dead","modern","zombie","informative","slightly","disturbing","ride","click","smoke","gets","eyes","lessons","caitlin","amazon","considered","career","morgue","read","smoke","gets","eyes","memoir","caitlin","something","took","recounts","caring","dead","experience","opened","eyes","culture","weird","uncomfortable","methods","dealing","death","click","spook","science","tackles","afterlife","mary","amazon","does","science","ghosts","happens","ouija","boards","work","mary","aims","find","hilarious","tour","theoretical","afterlife","spook","factually","grounded","approach","life","death","although","waiting","definitive","answer","existence","ghosts","keep","waiting","click","science","monsters","matt","kaplan","amazon","culture","earth","fair","share","monsters","inspires","stories","blood","sucking","nasty","monsters","real","least","scientifically","possible","matt","kaplan","tackles","origins","fears","reality","behind","creepiest","historical","mysteries","click"]}
