{"authors":["Going Out Guide Staff"],"date_download":"2018-10-21 03:08:53","date_modify":"2018-10-21 03:08:53","date_publish":"2018-10-11 12:00:00","description":"The annual H Street Festival takes place on Saturday in Northeast.","filename":"13thingstodointheDCareathisweekend_70.json","image_url":"https://www.washingtonpost.com/resizer/xXQySWbazV6TN7Ljwon-6wsO51Q=/1484x0/arc-anglerfish-washpost-prod-washpost.s3.amazonaws.com/public/QAU7LHEU4EI6PKWOAS4GFMVT6M.jpg","language":"en","localpath":"13thingstodointheDCareathisweekend_70.json","title":"13 things to do in the D.C. area this weekend","title_page":"13 things to do in the D.C. area the weekend of October 12-14 - The Washington Post","title_rss":"NULL","source_domain":"washingtonpost.com","text":"biggest baddest street festival city expected draw people block stretch street saturday kate patterson washington post friday portside town festival town alexandria waterfront central identity 18th century expansion public park foot king street heighten appeal tourists residents portside town festival offers preview kinds events regularly place along potomac tours godspeed creation tall ship brought settlers jamestown displays including light performance live music outdoor yoga exercise classes port city beer garden pizzeria paradiso location craft projects families friday noon saturday sunday free nature artechouse wondering find various futuristic looking exhibitions sprinkled across instagram feed answer likely enfant plaza museum debuting exhibit nature project comes polish born digital artist mateusz marpi marcinowski inspired create interactive piece love communal experience video games exhibition responds sensory movements virtual images creatures plants forms react various visitors projected walls january maria bamford warner theatre recently caught comedic stylings maria bamford acclaimed netflix series lady dynamite bamford pioneers comedy scene bursting prominence comedians comedy featured famous comedians patton oswalt zach galifianakis bamford inventive comedy specials including 2012 special special special recorded entirely home audience parents molly burch songbyrd great trick austin singer songwriter molly burch initial lull smoky gentle voice projecting mill songstress second listen though hear sounds someone torn heartbreak unrequited love 2017 debut please mine great entry point young talent forthcoming album flower already generating buzz lead single boys reveals assured songwriting outlook resonant line scream point across yell boss saturday street festival biggest baddest street festival city moved original september date hurricane florence expected draw people block stretch street closed down pavement filled music stages fashion shows dance theater performances food clothing vendors beer gardens cars eating contests events taking place neighborhood numerous bars restaurants shops noon free snallygaster pennsylvania avenue third sixth streets washington largest beer festival trading yards park america main street shutting down pennsylvania avenue third sixth streets festival organizers least choices including variety breweries usually available washington area toppling goliath alchemist threes monkish equilibrium overlook selection gravity poured kegs seasonal german brews best taste country beyond beer look food trucks music games family friendly activities opus merriweather post pavilion couldn burning next best closest alternative opus woods columbia festival marries flashy future forward installations kilter experimental live music coming artists foot tall laser sculpture inspired cedar point roller coaster giant animated recites prophetic quotes soulful performance violinist sudan archives highlights opus doors open free rsvp virginia wine festival gateway park favorite fall festival wine lovers making move 43rd annual virginia wine festival shop gateway park rosslyn overlooking bridge place taste virginia wines unlimited tastings souvenir glass included admission price bounce forth among tents food trucks virginia oyster pavilion snack sunday noon legends constitution hall south innovation rappers scarface houston ball memphis built foundation entire generations southern artists juvenile whose iconic degreez album gave later sampled drake released embodied sound orleans regionalism artists reborn music project brother mafia juicy songs sampled rocky recently cardi whose bickenhead annexes chickenhead done keep elders alive whom perform star revue luck speak themselves sunday beetlejuice national theatre burton cult classic headed broadway world premiere macabre musical comedy happening washington following footsteps fall mean girls beetlejuice show debut national theatre 1988 burton film story centers teen girl friendship ghosts devious demon inhabit home curious beetlejuice stripes translate stage musical carries parents beware advisory fall studio theatre group student activists campaigns bring down controversial statue university campus story sounds ripped american news headlines fall based true life experience seven students university cape town dramatized efforts part south african protest movement against status fallism play premiered cape town edinburgh london york washington caribbean galaxy lifetime achievement awards underground venerate lifers outsider musicians commit wild styles haul wild styles haul michael kentoff matthew byars dave jones caribbean qualify band together previous century intend keep together alive down basement caribbean rehearses floor bramble wires connecting guitars effects pedals rhythm machines amplifiers kentoff trio primary songwriter gear comes goes band mission remains steady write melody minded rock songs feel quite familiar strange sherry week himitsu good international sherry week does join foremost sherry expert chantal tseng himitsu founder carlie steiner laid afternoon sherry tasting himitsu expect sherry cocktails crocheting bingo pairings sunday funday getting quirky free drinks priced individually adele chapin fritz hahn chris richards stephanie williams briana younger read finally great bagels better call mother bullfrog newest restaurants include global fast casuals name steakhouse nerdy happy hour gatherings teach witches chemistry mysteries universe","url":"https://www.washingtonpost.com/dc-md-va/2018/10/11/things-do-dc-area-this-weekend/","polarityScore":{"sourceTitle":"Washington Post","allSidesBias":"left-center","communityAgree":"21425","communityDisagree":"12735","sourceUrl":"http://www.washingtonpost.com/regional "},"processedText":["biggest","street","festival","city","expected","draw","people","block","stretch","street","saturday","kate","patterson","washington","post","friday","town","festival","town","alexandria","waterfront","central","identity","18th","century","expansion","public","park","foot","king","street","appeal","tourists","residents","town","festival","offers","preview","kinds","events","regularly","place","along","potomac","tours","creation","tall","ship","brought","settlers","jamestown","displays","including","light","performance","live","music","outdoor","yoga","exercise","classes","port","city","beer","garden","pizzeria","location","craft","projects","families","friday","noon","saturday","sunday","free","nature","wondering","find","various","futuristic","looking","exhibitions","sprinkled","across","instagram","feed","answer","likely","plaza","museum","debuting","exhibit","nature","project","comes","polish","born","digital","artist","inspired","create","interactive","piece","love","communal","experience","video","games","exhibition","responds","sensory","movements","virtual","images","creatures","plants","forms","react","various","visitors","projected","walls","january","maria","warner","theatre","recently","caught","comedic","maria","acclaimed","netflix","series","lady","dynamite","pioneers","comedy","scene","bursting","prominence","comedians","comedy","featured","famous","comedians","patton","zach","inventive","comedy","specials","including","2012","special","special","special","recorded","entirely","home","audience","parents","molly","great","trick","austin","singer","songwriter","molly","initial","smoky","gentle","voice","projecting","mill","second","listen","though","hear","sounds","someone","torn","heartbreak","unrequited","love","2017","debut","please","mine","great","entry","point","young","talent","forthcoming","album","flower","already","generating","buzz","lead","single","boys","reveals","assured","songwriting","outlook","line","scream","point","across","yell","boss","saturday","street","festival","biggest","street","festival","city","moved","original","september","date","hurricane","florence","expected","draw","people","block","stretch","street","closed","down","pavement","filled","music","stages","fashion","shows","dance","theater","performances","food","clothing","vendors","beer","gardens","cars","eating","contests","events","taking","place","neighborhood","numerous","bars","restaurants","shops","noon","free","snallygaster","pennsylvania","avenue","third","sixth","streets","washington","largest","beer","festival","trading","yards","park","america","main","street","shutting","down","pennsylvania","avenue","third","sixth","streets","festival","organizers","least","choices","including","variety","breweries","usually","available","washington","area","toppling","equilibrium","overlook","selection","gravity","poured","seasonal","german","best","taste","country","beyond","beer","look","food","trucks","music","games","family","friendly","activities","opus","post","pavilion","couldn","burning","next","best","closest","alternative","opus","woods","columbia","festival","future","forward","installations","experimental","live","music","coming","artists","foot","tall","laser","sculpture","inspired","cedar","point","roller","coaster","giant","animated","prophetic","quotes","soulful","performance","sudan","archives","highlights","opus","doors","open","free","virginia","wine","festival","gateway","park","favorite","fall","festival","wine","lovers","making","move","annual","virginia","wine","festival","shop","gateway","park","overlooking","bridge","place","taste","virginia","wines","unlimited","glass","included","admission","price","bounce","forth","among","tents","food","trucks","virginia","oyster","pavilion","snack","sunday","noon","legends","constitution","hall","south","innovation","rappers","houston","ball","memphis","built","foundation","entire","generations","southern","artists","juvenile","whose","iconic","album","gave","later","sampled","drake","released","embodied","sound","orleans","artists","reborn","music","project","brother","mafia","juicy","songs","sampled","rocky","recently","cardi","whose","done","keep","elders","alive","whom","perform","star","luck","speak","themselves","sunday","beetlejuice","national","theatre","burton","cult","classic","headed","broadway","world","premiere","musical","comedy","happening","washington","following","footsteps","fall","mean","girls","beetlejuice","show","debut","national","theatre","1988","burton","film","story","centers","teen","girl","friendship","ghosts","devious","demon","inhabit","home","curious","beetlejuice","stripes","translate","stage","musical","carries","parents","beware","advisory","fall","studio","theatre","group","student","activists","campaigns","bring","down","controversial","statue","university","campus","story","sounds","ripped","american","news","headlines","fall","based","true","life","experience","seven","students","university","cape","town","efforts","part","south","african","protest","movement","against","status","play","premiered","cape","town","edinburgh","london","york","washington","caribbean","galaxy","lifetime","achievement","awards","underground","outsider","musicians","commit","wild","styles","haul","wild","styles","haul","michael","matthew","dave","jones","caribbean","qualify","band","together","previous","century","intend","keep","together","alive","down","basement","caribbean","floor","wires","connecting","guitars","effects","rhythm","machines","trio","primary","songwriter","gear","comes","goes","band","mission","remains","steady","write","melody","minded","rock","songs","feel","quite","familiar","strange","sherry","week","good","international","sherry","week","does","join","foremost","sherry","expert","founder","laid","afternoon","sherry","tasting","expect","sherry","cocktails","bingo","sunday","getting","quirky","free","drinks","priced","individually","adele","chapin","fritz","hahn","chris","richards","stephanie","williams","younger","read","finally","great","bagels","better","call","mother","bullfrog","newest","restaurants","include","global","fast","name","steakhouse","nerdy","happy","hour","gatherings","teach","witches","chemistry","mysteries","universe"]}
