{"authors":["Taylor Maple"],"date_download":"2018-10-31 00:39:46","date_modify":"2018-10-31 00:39:46","date_publish":"2018-10-01 19:14:55","description":"For some reason, one of the very basic functions of the human body still remains taboo to even joke about in polite company, probably because it happens primarily to women. Most people with a uterus get their period and still, you rarely see periods…","filename":"13TVEpisodesThatDepictWomenGettingTheirPeriods_72.json","image_url":"https://imgix.bustle.com/uploads/image/2018/9/27/131da660-515f-404b-a5c3-bfca11fccf90-e086c33b-c7ae-4ada-ae2c-ce4dcd1e6da1.jpeg?w=1200&h=630&q=70&fit=crop&crop=faces&fm=jpg","language":"en","localpath":"13TVEpisodesThatDepictWomenGettingTheirPeriods_72.json","title":"13 TV Episodes That Depict Women Getting Their Periods","title_page":"13 TV Episodes That Depict Women Getting Their Periods","title_rss":"NULL","source_domain":"bustle.com","text":"reason basic functions human body remains taboo joke polite company probably happens primarily women people uterus period rarely periods depicted movies talked public bodily functions pooping entire television series built menstruation issues along women health issues uncomfortable topics conversation extension women taught literally hide fact period representation culture lauren rosewarne author periods culture tells bustle email media representations menstruation help fight period stigma perpetuates film provides informal ongoing education range topics education primary function nonetheless glean information means informal education menstruation screen ideally reflect drama notably thorough ordinariness women experience earlier period episodes perpetuate stigma dangerous gender stereotypes dads understand daughters menstruation something embarrassed getting better thanks sheer quantity days women walks life writing rooms rosewarne rise cable streaming services greatly flexibility content shown audiences validated acceptance enjoyment risqu content continuing services adds depictions conversations menstruation below find episodes contributed greatly conversation paved roseanne season episode giphy roseanne something darlene worried basketball instead freaked starting period means episode youtube entirety roseanne original available stream amazon prime purchase youtube itunes account black season episode giphy diane gets period episode thanks supportive women life empowering experience tracee ellis ross watch full episode website stream hulu degrassi next generation season episode giphy emma unfortunate encounter involving unexpected period white skirt episode entirety youtube season episode giphy episode sally clashes mother gets period attempting likes stressful days least entire series including episode available stream netflix mouth season episode giphy help musical number netflix risque coming comedy mouth takes jessi period frank entire season available stream netflix charming everybody bleeds tune youtube girl season episode giphy wasn someone getting period iconic episode puts periods cramps front center amazing gifs jess explaining symptoms comes stream menzies youtube netflix middle season episode giphy gets period camping trip episode definitely ideal situation frankie wakes entire family less supportive comments scene uploaded youtube full episodes middle available purchase youtube itunes account broad city season episode giphy broad city deals kind personal issues particularly memorable episode abby ilana find tampon airplane watch scene comedy central website full season available stream hulu crazy girlfriend season episode giphy iconic musical numbers crazy girlfriend something taboo talking cramps mixed company period song available watch youtube seasons show available stream netflix orange black season episode giphy orange black show definitely away showing women experiences glory remember inmate gina period convince guard injured crafty rare moments actual period blood addressed media something episode available stream netflix braceface season episode giphy animated kids show staple growing forget sharon encountered period pain cramps date yikes episode available watch free youtube game thrones season episode giphy young woman embroiled dramatic violent world game thrones escape reality getting period scene season finds blood sheets rest entire episode series available stream hbogo subscription","url":"https://www.bustle.com/p/13-tv-episodes-that-depict-women-getting-their-periods-12064773","polarityScore":{"sourceTitle":"Bustle","allSidesBias":"left-center","communityAgree":"564","communityDisagree":"566","sourceUrl":"http://www.bustle.com/ "},"processedText":["reason","basic","functions","human","body","remains","taboo","joke","polite","company","probably","happens","primarily","women","people","uterus","period","rarely","periods","depicted","movies","talked","public","bodily","functions","entire","television","series","built","menstruation","issues","along","women","health","issues","uncomfortable","topics","conversation","extension","women","taught","literally","hide","fact","period","representation","culture","lauren","author","periods","culture","tells","bustle","email","media","representations","menstruation","help","fight","period","stigma","perpetuates","film","provides","informal","ongoing","education","range","topics","education","primary","function","nonetheless","information","means","informal","education","menstruation","screen","ideally","reflect","drama","notably","thorough","women","experience","earlier","period","episodes","perpetuate","stigma","dangerous","gender","stereotypes","dads","understand","daughters","menstruation","something","embarrassed","getting","better","thanks","sheer","quantity","days","women","walks","life","writing","rooms","rise","cable","streaming","services","greatly","flexibility","content","shown","audiences","validated","acceptance","enjoyment","content","continuing","services","adds","depictions","conversations","menstruation","below","find","episodes","contributed","greatly","conversation","paved","roseanne","season","episode","giphy","roseanne","something","darlene","worried","basketball","instead","freaked","starting","period","means","episode","youtube","entirety","roseanne","original","available","stream","amazon","prime","purchase","youtube","itunes","account","black","season","episode","giphy","diane","gets","period","episode","thanks","supportive","women","life","empowering","experience","tracee","ellis","ross","watch","full","episode","website","stream","hulu","degrassi","next","generation","season","episode","giphy","emma","unfortunate","encounter","involving","unexpected","period","white","skirt","episode","entirety","youtube","season","episode","giphy","episode","sally","clashes","mother","gets","period","attempting","likes","stressful","days","least","entire","series","including","episode","available","stream","netflix","mouth","season","episode","giphy","help","musical","number","netflix","coming","comedy","mouth","takes","jessi","period","frank","entire","season","available","stream","netflix","charming","everybody","tune","youtube","girl","season","episode","giphy","wasn","someone","getting","period","iconic","episode","puts","periods","front","center","amazing","gifs","jess","explaining","symptoms","comes","stream","youtube","netflix","middle","season","episode","giphy","gets","period","camping","trip","episode","definitely","ideal","situation","frankie","wakes","entire","family","less","supportive","comments","scene","uploaded","youtube","full","episodes","middle","available","purchase","youtube","itunes","account","broad","city","season","episode","giphy","broad","city","deals","kind","personal","issues","particularly","memorable","episode","abby","find","airplane","watch","scene","comedy","central","website","full","season","available","stream","hulu","crazy","girlfriend","season","episode","giphy","iconic","musical","numbers","crazy","girlfriend","something","taboo","talking","mixed","company","period","song","available","watch","youtube","seasons","show","available","stream","netflix","orange","black","season","episode","giphy","orange","black","show","definitely","away","showing","women","experiences","glory","remember","inmate","gina","period","convince","guard","injured","crafty","rare","moments","actual","period","blood","addressed","media","something","episode","available","stream","netflix","season","episode","giphy","animated","kids","show","staple","growing","forget","sharon","encountered","period","pain","date","yikes","episode","available","watch","free","youtube","game","thrones","season","episode","giphy","young","woman","embroiled","dramatic","violent","world","game","thrones","escape","reality","getting","period","scene","season","finds","blood","sheets","rest","entire","episode","series","available","stream","subscription"]}
