{"authors":["Charlotte Ahlin"],"date_download":"2018-10-31 01:04:56","date_modify":"2018-10-31 01:04:56","date_publish":"2018-10-12 14:00:29","description":"It should surprise no one that we're in a modern day renaissance of witchcraft. The witch, historically, has been the \"monster\" that represents all of society's fears about women: what if they grow too powerful? What if they don't care about getting…","filename":"13WitchyBooksToReadWithYourCovenThisFall_73.json","image_url":"https://imgix.bustle.com/uploads/image/2018/10/8/b68e76bd-d38f-4db5-8f28-b5d355799d9d-craft.png?w=1200&h=630&q=70&fit=crop&crop=faces&fm=jpg","language":"en","localpath":"13WitchyBooksToReadWithYourCovenThisFall_73.json","title":"13 Witchy Books To Read With Your Coven This Fall","title_page":"13 Witchy Books To Read With Your Coven This Fall","title_rss":"NULL","source_domain":"bustle.com","text":"surprise modern renaissance witchcraft witch historically monster represents society fears women grow powerful care getting married attractive brooms flying instead sweeping hang women secrets seek revenge generally sorts naturally witch become symbol power modern women high profile individuals maybe eschew modern society entirely escape safety deep dark woods excellent books read witchy sisters remember burn october busy season witchcraft halloween midterm elections corner witch needs occasional moment down herbal bond coven fellow witches enjoy spellbooks novels handy arcane tomes magic witchcraft basic witches summon success banish drama raise hell coven jaya saxena jess zimmerman basic witches read book spells lifestyle tips aspiring millennial witch sure actual magic silly tongue cheek spellbooks basic witches full humor positive affirmations historical asides feminist rants adorable illustrations offers magical boost whole support bond fellow witch sisters gender click creative tarot modern guide inspired life jessica crispin whether professional artist aspiring artist artist likes weird creative tarot colorful guide living creative life jessa crispin imagines traditional tarot cards beautiful illustrations offers down earth practical advice creating doubting less perfect tarot reading making party favorite witches click labyrinth lost zoraida rdova coven novel reading book club vibe absolutely read discuss labyrinth lost brooklyn brujas series alex powerful witch generation interest magic instead uses powers herself witchy abilities except backfires whole family vanishes instead whoops alex team untrustworthy brujo save family lose forever click modern witchcraft guide wheel judy nock measure witch holidays course modern witchcraft guide wheel fascinating tour witch calendar yule celebration samhain harvest festival occasion suggestions crafts rituals celebrate historical resource together coven start planning killer lughnasad party click practical magic alice hoffman classic witch novel next wine books night practical magic story owens women family blamed wrong massachusetts town fact almost seem encourage rumors witchcraft creepy house black cats gillian sally escape weird cursed family means turning everything brought believe click everyday witch amusing inspiring informative guide wonderful world witchcraft deborah blake coven mostly beginners looking toes wonderful world potions familiars everyday witch excellent place start light informative guide witchcraft literally working witch alphabet help magic black click book witchcraft astrid carvel size fool book witchcraft manages quite history witchcraft practices modern witchery lovely illustrations boot suggestions casting spells modern technology tech savvy occultists among click craft modern witch gabriela herstik various spell caster friends looking practical fashionable guide astrology tarot cards magick craft book comprehensive handbook modern witch specific spells practicing self care banishing toxic energy click undead girl gang lily anderson better coven read book beautiful arcane friendship riley amateur witch mila best friend likes help mess spells forth riley dies strange circumstances mila left uncover truth quite possibly raise dead armed gloss ancient grimoire click green witch complete guide natural magic herbs flowers essential oils arin murphy hiscock covens prefer meeting outdoors perhaps garden deep forest clearing green witch delightful guide nature magic filled practical recipes herbal blends potions properties essential oils lots ideas healing relaxation click witchmark polk course coven less interested gardening interested witchy romance faux edwardian england witchmark book miles singer marked magic means doomed witches asylum miles able escape fate reinvent life until mysterious death forces rely estranged family kindness especially gorgeous click tarot introduction reading tarot cassandra eason cassandra eason whole series helpful books learning witchcraft spells crystals dreams nordic rune divination real learn tarot read fortunes sleepovers tarot friendly guide learning tarot cards working daily problems extra dose magic click","url":"https://www.bustle.com/p/13-witchy-books-to-read-with-your-coven-this-fall-12138484","polarityScore":{"sourceTitle":"Bustle","allSidesBias":"left-center","communityAgree":"564","communityDisagree":"566","sourceUrl":"http://www.bustle.com/ "},"processedText":["surprise","modern","renaissance","witchcraft","witch","historically","monster","represents","society","fears","women","grow","powerful","care","getting","married","attractive","flying","instead","sweeping","hang","women","secrets","seek","revenge","generally","sorts","naturally","witch","become","symbol","power","modern","women","high","profile","individuals","maybe","eschew","modern","society","entirely","escape","safety","deep","dark","woods","excellent","books","read","witchy","sisters","remember","burn","october","busy","season","witchcraft","halloween","midterm","elections","corner","witch","needs","occasional","moment","down","herbal","bond","coven","fellow","witches","enjoy","novels","handy","arcane","magic","witchcraft","basic","witches","summon","success","banish","drama","raise","hell","coven","jess","zimmerman","basic","witches","read","book","spells","lifestyle","tips","aspiring","millennial","witch","sure","actual","magic","silly","tongue","cheek","basic","witches","full","humor","positive","affirmations","historical","feminist","rants","adorable","illustrations","offers","magical","boost","whole","support","bond","fellow","witch","sisters","gender","click","creative","tarot","modern","guide","inspired","life","jessica","whether","professional","artist","aspiring","artist","artist","likes","weird","creative","tarot","colorful","guide","living","creative","life","imagines","traditional","tarot","cards","beautiful","illustrations","offers","down","earth","practical","advice","creating","less","perfect","tarot","reading","making","party","favorite","witches","click","lost","coven","novel","reading","book","club","vibe","absolutely","read","discuss","lost","brooklyn","series","alex","powerful","witch","generation","interest","magic","instead","uses","powers","herself","witchy","abilities","except","whole","family","instead","alex","team","untrustworthy","save","family","lose","forever","click","modern","witchcraft","guide","wheel","judy","measure","witch","holidays","course","modern","witchcraft","guide","wheel","fascinating","tour","witch","calendar","celebration","harvest","festival","occasion","suggestions","crafts","rituals","celebrate","historical","resource","together","coven","start","planning","killer","party","click","practical","magic","alice","hoffman","classic","witch","novel","next","wine","books","night","practical","magic","story","owens","women","family","blamed","wrong","massachusetts","town","fact","almost","seem","encourage","rumors","witchcraft","creepy","house","black","cats","gillian","sally","escape","weird","cursed","family","means","turning","everything","brought","believe","click","everyday","witch","amusing","inspiring","informative","guide","wonderful","world","witchcraft","deborah","blake","coven","mostly","beginners","looking","toes","wonderful","world","potions","everyday","witch","excellent","place","start","light","informative","guide","witchcraft","literally","working","witch","alphabet","help","magic","black","click","book","witchcraft","astrid","size","fool","book","witchcraft","manages","quite","history","witchcraft","practices","modern","lovely","illustrations","boot","suggestions","casting","spells","modern","technology","tech","savvy","among","click","craft","modern","witch","various","spell","friends","looking","practical","fashionable","guide","astrology","tarot","cards","craft","book","comprehensive","handbook","modern","witch","specific","spells","practicing","self","care","toxic","energy","click","undead","girl","gang","lily","anderson","better","coven","read","book","beautiful","arcane","friendship","riley","amateur","witch","best","friend","likes","help","mess","spells","forth","riley","dies","strange","circumstances","left","uncover","truth","quite","possibly","raise","dead","armed","gloss","ancient","click","green","witch","complete","guide","natural","magic","herbs","flowers","essential","oils","murphy","prefer","meeting","outdoors","perhaps","garden","deep","forest","clearing","green","witch","delightful","guide","nature","magic","filled","practical","recipes","herbal","blends","potions","properties","essential","oils","lots","ideas","healing","relaxation","click","polk","course","coven","less","interested","interested","witchy","romance","faux","england","book","miles","singer","marked","magic","means","doomed","witches","asylum","miles","able","escape","fate","reinvent","life","until","mysterious","death","forces","rely","estranged","family","kindness","especially","gorgeous","click","tarot","introduction","reading","tarot","cassandra","cassandra","whole","series","helpful","books","learning","witchcraft","spells","crystals","dreams","nordic","real","learn","tarot","read","fortunes","tarot","friendly","guide","learning","tarot","cards","working","daily","problems","extra","dose","magic","click"]}
