{"authors":["Kristian Wilson"],"date_download":"2018-10-31 00:50:18","date_modify":"2018-10-31 00:50:18","date_publish":"2018-10-12 21:24:41","description":"Since 1901, there have been 114 writers honored with the Nobel Prize in literature, but only 14 of those laureates have been women. To celebrate their legacy, and to highlight the blatant gender imbalance among the literary winners, here are 14…","filename":"14BooksByFemaleNobelLaureatesInLiteratureThatBelongOnYourReadingList_75.json","image_url":"https://imgix.bustle.com/uploads/image/2018/10/12/0e16902b-83aa-47d6-b6cf-966b04080a4f-pjimage-1.jpg?w=1200&h=630&q=70&fit=crop&crop=faces&fm=jpg","language":"en","localpath":"14BooksByFemaleNobelLaureatesInLiteratureThatBelongOnYourReadingList_75.json","title":"14 Books By Female Nobel Laureates In Literature That Belong On Your Reading List","title_page":"14 Books By Female Nobel Laureates In Literature That Belong On Your Reading List","title_rss":"NULL","source_domain":"bustle.com","text":"1901 writers honored nobel prize literature laureates women celebrate legacy highlight blatant gender imbalance among literary winners books female nobel laureates literature read 1909 children author selma lagerl became woman nobel prize literature woman grazia deledda home prize longest period female nobel literature laureates measured passing nelly sachs 1966 nadine gordimer 1991 recent woman nobel prize literature svetlana alexievich took home 2015 prize nobel prize literature awarded 2018 2020 writer named nobel laureate chaos upended prize granting swedish academy earlier academy handling sexual assault accusations against patron jean claude arnault husband academy member katarina frostenson resulted departure several members leaving swedish academy active voters fill emptied seats plenty books nobel prize winners read wait swedish academy house order however check following list books female nobel literature laureates wonderful adventures nils selma lagerl 1909 laureate wonderful adventures nils follows nils holgersson shrunken nisse farm spirit looks garden gnome flies away family farm escaped goose click divorce romance grazia deledda 1926 laureate falsely convicted murder constantino does contest verdict believes punishment marrying wife giovanna church left impoverished constantino imprisonment giovanna divorces husband marries rich abusive constantino acquitted released however wife begin love affair click wreath sigrid undset 1928 laureate kristin lavransdatter books wreath centers kristin daughter 14th century nobleman falls love betrothed erlend already raising family wife click good earth pearl buck 1938 laureate good earth begins marriage wang lung poor farmer former household slave turn 20th century pearl buck novel follows wang lung children journey across china search prosperous life click madwomen gabriela mistral 1945 laureate bilingual poetry collection chilean poet gabriela mistral examines lives fortunes women labelled crazy often anything click chimneys nelly sachs 1966 laureate nelly sachs wrote poetry plays explore identity experiences jewish german woman escaped sweden 1940 title poem chimneys studies smokestacks nazi death camps click july people nadine gordimer 1991 laureate banned south africa upon publication 1981 nadine gordimer july people imagines black populist uprising overthrows apartheid regime click jazz toni morrison 1993 laureate husband murders mistress violet unable break husband grief affections makes friends alice dead girl aunt legal guardian trying sense changing world click view grain sand wislawa szymborska 1996 laureate poetry collection wislawa szymborska contains dozens poems published 1957 1993 click piano teacher elfriede jelinek 2004 laureate strange often disturbing novel austrian laureate elfriede jelinek centers erika voyeur lives controlling mother click golden notebook doris lessing 2007 laureate following protagonist anna wulf throughout life golden notebook consists four segments named daybook anna particular place click land green plums herta ller 2009 laureate romania ceau escu regime land green plums revolves four characters lola georg edgar kurt wish flee home country germany click hateship friendship courtship loveship marriage alice munro 2013 laureate stories booker prize winning collection examine complicated relationships form individuals different stages life click","url":"https://www.bustle.com/p/14-books-by-female-nobel-laureates-in-literature-that-belong-on-your-reading-list-12252302","polarityScore":{"sourceTitle":"Bustle","allSidesBias":"left-center","communityAgree":"564","communityDisagree":"566","sourceUrl":"http://www.bustle.com/ "},"processedText":["writers","honored","nobel","prize","literature","women","celebrate","legacy","highlight","blatant","gender","imbalance","among","literary","winners","books","female","nobel","literature","read","children","author","became","woman","nobel","prize","literature","woman","home","prize","longest","period","female","nobel","literature","measured","passing","sachs","1966","gordimer","1991","recent","woman","nobel","prize","literature","took","home","2015","prize","nobel","prize","literature","awarded","2018","2020","writer","named","nobel","laureate","chaos","upended","prize","granting","swedish","academy","earlier","academy","handling","sexual","assault","accusations","against","patron","jean","claude","arnault","husband","academy","member","resulted","departure","several","members","leaving","swedish","academy","active","voters","fill","emptied","seats","plenty","books","nobel","prize","winners","read","wait","swedish","academy","house","order","however","check","following","list","books","female","nobel","literature","wonderful","adventures","nils","laureate","wonderful","adventures","nils","follows","nils","farm","spirit","looks","garden","flies","away","family","farm","escaped","goose","click","divorce","romance","laureate","falsely","convicted","murder","does","contest","verdict","believes","punishment","marrying","wife","church","left","impoverished","imprisonment","divorces","husband","rich","abusive","acquitted","released","however","wife","begin","love","affair","click","wreath","1928","laureate","kristin","books","wreath","centers","kristin","daughter","14th","century","falls","love","already","raising","family","wife","click","good","earth","pearl","buck","1938","laureate","good","earth","begins","marriage","wang","lung","poor","farmer","former","household","slave","turn","20th","century","pearl","buck","novel","follows","wang","lung","children","journey","across","china","search","prosperous","life","click","1945","laureate","bilingual","poetry","collection","chilean","poet","examines","lives","fortunes","women","crazy","often","anything","click","sachs","1966","laureate","sachs","wrote","poetry","plays","explore","identity","experiences","jewish","german","woman","escaped","sweden","1940","title","poem","studies","nazi","death","camps","click","july","people","gordimer","1991","laureate","banned","south","africa","upon","publication","1981","gordimer","july","people","imagines","black","populist","uprising","apartheid","regime","click","jazz","toni","morrison","1993","laureate","husband","murders","mistress","violet","unable","break","husband","grief","affections","makes","friends","alice","dead","girl","aunt","legal","guardian","trying","sense","changing","world","click","view","grain","sand","1996","laureate","poetry","collection","contains","dozens","poems","published","1957","1993","click","piano","teacher","2004","laureate","strange","often","disturbing","novel","austrian","laureate","centers","erika","lives","controlling","mother","click","golden","notebook","2007","laureate","following","protagonist","anna","throughout","life","golden","notebook","consists","four","segments","named","anna","particular","place","click","land","green","2009","laureate","regime","land","green","revolves","four","characters","edgar","kurt","wish","flee","home","country","germany","click","friendship","marriage","alice","2013","laureate","stories","booker","prize","winning","collection","examine","complicated","relationships","form","individuals","different","stages","life","click"]}
