{"authors":["Amen Oyiboke"],"date_download":"2018-10-31 01:33:08","date_modify":"2018-10-31 01:33:08","date_publish":"2018-10-19 17:00:31","description":"Romantic comedies and dramas are come in all different forms, but movies such as Brown Sugar, Moonlight and Jason's Lyric challenge viewers specifically to see and understand their visions of what Black love and social life can be. As minorities,…","filename":"14MoviesThatExploreBlackLoveInAllItsForms_77.json","image_url":"https://imgix.bustle.com/uploads/image/2018/10/15/c2f768f1-57b2-4aa9-b929-88084bf62547-jasons-lyric.jpg?w=1200&h=630&q=70&fit=crop&crop=faces&fm=jpg","language":"en","localpath":"14MoviesThatExploreBlackLoveInAllItsForms_77.json","title":"14 Movies That Explore Black Love In All Its Forms","title_page":"14 Movies That Explore Black Love In All Its Forms","title_rss":"NULL","source_domain":"bustle.com","text":"romantic comedies dramas different forms movies brown sugar moonlight jason lyric challenge viewers specifically understand visions black love social life minorities black couples families persevere life changing sometimes life threatening challenges thing stands true power love ability conquer insurmountable odds matter circumstance taking look films showcase different types black love important love complex word explain romantic feelings platonic admiration bonds relatives chosen families bounds discriminate different everyone culture obsessed concept part almost narrative seen screen movies special explore specific experience different angles proof having different kinds viewpoints screen essential culture movies start include best depictions black love film history offer jason lyric movieclips classic trailers youtube classic 1994 film jason lyric movie shows nuance black love examples jason allen payne dreams having better life loves family deeply works salesman trying best help mother steer recently incarcerated brother joshua bokeem woodbine onto path attempts better jason finds love meets lyric jada pinkett feelings develops jason starts future confronted secrets brown sugar brown sugar trailer youtube sometimes purest forms romantic love grow friendships brown sugar explores evolving relationship childhood friends sidney sanna lathan thriving music editor always hunt good centered story taye diggs starting feel unfulfilled music executive realize true passion root love moonlight moonlight trailer youtube oscar winning film moonlight proof vital diverse representations different black lifestyles relationships onscreen encouraging open conversation black male sexuality fences fences trailer youtube fences movie disrupts look black fatherhood role plays development young black personal growth denzel washington plays father dreamed becoming professional baseball playe became bitter takes frustrations jovan adepo intense portrayal father relationship fences shows father misguided hurt complex showing tough love best universal movies youtube best friends taye diggs morris chestnut gone practically everything life together find huge secret divide bond film shows close black male friendships stand life trials poetic justice poetic justice trailer youtube poetic justice letting love life grieving loss justice janet jackson writes poetry deal pain death boyfriend justice meets lucky tupac shakur grows close soon begins question matters heart tries figure open love claudine blackcinemaclub youtube claudine diahann carroll mother forced hide lover order keep welfare benefits matters complicated children oppose relationship daughter gets pregnant soon faced marriage proposal claudine takes tough subjects form comedy show touch choices mother sake family mahogany video detective youtube mahogany tale ambition love feeling conflicted diana ross plays woman torn following dreams life supporting love movie choices lead heavy consequences ignore wright foxsearchlight youtube queen latifah plays physical therapist ultimately falls love basketball player client common wright shatters society assumption certain type woman worthy love color purple color purple trailer youtube color purple important movies display deep black sisterhood friendship celie whoopi goldberg undergoes personal evolution midst dealing abusive husband danny glover racism loss children blossoms stronger person help women gotta sophie passerini youtube gotta late young black woman named nola darling tracy camilla johns unapologetically balancing lovers define life live monogamous ideal youtube four friends jada pinkett smith queen latifah kimberly elise vivica trying best escape systematic cycle poverty matters seem changing decide several banks criminal scheme film shows black women different kinds loving relationships including queer straight platonic precious precious clip youtube precious film adaptation novel push sapphire focuses struggle illiterate teenage gabourey sidibe whose ambition live better life comes determined teacher paula patton film shows mentorship help someone find strength break free harmful situation hidden figures hidden figures youtube hidden figures african american women nasa katherine johnson taraji henson dorothy vaughan octavia spencer mary jackson janelle serve math brains behind space exploration although face discrimination racism women love circumstances ripped apart important movies explore community world watch watch films gather thoughts black love means symbolizes","url":"https://www.bustle.com/p/14-movies-that-explore-black-love-in-all-its-forms-12201133","polarityScore":{"sourceTitle":"Bustle","allSidesBias":"left-center","communityAgree":"564","communityDisagree":"566","sourceUrl":"http://www.bustle.com/ "},"processedText":["romantic","comedies","dramas","different","forms","movies","brown","sugar","moonlight","jason","lyric","challenge","viewers","specifically","understand","visions","black","love","social","life","minorities","black","couples","families","life","changing","sometimes","life","threatening","challenges","thing","stands","true","power","love","ability","conquer","odds","matter","circumstance","taking","look","films","showcase","different","types","black","love","important","love","complex","word","explain","romantic","feelings","admiration","bonds","relatives","chosen","families","bounds","discriminate","different","everyone","culture","obsessed","concept","part","almost","narrative","seen","screen","movies","special","explore","specific","experience","different","angles","proof","having","different","kinds","viewpoints","screen","essential","culture","movies","start","include","best","depictions","black","love","film","history","offer","jason","lyric","movieclips","classic","trailers","youtube","classic","1994","film","jason","lyric","movie","shows","nuance","black","love","examples","jason","allen","payne","dreams","having","better","life","loves","family","deeply","works","salesman","trying","best","help","mother","steer","recently","incarcerated","brother","joshua","onto","path","attempts","better","jason","finds","love","meets","lyric","feelings","develops","jason","starts","future","confronted","secrets","brown","sugar","brown","sugar","trailer","youtube","sometimes","forms","romantic","love","grow","friendships","brown","sugar","explores","evolving","relationship","childhood","friends","sidney","thriving","music","editor","always","hunt","good","centered","story","diggs","starting","feel","music","executive","realize","true","passion","root","love","moonlight","moonlight","trailer","youtube","oscar","winning","film","moonlight","proof","vital","diverse","representations","different","black","lifestyles","relationships","onscreen","encouraging","open","conversation","black","male","sexuality","fences","fences","trailer","youtube","fences","movie","look","black","role","plays","development","young","black","personal","growth","washington","plays","father","dreamed","becoming","professional","baseball","became","bitter","takes","frustrations","intense","portrayal","father","relationship","fences","shows","father","misguided","hurt","complex","showing","tough","love","best","universal","movies","youtube","best","friends","diggs","morris","gone","practically","everything","life","together","find","huge","secret","divide","bond","film","shows","close","black","male","friendships","stand","life","trials","poetic","justice","poetic","justice","trailer","youtube","poetic","justice","letting","love","life","grieving","loss","justice","janet","jackson","writes","poetry","deal","pain","death","boyfriend","justice","meets","lucky","grows","close","soon","begins","question","matters","heart","tries","figure","open","love","youtube","carroll","mother","forced","hide","lover","order","keep","welfare","benefits","matters","complicated","children","oppose","relationship","daughter","gets","pregnant","soon","faced","marriage","proposal","takes","tough","subjects","form","comedy","show","touch","choices","mother","sake","family","video","detective","youtube","tale","ambition","love","feeling","conflicted","diana","ross","plays","woman","torn","following","dreams","life","supporting","love","movie","choices","lead","heavy","consequences","ignore","wright","youtube","queen","plays","physical","therapist","ultimately","falls","love","basketball","player","client","common","wright","shatters","society","assumption","certain","type","woman","worthy","love","color","purple","color","purple","trailer","youtube","color","purple","important","movies","display","deep","black","sisterhood","friendship","whoopi","goldberg","personal","evolution","midst","dealing","abusive","husband","danny","glover","racism","loss","children","stronger","person","help","women","gotta","sophie","youtube","gotta","late","young","black","woman","named","darling","tracy","camilla","johns","unapologetically","balancing","lovers","define","life","live","ideal","youtube","four","friends","smith","queen","kimberly","elise","trying","best","escape","systematic","cycle","poverty","matters","seem","changing","decide","several","banks","criminal","scheme","film","shows","black","women","different","kinds","loving","relationships","including","queer","straight","precious","precious","clip","youtube","precious","film","adaptation","novel","push","focuses","struggle","illiterate","teenage","whose","ambition","live","better","life","comes","determined","teacher","paula","patton","film","shows","help","someone","find","strength","break","free","harmful","situation","hidden","figures","hidden","figures","youtube","hidden","figures","african","american","women","nasa","katherine","johnson","henson","dorothy","vaughan","spencer","mary","jackson","serve","math","brains","behind","space","exploration","although","face","discrimination","racism","women","love","circumstances","ripped","apart","important","movies","explore","community","world","watch","watch","films","gather","thoughts","black","love","means"]}
