{"authors":["Jaime Adame"],"date_download":"2018-10-30 17:55:23","date_modify":"2018-10-30 17:55:23","date_publish":"2018-10-05 00:00:00","description":"Fourteen law professors affiliated with the state's two law schools had as of Friday signed onto a letter opposing the confirmation of Brett Kavanaugh to the U.S. Supreme Court.","filename":"14professorstiedtoArkansastwolawschoolsrejectKavanaughinletter_79.json","image_url":"https://media.arkansasonline.com/img/photos/2018/10/05/AP18270763562268_t600.jpg?4326734cdb8e39baa3579048ef63ad7b451e7676","language":"en","localpath":"14professorstiedtoArkansastwolawschoolsrejectKavanaughinletter_79.json","title":"14 professors tied to Arkansas' two law schools reject Kavanaugh in letter","title_page":"14 professors tied to Arkansas' two law schools reject Kavanaugh in letter","title_rss":"NULL","source_domain":"arkansasonline.com","text":"saturday updates latest brett kavanaugh confirmation vote fourteen professors affiliated state schools friday signed onto letter opposing confirmation brett kavanaugh supreme court joined professors signing letter stating kavanaugh testimony sept senate hearing displayed lack judicial temperament disqualifying court certainly elevation highest court land confirmation vote kavanaugh happen today letter names signing published online york times number having endorsed letter increasing signed wednesday angry john dipippa former dean bowen school university arkansas rock phone interview dipippa signed letter kavanaugh transformed partisan diatribe cited kavanaugh response questions klobuchar minn kavanaugh responded question whether unable remember events drinking kavanaugh responded asking blacked drinking wasn especially dipippa kavanaugh responses calling disrespectful senate dipippa signing onto letter kavanaugh judicial ideology kavanaugh judge court appeals district columbia circuit carol goforth university arkansas school professor email regardless beliefs kavanaugh demeanor clear expressions disdain process disagreed deeply troubling signed name believe imperative justices supreme court evidence impartiality judicial temperament expect independent branch government goforth regarding alleged sexual misconduct kavanaugh dipippa alleged against senate reckon sept hearing kavanaugh denied sexually assaulting anyone testified questioned senators earlier heard christine blasey ford described kavanaugh attempting force gathering teenagers ford testified kavanaugh friend pushed bedroom locked door behind kavanaugh tried remove clothing letter signed faculty cite allegation reason oppose kavanaugh confirmation criticize kavanaugh response questioning instead open necessary search accuracy judge kavanaugh repeatedly aggressive questioners prepared remarks judge kavanaugh described hearing partisan referring calculated orchestrated political rather acknowledging senate faced information understand transpired letter states transcript kavanaugh remarks hearing includes statement whole week effort calculated orchestrated political fueled apparent pent anger president trump 2016 election fear unfairly stoked judicial record revenge behalf clintons millions dollars money outside left wing opposition groups thursday wall street journal published online essay kavanaugh stated emotional times hearing believes independent impartial judiciary essential constitutional republic ualr affiliated faculty signed onto letter deborah borman assistant professor coleen barger professor emerita kelly browe olson associate professor entrikin professor george mader associate professor robert minarcin assistant professor ualr bowen school full faculty adjunct faculty tracy courage university news director additional faculty university arkansas school signed letter nicole civita affiliated professor brian gallini senior associate dean susannah pollvogt professor laurent sacharoff professor susan schneider professor danielle weatherby associate professor school full instructional faculty part faculty plus five library faculty darinda sharp school communications director civita works remotely part school email kavanaugh revealed depths partisanship screed entirely unbecoming judge though several foot courtroom dare imagine happened member conducted myself similarly simply legal professionals permitted behave part preserving public confidence courts civita gallini school email kavanaugh confirmed 2400 professors signed letter hard whether teach supreme court opinions authors classrooms across country metro 2018","url":"https://www.arkansasonline.com/news/2018/oct/06/in-state-14-reject-nominee-in-letter-20/?page=2","polarityScore":{"sourceTitle":"Arkansas Democrat-Gazette","allSidesBias":"left","communityAgree":"686","communityDisagree":"522","sourceUrl":"http://www.arkansasonline.com/ "},"processedText":["saturday","updates","latest","brett","kavanaugh","confirmation","vote","fourteen","professors","affiliated","state","schools","friday","signed","onto","letter","opposing","confirmation","brett","kavanaugh","supreme","court","joined","professors","signing","letter","stating","kavanaugh","testimony","sept","senate","hearing","displayed","lack","judicial","temperament","disqualifying","court","certainly","elevation","highest","court","land","confirmation","vote","kavanaugh","happen","today","letter","names","signing","published","online","york","times","number","having","endorsed","letter","increasing","signed","wednesday","angry","john","dipippa","former","dean","bowen","school","university","arkansas","rock","phone","interview","dipippa","signed","letter","kavanaugh","transformed","partisan","diatribe","cited","kavanaugh","response","questions","klobuchar","minn","kavanaugh","responded","question","whether","unable","remember","events","drinking","kavanaugh","responded","asking","blacked","drinking","wasn","especially","dipippa","kavanaugh","responses","calling","disrespectful","senate","dipippa","signing","onto","letter","kavanaugh","judicial","ideology","kavanaugh","judge","court","appeals","district","columbia","circuit","carol","goforth","university","arkansas","school","professor","email","regardless","beliefs","kavanaugh","demeanor","clear","expressions","disdain","process","disagreed","deeply","troubling","signed","name","believe","imperative","justices","supreme","court","evidence","impartiality","judicial","temperament","expect","independent","branch","government","goforth","regarding","alleged","sexual","misconduct","kavanaugh","dipippa","alleged","against","senate","reckon","sept","hearing","kavanaugh","denied","sexually","assaulting","anyone","testified","questioned","senators","earlier","heard","christine","blasey","ford","described","kavanaugh","attempting","force","gathering","teenagers","ford","testified","kavanaugh","friend","pushed","bedroom","locked","door","behind","kavanaugh","tried","remove","clothing","letter","signed","faculty","cite","allegation","reason","oppose","kavanaugh","confirmation","criticize","kavanaugh","response","questioning","instead","open","necessary","search","accuracy","judge","kavanaugh","repeatedly","aggressive","questioners","prepared","remarks","judge","kavanaugh","described","hearing","partisan","referring","calculated","orchestrated","political","rather","acknowledging","senate","faced","information","understand","transpired","letter","states","transcript","kavanaugh","remarks","hearing","includes","statement","whole","week","effort","calculated","orchestrated","political","fueled","apparent","pent","anger","president","trump","2016","election","fear","unfairly","stoked","judicial","record","revenge","behalf","clintons","millions","dollars","money","outside","left","wing","opposition","groups","thursday","wall","street","journal","published","online","essay","kavanaugh","stated","emotional","times","hearing","believes","independent","impartial","judiciary","essential","constitutional","republic","ualr","affiliated","faculty","signed","onto","letter","deborah","assistant","professor","professor","kelly","olson","associate","professor","professor","george","associate","professor","robert","assistant","professor","ualr","bowen","school","full","faculty","adjunct","faculty","tracy","courage","university","news","director","additional","faculty","university","arkansas","school","signed","letter","nicole","civita","affiliated","professor","brian","senior","associate","dean","susannah","professor","laurent","professor","susan","schneider","professor","danielle","associate","professor","school","full","instructional","faculty","part","faculty","plus","five","library","faculty","sharp","school","communications","director","civita","works","remotely","part","school","email","kavanaugh","revealed","depths","partisanship","screed","entirely","unbecoming","judge","though","several","foot","courtroom","dare","imagine","happened","member","conducted","myself","similarly","simply","legal","professionals","permitted","behave","part","preserving","public","confidence","courts","civita","school","email","kavanaugh","confirmed","professors","signed","letter","hard","whether","teach","supreme","court","opinions","authors","classrooms","across","country","metro","2018"]}
