{"authors":[],"date_download":"2018-11-02 05:25:59","date_modify":"2018-11-02 05:25:59","date_publish":"2017-11-14 07:31:00","description":"More than 15,000 scientists have signed a dire warning letter to humanity, urging society to address major environmental concerns. \"Soon it will be...","filename":"15000scientistsissuesecondnoticetohumanitytosaveEarth_83.json","image_url":"https://www.ajc.com/rf/image_large/Pub/p8/AJC/2017/11/14/Images/skyWord.508335-9370ecd844f942c297ba1236a94f5894-U67XIFR8KVK-679x383.jpg","language":"en","localpath":"15000scientistsissuesecondnoticetohumanitytosaveEarth_83.json","title":"15000 scientists issue second notice to humanity to save Earth","title_page":"15000 scientists issue second notice to humanity to save Earth","title_rss":"NULL","source_domain":"ajc.com","text":"scientists signed dire warning letter humanity urging society address major environmental concerns related federal climate report takeaways soon late shift course away failing trajectory running scientists wrote letter signed colleagues countries recognize lives governing institutions earth life home titled second notice stern warning comes similar concerns expressed letter backed scientists however updated warning points significantly worsened related best cities avoid effects climate change report humanity failed sufficient progress generally solving foreseen environmental challenges alarmingly getting worse letter freshwater resources vertebrate species dropped approximately percent 1960 marine dead zones increased dramatically percent carbon dioxide emissions risen percent human population skyrocketed billion roughly billion related paris climate agreement furthermore human activity unleashed mass extinction event sixth roughly million wherein current life forms annihilated least committed extinction century scientists warn hopeful part letter points stabilization stratospheric ozone layer newsweek scientists revealed month hole ozone layer hovers above antarctica smallest 1988 related climate change already costing billions losses positive development enough curb impending crisis scientists humanity given second notice jeopardizing future reining intense geographically demographically uneven material consumption perceiving continued rapid population growth primary driver behind ecological societal threats wrote related doctors global warming taking toll people health scientists humanity quickly limit population growth reassess role economy rooted growth reduce greenhouse gases incentivize renewable energy protect habitat restore ecosystems curb pollution halt defaunation constrain invasive alien species humanity taking urgent steps needed safeguard imperiled biosphere drastic solutions required solve coming global crisis scientists include phasing fossil fuels encouraging renewable energy sources transitioning plant based diet reducing food waste overall prioritizing reserves earth land marine freshwater aerial habitats related atlanta makes ambitious commitment percent clean energy 2035 prevent widespread misery catastrophic biodiversity loss humanity practice environmentally sustainable alternative business usual scientists wrote nations world officially recognized address concerns threat humanity existence current administration appears uninterested heeding warnings president donald trump june pull landmark 2015 paris climate agreement joining nations syria nicaragua signed international accord nicaragua agreed sign agreement october syria followed earlier month related cities states defy trump paris climate deal instead addressing greenhouse emissions paris accord requires white house promote coal natural nuclear energy answer climate change decision scientists globe warned against","url":"https://www.ajc.com/news/science/000-scientists-warn-will-soon-too-late-save-earth/bO6nQQWzhWKtrVs9v540qK/","polarityScore":{"sourceTitle":"Atlanta Journal-Constitution","allSidesBias":"left-center","communityAgree":"561","communityDisagree":"580","sourceUrl":"http://www.ajc.com/ "},"processedText":["scientists","signed","dire","warning","letter","humanity","urging","society","address","major","environmental","concerns","related","federal","climate","report","takeaways","soon","late","shift","course","away","failing","trajectory","running","scientists","wrote","letter","signed","colleagues","countries","recognize","lives","governing","institutions","earth","life","home","titled","second","notice","stern","warning","comes","similar","concerns","expressed","letter","backed","scientists","however","updated","warning","points","significantly","worsened","related","best","cities","avoid","effects","climate","change","report","humanity","failed","sufficient","progress","generally","solving","foreseen","environmental","challenges","alarmingly","getting","worse","letter","freshwater","resources","species","dropped","approximately","percent","1960","marine","dead","zones","increased","dramatically","percent","carbon","dioxide","emissions","risen","percent","human","population","skyrocketed","billion","roughly","billion","related","paris","climate","agreement","furthermore","human","activity","unleashed","mass","extinction","event","sixth","roughly","million","wherein","current","life","forms","annihilated","least","committed","extinction","century","scientists","warn","hopeful","part","letter","points","stabilization","ozone","layer","newsweek","scientists","revealed","month","hole","ozone","layer","above","antarctica","smallest","1988","related","climate","change","already","costing","billions","losses","positive","development","enough","curb","impending","crisis","scientists","humanity","given","second","notice","future","intense","geographically","demographically","uneven","material","consumption","continued","rapid","population","growth","primary","driver","behind","ecological","societal","threats","wrote","related","doctors","global","warming","taking","toll","people","health","scientists","humanity","quickly","limit","population","growth","role","economy","rooted","growth","reduce","greenhouse","gases","incentivize","renewable","energy","protect","habitat","restore","curb","pollution","halt","constrain","invasive","alien","species","humanity","taking","urgent","steps","needed","safeguard","imperiled","drastic","solutions","required","solve","coming","global","crisis","scientists","include","phasing","fossil","fuels","encouraging","renewable","energy","sources","transitioning","plant","based","diet","reducing","food","waste","overall","prioritizing","reserves","earth","land","marine","freshwater","aerial","habitats","related","atlanta","makes","ambitious","commitment","percent","clean","energy","prevent","widespread","misery","catastrophic","loss","humanity","practice","environmentally","sustainable","alternative","business","usual","scientists","wrote","nations","world","officially","recognized","address","concerns","threat","humanity","existence","current","administration","appears","uninterested","warnings","president","donald","trump","june","pull","landmark","2015","paris","climate","agreement","joining","nations","syria","nicaragua","signed","international","accord","nicaragua","agreed","sign","agreement","october","syria","followed","earlier","month","related","cities","states","defy","trump","paris","climate","deal","instead","addressing","greenhouse","emissions","paris","accord","requires","white","house","promote","coal","natural","nuclear","energy","answer","climate","change","decision","scientists","globe","warned","against"]}
