{"authors":["Amen Oyiboke"],"date_download":"2018-10-31 00:52:48","date_modify":"2018-10-31 00:52:48","date_publish":"2018-10-12 19:41:25","description":"Ever watched a scary movie at home and then automatically jumped at every tiny noise you heard afterwards? Yeah, scary movies can definitely have you paranoid about your space — especially if that movie is about a haunted house. If you're easily…","filename":"15HauntedHouseMoviesYouCanStreamRightNowButYouShouldProbablyCallABuddyFirst_87.json","image_url":"https://imgix.bustle.com/uploads/image/2018/10/1/68cf5b54-a4a9-4468-8997-8c8c9af88f6d-orphanage.jpeg?w=1200&h=630&q=70&fit=crop&crop=faces&fm=jpg","language":"en","localpath":"15HauntedHouseMoviesYouCanStreamRightNowButYouShouldProbablyCallABuddyFirst_87.json","title":"15 Haunted House Movies You Can Stream Right Now - But You Should Probably Call A Buddy First","title_page":"15 Haunted House Movies You Can Stream Right Now — But You Should Probably Call A Buddy First","title_rss":"NULL","source_domain":"bustle.com","text":"watched scary movie home automatically jumped tiny noise heard afterwards yeah scary movies definitely paranoid space especially movie haunted house easily freaked continue feeling safe home invite friend stream haunted house films probably caution maybe ready sleep lights horror movie niches haunted house movies ones close home sorry easy imagine yourself situation everything turns upside down trust place hand freaky movies spooky presences kinds though creepy ghost children seem especially popular something bound greatest fear blockbuster hits hidden gems streaming scary movies perfect halloween watching forget lock doors peace house ghosts hurt burn sage either paranormal activity watchculturetainment youtube movie definite scare yourself house paranormal activity found footage vibe viewer themselves whether real fake stream amazon amityville horror amityville horror 1979 youtube film original mother haunted house films james brolin margot kidder play couple move family house whose previous residents died mass murder based true story stream amazon pretty thing lives house netflix youtube live alone pretty thing lives house story lily ruth wilson trapped house ghost haunts stream netflix hereditary youtube estranged mother dies annie toni collette starts weird happen house family begins differently question supernatural forces trying manipulate comes play stream amazon haunting 1963 haunting trailer youtube entire family died house house reputation hauntings hearing rumors banging walls faint sounds laughter markway richard johnson wants prove house fact possessed spirits stream amazon shining andrew henderson youtube jack torrance jack nicholson goes moving family empty overloook hotel eerie hotel becomes place blame comes alive physical manifestations scary history stream amazon conjuring warner bros pictures youtube inspired true events horror thriller family moves farmhouse discover haunted macabre film leave second thoughts country stream amazon poltergeist movieclips classic trailers youtube carol anne freeling heather rourke taken ghosts live portal somewhere family home ghosts start manifesting number horrifying ways rest freelings stream amazon others others trailer youtube grace stewart nicole kidman children move remote house channel islands kids extremely sensitive light house windows covered curtains darkness family begin intruders house stream amazon orphanage studiocanaluk youtube laura rueda wants help children orphanage helped child moves husband orphanage raised give community soon finds nothing good decision stream amazon mother paramount pictures youtube houses supposed heartbeats young woman jennifer lawrence believes house lives living stream hulu insidious insidious trailer youtube parents patrick wilson rose byrne drastic measures simpkins gets possessed home stream amazon warner bros pictures youtube caught neibolt street derry maine pennywise clown absolutely stream amazon legend hell house screamfactorytv youtube movie twist ending seem illogical definitely disturbing stream amazon grudge zaipe youtube imagine waking ghost creatures head foot film inspired american remake starring sara michelle gellar stream amazon watch enough movies halloween feel home house","url":"https://www.bustle.com/p/15-haunted-house-movies-you-can-stream-right-now-but-you-should-probably-call-a-buddy-first-12109847","polarityScore":{"sourceTitle":"Bustle","allSidesBias":"left-center","communityAgree":"564","communityDisagree":"566","sourceUrl":"http://www.bustle.com/ "},"processedText":["watched","scary","movie","home","automatically","jumped","tiny","noise","heard","afterwards","yeah","scary","movies","definitely","paranoid","space","especially","movie","haunted","house","easily","freaked","continue","feeling","safe","home","invite","friend","stream","haunted","house","films","probably","caution","maybe","ready","sleep","lights","horror","movie","haunted","house","movies","ones","close","home","sorry","easy","imagine","yourself","situation","everything","turns","upside","down","trust","place","hand","freaky","movies","spooky","kinds","though","creepy","ghost","children","seem","especially","popular","something","bound","greatest","fear","blockbuster","hits","hidden","streaming","scary","movies","perfect","halloween","watching","forget","lock","doors","peace","house","ghosts","hurt","burn","sage","either","paranormal","activity","youtube","movie","definite","scare","yourself","house","paranormal","activity","found","footage","vibe","viewer","themselves","whether","real","fake","stream","amazon","horror","horror","1979","youtube","film","original","mother","haunted","house","films","james","margot","play","couple","move","family","house","whose","previous","residents","died","mass","murder","based","true","story","stream","amazon","pretty","thing","lives","house","netflix","youtube","live","alone","pretty","thing","lives","house","story","lily","ruth","wilson","trapped","house","ghost","haunts","stream","netflix","hereditary","youtube","estranged","mother","dies","annie","toni","collette","starts","weird","happen","house","family","begins","differently","question","supernatural","forces","trying","manipulate","comes","play","stream","amazon","haunting","1963","haunting","trailer","youtube","entire","family","died","house","house","reputation","hauntings","hearing","rumors","banging","walls","faint","sounds","laughter","richard","johnson","wants","prove","house","fact","possessed","spirits","stream","amazon","shining","andrew","henderson","youtube","jack","jack","goes","moving","family","empty","hotel","eerie","hotel","becomes","place","blame","comes","alive","physical","manifestations","scary","history","stream","amazon","conjuring","warner","bros","pictures","youtube","inspired","true","events","horror","thriller","family","moves","discover","haunted","film","leave","second","thoughts","country","stream","amazon","poltergeist","movieclips","classic","trailers","youtube","carol","anne","heather","rourke","taken","ghosts","live","portal","somewhere","family","home","ghosts","start","manifesting","number","horrifying","ways","rest","stream","amazon","others","others","trailer","youtube","grace","stewart","nicole","kidman","children","move","remote","house","channel","islands","kids","extremely","sensitive","light","house","windows","covered","curtains","darkness","family","begin","house","stream","amazon","orphanage","youtube","laura","wants","help","children","orphanage","helped","child","moves","husband","orphanage","raised","give","community","soon","finds","nothing","good","decision","stream","amazon","mother","paramount","pictures","youtube","houses","supposed","young","woman","jennifer","lawrence","believes","house","lives","living","stream","hulu","insidious","insidious","trailer","youtube","parents","patrick","wilson","rose","drastic","measures","gets","possessed","home","stream","amazon","warner","bros","pictures","youtube","caught","street","maine","clown","absolutely","stream","amazon","legend","hell","house","youtube","movie","twist","ending","seem","illogical","definitely","disturbing","stream","amazon","youtube","imagine","waking","ghost","creatures","head","foot","film","inspired","american","remake","starring","sara","michelle","stream","amazon","watch","enough","movies","halloween","feel","home","house"]}
