{"authors":["Kirsten Nunez"],"date_download":"2018-10-31 01:26:57","date_modify":"2018-10-31 01:26:57","date_publish":"2018-10-16 20:30:34","description":"Whether you’re a last-minute planner or on a budget, creating a Halloween costume involves some imagination. This is especially true if you don’t want to be stuck with a pile of extra clothing and accessories that you’ll never use again. Luckily,…","filename":"15LastMinuteHalloween2018CostumesYouCanPutTogetherWith3ItemsOrLess_88.json","image_url":"https://imgix.bustle.com/uploads/image/2018/10/5/70ae12a3-ba17-44b1-bbaf-cb5df62b0362-3-piece.jpg?w=1200&h=630&q=70&fit=crop&crop=faces&fm=jpg","language":"en","localpath":"15LastMinuteHalloween2018CostumesYouCanPutTogetherWith3ItemsOrLess_88.json","title":"15 Last-Minute Halloween 2018 Costumes You Can Put Together With 3 Items Or Less","title_page":"15 Last-Minute Halloween 2018 Costumes You Can Put Together With 3 Items Or Less","title_rss":"NULL","source_domain":"bustle.com","text":"whether minute planner budget creating halloween costume involves imagination especially true stuck pile extra clothing accessories luckily surprisingly easy together halloween costumes items less great already limit personally love easy halloween costumes work opens enjoy types fall activities carving pumpkins visiting haunted houses something satisfying shopping closet using clothing different ways however purchasing something consider passing someone else enjoy next halloween course instead list halloween ideas simplest costume items listed bare minimum point across without extra bells whistles further exactly dressing halloween keep reading costumes items less skeleton skeleton sleep sweatshirt target adult skull costume mask target comes halloween wrong skeleton costume skeleton hoodie onesie mask frizzle scholastic corporation modcloth etsy heart solar system line dress modcloth asymmetrical blue celestial earrings kaaico etsy throwback childhood dress frizzle especially perfect love science work field galaxy printed shirt funky mismatched earrings stewie griffin essential crewneck kohls button front denim overalls forever thanks yellow sleeved shirt pair overalls dress everyone favorite sarcastic baby comfortable piece costume party animal plus size iridescent halter dress forever bear headband spirit halloween love punny costumes wear favorite party dress pair animal ears piece costume works group outfits emoji waffle knit dress forever dress emoji yellow dress shirt print large emoji tape clothing wear mask troll doll pink adult fuzzy target troll costume calls items bright shirt dress matches skin color extra detail head craft store plastic rhinestone belly butterfly soft butterfly wings orange target pair butterfly wings transform outfit butterfly costume lightweight comfortable night jughead jones refuge denim sherpa jacket charlotte russe riverdale jughead beanie topic woven plaid shirt forever jughead typical outfit recreated pieces denim jacket beanie plaid shirt crown edge beanie border betty cooper brushed crew neck sweater forever classic soft shirt kohls note betty cooper look easy recreate layer light pink sweater white polo button down shirt forget throw hair high ponytail french toast plus size striped front forever felted wool beret items dress french toast calls striped shirt beret easy ketchum oversized denim vest american eagle gildan short sleeve adult shirt white michaels bioworld pokemon ketchum snapback amazon dress items wear denim vest white shirt finish snapback wear fingerless gloves trio items certainly point across unicorn avenue women plus size unicorn costume walmart halloween estimate power piece costumes bright unicorn dress perfect example blair waldorf lace mock neck forever glen plaid headwrap forever pleated scuba skater skirt charlotte russe blair outfits seem complicated basic items pull look preppy shirt flared skirt iconic headband finish best woman mask faux leather black target done costume idea woman mask black ensemble belle plus shoulder solid dress romwe hairband knot yellow gloves halloween costumes belle classic yellow outfit recreated items wear yellow maxi dress yellow headband complete costume yellow gloves","url":"https://www.bustle.com/p/15-last-minute-halloween-2018-costumes-you-can-put-together-with-3-items-less-12168080","polarityScore":{"sourceTitle":"Bustle","allSidesBias":"left-center","communityAgree":"564","communityDisagree":"566","sourceUrl":"http://www.bustle.com/ "},"processedText":["whether","minute","planner","budget","creating","halloween","costume","involves","imagination","especially","true","stuck","pile","extra","clothing","accessories","luckily","surprisingly","easy","together","halloween","costumes","items","less","great","already","limit","personally","love","easy","halloween","costumes","work","opens","enjoy","types","fall","activities","carving","pumpkins","visiting","haunted","houses","something","satisfying","shopping","closet","using","clothing","different","ways","however","purchasing","something","consider","passing","someone","else","enjoy","next","halloween","course","instead","list","halloween","ideas","simplest","costume","items","listed","bare","minimum","point","across","without","extra","bells","whistles","further","exactly","dressing","halloween","keep","reading","costumes","items","less","skeleton","skeleton","sleep","sweatshirt","target","adult","skull","costume","mask","target","comes","halloween","wrong","skeleton","costume","skeleton","hoodie","mask","corporation","modcloth","etsy","heart","solar","system","line","dress","modcloth","blue","celestial","earrings","etsy","throwback","childhood","dress","especially","perfect","love","science","work","field","galaxy","printed","shirt","funky","earrings","griffin","essential","button","front","denim","forever","thanks","yellow","sleeved","shirt","pair","dress","everyone","favorite","sarcastic","baby","comfortable","piece","costume","party","animal","plus","size","dress","forever","bear","headband","spirit","halloween","love","costumes","wear","favorite","party","dress","pair","animal","ears","piece","costume","works","group","outfits","emoji","waffle","knit","dress","forever","dress","emoji","yellow","dress","shirt","print","large","emoji","tape","clothing","wear","mask","troll","doll","pink","adult","fuzzy","target","troll","costume","calls","items","bright","shirt","dress","matches","skin","color","extra","detail","head","craft","store","plastic","belly","butterfly","soft","butterfly","wings","orange","target","pair","butterfly","wings","transform","outfit","butterfly","costume","lightweight","comfortable","night","jughead","jones","refuge","denim","jacket","charlotte","riverdale","jughead","beanie","topic","woven","plaid","shirt","forever","jughead","typical","outfit","pieces","denim","jacket","beanie","plaid","shirt","crown","edge","beanie","border","betty","cooper","brushed","crew","neck","sweater","forever","classic","soft","shirt","note","betty","cooper","look","easy","recreate","layer","light","pink","sweater","white","polo","button","down","shirt","forget","throw","hair","high","french","toast","plus","size","striped","front","forever","wool","beret","items","dress","french","toast","calls","striped","shirt","beret","easy","oversized","denim","vest","american","eagle","short","sleeve","adult","shirt","white","michaels","pokemon","amazon","dress","items","wear","denim","vest","white","shirt","finish","wear","gloves","trio","items","certainly","point","across","unicorn","avenue","women","plus","size","unicorn","costume","walmart","halloween","estimate","power","piece","costumes","bright","unicorn","dress","perfect","example","blair","lace","mock","neck","forever","glen","plaid","forever","skater","skirt","charlotte","blair","outfits","seem","complicated","basic","items","pull","look","shirt","skirt","iconic","headband","finish","best","woman","mask","faux","leather","black","target","done","costume","idea","woman","mask","black","ensemble","belle","plus","shoulder","solid","dress","knot","yellow","gloves","halloween","costumes","belle","classic","yellow","outfit","items","wear","yellow","maxi","dress","yellow","headband","complete","costume","yellow","gloves"]}
