{"authors":["Jessica Booth"],"date_download":"2018-10-31 01:15:38","date_modify":"2018-10-31 01:15:38","date_publish":"2018-10-11 22:28:15","description":"In the beginning of October, you come up with some pretty big plans for your Halloween costume — you might imagine it being elaborate, homemade, and cool enough to win some big costume contests. But then life happens, things get in the way, and all…","filename":"15PunnyLastMinuteHalloween2018CostumesThatYouCanStillBuy_90.json","image_url":"https://imgix.bustle.com/uploads/image/2018/10/11/15555140-be11-46cb-805b-6c4d4a53d56a-a068b49b-b4f8-4afb-9640-43f08bdef203-71ahxzstqdl_uy879_.jpg?w=1200&h=630&q=70&fit=crop&crop=faces&fm=jpg","language":"en","localpath":"15PunnyLastMinuteHalloween2018CostumesThatYouCanStillBuy_90.json","title":"15 Punny Last Minute Halloween 2018 Costumes That You Can Still Buy","title_page":"15 Punny Last Minute Halloween 2018 Costumes That You Can Still Buy","title_rss":"NULL","source_domain":"bustle.com","text":"beginning october pretty plans halloween costume imagine elaborate homemade cool enough costume contests life happens sudden days halloween realize literally idea dress alone wear happens best always good ideas easy minute costumes together super quickly ideally items already quickly better amusing look score points great punny minute halloween costumes definitely needed good resort type costume decide advance blame inexpensive super simple basically stress free halloween scrambling together perfect costume below hilarious punny halloween costume ideas together matter lots likes instagram probably cool points friends enjoy sugar mama target amazon babybjorn target pound domino sugar amazon moms pretty simple baby bjorn already sugar literally formal apology lulu midi dress lulu extremely simple costume require anything grab formal dress black best deal write sorry piece paper tape dress formal apology suit amazon funcostumes mens black suit costume amazon wear suit borrowed something already inexpensive costume suit tape official looking papers especially clever student social butterfly amazon etsy douglas orange monarch wings amazon social media icons stickers etsy butterfly wings previous costume laying ones borrow someone else great costume idea easily purchase costume stores wings stick social media stickers body print logos tape shirt smart cookie cafepress party city chocolate chip cookie shirt cafepress class nerd glasses party city options shirt cookie nerd glasses print picture cookie tape shirt already either cute bread winner amazon walmart wonder white bread price varies walmart olympics medal amazon already medal necklace super simple wear medal carry trophy medal definitely easier carry loaf bread medal amazon costume store french kiss crew amazon classic striped shirt crew zlyc wool beret amazon simple striped shirt feel comfortable doing makeup wear striped shirt beret carry loaf french bread follow makeup tutorial below lena lednicka youtube facebook sportsafe fine waterproof skin marker sportsafe literally simple write facebook face freudian slip kohl vanity fair daywear slip kohl already slip feel comfortable wearing especially easy slip maybe pair slippers write freudian words labels slip","url":"https://www.bustle.com/p/15-punny-last-minute-halloween-2018-costumes-that-you-can-still-buy-12223107","polarityScore":{"sourceTitle":"Bustle","allSidesBias":"left-center","communityAgree":"564","communityDisagree":"566","sourceUrl":"http://www.bustle.com/ "},"processedText":["beginning","october","pretty","plans","halloween","costume","imagine","elaborate","homemade","cool","enough","costume","contests","life","happens","sudden","days","halloween","realize","literally","idea","dress","alone","wear","happens","best","always","good","ideas","easy","minute","costumes","together","super","quickly","ideally","items","already","quickly","better","amusing","look","score","points","great","minute","halloween","costumes","definitely","needed","good","resort","type","costume","decide","advance","blame","inexpensive","super","simple","basically","stress","free","halloween","scrambling","together","perfect","costume","below","hilarious","halloween","costume","ideas","together","matter","lots","likes","instagram","probably","cool","points","friends","enjoy","sugar","mama","target","amazon","target","pound","domino","sugar","amazon","moms","pretty","simple","baby","already","sugar","literally","formal","apology","midi","dress","extremely","simple","costume","require","anything","grab","formal","dress","black","best","deal","write","sorry","piece","paper","tape","dress","formal","apology","suit","amazon","black","suit","costume","amazon","wear","suit","borrowed","something","already","inexpensive","costume","suit","tape","official","looking","papers","especially","clever","student","social","butterfly","amazon","etsy","douglas","orange","monarch","wings","amazon","social","media","icons","stickers","etsy","butterfly","wings","previous","costume","laying","ones","borrow","someone","else","great","costume","idea","easily","purchase","costume","stores","wings","stick","social","media","stickers","body","print","tape","shirt","smart","cookie","party","city","chocolate","chip","cookie","shirt","class","nerd","glasses","party","city","options","shirt","cookie","nerd","glasses","print","picture","cookie","tape","shirt","already","either","cute","bread","winner","amazon","walmart","wonder","white","bread","price","varies","walmart","olympics","medal","amazon","already","medal","necklace","super","simple","wear","medal","carry","trophy","medal","definitely","easier","carry","loaf","bread","medal","amazon","costume","store","french","kiss","crew","amazon","classic","striped","shirt","crew","wool","beret","amazon","simple","striped","shirt","feel","comfortable","doing","makeup","wear","striped","shirt","beret","carry","loaf","french","bread","follow","makeup","tutorial","below","lena","youtube","facebook","fine","waterproof","skin","marker","literally","simple","write","facebook","face","slip","kohl","vanity","fair","slip","kohl","already","slip","feel","comfortable","wearing","especially","easy","slip","maybe","pair","slippers","write","words","labels","slip"]}
