{"authors":["John Binder"],"date_download":"2018-10-30 19:00:53","date_modify":"2018-10-30 19:00:53","date_publish":"2017-10-25 02:24:47","description":"The 15 times the pro-amnesty senator represented illegal aliens and foreign workers instead of American workers' interests.","filename":"15TimesJeffFlakeRepresentedIllegalAliensForeignWorkersInsteadofAmericans_91.json","image_url":"https://media.breitbart.com/media/2017/08/Jeff-Flake-AP-PhotoPablo-Martinez-Monsivais.png","language":"en","localpath":"15TimesJeffFlakeRepresentedIllegalAliensForeignWorkersInsteadofAmericans_91.json","title":"15 Times Jeff Flake Represented Illegal Aliens, Foreign Workers Instead of Americans","title_page":"15 Times Jeff Flake Represented Illegal Aliens, Foreign Workers Instead of Americans | Breitbart","title_rss":"NULL","source_domain":"breitbart.com","text":"jeff flake announces seeking election breitbart news looks times amnesty senator represented illegal aliens foreign workers instead american workers interests flake gang eight amnesty 2013 flake four senators allied democrats push cheap labor amnesty comprehensive immigration reform bill 2013 bill gutted 1986 effectively making legal employers hire illegals until media coverage forced gang eight restore 1986 provision breitbart news reported flake bill died 2014 unpopular helped democrats lose senate seats 2014 election jeff flake always skilled immigration always flow skilled immigration united states matter impact american workers republican establishment figure senator jeff flake breitbart news reported jeff flake embrace amnesty autopsy report jeff flake wants republicans embrace foolish republican national committee autopsy report released mitt romney 2012 loss recommended amnesty illegal immigrants policy solution breitbart news reported jeff flake globalist moniker thank seemingly overnight word globalist became grave insult among people party call themselves conservative reportedly writes book arizona republic country less percent world population percent world economic output trade grow given alternatives globalist moniker thank breitbart news reported jeff flake obstructing border patrol protect family illegal alien farm workers college life difficult middle summer border patrol raid farm flake wrote autobiography titled conscience conservative slams president donald trump breitbart news reported flake continued sometimes border patrol send small planes search alfalfa fields migrants hear distinctive whine cessna search aircraft horse obscure head divert border patrol away workers decoy game mouse jeff flake immigration despite legal immigration illegal immigration burden american workers wages jobs flake continuingly denounced cuts legal immigration admits million foreign nationals immigration legal immigration half flake meet press august breitbart news reported jeff flake value migrant labor agree ought move direction countries australia canada terms merit based visas overall number half legal immigration direction economy flake adding employers hire cheap unskilled foreign workers breitbart news reported arizona particular value migrant labor grew ranch snowflake arizona grew working next migrant labor always felt making america better better hard work jeff flake pretends daca illegal aliens children research center analyzed average daca recipients young democrat republican establishment politicians jeff flake group illegal aliens breitbart news reported jeff flake supports loophole giving illegal aliens immediate welfare access jeff flake backed down previous promise spokeswoman breitbart news consider voting favor amendments senate immigration bill close loophole allowing illegal immigrants immediate access state local welfare jeff flake daca illegal aliens punished daca kids kids brought across border median across border punished sins parents flake breitbart news reported basic principle ought follow school graduated worked almost percent work force remove country split families ought jeff flake suck pass flake acknowledged globalist trade policies currently unpopular american workers devastated negative impact trade deals flake challenging politicians voters ignore losses instead focus trade deals benefited companies reaped rewards cheaper goods breitbart news reported flake strong opposition american raise senators cotton david perdue introduced specific plan known raise president donald trump endorsed plan legislation reduce poverty increase wages save taxpayers billions billions dollars among breitbart news reported flake derided plan saying current legal immigration system admits million skilled legal immigrants continue president trump embraced proposal month legal immigration percent spoke against thinking immigrant workers grew evaluating immigration policy give priority point system otherwise skills abilities unique economy 2013 bipartisan immigration bill passed senate always place america whose initial credentials strong eagerness jeff flake gang eight amnesty hollowed middle class sessions gang eight immigration legislation flake referred legalized estimated million living amnesty plan senator jeff sessions flake amnesty plan hollowed middle class legalizing millions illegal aliens further depressing wages making harder americans find work study center immigration studies confirmed sessions sentiment breitbart news reported jeff flake opposes border wall protect americans obviously believe border security flake breitbart news reported depends means wall haven seen means wall metaphor border security certainly support talking solitary brick mortar mile edifice border nobody ought support haven seen president talking talks wall jeff flake eulogizes immigration free trade dogma despite detriment american workers flake longer serve conservative party longer valued free trade immigration breitbart news reported clear moment traditional conservative believes limited government free markets devoted free trade immigration narrower narrower path nomination republican party flake voice trembling emotion","url":"https://www.breitbart.com/politics/2017/10/24/15-times-jeff-flake-represented-illegal-aliens-foreign-workers-instead-of-americans/","polarityScore":{"sourceTitle":"Breitbart News","allSidesBias":"right","communityAgree":"11345","communityDisagree":"6286","sourceUrl":"http://www.breitbart.com/ "},"processedText":["jeff","flake","announces","seeking","election","breitbart","news","looks","times","amnesty","senator","represented","illegal","aliens","foreign","workers","instead","american","workers","interests","flake","gang","eight","amnesty","2013","flake","four","senators","allied","democrats","push","cheap","labor","amnesty","comprehensive","immigration","reform","bill","2013","bill","gutted","1986","effectively","making","legal","employers","hire","illegals","until","media","coverage","forced","gang","eight","restore","1986","provision","breitbart","news","reported","flake","bill","died","2014","unpopular","helped","democrats","lose","senate","seats","2014","election","jeff","flake","always","skilled","immigration","always","flow","skilled","immigration","united","states","matter","impact","american","workers","republican","establishment","figure","senator","jeff","flake","breitbart","news","reported","jeff","flake","embrace","amnesty","autopsy","report","jeff","flake","wants","republicans","embrace","foolish","republican","national","committee","autopsy","report","released","mitt","romney","2012","loss","recommended","amnesty","illegal","immigrants","policy","solution","breitbart","news","reported","jeff","flake","globalist","moniker","thank","seemingly","overnight","word","globalist","became","grave","insult","among","people","party","call","themselves","conservative","reportedly","writes","book","arizona","republic","country","less","percent","world","population","percent","world","economic","output","trade","grow","given","alternatives","globalist","moniker","thank","breitbart","news","reported","jeff","flake","obstructing","border","patrol","protect","family","illegal","alien","farm","workers","college","life","difficult","middle","summer","border","patrol","raid","farm","flake","wrote","autobiography","titled","conscience","conservative","slams","president","donald","trump","breitbart","news","reported","flake","continued","sometimes","border","patrol","send","small","planes","search","fields","migrants","hear","distinctive","whine","search","aircraft","horse","obscure","head","divert","border","patrol","away","workers","game","mouse","jeff","flake","immigration","despite","legal","immigration","illegal","immigration","burden","american","workers","wages","jobs","flake","denounced","cuts","legal","immigration","admits","million","foreign","nationals","immigration","legal","immigration","half","flake","meet","press","august","breitbart","news","reported","jeff","flake","value","migrant","labor","agree","ought","move","direction","countries","australia","canada","terms","merit","based","visas","overall","number","half","legal","immigration","direction","economy","flake","adding","employers","hire","cheap","unskilled","foreign","workers","breitbart","news","reported","arizona","particular","value","migrant","labor","grew","ranch","snowflake","arizona","grew","working","next","migrant","labor","always","felt","making","america","better","better","hard","work","jeff","flake","pretends","daca","illegal","aliens","children","research","center","analyzed","average","daca","recipients","young","democrat","republican","establishment","politicians","jeff","flake","group","illegal","aliens","breitbart","news","reported","jeff","flake","supports","loophole","giving","illegal","aliens","immediate","welfare","access","jeff","flake","backed","down","previous","promise","spokeswoman","breitbart","news","consider","voting","favor","amendments","senate","immigration","bill","close","loophole","allowing","illegal","immigrants","immediate","access","state","local","welfare","jeff","flake","daca","illegal","aliens","punished","daca","kids","kids","brought","across","border","median","across","border","punished","sins","parents","flake","breitbart","news","reported","basic","principle","ought","follow","school","graduated","worked","almost","percent","work","force","remove","country","split","families","ought","jeff","flake","suck","pass","flake","acknowledged","globalist","trade","policies","currently","unpopular","american","workers","devastated","negative","impact","trade","deals","flake","challenging","politicians","voters","ignore","losses","instead","focus","trade","deals","benefited","companies","reaped","rewards","cheaper","goods","breitbart","news","reported","flake","strong","opposition","american","raise","senators","cotton","david","perdue","introduced","specific","plan","known","raise","president","donald","trump","endorsed","plan","legislation","reduce","poverty","increase","wages","save","taxpayers","billions","billions","dollars","among","breitbart","news","reported","flake","derided","plan","saying","current","legal","immigration","system","admits","million","skilled","legal","immigrants","continue","president","trump","embraced","proposal","month","legal","immigration","percent","spoke","against","thinking","immigrant","workers","grew","evaluating","immigration","policy","give","priority","point","system","otherwise","skills","abilities","unique","economy","2013","bipartisan","immigration","bill","passed","senate","always","place","america","whose","initial","credentials","strong","jeff","flake","gang","eight","amnesty","middle","class","sessions","gang","eight","immigration","legislation","flake","referred","legalized","estimated","million","living","amnesty","plan","senator","jeff","sessions","flake","amnesty","plan","middle","class","legalizing","millions","illegal","aliens","further","depressing","wages","making","harder","americans","find","work","study","center","immigration","studies","confirmed","sessions","sentiment","breitbart","news","reported","jeff","flake","opposes","border","wall","protect","americans","obviously","believe","border","security","flake","breitbart","news","reported","depends","means","wall","haven","seen","means","wall","metaphor","border","security","certainly","support","talking","solitary","brick","mortar","mile","border","nobody","ought","support","haven","seen","president","talking","talks","wall","jeff","flake","immigration","free","trade","dogma","despite","detriment","american","workers","flake","longer","serve","conservative","party","longer","valued","free","trade","immigration","breitbart","news","reported","clear","moment","traditional","conservative","believes","limited","government","free","markets","devoted","free","trade","immigration","narrower","narrower","path","nomination","republican","party","flake","voice","emotion"]}
