{"authors":["Kristine Fellizar"],"date_download":"2018-10-31 00:33:47","date_modify":"2018-10-31 00:33:47","date_publish":"2018-10-10 20:50:10","description":"There are a lot of moments that shape your relationship and can show you who your partner really is. If you want to know whether or not your partner is truly ride or die, pay close attention to when these defining instances happen. As experts say,…","filename":"16MomentsThatHelpYouKnowYourPartnerIsRideOrDie_93.json","image_url":"https://imgix.bustle.com/uploads/image/2018/10/9/6b24d2f3-1da0-4a84-a2ba-f1f6484b0123-2t4a9896.JPG?w=1200&h=630&q=70&fit=crop&crop=faces&fm=jpg","language":"en","localpath":"16MomentsThatHelpYouKnowYourPartnerIsRideOrDie_93.json","title":"16 Moments That Help You Know Your Partner Is Ride Or Die","title_page":"16 Moments That Help You Know Your Partner Is Ride Or Die","title_rss":"NULL","source_domain":"bustle.com","text":"moments shape relationship show partner whether partner truly ride close attention defining instances happen experts relationship moments help determine whether partner haul certified relationship coach rosalind sedacca tells bustle seemingly insignificant moment show committed partner partner ride good hands ride partner afraid show commitment whether having together friends arguing money partners ride mode essential life throws curves always perfect partner important partner loves dirt damage always easy tell partner stick tern moments help determine truly committed partner experts embarrass yourself front laugh ashley batz bustle cool collected seemingly perfect version yourself guaranteed somehow embarrass yourself front partner sedacca heave meal partner something equally disgusting show next partner always birthday effort special andrew zaeh bustle birthdays matter people celebrating yours important directly expressed ride partner remember birthday celebrate devoted celebrating holly zink relationship expert grapevine tells bustle something special person death family andrew zaeh bustle having death family moment wants experience tough moments attention partner does zink partner side support shoulder help making arrangements someone devoted darkest times feel comfortable meeting family andrew zaeh bustle partner invites family gathering meet important people life already good start extra mile sure completely comfortable definitely keeper shows partner ride care enough orient people lives ride north carolina based psychotherapist connie omari tells bustle placing within category people whom already committed essentially inviting join crowd notice partner starts using instead ashley batz bustle event holiday gathering birthday subtle moment realization solidify partner sees relationship omari partner uses words instead talking goals future mentally planning life includes sincerely apologize something wrong ashley batz bustle sometimes hard suck pride admit wrong omari difficult sorry experience comes expense makes vulnerable partner truly ride able without sort prompting shows care relationship protecting self image care sick andrew zaeh bustle sick point able partner moments especially thinking lifelong commitment caregiver easy task amica graber relationship expert truthfinder tells bustle someone willing matter partner seriously committed show soup feeling sick rock chronic illness flares dealing mental illness graber able share struggles partner judgment free setting huge sign someone truly ride celebrate successes andrew zaeh bustle people naturally assume loyal partner times partner truly ride graber successes without feeling insecure themselves threatened jealous keep plans something comes along andrew zaeh bustle someone ride material flaky noncommittal attitude therapist sarah tottle tells bustle trying plan events partner vague noncommittal mean lack interest relationship easy flake date night partner friends invite cool minute thing ride partner enough respect plans follow stick public andrew zaeh bustle loyalty important qualities relationship partner loyal always graber loyalty forms instance refuse store sales associate rude defend against joke someone expense loyalty shows someone fully invested relationship graber partner ride question loyalty notice working habits bother ashley batz bustle spend someone start noticing irritate partner notice major peeves tries work therapist katie leikam lcsw tells bustle sign value tell habit theirs annoying stop keep doing annoy bode term partnership ride partner attention listen concerns best change habit irritates keep mind wanting change partner completely tweaking behaviors remembering toilet seat down washing dishes plan major event together makes relationship stronger andrew zaeh bustle wedding planning process together married found ride henderson owner lead wedding planner fresh event tells bustle planning events wedding require conversations wouldn normally henderson real talk money figure ways families happy deal stress inevitably wrong true colors surface times though happy enjoyable life certainly classify ride comfort work ashley batz bustle lack empathy flag ought fire psychotherapist laura dabney tells bustle partner offer sort emotional support having rough expects definitely ride happy lasting relationships built foundation intimacy dabney requires ongoing give individuals relationships built anything less headed heartache choose words carefully fights andrew zaeh bustle looking partner term better good conflict resolution skills ride partner knows shut down leave discussed listen fights heat moment situation worse couples keep bearings remember angry someone love walk conflict carefully thoughtfully board certified psychiatrist melissa deuter tells bustle often fights tend resolved quicker feel completely comfortable doing awkward wouldn anyone else ashley batz bustle someone forever level comfort anyone else omari willing considered embarrassing front someone whom consider close connection ride examples include using bathroom doors open passing intimate moments partner gross behind closed doors comfortable themselves","url":"https://www.bustle.com/p/16-moments-that-help-you-know-your-partner-is-ride-die-12194699","polarityScore":{"sourceTitle":"Bustle","allSidesBias":"left-center","communityAgree":"564","communityDisagree":"566","sourceUrl":"http://www.bustle.com/ "},"processedText":["moments","shape","relationship","show","partner","whether","partner","truly","ride","close","attention","defining","instances","happen","experts","relationship","moments","help","determine","whether","partner","haul","certified","relationship","coach","tells","bustle","seemingly","insignificant","moment","show","committed","partner","partner","ride","good","hands","ride","partner","afraid","show","commitment","whether","having","together","friends","arguing","money","partners","ride","mode","essential","life","throws","always","perfect","partner","important","partner","loves","dirt","damage","always","easy","tell","partner","stick","moments","help","determine","truly","committed","partner","experts","embarrass","yourself","front","laugh","ashley","batz","bustle","cool","collected","seemingly","perfect","version","yourself","guaranteed","somehow","embarrass","yourself","front","partner","meal","partner","something","equally","disgusting","show","next","partner","always","birthday","effort","special","andrew","zaeh","bustle","birthdays","matter","people","celebrating","yours","important","directly","expressed","ride","partner","remember","birthday","celebrate","devoted","celebrating","holly","relationship","expert","tells","bustle","something","special","person","death","family","andrew","zaeh","bustle","having","death","family","moment","wants","experience","tough","moments","attention","partner","does","partner","side","support","shoulder","help","making","arrangements","someone","devoted","darkest","times","feel","comfortable","meeting","family","andrew","zaeh","bustle","partner","invites","family","gathering","meet","important","people","life","already","good","start","extra","mile","sure","completely","comfortable","definitely","keeper","shows","partner","ride","care","enough","people","lives","ride","north","carolina","based","psychotherapist","connie","omari","tells","bustle","placing","within","category","people","whom","already","committed","essentially","inviting","join","crowd","notice","partner","starts","using","instead","ashley","batz","bustle","event","holiday","gathering","birthday","subtle","moment","realization","solidify","partner","sees","relationship","omari","partner","uses","words","instead","talking","goals","future","mentally","planning","life","includes","sincerely","apologize","something","wrong","ashley","batz","bustle","sometimes","hard","suck","pride","admit","wrong","omari","difficult","sorry","experience","comes","expense","makes","vulnerable","partner","truly","ride","able","without","sort","prompting","shows","care","relationship","protecting","self","image","care","sick","andrew","zaeh","bustle","sick","point","able","partner","moments","especially","thinking","lifelong","commitment","easy","task","graber","relationship","expert","tells","bustle","someone","willing","matter","partner","seriously","committed","show","soup","feeling","sick","rock","chronic","illness","dealing","mental","illness","graber","able","share","struggles","partner","judgment","free","setting","huge","sign","someone","truly","ride","celebrate","successes","andrew","zaeh","bustle","people","naturally","assume","loyal","partner","times","partner","truly","ride","graber","successes","without","feeling","insecure","themselves","threatened","jealous","keep","plans","something","comes","along","andrew","zaeh","bustle","someone","ride","material","flaky","attitude","therapist","sarah","tells","bustle","trying","plan","events","partner","vague","mean","lack","interest","relationship","easy","flake","date","night","partner","friends","invite","cool","minute","thing","ride","partner","enough","respect","plans","follow","stick","public","andrew","zaeh","bustle","loyalty","important","qualities","relationship","partner","loyal","always","graber","loyalty","forms","instance","refuse","store","sales","associate","rude","defend","against","joke","someone","expense","loyalty","shows","someone","fully","invested","relationship","graber","partner","ride","question","loyalty","notice","working","habits","bother","ashley","batz","bustle","spend","someone","start","noticing","irritate","partner","notice","major","tries","work","therapist","katie","lcsw","tells","bustle","sign","value","tell","habit","theirs","annoying","stop","keep","doing","bode","term","partnership","ride","partner","attention","listen","concerns","best","change","habit","keep","mind","wanting","change","partner","completely","behaviors","remembering","toilet","seat","down","washing","dishes","plan","major","event","together","makes","relationship","stronger","andrew","zaeh","bustle","wedding","planning","process","together","married","found","ride","henderson","owner","lead","wedding","planner","fresh","event","tells","bustle","planning","events","wedding","require","conversations","wouldn","normally","henderson","real","talk","money","figure","ways","families","happy","deal","stress","inevitably","wrong","true","colors","surface","times","though","happy","enjoyable","life","certainly","ride","comfort","work","ashley","batz","bustle","lack","empathy","flag","ought","fire","psychotherapist","laura","tells","bustle","partner","offer","sort","emotional","support","having","rough","expects","definitely","ride","happy","lasting","relationships","built","foundation","intimacy","requires","ongoing","give","individuals","relationships","built","anything","less","headed","heartache","choose","words","carefully","fights","andrew","zaeh","bustle","looking","partner","term","better","good","conflict","resolution","skills","ride","partner","knows","shut","down","leave","discussed","listen","fights","heat","moment","situation","worse","couples","keep","bearings","remember","angry","someone","love","walk","conflict","carefully","thoughtfully","board","certified","psychiatrist","melissa","tells","bustle","often","fights","tend","resolved","quicker","feel","completely","comfortable","doing","awkward","wouldn","anyone","else","ashley","batz","bustle","someone","forever","level","comfort","anyone","else","omari","willing","considered","embarrassing","front","someone","whom","consider","close","connection","ride","examples","include","using","bathroom","doors","open","passing","intimate","moments","partner","gross","behind","closed","doors","comfortable","themselves"]}
