{"authors":["Amen Oyiboke"],"date_download":"2018-10-31 00:24:39","date_modify":"2018-10-31 00:24:39","date_publish":"2018-10-05 19:45:13","description":"Every month is a great opportunity to celebrate women and the strides they're making in the entertainment business. Though it's well known that female filmmakers and screenwriters are vastly underrepresented in the industry, that's exactly why it's…","filename":"16October2018MoviesWrittenOrDirectedByWomenThatShouldBeOnYourWatchList_95.json","image_url":"https://imgix.bustle.com/uploads/image/2018/10/2/fc0df248-934f-4583-b773-66d2332857d4-the-hate-u-give.jpg?w=1200&h=630&q=70&fit=crop&crop=faces&fm=jpg","language":"en","localpath":"16October2018MoviesWrittenOrDirectedByWomenThatShouldBeOnYourWatchList_95.json","title":"16 October 2018 Movies Written Or Directed By Women That Should Be On Your Watch List","title_page":"16 October 2018 Movies Written Or Directed By Women That Should Be On Your Watch List","title_rss":"NULL","source_domain":"bustle.com","text":"month great opportunity celebrate women strides making entertainment business though known female filmmakers screenwriters vastly underrepresented industry exactly important highlight support women doing great film october 2018 movies directed written women gamut screen bestselling novel adaptation quiet relationship drama premiering netflix stories varied compelling happens variety voices making content 2018 great women filmmaking world seen artists flourishing front behind scenes movies simple favor blockers wrinkle dumped name 2019 hasn arrived theater streaming docket month raising profile films help ensure female filmmakers chance tell stories future favorites among five upcoming releases hate give 20th century youtube starr carter amandla stenberg finds herself constant code switch moving worlds lives poor mostly black neighborhood attends wealthy mostly white prep school double life upending witnesses fatal shooting childhood best friend hands local police officer hate give screenplay written writer director audrey wells known work tuscan shall dance george jungle angie thomas wrote bestselling novel film based liyana intaba creative youtube film director amanda kopp directed animated film based stories young storytellers swaziland aids alcoholism kidnapping rape sadie sadie film youtube directed written megan griffiths comedy sadie darkly funny story young girl sophia mitri schloss stop nothing preserve father dignity jane emma excel youtube directed chantelle squires jane emma follows jane danielle deadwyler black woman walks hundreds miles meet joseph smith brad schmidt revered cleric smith gets trouble local gang jane offers comfort wife emma emily goss everything movie trailers youtube directed written hannah marks everything dramedy young couple jeremy allen white maika monroe fighting trials tribulations cancer diagnosis gosnell trial america biggest serial killer phelim mcaleer youtube written mcelhinney film based true story investigation trial kermit gosnell former doctor attempted cover killing spree establishing political media establishment cover crimes stella weekend paladin paladin youtube polly draper wrote directs stars comedy brothers nate alex wolff find love girl paulina singer kindergarten teacher netflix youtube kindergarten teacher written directed sara colangelo follows elementary school teacher sees great potential students does absolutely everything protect talent forgive foxsearchlight youtube directed marielle heller diary teenage girl forgive follows celebrity biographer named israel melissa mccarthy whose career thrives profiling famous people katharine hepburn estee lauder starts struggling published begins plagiarize sell vintage letters nicole holofcener director enough please give wrote screenplay change movieclips indie youtube change directed filmmaker dianne dreyer written audra gorman main character young woman rachel brosnahan moves seems quiet reserved neighborhood soon finds lives community people hidden secrets galveston media youtube actor melanie laurent directed film drunken criminal foster gets double crossed boss soon finds young woman elle fanning daughter find safety galveston texas shoulders ryot youtube directed alexandria bombach shoulders documentary nadia murad yazidi genocide isis sexual slavery survivor film documents journey advocacy becomes voice people deadly life experience bleecker street youtube walk shame actor elizabeth chomko wrote directed film starring hillary swank plays woman dealing realities parents suffering alzheimer disease wildlife movieclips trailers youtube sick star kazan wrote screenplay film stars jake gyllenhaal carey mulligan oxenbould story centers young couple whose terms becoming adult father decides fight wildfire near canadian border indivisible movie trailers source youtube cheryl mckay known writing films taylor wall ultimate life wrote screenplay film army chaplain darren turner justin bruening receives orders deploy iraq immediately wife sarah drew left home tending young children returns home overseas fight battle save marriage viper club youtube originals youtube iranian american filmmaker maryam keshavarz wrote directed film nurse susan sarandon struggling free journalist julian morris captured terrorist group overseas running major setbacks hope community underground journalists advocates help unfortunate list longer plenty opportunities gather friends support women making moves behind scenes correction piece previously misstated elizabeth chomko involvement walk shame updated state acted film","url":"https://www.bustle.com/p/16-october-2018-movies-written-directed-by-women-that-should-be-on-your-watch-list-12125154","polarityScore":{"sourceTitle":"Bustle","allSidesBias":"left-center","communityAgree":"564","communityDisagree":"566","sourceUrl":"http://www.bustle.com/ "},"processedText":["month","great","opportunity","celebrate","women","strides","making","entertainment","business","though","known","female","filmmakers","vastly","underrepresented","industry","exactly","important","highlight","support","women","doing","great","film","october","2018","movies","directed","written","women","gamut","screen","bestselling","novel","adaptation","quiet","relationship","drama","premiering","netflix","stories","varied","compelling","happens","variety","voices","making","content","2018","great","women","filmmaking","world","seen","artists","flourishing","front","behind","scenes","movies","simple","favor","wrinkle","dumped","name","2019","hasn","arrived","theater","streaming","month","raising","profile","films","help","ensure","female","filmmakers","chance","tell","stories","future","favorites","among","five","upcoming","releases","hate","give","20th","century","youtube","starr","carter","amandla","stenberg","finds","herself","constant","code","switch","moving","worlds","lives","poor","mostly","black","neighborhood","attends","wealthy","mostly","white","prep","school","double","life","witnesses","fatal","shooting","childhood","best","friend","hands","local","police","officer","hate","give","screenplay","written","writer","director","audrey","wells","known","work","shall","dance","george","jungle","angie","thomas","wrote","bestselling","novel","film","based","creative","youtube","film","director","amanda","directed","animated","film","based","stories","young","storytellers","aids","alcoholism","kidnapping","rape","sadie","sadie","film","youtube","directed","written","megan","comedy","sadie","darkly","funny","story","young","girl","sophia","stop","nothing","preserve","father","dignity","jane","emma","excel","youtube","directed","jane","emma","follows","jane","danielle","black","woman","walks","hundreds","miles","meet","joseph","smith","brad","schmidt","revered","cleric","smith","gets","trouble","local","gang","jane","offers","comfort","wife","emma","emily","everything","movie","trailers","youtube","directed","written","hannah","marks","everything","dramedy","young","couple","jeremy","allen","white","monroe","fighting","trials","cancer","diagnosis","gosnell","trial","america","biggest","serial","killer","youtube","written","film","based","true","story","investigation","trial","gosnell","former","doctor","attempted","cover","killing","spree","establishing","political","media","establishment","cover","crimes","stella","weekend","youtube","polly","draper","wrote","directs","stars","comedy","brothers","nate","alex","find","love","girl","singer","kindergarten","teacher","netflix","youtube","kindergarten","teacher","written","directed","sara","follows","elementary","school","teacher","sees","great","potential","students","does","absolutely","everything","protect","talent","forgive","youtube","directed","heller","diary","teenage","girl","forgive","follows","celebrity","biographer","named","israel","melissa","mccarthy","whose","career","thrives","profiling","famous","people","starts","struggling","published","begins","sell","vintage","letters","nicole","director","enough","please","give","wrote","screenplay","change","movieclips","indie","youtube","change","directed","filmmaker","dianne","written","gorman","main","character","young","woman","rachel","moves","seems","quiet","reserved","neighborhood","soon","finds","lives","community","people","hidden","secrets","galveston","media","youtube","actor","melanie","laurent","directed","film","drunken","criminal","foster","gets","double","crossed","boss","soon","finds","young","woman","elle","daughter","find","safety","galveston","texas","shoulders","youtube","directed","alexandria","shoulders","documentary","genocide","isis","sexual","slavery","survivor","film","documents","journey","advocacy","becomes","voice","people","deadly","life","experience","street","youtube","walk","shame","actor","elizabeth","chomko","wrote","directed","film","starring","hillary","plays","woman","dealing","realities","parents","suffering","alzheimer","disease","wildlife","movieclips","trailers","youtube","sick","star","wrote","screenplay","film","stars","jake","gyllenhaal","carey","mulligan","story","centers","young","couple","whose","terms","becoming","adult","father","decides","fight","wildfire","near","canadian","border","indivisible","movie","trailers","source","youtube","cheryl","mckay","known","writing","films","taylor","wall","ultimate","life","wrote","screenplay","film","army","darren","turner","justin","receives","orders","deploy","iraq","immediately","wife","sarah","drew","left","home","tending","young","children","returns","home","overseas","fight","battle","save","marriage","club","youtube","originals","youtube","iranian","american","filmmaker","maryam","wrote","directed","film","nurse","susan","struggling","free","journalist","julian","morris","captured","terrorist","group","overseas","running","major","setbacks","hope","community","underground","journalists","advocates","help","unfortunate","list","longer","plenty","opportunities","gather","friends","support","women","making","moves","behind","scenes","correction","piece","previously","elizabeth","chomko","involvement","walk","shame","updated","state","acted","film"]}
