{"authors":["Taylor Ferber"],"date_download":"2018-10-31 01:27:26","date_modify":"2018-10-31 01:27:26","date_publish":"2018-10-08 14:08:29","description":"These days, there is an overwhelming amount of ways to consume media and information. There's of course Twitter, the news, blogs, and endless podcasts, but the powerful documentaries streaming on Netflix right now definitely shouldn't be overlooked.…","filename":"16PowerfulDocumentariesYouCanStreamOnNetflixRightNow_96.json","image_url":"https://imgix.bustle.com/uploads/image/2018/9/10/1927a6cf-259e-471f-a120-b56ea6eb8dd5-25a3045_r_crop.jpg?w=1200&h=630&q=70&fit=crop&crop=faces&fm=jpg","language":"en","localpath":"16PowerfulDocumentariesYouCanStreamOnNetflixRightNow_96.json","title":"16 Powerful Documentaries You Can Stream On Netflix Right Now","title_page":"16 Powerful Documentaries You Can Stream On Netflix Right Now","title_rss":"NULL","source_domain":"bustle.com","text":"days overwhelming amount ways consume media information course twitter news blogs endless podcasts powerful documentaries streaming netflix definitely shouldn overlooked associate streaming service infamous netflix chill reputation platform offer addition mindless binge worthy shows knowledge power handful netflix documentaries hold magnifying glass pressing crucial topics affecting current culture documentaries tackle politics media journalism civil rights movements explaining realities people chance interact documentaries uncover truths daily lives aware opening films topics food environment help explain modern life handful films pressing social issues social media bullying course selection docs inspiring light hearted critically claimed chef table educational series explained choose luckily learning 13th 2016 netflix youtube oscar nominated documentary directed game changing duvernay takes moving poignant look history incarcerations specifically horrors racial inequality country prison systems title refers 13th amendment constitution neither slavery involuntary servitude except punishment crime whereof party shall duly convicted shall exist within united states film includes archival footage testimony activists politicians historians formerly imprisoned women miss representation 2011 representation project youtube constant overflow media stimulates daily basis become difficult ignore decipher messages given miss representation sundance film festival nominee breaks down media perpetual sexist representation women film features katie couric gloria steinem jane fonda prominent females discuss derogatory media powerful successful women makes viewers wonder teaching young girls food 2008 movieclips classic trailers youtube nominated 2009 oscar independent spirit award food gives unsettling opening view mass food production america jarring look corporate controlled industrial food faster fatter bigger cheaper shows harmful process animals consumers employees although processes large scale seem control documentary proves powerful choices grocery store daily basis creating change joshua teenager superpower 2017 netflix youtube joshua inspires viewers proving creating incredible change someone documentary chronicles joshua wong rallies tens thousands people including kids occupy streets hong kong communist party didn follow promise granting autonomy cowspiracy sustainability secret 2014 cowspiracy sustainability secret youtube groundbreaking documentary follows aspiring environmentalist quest uncover troubling issues caused animal agriculture industry swept extremely dangerous industry leading cause global warming water depletion deforestation species extinction ocean dead zones midst largest mass extinction species million film attempts shed light corporate controlled industry world biggest environmental organizations afraid discuss issues flood 2016 zero media youtube known passion environment leonardo dicaprio takes viewers journey learn climate change dangers possible solutions process meets world leaders scientists activists enlightening points view nobody speak trials free press 2017 netflix youtube extremely timely documentary explores journalists struggles truth behind high profile stories power wealthy figures influencing news film specifically follows journalists reporting hulk hogan tape sale vegas journal review discovery billionaires using money silence press freedom marry 2016 freedom marry trailer youtube powerful documentary dives fight marriage pioneers leading equal rights movement film reveals behind scenes details efforts fight players including leader evan wolfson civil rights attorney mary bonauto film gives impactful intriguing perspective movement shows truly create change health 2017 health youtube health created filmmakers cowspiracy serves somewhat followup revealing disturbing details food industry film uncovers dark unsettling truths government corruption prevents americans getting healthier food shows leading organizations cover truths behind causes illness food diabetes dementia cancer heart disease life 2009 ionur0 youtube easy caught chaos lives sometimes important bigger picture perspective series life sheds light unusual behaviors living organisms plants animals adapted persist survive tony robbins guru 2016 netflix youtube tony robbins documentary seem cliche definitely worth watching viewers feel revived lease life motivational speaker lets audiences life changing workshop unorthodox approach robbins makes attendees depths souls pain order transform stronger happier people alone 2017 alone trailer youtube given heartbreaking increase suicide rate america alone timely powerful film follows jacqueline monetta driven understand best friend took film opens conversation teens emotional interviews learn struggles intimate level planet earth 2006 earth youtube talk putting perspective planet earth viewers worlds seem small scheme series explores planet giving beautiful views mountains plains jungles caves fields captures events sand storms animal migrations enlightening powerful learn planet live explore places chef table 2015 netflix youtube wildly popular chef table spin offs returning fifth season explores world acclaimed chefs journeys creating kitchen viewers learn adversities drives love bringing unique culinary visions life audrie daisy 2016 netflix youtube tough pill swallow teenagers growing increasingly difficult social media technology film follows underage women discover sexual crimes against captured camera movie explores devastating effects families spotlights harsh realities social media bullying explained 2018 netflix youtube often moving quickly life rarely stop reflect certain aspects society evolved whether monogamy diets cryptocurrency explosion explained dives array topics leaving viewers enlightened explaining certain watching documentaries powerful vibes","url":"https://www.bustle.com/p/16-powerful-documentaries-you-can-stream-on-netflix-right-now-9221843","polarityScore":{"sourceTitle":"Bustle","allSidesBias":"left-center","communityAgree":"564","communityDisagree":"566","sourceUrl":"http://www.bustle.com/ "},"processedText":["days","overwhelming","amount","ways","consume","media","information","course","twitter","news","blogs","endless","podcasts","powerful","documentaries","streaming","netflix","definitely","shouldn","overlooked","associate","streaming","service","infamous","netflix","chill","reputation","platform","offer","addition","mindless","binge","worthy","shows","knowledge","power","handful","netflix","documentaries","hold","glass","pressing","crucial","topics","affecting","current","culture","documentaries","tackle","politics","media","journalism","civil","rights","movements","explaining","realities","people","chance","interact","documentaries","uncover","truths","daily","lives","aware","opening","films","topics","food","environment","help","explain","modern","life","handful","films","pressing","social","issues","social","media","bullying","course","selection","docs","inspiring","light","hearted","critically","claimed","chef","table","educational","series","explained","choose","luckily","learning","13th","2016","netflix","youtube","oscar","nominated","documentary","directed","game","changing","takes","moving","poignant","look","history","specifically","horrors","racial","inequality","country","prison","systems","title","refers","13th","amendment","constitution","neither","slavery","involuntary","servitude","except","punishment","crime","party","shall","duly","convicted","shall","exist","within","united","states","film","includes","footage","testimony","activists","politicians","historians","formerly","imprisoned","women","miss","representation","2011","representation","project","youtube","constant","media","daily","basis","become","difficult","ignore","messages","given","miss","representation","sundance","film","festival","nominee","breaks","down","media","perpetual","sexist","representation","women","film","features","katie","gloria","steinem","jane","fonda","prominent","females","discuss","derogatory","media","powerful","successful","women","makes","viewers","wonder","teaching","young","girls","food","2008","movieclips","classic","trailers","youtube","nominated","2009","oscar","independent","spirit","award","food","gives","unsettling","opening","view","mass","food","production","america","jarring","look","corporate","controlled","industrial","food","faster","bigger","cheaper","shows","harmful","process","animals","consumers","employees","although","processes","large","scale","seem","control","documentary","proves","powerful","choices","grocery","store","daily","basis","creating","change","joshua","teenager","superpower","2017","netflix","youtube","joshua","inspires","viewers","proving","creating","incredible","change","someone","documentary","chronicles","joshua","wong","rallies","tens","thousands","people","including","kids","occupy","streets","hong","kong","communist","party","didn","follow","promise","granting","autonomy","sustainability","secret","2014","sustainability","secret","youtube","groundbreaking","documentary","follows","aspiring","environmentalist","quest","uncover","troubling","issues","caused","animal","agriculture","industry","swept","extremely","dangerous","industry","leading","cause","global","warming","water","species","extinction","ocean","dead","zones","midst","largest","mass","extinction","species","million","film","attempts","shed","light","corporate","controlled","industry","world","biggest","environmental","organizations","afraid","discuss","issues","flood","2016","zero","media","youtube","known","passion","environment","leonardo","dicaprio","takes","viewers","journey","learn","climate","change","dangers","possible","solutions","process","meets","world","leaders","scientists","activists","enlightening","points","view","nobody","speak","trials","free","press","2017","netflix","youtube","extremely","timely","documentary","explores","journalists","struggles","truth","behind","high","profile","stories","power","wealthy","figures","influencing","news","film","specifically","follows","journalists","reporting","hogan","tape","sale","vegas","journal","review","discovery","billionaires","using","money","silence","press","freedom","marry","2016","freedom","marry","trailer","youtube","powerful","documentary","dives","fight","marriage","pioneers","leading","equal","rights","movement","film","reveals","behind","scenes","details","efforts","fight","players","including","leader","evan","civil","rights","attorney","mary","film","gives","impactful","intriguing","perspective","movement","shows","truly","create","change","health","2017","health","youtube","health","created","filmmakers","serves","somewhat","revealing","disturbing","details","food","industry","film","uncovers","dark","unsettling","truths","government","corruption","prevents","americans","getting","healthier","food","shows","leading","organizations","cover","truths","behind","causes","illness","food","diabetes","dementia","cancer","heart","disease","life","2009","youtube","easy","caught","chaos","lives","sometimes","important","bigger","picture","perspective","series","life","sheds","light","unusual","behaviors","living","plants","animals","adapted","persist","survive","tony","robbins","guru","2016","netflix","youtube","tony","robbins","documentary","seem","definitely","worth","watching","viewers","feel","revived","lease","life","motivational","speaker","lets","audiences","life","changing","workshop","unorthodox","approach","robbins","makes","attendees","depths","souls","pain","order","transform","stronger","happier","people","alone","2017","alone","trailer","youtube","given","heartbreaking","increase","suicide","rate","america","alone","timely","powerful","film","follows","jacqueline","driven","understand","best","friend","took","film","opens","conversation","teens","emotional","interviews","learn","struggles","intimate","level","planet","earth","2006","earth","youtube","talk","putting","perspective","planet","earth","viewers","worlds","seem","small","scheme","series","explores","planet","giving","beautiful","views","mountains","plains","fields","captures","events","sand","storms","animal","enlightening","powerful","learn","planet","live","explore","places","chef","table","2015","netflix","youtube","wildly","popular","chef","table","spin","offs","returning","fifth","season","explores","world","acclaimed","chefs","journeys","creating","kitchen","viewers","learn","drives","love","bringing","unique","culinary","visions","life","daisy","2016","netflix","youtube","tough","pill","swallow","teenagers","growing","increasingly","difficult","social","media","technology","film","follows","underage","women","discover","sexual","crimes","against","captured","camera","movie","explores","devastating","effects","families","harsh","realities","social","media","bullying","explained","2018","netflix","youtube","often","moving","quickly","life","rarely","stop","reflect","certain","aspects","society","evolved","whether","diets","explosion","explained","dives","array","topics","leaving","viewers","enlightened","explaining","certain","watching","documentaries","powerful","vibes"]}
