{"authors":["Kenneth Heard"],"date_download":"2018-11-02 11:35:29","date_modify":"2018-11-02 11:35:29","date_publish":"2017-06-13 00:00:00","description":"A 16-year-old boy has admitted to fatally shooting a Newport police officer and firing at another police officer June 12 and now faces a capital-murder charge, a prosecutor said.","filename":"16yearoldboychargedinkillingofArkansaspoliceofficer_98.json","image_url":"https://media.arkansasonline.com/img/photos/2017/06/13/resized_250499-newport06_40-23192_t600.JPG?4326734cdb8e39baa3579048ef63ad7b451e7676","language":"en","localpath":"16yearoldboychargedinkillingofArkansaspoliceofficer_98.json","title":"16-year-old boy charged in killing of Arkansas police officer","title_page":"16-year-old boy charged in killing of Arkansas police officer","title_rss":"NULL","source_domain":"arkansasonline.com","text":"file state troopers stand watch june remmel park newport newport police patrick weatherford fatally shot photo jeff mitchell admitted fatally shooting newport police officer firing police officer june faces capital murder charge prosecutor derrick heard newport police fired gunshot killed patrick weatherford fired shane rogers pursuit near newport high school arrest affidavit filed wednesday jackson county circuit court police arrested tyler calamese newport june prosecuting attorney henry boyce considered filing capital murder charges against investigators calamese confessed killing officer calamese faces charges breaking entering theft providing weapon minor beginning heard suspect boyce ruled developed leads questioning witnesses weatherford veteran newport police department killed responding call vehicle break newport high school weatherford rogers attempted stop heard arrest affidavit written state police investigator scott pillow heard fled bicycle weatherford heard rogers chased patrol affidavit weatherford apprehended heard near bowen street remmel road several blocks west school heard fired handgun officer affidavit heard fired shots rogers affidavit rogers returned fire heard boyce email updates free breaking news alerts daily newsletters headlines delivered inbox advertisement headlines weatherford shot abdomen bullet traveled heart medical examiner reported medical personnel transported weatherford unity health harris medical center newport died leaving behind wife kristen weatherford daughter police calamese surrendered police hour half weatherford shot june authorities continued searching neighborhood near remmel park blocked traffic several hours state police helicopter flew overhead searching wooded area park near school boyce originally held calamese accusations capital murder boyce until file formal charges against janet reynolds calamese grandmother proclaimed calamese innocence arrested grandson texted shortly shooting telling apartment least miles away remmel park calamese went police clear name learned considered suspect boyce waited investigators built case against heard filing charges heard charged attempted capital murder shots fired rogers breaking entering theft possession handgun minor reports boyce wait forensic enhancements video taken surveillance cameras school police body cameras weatherford rogers file charges comment videos show evidence inconsistent charges filed wednesday chris nebben attorney arkansas public defender commission rock appointed represent calamese week comment case obligated client arkansas democrat gazette july cannot comment further heard calamese arraigned jackson county circuit court absolutely confident person charged murder patrick weatherford boyce heard section 2017","url":"https://www.arkansasonline.com/news/2017/jul/27/police-charge-16-year-old-in-newport-of/?page=1","polarityScore":{"sourceTitle":"Arkansas Democrat-Gazette","allSidesBias":"left","communityAgree":"686","communityDisagree":"522","sourceUrl":"http://www.arkansasonline.com/ "},"processedText":["file","state","troopers","stand","watch","june","remmel","park","newport","newport","police","patrick","weatherford","fatally","shot","photo","jeff","mitchell","admitted","fatally","shooting","newport","police","officer","firing","police","officer","june","faces","capital","murder","charge","prosecutor","derrick","heard","newport","police","fired","gunshot","killed","patrick","weatherford","fired","shane","rogers","pursuit","near","newport","high","school","arrest","affidavit","filed","wednesday","jackson","county","circuit","court","police","arrested","tyler","calamese","newport","june","prosecuting","attorney","henry","boyce","considered","filing","capital","murder","charges","against","investigators","calamese","confessed","killing","officer","calamese","faces","charges","breaking","entering","theft","providing","weapon","minor","beginning","heard","suspect","boyce","ruled","developed","leads","questioning","witnesses","weatherford","veteran","newport","police","department","killed","responding","call","vehicle","break","newport","high","school","weatherford","rogers","attempted","stop","heard","arrest","affidavit","written","state","police","investigator","scott","pillow","heard","fled","bicycle","weatherford","heard","rogers","chased","patrol","affidavit","weatherford","apprehended","heard","near","bowen","street","remmel","road","several","blocks","west","school","heard","fired","handgun","officer","affidavit","heard","fired","shots","rogers","affidavit","rogers","returned","fire","heard","boyce","email","updates","free","breaking","news","alerts","daily","newsletters","headlines","delivered","inbox","advertisement","headlines","weatherford","shot","abdomen","bullet","traveled","heart","medical","examiner","reported","medical","personnel","transported","weatherford","unity","health","harris","medical","center","newport","died","leaving","behind","wife","kristen","weatherford","daughter","police","calamese","surrendered","police","hour","half","weatherford","shot","june","authorities","continued","searching","neighborhood","near","remmel","park","blocked","traffic","several","hours","state","police","helicopter","flew","overhead","searching","wooded","area","park","near","school","boyce","originally","held","calamese","accusations","capital","murder","boyce","until","file","formal","charges","against","janet","reynolds","calamese","grandmother","proclaimed","calamese","innocence","arrested","grandson","texted","shortly","shooting","telling","apartment","least","miles","away","remmel","park","calamese","went","police","clear","name","learned","considered","suspect","boyce","waited","investigators","built","case","against","heard","filing","charges","heard","charged","attempted","capital","murder","shots","fired","rogers","breaking","entering","theft","possession","handgun","minor","reports","boyce","wait","forensic","video","taken","surveillance","cameras","school","police","body","cameras","weatherford","rogers","file","charges","comment","videos","show","evidence","inconsistent","charges","filed","wednesday","chris","attorney","arkansas","public","defender","commission","rock","appointed","represent","calamese","week","comment","case","obligated","client","arkansas","democrat","gazette","july","cannot","comment","further","heard","calamese","jackson","county","circuit","court","absolutely","confident","person","charged","murder","patrick","weatherford","boyce","heard","section","2017"]}
