{"authors":[],"date_download":"2018-11-03 00:53:32","date_modify":"2018-11-03 00:53:32","date_publish":"2017-06-01 22:48:00","description":"179-year-old Adairsville church holds last service on Sunday","filename":"179yearoldPoplarSpringsUMCinAdairsvilletoclose_100.json","image_url":"https://www.ajc.com/rf/image_large/Pub/p8/AJC/2017/06/01/Images/newsEngin.18882580_IMG_0556.jpg","language":"en","localpath":"179yearoldPoplarSpringsUMCinAdairsvilletoclose_100.json","title":"179-year-old Poplar Springs UMC in Adairsville to close","title_page":"179-year-old Poplar Springs UMC in Adairsville to close","title_rss":"NULL","source_domain":"ajc.com","text":"generations deborah wilson family worshipped poplar springs united methodist church adairsville great grandparents buried church cemetery across road daughter church mother funeral held especially painful wilson beloved church hold service sunday saying goodbye relative wilson retired bookkeeper church finance chairman heartbreaking part lives anymore part known church whole life matured christ church located miles north downtown atlanta founded height roughly members recent membership dwindled members died moved away left join congregations devoted lynn smith stayed smith friend wilson baptized fite casey lake grew smith saved almost home nowhere else taken away related bishop sharma lewis steered medicine ministry paratroopers iconic photo temple almost lost april 1981 mentally disturbed woman hitchhiking florida broke church started fire destroyed percent church members held bake sales yard sales scrape together enough money build sanctuary borrowed dina manning recalls hands knees ripping linoleum basement parents picking replacement stained glass windows church devastated manning wiped away tears trying people join reboost church 1960 church pastors recent left ministers weekly services members poplar springs united methodist church adairsville hold service sunday church seen membership dwindle members though church closed commercial development shelia poole spoole atlanta journal constitution church closing always painful sybil davidson spokeswoman north georgia conference united methodist church decided close church hope member find loving congregation eight churches churches conference closed doors davidson keeping church open longer sustainable denomination guidelines place direct congregation leadership process closing process followed church celebrate final worship service june board trustees north georgia conference determine best utilize property forward church predates formation city shut down drastic drops membership attendance accessatlanta davidson several churches north georgia conference close overall story united methodist church north georgia positive creative ministries beginning strategic decisions round best stewards servants communities smith church asked whether wanted merge methodist church area something members poplar springs remain spiritual family perhaps growing future wonderful memories manning talk starting independent nondenominational church inside poplar springs united methodist church adairsville church hold service sunday contributed atlanta journal constitution wilson members bringing enough full pastor remaining members church prime property closing commercial development busy interstate exit fast food restaurants truck stop stations talked renting church property willing anything keep open wilson country care smith start church away miracle","url":"https://www.ajc.com/lifestyles/179-year-old-poplar-springs-umc-hold-last-service-sunday/Dp7otGHzpgvj4WQ1jMP3dN/","polarityScore":{"sourceTitle":"Atlanta Journal-Constitution","allSidesBias":"left-center","communityAgree":"561","communityDisagree":"580","sourceUrl":"http://www.ajc.com/ "},"processedText":["generations","deborah","wilson","family","worshipped","springs","united","methodist","church","great","grandparents","buried","church","cemetery","across","road","daughter","church","mother","funeral","held","especially","painful","wilson","beloved","church","hold","service","sunday","saying","goodbye","relative","wilson","retired","church","finance","chairman","heartbreaking","part","lives","anymore","part","known","church","whole","life","matured","christ","church","located","miles","north","downtown","atlanta","founded","height","roughly","members","recent","membership","members","died","moved","away","left","join","congregations","devoted","lynn","smith","stayed","smith","friend","wilson","casey","lake","grew","smith","saved","almost","home","nowhere","else","taken","away","related","bishop","sharma","lewis","steered","medicine","ministry","iconic","photo","temple","almost","lost","april","1981","mentally","disturbed","woman","florida","broke","church","started","fire","destroyed","percent","church","members","held","bake","sales","yard","sales","scrape","together","enough","money","build","sanctuary","borrowed","dina","manning","recalls","hands","knees","ripping","basement","parents","picking","replacement","stained","glass","windows","church","devastated","manning","wiped","away","tears","trying","people","join","church","1960","church","pastors","recent","left","ministers","weekly","services","members","springs","united","methodist","church","hold","service","sunday","church","seen","membership","members","though","church","closed","commercial","development","poole","atlanta","journal","constitution","church","closing","always","painful","davidson","spokeswoman","north","georgia","conference","united","methodist","church","decided","close","church","hope","member","find","loving","congregation","eight","churches","churches","conference","closed","doors","davidson","keeping","church","open","longer","sustainable","denomination","guidelines","place","direct","congregation","leadership","process","closing","process","followed","church","celebrate","final","worship","service","june","board","trustees","north","georgia","conference","determine","best","utilize","property","forward","church","predates","formation","city","shut","down","drastic","drops","membership","attendance","accessatlanta","davidson","several","churches","north","georgia","conference","close","overall","story","united","methodist","church","north","georgia","positive","creative","ministries","beginning","strategic","decisions","round","best","servants","communities","smith","church","asked","whether","wanted","merge","methodist","church","area","something","members","springs","remain","spiritual","family","perhaps","growing","future","wonderful","memories","manning","talk","starting","independent","church","inside","springs","united","methodist","church","church","hold","service","sunday","contributed","atlanta","journal","constitution","wilson","members","bringing","enough","full","pastor","remaining","members","church","prime","property","closing","commercial","development","busy","interstate","exit","fast","food","restaurants","truck","stop","stations","talked","renting","church","property","willing","anything","keep","open","wilson","country","care","smith","start","church","away","miracle"]}
