{"authors":["Megan Grant"],"date_download":"2018-10-31 00:14:31","date_modify":"2018-10-31 00:14:31","date_publish":"2018-10-03 17:34:21","description":"I love how the nutrition labels on peanut butter jars say a serving size is two tablespoons. It's almost like they don't realize I eat it with a soup ladle. Haha. Hahahahahahaha. BABAHAHAHHAHHHAH! ... Guys? Hello? Don't act like you don't know what…","filename":"19ThingsPeanutButterLoversNeedInTheirLives_104.json","image_url":"https://imgix.bustle.com/uploads/image/2018/9/28/8d83a4ae-fd00-4075-b9d0-88e8c78fbcff-pbcoo.jpg?w=1200&h=630&q=70&fit=crop&crop=faces&fm=jpg","language":"en","localpath":"19ThingsPeanutButterLoversNeedInTheirLives_104.json","title":"19 Things Peanut Butter Lovers Need In Their Lives","title_page":"19 Things Peanut Butter Lovers Need In Their Lives","title_rss":"NULL","source_domain":"bustle.com","text":"love nutrition labels peanut butter jars serving size tablespoons almost realize soup ladle haha hahahahahahaha babahahahhahhhah guys hello talking love delicate enough world favorite spread people obsessed peanut butter bring tear love peanut butter anyway spoon university attributes love peanut butter fact world largest producers peanuts peanut butter created cheap filling nutritious alternative great depression world world source satiating fats body knows count peanut butter various butter cousins fill sustain perfectly reasonable quite interesting explanations offer third delicious naked invite whatever explanation nuts peanut butter texas peanut producers average american eats pounds love nothing digging fresh peanut butter keep reading peanut butter powder pbfit natural organic peanut butter powder amazon people instead real deal dietary reasons everyone seems agree tastes good smoothies combine water alternative toast sammiches squeeze packs classic peanut butter squeeze packs justin amazon sometimes trying peanut butter spoon subway logistical nightmare squeeze packs convenient consume amount eating peanut butter mixer witmer company witmer products peanut butter mixer amazon future replace mixer built stirring natural peanut butter easier highly specialized knife jife ultimate knife amazon pause talk starters knife shaped nook cranny miss single blob optimal stirring scooping specially designed extra heaps peanut butter crying reading material peanut butter dogs amazon anything better photos dogs middle having moment peanut butter either pics show adorable pooches munching captures warm heart polish personalized spoon personalized peanut butter spoon etsy somebody house stealing spoon dipping tell step spoon name next snap stealing stuff name joke therusticstamp etsy granola bites bear naked peanut butter honey bites amazon quick pick middle workday grab peanut butter granola bites filling snack boost energy thinking nobody judge whole peanut butter candle peanut butter cookies bakery candle amazon life filled peanut butter shouldn home peanut butter cookie candle special something ambiance shower curtain peanut butter jelly watercolor shower curtain society6 next shower scrub residual peanut butter glad bought peanut butter jelly shower curtain captures essence pillow peanut butter lover redbubble real home envy block spruce peanut butter pillow cover living room belongs cover magazine something join peanut butter club peanut butter club amazing clubs exists month send rare gourmet peanut butter country almost sounds good true peanut butter maker smart vintage peanut butter maker amazon fresh peanut butter home anytime nuts honest peanut butter ultimate butter","url":"https://www.bustle.com/p/19-things-peanut-butter-lovers-need-in-their-lives-12080790","polarityScore":{"sourceTitle":"Bustle","allSidesBias":"left-center","communityAgree":"564","communityDisagree":"566","sourceUrl":"http://www.bustle.com/ "},"processedText":["love","nutrition","labels","peanut","butter","jars","serving","size","almost","realize","soup","guys","hello","talking","love","delicate","enough","world","favorite","spread","people","obsessed","peanut","butter","bring","tear","love","peanut","butter","anyway","spoon","university","attributes","love","peanut","butter","fact","world","largest","producers","peanuts","peanut","butter","created","cheap","filling","nutritious","alternative","great","depression","world","world","source","body","knows","count","peanut","butter","various","butter","cousins","fill","sustain","perfectly","reasonable","quite","interesting","explanations","offer","third","delicious","naked","invite","whatever","explanation","nuts","peanut","butter","texas","peanut","producers","average","american","eats","pounds","love","nothing","digging","fresh","peanut","butter","keep","reading","peanut","butter","powder","natural","organic","peanut","butter","powder","amazon","people","instead","real","deal","dietary","reasons","everyone","seems","agree","tastes","good","combine","water","alternative","toast","squeeze","packs","classic","peanut","butter","squeeze","packs","justin","amazon","sometimes","trying","peanut","butter","spoon","subway","logistical","nightmare","squeeze","packs","convenient","consume","amount","eating","peanut","butter","company","products","peanut","butter","amazon","future","replace","built","stirring","natural","peanut","butter","easier","highly","specialized","knife","ultimate","knife","amazon","pause","talk","starters","knife","shaped","nook","miss","single","optimal","stirring","specially","designed","extra","heaps","peanut","butter","crying","reading","material","peanut","butter","dogs","amazon","anything","better","photos","dogs","middle","having","moment","peanut","butter","either","pics","show","adorable","captures","warm","heart","polish","personalized","spoon","personalized","peanut","butter","spoon","etsy","somebody","house","stealing","spoon","dipping","tell","step","spoon","name","next","snap","stealing","stuff","name","joke","etsy","bites","bear","naked","peanut","butter","honey","bites","amazon","quick","pick","middle","grab","peanut","butter","bites","filling","snack","boost","energy","thinking","nobody","judge","whole","peanut","butter","candle","peanut","butter","cookies","bakery","candle","amazon","life","filled","peanut","butter","shouldn","home","peanut","butter","cookie","candle","special","something","shower","curtain","peanut","butter","jelly","watercolor","shower","curtain","next","shower","scrub","peanut","butter","glad","bought","peanut","butter","jelly","shower","curtain","captures","essence","pillow","peanut","butter","lover","real","home","envy","block","peanut","butter","pillow","cover","living","room","belongs","cover","magazine","something","join","peanut","butter","club","peanut","butter","club","amazing","clubs","exists","month","send","rare","gourmet","peanut","butter","country","almost","sounds","good","true","peanut","butter","maker","smart","vintage","peanut","butter","maker","amazon","fresh","peanut","butter","home","anytime","nuts","honest","peanut","butter","ultimate","butter"]}
