{"authors":["Brandon Riddle"],"date_download":"2018-11-01 22:16:16","date_modify":"2018-11-01 22:16:16","date_publish":"2017-05-23 00:00:00","description":"An arrest has been made in the killing of a 2-year-old girl in Little Rock, and police say they are also seeking a 21-year-old in the case.","filename":"1arrested1soughtinfatalshootingof2yearoldgirlinLittleRock_106.json","image_url":"https://media.arkansasonline.com/img/photos/2017/05/23/LRPDd_t600.jpg?4326734cdb8e39baa3579048ef63ad7b451e7676","language":"en","localpath":"1arrested1soughtinfatalshootingof2yearoldgirlinLittleRock_106.json","title":"1 arrested, 1 sought in fatal shooting of 2-year-old girl in Little Rock","title_page":"1 arrested, 1 sought in fatal shooting of 2-year-old girl in Little Rock","title_rss":"NULL","source_domain":"arkansasonline.com","text":"larry jackson left deshaun rushing shown pulaski county sheriff office photos arrest killing girl rock months death nearly four weeks authorities increased reward amount information case rock police department tuesday larry jackson north rock held charge capital murder 2016 slaying ramiya reed news conference outside police headquarters spokesman steve mcclanahan jackson arrest monday information filing warrant homicide officers seeking deshaun rushing case wanted similar charges rushing injured shooting month daycare worker killed park lane rock good example homicide case always worked mcclanahan reporters whenever information case matter call follow information accurate mcclanahan added agency detectives skilled good efforts always enough arrest tuesday afternoon person forward requested reward offered arrest conviction online inmate roster pulaski county jail shows jackson booked click larger versions photos ryan tarinelli previous arrests larry jackson deshaun rushing click larger versions photos pulaski county sheriff office jackson faces counts second degree unlawful discharge firearm vehicle records show ramiya fatally shot days thanksgiving riding seat vehicle mother south harrison street police taken uams medical center later pronounced dead reward information case initially amount raised december earlier month april arkansas democrat gazette citing memo city manager bruce moore reported ramiya shooting death intensified standing feud rival groups turn contributed recent uptick violent crime arkansas capital city authorities ramiya death killings recorded rock tuesday homicides reported police 2017 affidavit related killing sealed police citing sensitive information reason limiting information anyone information regarding rushing whereabouts asked call rock police department 4636 read wednesday arkansas democrat gazette full details","url":"https://www.arkansasonline.com/news/2017/may/23/arrest-made-fatal-shooting-2-year-old-girl-little-/?page=3","polarityScore":{"sourceTitle":"Arkansas Democrat-Gazette","allSidesBias":"left","communityAgree":"686","communityDisagree":"522","sourceUrl":"http://www.arkansasonline.com/ "},"processedText":["larry","jackson","left","rushing","shown","pulaski","county","sheriff","office","photos","arrest","killing","girl","rock","months","death","nearly","four","weeks","authorities","increased","reward","amount","information","case","rock","police","department","tuesday","larry","jackson","north","rock","held","charge","capital","murder","2016","slaying","reed","news","conference","outside","police","headquarters","spokesman","steve","mcclanahan","jackson","arrest","monday","information","filing","warrant","homicide","officers","seeking","rushing","case","wanted","similar","charges","rushing","injured","shooting","month","daycare","worker","killed","park","lane","rock","good","example","homicide","case","always","worked","mcclanahan","reporters","whenever","information","case","matter","call","follow","information","accurate","mcclanahan","added","agency","detectives","skilled","good","efforts","always","enough","arrest","tuesday","afternoon","person","forward","requested","reward","offered","arrest","conviction","online","inmate","roster","pulaski","county","jail","shows","jackson","booked","click","larger","versions","photos","ryan","previous","arrests","larry","jackson","rushing","click","larger","versions","photos","pulaski","county","sheriff","office","jackson","faces","counts","second","degree","unlawful","discharge","firearm","vehicle","records","show","fatally","shot","days","thanksgiving","riding","seat","vehicle","mother","south","harrison","street","police","taken","medical","center","later","pronounced","dead","reward","information","case","initially","amount","raised","december","earlier","month","april","arkansas","democrat","gazette","citing","memo","city","manager","bruce","moore","reported","shooting","death","intensified","standing","feud","rival","groups","turn","contributed","recent","uptick","violent","crime","arkansas","capital","city","authorities","death","killings","recorded","rock","tuesday","homicides","reported","police","2017","affidavit","related","killing","sealed","police","citing","sensitive","information","reason","limiting","information","anyone","information","regarding","rushing","whereabouts","asked","call","rock","police","department","read","wednesday","arkansas","democrat","gazette","full","details"]}
