{"authors":[],"date_download":"2018-11-02 22:05:48","date_modify":"2018-11-02 22:05:48","date_publish":"2018-10-06 04:00:00","description":"Story by Suzanne Van Atten. Photos by Jenni Girtman.","filename":"2000nightsandcountingforbluesmusicianDanielMudcatrdqu_108.json","image_url":"https://www.ajc.com/rf/image_large/Pub/p9/AJC/2018/10/06/Images/newsEngin.22791790_100718_IN_MudcatLRO-0014.jpg","language":"en","localpath":"2000nightsandcountingforbluesmusicianDanielMudcatrdqu_108.json","title":"2,000 nights and counting for blues musician Daniel “Mudcat&rdqu","title_page":"2,000 nights and counting for blues musician Daniel “Mudcat&rdqu","title_rss":"NULL","source_domain":"ajc.com","text":"story suzanne atten photos jenni girtman squat cinderblock building bars windows easy overlook night neon light glows blue northside tavern howell mill road comes alive livelier daniel dudeck mudcat stage perpetually youthful musician wide brim fedora fixture blues club usually found fingerpicking guitar strings piedmont style playing smoking slide catch action especially weekend night backed full band quintessential atlanta experience leaves clubgoers sweaty exhausted workout dance floor self taught musician honed craft busking street corners ferries york orleans gone tour europe play greats dickey betts mahal derek trucks perhaps greatest influence atlanta institution role ambassador bridging contemporary blues scene legacy forebears influential blues musicians modern matt harper owner matt shack dudeck start atlanta brings people together multi generations able propagate atlanta blues music world plus blast music rootsy stylish despite southern drawl dudeck spent nine life paul minn likes point hometown borders mississippi river home blues humble catfish shares nickname 1976 dudeck moved tybee island mother supported barber skills later decided find herself wound foster care system couple temporary situations dudeck landed family brothers treated family moved augusta dudeck went dudeck credits love music mother vinyl record collection johnny cash favorites passion blues began blues brothers movie brief scene late great aretha franklin number blues legend john hooker seen performing song boom boom hell dudeck remembers thinking sound fire augusta bookstore huge collection jazz blues records bought vanguard album great bluesmen high dudeck chuckling memory euphoric kind place friend gave dudeck guitar left behind girlfriend stayed night month straight songwriting naturally couldn play people stuff learn riff write song always loved sing liked skip school walk marsh songs sing seagulls music wasn creative outlet dudeck began acting children theater minnesota stuck teenage playing roles godspell macbeth high school national shakespeare conservatory acting school york city found place live hell kitchen started busking staten island ferry wasn started spending street school dropped eventually moved orleans continued busk study acting making atlanta began playing blues clubs town varied repertoire expand ranging goin jackson cash empty room blues memphis slim originals rollicking house order love song falling 1993 longtime owner northside tavern died leaving daughter ellyn webb charge waffled turning strip club blues dudeck playing matt asked interested bringing friends dudeck delivered bring contemporary blues musicians introduced school african american blues artists frank edwards cora bryant beverly guitar watkins generation fans along dudeck gained deeper knowledge blues cora changed world thought knew blues heard piedmont blues referring fingerpicking style guitar playing characteristic coastal blues musicians later northside tavern beloved institution among live music fans young started older people dudeck musician performs solo wednesday night plays full band weekend month estimated played nights club webb died brother tommy became manager dudeck took booking bands asked changed dudeck pointed westside neighborhood started cops keep safe somebody walking homeless coming tavern walking restaurant dudeck plays venues town including blind willie matilda record castaway immersed music found tending vegetable gardens preserving harvest home decatur shares wife kathryn dudeck wildlife director chattahoochee nature center wednesday night hell high water daniel dudeck northside tavern playing blues northside tavern 1058 howell mill road mudcat performs wednesday full weekend month free wednesday friday saturday 8745 northsidetavern mudcatblues insider piedmont report podcast dudeck hosts website mudcatblues combines loves blues farming show features music stories planting tips gardeners performed scripted live version show avondale towne cinema summer host guest artists plans","url":"https://www.ajc.com/lifestyles/000-nights-and-counting-for-blues-musician-daniel-mudcat-dudeck/EmhfQqI3mWKXpGe7cFD7bO/","polarityScore":{"sourceTitle":"Atlanta Journal-Constitution","allSidesBias":"left-center","communityAgree":"561","communityDisagree":"580","sourceUrl":"http://www.ajc.com/ "},"processedText":["story","suzanne","photos","jenni","building","bars","windows","easy","overlook","night","neon","light","blue","northside","tavern","howell","mill","road","comes","alive","daniel","dudeck","stage","perpetually","youthful","musician","wide","brim","fixture","blues","club","usually","found","guitar","strings","piedmont","style","playing","smoking","slide","catch","action","especially","weekend","night","backed","full","band","quintessential","atlanta","experience","leaves","sweaty","exhausted","workout","dance","floor","self","taught","musician","honed","craft","street","corners","york","orleans","gone","tour","europe","play","greats","dickey","betts","derek","trucks","perhaps","greatest","influence","atlanta","institution","role","ambassador","contemporary","blues","scene","legacy","influential","blues","musicians","modern","matt","harper","owner","matt","shack","dudeck","start","atlanta","brings","people","together","multi","generations","able","atlanta","blues","music","world","plus","blast","music","stylish","despite","southern","dudeck","spent","nine","life","paul","minn","likes","point","hometown","borders","mississippi","river","home","blues","humble","catfish","shares","nickname","1976","dudeck","moved","tybee","island","mother","supported","barber","skills","later","decided","find","herself","wound","foster","care","system","couple","temporary","situations","dudeck","landed","family","brothers","treated","family","moved","augusta","dudeck","went","dudeck","credits","love","music","mother","vinyl","record","collection","johnny","cash","favorites","passion","blues","began","blues","brothers","movie","brief","scene","late","great","franklin","number","blues","legend","john","seen","performing","song","boom","boom","hell","dudeck","remembers","thinking","sound","fire","augusta","bookstore","huge","collection","jazz","blues","records","bought","vanguard","album","great","high","dudeck","memory","kind","place","friend","gave","dudeck","guitar","left","behind","girlfriend","stayed","night","month","straight","songwriting","naturally","couldn","play","people","stuff","learn","riff","write","song","always","loved","sing","liked","skip","school","walk","marsh","songs","sing","music","wasn","creative","outlet","dudeck","began","acting","children","theater","minnesota","stuck","teenage","playing","roles","macbeth","high","school","national","shakespeare","acting","school","york","city","found","place","live","hell","kitchen","started","island","ferry","wasn","started","spending","street","school","dropped","eventually","moved","orleans","continued","study","acting","making","atlanta","began","playing","blues","clubs","town","varied","expand","ranging","jackson","cash","empty","room","blues","memphis","slim","originals","house","order","love","song","falling","1993","longtime","owner","northside","tavern","died","leaving","daughter","webb","charge","turning","strip","club","blues","dudeck","playing","matt","asked","interested","bringing","friends","dudeck","delivered","bring","contemporary","blues","musicians","introduced","school","african","american","blues","artists","frank","edwards","bryant","beverly","guitar","watkins","generation","fans","along","dudeck","gained","deeper","knowledge","blues","changed","world","thought","knew","blues","heard","piedmont","blues","referring","style","guitar","playing","characteristic","coastal","blues","musicians","later","northside","tavern","beloved","institution","among","live","music","fans","young","started","older","people","dudeck","musician","performs","solo","wednesday","night","plays","full","band","weekend","month","estimated","played","nights","club","webb","died","brother","tommy","became","manager","dudeck","took","booking","bands","asked","changed","dudeck","pointed","westside","neighborhood","started","cops","keep","safe","somebody","walking","homeless","coming","tavern","walking","restaurant","dudeck","plays","venues","town","including","blind","willie","matilda","record","immersed","music","found","tending","vegetable","gardens","preserving","harvest","home","decatur","shares","wife","kathryn","dudeck","wildlife","director","chattahoochee","nature","center","wednesday","night","hell","high","water","daniel","dudeck","northside","tavern","playing","blues","northside","tavern","howell","mill","road","performs","wednesday","full","weekend","month","free","wednesday","friday","saturday","insider","piedmont","report","podcast","dudeck","hosts","website","combines","loves","blues","farming","show","features","music","stories","planting","tips","performed","scripted","live","version","show","avondale","cinema","summer","host","guest","artists","plans"]}
