{"authors":[],"date_download":"2018-11-02 18:20:38","date_modify":"2018-11-02 18:20:38","date_publish":"2017-07-12 00:00:00","description":"2017 ESPY Awards: Red Carpet Arrivals","filename":"2017ESPYAwardsRedCarpetArrivals_111.json","image_url":"https://www.ajc.com/rf/image_large/Pub/p8/CmgSharedContent/2017/07/12/Images/GettyImages-813482670.jpg","language":"en","localpath":"2017ESPYAwardsRedCarpetArrivals_111.json","title":"2017 ESPY Awards: Red Carpet Arrivals","title_page":"2017 ESPY Awards: Red Carpet Arrivals","title_rss":"NULL","source_domain":"ajc.com","text":"matt winkelmeyer getty images angeles july player mike conley mary conley attend 2017 espys microsoft theater july 2017 angeles california photo matt winkelmeyer getty images matt winkelmeyer getty images angeles july gymnast laurie hernandez attends 2017 espys microsoft theater july 2017 angeles california photo matt winkelmeyer getty images matt winkelmeyer getty images angeles july race drivers ricky stenhouse danica patrick attend 2017 espys microsoft theater july 2017 angeles california photo matt winkelmeyer getty images matt winkelmeyer getty images angeles july player zaza pachulia tika pachulia attend 2017 espys microsoft theater july 2017 angeles california photo matt winkelmeyer getty images matt winkelmeyer getty images angeles july player danny amendola model olivia culpo attend 2017 espys microsoft theater july 2017 angeles california photo matt winkelmeyer getty images matt winkelmeyer getty images angeles july player russell wilson attends 2017 espys microsoft theater july 2017 angeles california photo matt winkelmeyer getty images matt winkelmeyer getty images angeles july player prince fielder chanel fielder family attend 2017 espys microsoft theater july 2017 angeles california photo matt winkelmeyer getty images matt winkelmeyer getty images angeles july gymnast madison kocian attends 2017 espys microsoft theater july 2017 angeles california photo matt winkelmeyer getty images matt winkelmeyer getty images angeles july olympic gymnast raisman attends 2017 espys microsoft theater july 2017 angeles california photo matt winkelmeyer getty images matt winkelmeyer getty images angeles july wrestlers maryse ouellet michael mizanin attend 2017 espys microsoft theater july 2017 angeles california photo matt winkelmeyer getty images matt winkelmeyer getty images angeles july special olympics chairman timothy shriver attends 2017 espys microsoft theater july 2017 angeles california photo matt winkelmeyer getty images matt winkelmeyer getty images angeles july force technical israel toro attends 2017 espys microsoft theater july 2017 angeles california photo matt winkelmeyer getty images matt winkelmeyer getty images angeles july olympic gymnasts raisman simone biles attend 2017 espys microsoft theater july 2017 angeles california photo matt winkelmeyer getty images matt winkelmeyer getty images angeles july player andrew hawkins markisha thomas attend 2017 espys microsoft theater july 2017 angeles california photo matt winkelmeyer getty images matt winkelmeyer getty images angeles july player aaron rodgers attends 2017 espys microsoft theater july 2017 angeles california photo matt winkelmeyer getty images matt winkelmeyer getty images angeles july player matt lombardi former olympic gymnast nastia liukin attend 2017 espys microsoft theater july 2017 angeles california photo matt winkelmeyer getty images matt winkelmeyer getty images angeles july olympic snowboarder shaun white attends 2017 espys microsoft theater july 2017 angeles california photo matt winkelmeyer getty images matt winkelmeyer getty images angeles july personality draya michele player orlando scandrick attend 2017 espys microsoft theater july 2017 angeles california photo matt winkelmeyer getty images matt winkelmeyer getty images angeles july olympic swimmer michael phelps attends 2017 espys microsoft theater july 2017 angeles california photo matt winkelmeyer getty images matt winkelmeyer getty images angeles july olympic gymnast gabby douglas attends 2017 espys microsoft theater july 2017 angeles california photo matt winkelmeyer getty images matt winkelmeyer getty images angeles july olympic soccer player abby wambach attends 2017 espys microsoft theater july 2017 angeles california photo matt winkelmeyer getty images matt winkelmeyer getty images angeles july actor issa attends 2017 espys microsoft theater july 2017 angeles california photo matt winkelmeyer getty images matt winkelmeyer getty images angeles july player nerlens noel attends 2017 espys microsoft theater july 2017 angeles california photo matt winkelmeyer getty images matt winkelmeyer getty images angeles july maria shriver attends 2017 espys microsoft theater july 2017 angeles california photo matt winkelmeyer getty images matt winkelmeyer getty images angeles july player russell westbrook nina earl attend 2017 espys microsoft theater july 2017 angeles california photo matt winkelmeyer getty images matt winkelmeyer getty images angeles july player joel embiid attends 2017 espys microsoft theater july 2017 angeles california photo matt winkelmeyer getty images matt winkelmeyer getty images angeles july wrestler nikki bella actor wrestler john cena attend 2017 espys microsoft theater july 2017 angeles california photo matt winkelmeyer getty images matt winkelmeyer getty images angeles july player terrell suggs guest attend 2017 espys microsoft theater july 2017 angeles california photo matt winkelmeyer getty images matt winkelmeyer getty images angeles july olympic skier lindsey vonn attends 2017 espys microsoft theater july 2017 angeles california photo matt winkelmeyer getty images matt winkelmeyer getty images angeles july actor elizabeth olsen attends 2017 espys microsoft theater july 2017 angeles california photo matt winkelmeyer getty images matt winkelmeyer getty images angeles july actor jeremy renner attends 2017 espys microsoft theater july 2017 angeles california photo matt winkelmeyer getty images jordan strauss jordan strauss invision lance bass michael turchin arrive espys microsoft theater wednesday july 2017 angeles photo jordan strauss invision jordan strauss jordan strauss invision basketball player stephen curry golden state warriors ayesha curry arrive espys microsoft theater wednesday july 2017 angeles photo jordan strauss invision matt winkelmeyer getty images angeles july wnba player candace parker lailaa nicole williams attend 2017 espys microsoft theater july 2017 angeles california photo matt winkelmeyer getty images jordan strauss jordan strauss invision laila arrives espys microsoft theater wednesday july 2017 angeles photo jordan strauss invision","url":"https://www.ajc.com/sports/2017-espy-awards-red-carpet-arrivals/B4GESdd1G3bbQ4NWLeWmVK/","polarityScore":{"sourceTitle":"Atlanta Journal-Constitution","allSidesBias":"left-center","communityAgree":"561","communityDisagree":"580","sourceUrl":"http://www.ajc.com/ "},"processedText":["matt","winkelmeyer","getty","images","angeles","july","player","mike","mary","attend","2017","espys","microsoft","theater","july","2017","angeles","california","photo","matt","winkelmeyer","getty","images","matt","winkelmeyer","getty","images","angeles","july","gymnast","laurie","hernandez","attends","2017","espys","microsoft","theater","july","2017","angeles","california","photo","matt","winkelmeyer","getty","images","matt","winkelmeyer","getty","images","angeles","july","race","drivers","ricky","danica","patrick","attend","2017","espys","microsoft","theater","july","2017","angeles","california","photo","matt","winkelmeyer","getty","images","matt","winkelmeyer","getty","images","angeles","july","player","attend","2017","espys","microsoft","theater","july","2017","angeles","california","photo","matt","winkelmeyer","getty","images","matt","winkelmeyer","getty","images","angeles","july","player","danny","model","olivia","attend","2017","espys","microsoft","theater","july","2017","angeles","california","photo","matt","winkelmeyer","getty","images","matt","winkelmeyer","getty","images","angeles","july","player","russell","wilson","attends","2017","espys","microsoft","theater","july","2017","angeles","california","photo","matt","winkelmeyer","getty","images","matt","winkelmeyer","getty","images","angeles","july","player","prince","fielder","chanel","fielder","family","attend","2017","espys","microsoft","theater","july","2017","angeles","california","photo","matt","winkelmeyer","getty","images","matt","winkelmeyer","getty","images","angeles","july","gymnast","madison","attends","2017","espys","microsoft","theater","july","2017","angeles","california","photo","matt","winkelmeyer","getty","images","matt","winkelmeyer","getty","images","angeles","july","olympic","gymnast","attends","2017","espys","microsoft","theater","july","2017","angeles","california","photo","matt","winkelmeyer","getty","images","matt","winkelmeyer","getty","images","angeles","july","michael","attend","2017","espys","microsoft","theater","july","2017","angeles","california","photo","matt","winkelmeyer","getty","images","matt","winkelmeyer","getty","images","angeles","july","special","olympics","chairman","timothy","shriver","attends","2017","espys","microsoft","theater","july","2017","angeles","california","photo","matt","winkelmeyer","getty","images","matt","winkelmeyer","getty","images","angeles","july","force","technical","israel","toro","attends","2017","espys","microsoft","theater","july","2017","angeles","california","photo","matt","winkelmeyer","getty","images","matt","winkelmeyer","getty","images","angeles","july","olympic","simone","biles","attend","2017","espys","microsoft","theater","july","2017","angeles","california","photo","matt","winkelmeyer","getty","images","matt","winkelmeyer","getty","images","angeles","july","player","andrew","hawkins","thomas","attend","2017","espys","microsoft","theater","july","2017","angeles","california","photo","matt","winkelmeyer","getty","images","matt","winkelmeyer","getty","images","angeles","july","player","aaron","rodgers","attends","2017","espys","microsoft","theater","july","2017","angeles","california","photo","matt","winkelmeyer","getty","images","matt","winkelmeyer","getty","images","angeles","july","player","matt","former","olympic","gymnast","attend","2017","espys","microsoft","theater","july","2017","angeles","california","photo","matt","winkelmeyer","getty","images","matt","winkelmeyer","getty","images","angeles","july","olympic","shaun","white","attends","2017","espys","microsoft","theater","july","2017","angeles","california","photo","matt","winkelmeyer","getty","images","matt","winkelmeyer","getty","images","angeles","july","personality","michele","player","orlando","attend","2017","espys","microsoft","theater","july","2017","angeles","california","photo","matt","winkelmeyer","getty","images","matt","winkelmeyer","getty","images","angeles","july","olympic","michael","phelps","attends","2017","espys","microsoft","theater","july","2017","angeles","california","photo","matt","winkelmeyer","getty","images","matt","winkelmeyer","getty","images","angeles","july","olympic","gymnast","gabby","douglas","attends","2017","espys","microsoft","theater","july","2017","angeles","california","photo","matt","winkelmeyer","getty","images","matt","winkelmeyer","getty","images","angeles","july","olympic","soccer","player","abby","attends","2017","espys","microsoft","theater","july","2017","angeles","california","photo","matt","winkelmeyer","getty","images","matt","winkelmeyer","getty","images","angeles","july","actor","issa","attends","2017","espys","microsoft","theater","july","2017","angeles","california","photo","matt","winkelmeyer","getty","images","matt","winkelmeyer","getty","images","angeles","july","player","noel","attends","2017","espys","microsoft","theater","july","2017","angeles","california","photo","matt","winkelmeyer","getty","images","matt","winkelmeyer","getty","images","angeles","july","maria","shriver","attends","2017","espys","microsoft","theater","july","2017","angeles","california","photo","matt","winkelmeyer","getty","images","matt","winkelmeyer","getty","images","angeles","july","player","russell","westbrook","nina","earl","attend","2017","espys","microsoft","theater","july","2017","angeles","california","photo","matt","winkelmeyer","getty","images","matt","winkelmeyer","getty","images","angeles","july","player","joel","attends","2017","espys","microsoft","theater","july","2017","angeles","california","photo","matt","winkelmeyer","getty","images","matt","winkelmeyer","getty","images","angeles","july","wrestler","nikki","bella","actor","wrestler","john","attend","2017","espys","microsoft","theater","july","2017","angeles","california","photo","matt","winkelmeyer","getty","images","matt","winkelmeyer","getty","images","angeles","july","player","terrell","guest","attend","2017","espys","microsoft","theater","july","2017","angeles","california","photo","matt","winkelmeyer","getty","images","matt","winkelmeyer","getty","images","angeles","july","olympic","lindsey","attends","2017","espys","microsoft","theater","july","2017","angeles","california","photo","matt","winkelmeyer","getty","images","matt","winkelmeyer","getty","images","angeles","july","actor","elizabeth","olsen","attends","2017","espys","microsoft","theater","july","2017","angeles","california","photo","matt","winkelmeyer","getty","images","matt","winkelmeyer","getty","images","angeles","july","actor","jeremy","attends","2017","espys","microsoft","theater","july","2017","angeles","california","photo","matt","winkelmeyer","getty","images","jordan","strauss","jordan","strauss","invision","lance","bass","michael","arrive","espys","microsoft","theater","wednesday","july","2017","angeles","photo","jordan","strauss","invision","jordan","strauss","jordan","strauss","invision","basketball","player","stephen","curry","golden","state","warriors","curry","arrive","espys","microsoft","theater","wednesday","july","2017","angeles","photo","jordan","strauss","invision","matt","winkelmeyer","getty","images","angeles","july","player","candace","parker","nicole","williams","attend","2017","espys","microsoft","theater","july","2017","angeles","california","photo","matt","winkelmeyer","getty","images","jordan","strauss","jordan","strauss","invision","arrives","espys","microsoft","theater","wednesday","july","2017","angeles","photo","jordan","strauss","invision"]}
