{"authors":[],"date_download":"2018-11-02 00:37:45","date_modify":"2018-11-02 00:37:45","date_publish":"2017-10-23 17:27:00","description":"The AJC asked candidates running in November's DeKalb County and city elections to explain why you should vote for them.","filename":"2017VoterGuideDeKalbCounty_113.json","image_url":"https://www.ajc.com/rw/PortalConfig/np-free/assets/ajc/images/AJC_200x200.png","language":"en","localpath":"2017VoterGuideDeKalbCounty_113.json","title":"2017 Voter Guide: DeKalb County","title_page":"Election 2017 Georgia: Voter guide to DeKalb County races","title_rss":"NULL","source_domain":"ajc.com","text":"asked candidates running next month city school municipal elections explain vote addition asking questions experience stand prominent issues asked candidates tell television character whom identify candidates stand important issues common batman atlanta fulton county voter guide avondale estates city commissioner vote name anziano anziano residence avondale estates profession real estate sales management experience help office active member avondale planning zoning board rules road zoning director avondale community club socially active citizens active citizens patrol driver giving full understanding streetscape plus attended participated almost meeting planning session board mayor commissioners downtown development authority five happening issue race avondale verge creating wonderful walkable downtown area already wonderful residential areas part keeping vision point smart planning development helping good happen avondale current television character identify local news website anzianorealestate email joeanziano gmail facebook anziano name paul brown paul brown residence avondale estates profession architect experience help office brown architects architect owner 1987 avondale elementary school education foundation founding chair achieved 501c3 accreditation 2016 city avondale estates board appeals member 2013 city avondale estates educational committee community volunteer generation avondale member issue race actively participated eight bomc city government attending meetings providing reasonable voice education stormwater retention improving crossing bridge community practical policies create open public realm expand high quality affordable housing options term investments children families specifically education health economic current television character identify frank reagan selleck blue bloods website paul brown commissioner facebook email pbrown30309 yahoo facebook paul brown name dostal dostal residence melford place profession program manager experience help office professional life worked cities neighborhoods build consensus create mutually beneficial events programs bring skills public service issue race motivated neighborhood lobbied board mayor commissioners change zoning regulation greatly impacted current television character identify leonard hofstadter bang theory though lactose intolerant nerd name wilmer engle wilmer engle residence avondale estates profession student accounting 2017 experience help office served military intelligence analyst studying business accounting issue race slow business recent crimes happened current television character identify wyatt parks recreation facebook facebook wilmerforavondale name terry giager name candace jones candace jones residence avondale estates profession retired public health manager nutritionist experience help office 2014 active city resident attending participating city meetings work sessions public hearings knowledgeable issues plans codes documents processes responsibilities commitments required effective commissioner professionally public health management experience state district county levels responsibilities included planning implementing programs budgets policies procedures plans contracts grants managing personnel completing local agency performance audits collecting analyzing evaluating data evaluating impact proposed legislation issue race city important point evolution serve city plan next several next century ensure city retains high quality life current future individuals families businesses progress forward continue balance needs current residents residential areas core city against needs future residents businesses downtown areas current television character identify forensic anthropologist temperance bones brennan bones television series website jonesforavondale email jonescandace2 comcast name lionel laratte lionel laratte residence avondale estates profession consultant experience help office helped companies successfully manage advantage evolution large part working various interests develop implement common vision parallels commissioner issue race wasn specific issue primary interest downtown development believe verge realizing potential unique engaging center bring experience love city table help move along current television character identify characters cerebral disadvantage example watched series goliath thought billy thornton character great flawed taken seriously intelligent worked hard thing thing website https facebook lionelforcommissioner email lionellaratte vote gmail twitter llaratte facebook https facebook lionelforcommissioner name elise lisa shortell lisa shortell residence historic district profession former teacher tutor experience help office actively attending board mayor commissioner meetings work sessions city meetings downtown development authority planning zoning meetings involvement included participation planning document updates workshops along small group fellow residents started citizen interest group second century avondale advocating high quality walkable unique downtown issue race avondale estates exciting pivotal juncture downtown development coming community incredible opportunity create something special benefit generations course great challenges planning strategy include growing avondale unique identity character funding establishing physical framework incorporates aspects public space streets sidewalks stormwater infrastructure bike connections open space current television character identify none watch television email lisaforavondale gmail facebook facebook lisaforavondale brookhaven council member district name john park john park residence ashford park profession technical architect experience help office experience city councilman spent consulting analyzed businesses processes assisted clients change management process improvement decision making experience troubleshooting performance engineer brings analytical skills government issue race balancing growth maintaining natural beauty neighborhoods current television character identify swanson expect someone government website votejohnpark email john park twitter votejohnpark facebook https facebook friends neighbors john park 1531451017066776 council member district name dale boone dale boone residence cross keys profession world league competitive eating experience help office working world known international company help dealing international corridor buford highway cultural economic diversity needs preserved studied abroad india multilingual issue race lack leadership accessibility neglect elected official district crime rate district brought control traffic congestion needs solution asap district needs leadership current television character identify jorge fiance website daleboone email wloce facebook https facebook proeaterdaleboone name gebbia gebbia residence pine hills profession president owner health matters experience help office five served founding councilman brookhaven proud work done help birth city team player effective developing strong partnerships individuals agencies local regional state federal level immense value city enters explosive growth period next four issue race next four buford highway corridor city focal point development redevelopment project includes completion million peachtree creek greenway park connect belt line addition district ground zero billion office commercial retail residential developments seeking election continue guiding efforts current television character identify real effort watch news skewed depressing evening shows filled excessive violence problem finding talk movies answer indiana jones confronting multiple obstacles gets done website joegebbiaworks email electjoegebbia gmail facebook facebook gebbia chamblee mayor name eric clarkson name pappas pappas residence huntley hills profession certified financial planner experience help office founder chamblee chamber commerce serve downtown development authority decades financial planning experience issue race bring financial planning approach city leadership current television character identify selleck blue bloods family oriented transparent follow kind website vanformayor email vanpappas gmail facebook facebook vanformayor city council large name brian mock city council district name john mesa clarkston mayor name beverly burks beverly burks residence mclaran profession director experience help office twenty community engagement five certified eight policy experience city council issue race continue progressive agenda started city council sure clarkson strong leadership move forward current television character identify game thrones daenerys targaryen strong woman people underestimated power strength website beverlyhburks email beverly beverlyhburks facebook beverlyhburks name edward terry terry residence casa woods neighborhood profession executive director experience help office bring community organizing nonprofit management public service office served mayor clarkston public servant heart purpose life contribute larger movement seeking inclusive equitable society issue race great progress clarkston four work clarkston safest cities georgia cleaner city improved roads programs youth seniors restaurants walkable paths sense community together create clarkston proud call home current television character identify iron fist website tedformayor email terry gmail twitter tedterry1 facebook https facebook mayortedterry city council member vote name yterenickia bell bell residence reserve twin oaks profession mental health professional experience help office extensive policy legislative advocacy teamwork capabilities help office issue race passionate people improving quality life result eager serve neighbors work towards creating progressive solutions clarkston challenges issues running race safety sense community economic development affordable housing work elected officials city staff clarkston residents continue redevelopment downtown clarkston cultivate affordable housing options adopt responsible budgets promote economic development partnerships business improvement enterprise zones current television character identify current character identify randall show identify randall impact recent events career life path website bellforclarkston email bellforclarkston gmail twitter bell4clarkston facebook bellforclarkston name christopher busing name jamie carroll jamie carroll residence jolly avenue profession commercial litigation attorney experience help office learned legislative process drafting sponsoring tiny house community ordinance georgia drafting tiny house ordinance feedback experts stakeholders community worked clarkston council members mayor refine ordinance ultimately able successfully pass tiny house ordinance create affordable housing options clarkston residents issue race housing prices support existing businesses encourage creation businesses clarkston residents afford live option jobs close home sure clarkston continues grow remaining affordable residents growth provide clarkston revenue increase public safety resources fund community programs current television character identify edmund reid ripper street admire tireless dedication justice nearly characters show willing give search criminals website carrollforclarkston email jfcarroll11 gmail twitter jcforclarkston facebook carrollforclarkstoncitycouncil name ahmed hassan name laura carol hopkins laura hopkins residence clarkston profession coordinator clinical education experience help office strengthening experiences accountant attention detail business analyst reading fine print immigrant language humility executive recruiter importance outcome degree finance finance chef importance creativity serving administration major university importance collaboration issue race particular issue hooked simply love clarkston sense duty cultivate healthier community helped mother move committed clarkston home promote environment people feel heard connected feel safe trust confident grow business balance help keys livability affordability safety community current television character identify agent carter website https rally lauraforclarkston email lauraforclarkston gmail facebook https facebook lauraforclarkston name dean moore residence rayford trail profession commercial construction superintendent experience help office eleven service community member planning zoning committee recently councilman good reference point knowing community training georgia municipal association atlanta regional commission board directors invaluable superintendent project manager pleasure building wide variety complex projects buildings variety craftsmen varying skill levels clients walks life including medical operating rooms churches restaurants starbucks edited length issue race incumbent eight city council turned city keeps getting better better wish continue member successful winning team main project streetscapes project cuts city side straight heart process engineering design ground ribbon cutting completed current television character identify presidential historian john meachum qualify character witness current history clarkston ghost write book second choice joyce kerns goodwin email deanmoore64 gmail name grant hassan salaam name jennier schliestett city council member fill unexpired term beverly burks resigned name andrea cervone andrea cervone residence casa woods profession communications director experience help office bring seven communications marketing policy experience clarkston city council issue race believe good government open accessible accountable community serves clear transparent communications something current government clarkston woefully lacking believe communications marketing experience modernize efforts city current television character identify batman hero child likely always part relentless drive easy website https rally andrea4council email andrearcervone gmail facebook https facebook andrea4clarkston name warren hadlock warren hadlock residence west smith street profession retired contractor experience help office eight previous experience city councilman including vice mayor plus planning zoning work comprehensive plans plans ongoing volunteer caretaker friendship forest wildlife sanctuary numerous seminars accredited georgia municipal association issue race spearheaded development projects positive changes council member essential programs lacking recreation program youth senior citizens center badly needed citizen safety efficient service needed pedestrian safety pedestrian crossings traffic lights reach newly annexed citizens currently feel aware clarkston offer current television character identify chuck todd meet press sorry close current email warrenhadlock gmail facebook councilman warren hadlock decatur city commissioner district post name betty blondeau betty blondeau residence pinetree drive profession retired experience help office professional fundraiser arts alliance theatre kenny leon true colors theatre company working extensively corporate volunteer boards government foundation funders volunteer worked greenspace funding woodlands garden historical restoration mary house work citizen activist decatur dekalb county gained experience areas planning development zoning areas affect quality life worked citizens task force edited length issue race desire transparency brought race sure citizens upcoming issues issues resolved information part finding solutions concerns room decisions sure citizen concerns considered finding answers current television character identify grace frankie grace played jane fonda website bettyfordecatur email betty_blondeau bellsouth facebook facebook name melissa manrow melissa manrow residence decatur heights profession attorney recently retired civilian enforcement position experience help office deep roots city service decatur planning commission 2010 involvement updating implementation city uniform development ordinance decatur infill task force 2005 decatur heights neighborhood association executive committee 2004 2008 wrote presented decatur heights neighborhood association plan city commission requesting development within decatur heights exceed existing housing density issue race love decatur plus avalanche support received announcing certainty best days ahead sure bring fellow citizens along fostering access housing ages stages stage life live foundation health education safety encouraging strong succession planning among decatur senior staff current television character identify lillian unbreakable kimmy schmidt matter kimmy though kept underground bunker website melissamanrow email friendsofmelissamanrow gmail twitter melissamanrow facebook https facebook decaturformelissa name martin martin residence rosewalk cottage grove profession financial adviser experience help office recent president decatur business association worked city government takes done financial adviser allowed work clients assets help reach financial goals bring decision making skills commissioner decatur dollars harness energy good people real difference issue race multiple issues address facing major challenges unprecedented growth city dwindling diversity among citizens focus housing seniors place establish workforce housing options taming scott boulevard traffic calming measures implementing safer pedestrian walkways focus downtown keep livable residents thriving businesses current television character identify love watching cooking shows favorite diners drive dives chef fieri gets experience country meet extraordinary people food large personality love gets taste everyone best dish hope travel someday website timfordecatur email tim4decatur gmail facebook tim4decatur name kelly walsh kelly walsh residence clairemont great lakes neighborhood profession realtor experience help office experience combining busy professional life active volunteerism community organizing dozen prepared elected leader city makes qualified candidate having worked multiple constituencies service city government schools provides unique insight vision residents commissioner headed community issue race platform integrated priorities best represents qualities city decatur residents value amazing community live priorities support city greatest asset walkability combination focus enhancing enlarging greenspace fostering diversity affordable housing inclusive government supporting schools stakeholder parent myself current television character identify enjoyed watching leslie knope poehler parks recreation leslie dedicated public servant passionate work loves lives generally loves life identify sense humor ability always laugh herself website votekellywalsh email kelly votekellywalsh twitter votekellywalsh facebook votekellywalsh city commissioner district post name patti garrett city board education large name annie caiola city board education district post name lewis jones lewis jones residence glendale decatur profession lawyer experience help office served board four legal experience helps given bewildering array legal mandates applicable school districts draw experience working clients structure work public involvement processes finally spent opening college high school math teacher bless teachers finally five children including graduates super spouse issue race doing important work high academic standards students abilities reduce disproportionality serve needs struggling readers push ensure initiatives continue continue advocate stem programs music sports extracurriculars build character help develop whole child current television character identify demogorgan stranger email lbjones csdecatur city board education district post name heather tell doraville city council member district name stuart anderson stuart anderson residence district tilly mill area profession consultant experience help office stuart anderson psycle racing psycle racing consulted professional motor sport teams individuals consults engineering projects conducts start crew chief works restricted problem solving decision making environment detecting prioritizing problem situation acting solution considering intended unintended consequences skill bring however bring voter city psycle racing consults questions zoning interests range kmart developments edited length issue race doraville resident running office vision consider promising properties atlanta area doraville georgia continue efforts pursue citizen business friendly policy notification affected proposed affected actions city 2007 resolution current television character identify read email psycleracing gmail name dennis chupp dennis chupp residence winters chapel doraville profession retired animal control department head experience help office lifetime resident doraville educated schools small business owner city animal control officer issue race financial mismanagement city city debt 1871 hundreds millions bonds abatements percent increase follow nothing show except body shops dealerships site current television character identify read newspaper books internet watch prefer outdoors website dennischupp email drvldenny facebook drvldenny facebook name robert patrick robert patrick residence guilford village profession city planner experience help office worked community development department familiar permitting zoning development issues served doraville district council member five hired city manager paved streets fixed potholes sidewalks invested parks wrote zoning code redevelopment assembly nexus sites equipped police officers body cameras balanced budget issue race concerned steep decline residential property values great recession worked attract mixed developments vibrant employment centers improved pedestrian access parks government transparency city hall continue build successes continue strong support public safety doraville current television character identify watch movies favorites limitless website http voterobertpatrick email 6784047262 facebook https facebook voterobertpatrick city council member district name joseph geierman geierman residence northwoods profession director real estate facilities experience help office lived community nearly actively engaged neighborhood city issues throughout recently serving planning commissioner leadership experience head real estate facilities group having served president several professional groups neighborhood association issue race concerned assembly development project former plant stuck neutral prioritize infrastructure improvements attract businesses site focus bringing doraville zoning codes line neighboring cities making easier homeowners improve properties businesses open shop current television character identify website https joseph4doraville email joseph doraville facebook facebook doravillejoseph name snyder snyder residence northwoods profession freelance producer experience help office working worldwide film clients demands problem solving budgeting negotiating skills valuable skills serve city future business dealings seventeen neighborhood advocacy gives local knowledge protect serve constituents issue race city disregard lack concern neighborhoods homeowners live questionable business alliances spending depleted city reserves current television character identify mcavoy jeff daniels newsroom website timsnyder citycouncil email nightskyinc yahoo name peaches toppin peaches toppin residence arbor woods profession founder peach threads boutique experience help office experienced accountant small business owner intend utilize skills management strategic planning create opportunities meet needs doraville diverse evolving community issue race resident fell love essence energy doraville rooted community growth family major opportunities benefit utilized resources backyards current television character identify olivia pope scandal website peachthreads email peachesfordoraville gmail twitter peachthreads facebook peachthreads city council member district name flier flier residence oakcliff profession programmer musician experience help office resident active civic affairs experience training spans several disciplines including business technology arts environmental design bring fresh perspectives table remaining fact based grounded good connecting inspiring people finding common ground work others known level headed reasonable caring issue race love city critical small city undergoing changes motivated sure growth happens responsible improves life residents current television character identify honestly watch days watch twin peaks identify characters luckily doraville northern exposure type website http leeflierfordoraville email leeflierfordoraville twitter lee4doraville facebook http facebook lee4doraville name stephe koontz stephe koontz residence oakcliff profession retired church administrator experience help office successful small business owner gives firsthand understanding city needs attract keep quality businesses community church administrator worked within completely different budget framework left nonprofit finances better state arrived issue race part steering committee 2016 design doraville comprehensive plan experience realize pivotal point future city remain true vision crafted plan keeping focus best doraville current television character identify guess admiral janeway star trek voyager kind nerd strong woman deliberative thoughtful confronted problem short decisive willing responsibility choices website http stephekoontz email stephekoontz gmail facebook https facebook electstephe dunwoody city council member district post name hirsch name pamela tallmadge tallmadge residence wynterhall profession executive assistant charter system foundation city dunwoody council member district experience help office experience great assistance built relationships personal dekalb county schools including superintendent office leadership team georgia locally neighboring municipalities council members state legislators welcome call volunteer work afforded opportunity meet citizens whose opinions advice good sounding board work citizens district issue race honored served platform common sense slogan great opportunity build dunwoody focusing future forgetting quality life important voice future dunwoody love manage expected growth experience current television character identify selleck police chief frank reagan blue bloods makes hard choices betterment city personal benefits listens takes advice staff advisers friends family holds strong family values show sunday night rule family dinner website pam4dunwoodyga email pam4dunwoodyga twitter ptidbids facebook pam4dunwoodyga city council member district post name riticher riticher residence 5276 trowbridge profession retired engineer professional experience help office among cities build parks public works pass judgement proposed built planning zoning career commercial building engineering read plans better helpful evaluating comes city council issue race four platform stick basics government remain true election campaign reduced paving cycle making sensible decisions city spending parks taking city renters leased office space owners frugal city hall move later current television character identify alec trebek watch television website riticher email riticher bellsouth name robert bobby zuckman city council member district post name henry bierenfeld henry bierenfeld residence andover heights profession event coordinator east lake golf club experience help office combination helping family business twenty management experience nonprofit profit sector allow significant impact local government issue race issue inspired office however desire part future dunwoody member city council embark next decade city motivating resident forty seven witnessed positive impact creation city having wanted part process current television character identify current television character identify leroy jethro gibbs played mark harmon series ncis character gibbs portrayed patient firm team patience excessive bureaucracy email vote henryb gmail facebook votehenrybierenfeld name lambert lambert residence kingsley profession marketing consultant writer home experience help office charter member vice chair dunwoody sustainability commission citizens advisory committee comprehensive transportation plan chair kingsley charter council president kittredge magnet school president kingsley racquet swim club president touchdown club board directors murphey candler board directors georgians local area school systems glass committee chair scouts pack troop saints coordinated dunwoody walk school movement volunteer coach murphey candler atlanta colts dunwoody senior baseball dumc issue race start building dunwoody tomorrow today move perpetual planning building projects difference priorities immediate implementation brook park plan commitment projects winters chapel corridor protect residential neighborhoods character makes dunwoody special place live adding services amenities citizens desire deserve current television character identify macgyver always best whatever resources available website votetomlambert email votetomlambert gmail facebook vote lambert lithonia city council vote name william dodd name diane howard name amelia inman residence city lithonia profession realtor experience help office resident city lithonia knew girl always wanted difference sister painted mural near train tracks conyers street recognized atlanta magazine family pick trash maintaining appeal city involved resident community real estate concerns residents increase knowledge value pride homes community edited length issue race issue entered race awareness change ideas millennial aging parents understand youth stronger voice area socio economic structures truly future residents involved community hosting home buying seminars social events engaging millennials became ongoing question city council inman nonetheless prayer confirmation decided move forward running edited length current television character identify identify donna paulsen suits smart classy professional character exudes excellence always aware others needs seems part solution rather merely focusing problem traits donna character similar email liastar5 gmail facebook ameliainman name tracy williams pine lake city council member vote name jean bordeaux name brandy hall name augusta woods stone mountain mayor name patricia wheeler city council member post name diana hollis diana hollis residence mountain village estates profession retired risk manager experience help office longtime love commitment community insurance experience customer service prepared work public research find solutions within issue race indifference needs citizens community current council public service personal promotion current television character identify watch great deal television email droehollis gmail facebook diana hollis candidate name michael rollins michael rollins residence historic stone mountain profession technical writer experience help office writing skills experience acting helps communicate better part writer able listen people sure trying issue race trying improve city bring businesses village trying village city place people visit live current television character identify barry allen desire difference help enthusiasm good natured outlook email sonata mindspring city council member post name shawnette bryant shawnette bryant residence rockborough subdivision profession reports clerk experience help office experience help successful role leader community social organizations held several leadership roles experience working diverse groups communicating collaborating others pride experience learn gained throughout plan proven track position political position issue race state community complain without having solution solve bring change help change landscape community give future generations community proud difference expectation growth stone mountain stone mountain known beautiful famous landmark vision stone mountain great place introduce businesses edited length current television character identify identify wonder woman woman super strength determination defends everyone email shawnie404 city council member post name judy asher judy asher residence mountain village profession interior designer experience help office worked numerous groups city different capacities knowledge awareness within city benefit council member wonderful people helped contine help greatest experience spent organizing events experience community issue race numerous issues enter race stone mountain cities needs change lack transparency within city government needs change people answers questions keep asking done neighborhoods streets crime drug problems businesses interaction city government addressed citizens stone mountain current television character identify watch television give certain character email j_asher bellsouth facebook judyasher name jasmine residence pepperwood profession business owner experience help office running business taught best ways communicate stone mountain needs successful issue race building business district education current television character identify maggie walking dead email jasmineiheaden gmail facebook facebook jilcitycouncil stonecrest city councilmember post name jimmy clanton city councilmember post name jazzmin randall cobble city councilmember post name diane adoma tucker mayor name frank auman city council member district post name honey kreke honey kreke residence smoke rise profession manufacturer representative experience help office elected 2016 seat elected officials required attend trainings georgia municipal association aspects government educational credits addition several decades working community prior tucker becoming city issue race single issue committed making tucker best city georgia although tucker months establish solid foundation build future current television character identify jethro gibbs played mark harmon character nonsense approach website honeyvandekreke email honeyvdk gmail twitter honeyvandekreke facebook honey kreke district tucker city council name soltys soltys residence spencers mountain profession realtor experience help office held elected office served officer negotiator board education unions worked economic development four states served governor technology commission served officer boards charities organizations served director professional organizations active community organizations serve district currently serve tucker zoning board appeals issue race responsive communications great deal frustration lack communications engagement example town hall meeting district drew lots people expectation important issues agenda speakers crowd interested important issues avoided constituents deserve communications answers input options current television character identify probably commissioner blue bloods listens openly seeks input fair brings people together difficult issues does away challenges works toward objectives conscience values family oriented sense humor website soltys email smokeriseagents facebook https facebook patsoltystucker city council member district post name matt robbins matt robbins residence idlewood acres east profession retired city council experience help office currently serve tucker city council having elected march 2016 months required extensive deliberations research collaboration council county officials staff diverse constituents resulting decisions concerning legal personnel business city functions progress team needs continue develop additional policies procedures improve quality service residents issue race initial issue part foundation tucker tools ability work pressure listen collaborate residents states municipalities diverse organizations implement actions relating complex environmental socio economic issues months enough develop appropriate partnerships identify relevant programs leading greater customer service continue happen current television character identify watching limited news sports movies presently follow specific show character favorite series columbo mash question anderson cooper listens people talk captures thoughts actions further research email mjr166 hotmail facebook voteformattrobbins gmail city council member district post name dave deaton name michelle penkava michelle penkava residence westhampton profession tucker city council member experience help office tucker success passion part team sought cityhood privilege serving inaugural city council working cityhood gained experience fostering successful relationships state county local levels provides opportunities future collaboration support council member involved levels planning operation city issue race particular issue compelled seek election given privilege serve second term tucker council continue working team complete city mindful sound policies provide workable conscientious road future councils continue part council establish city voters intended current television character identify character identify though practice become cool pressure president kirkman designated survivor website michellepenkava email michelle michellepenkava facebook michelle penkava tucker city council district special elections dekalb county suspension homestead option sales approval equalized homestead option sales shall equalized homestead option sales levied regular homestead option sales suspended within special district within dekalb county purposes reducing valorem property millage rates levied county municipal governments homestead properties unless equalized homestead option sales ehost special purpose local option sales splost approved neither sales shall become effective dekalb county special purpose local option sales shall special percent sales imposed special district dekalb county period exceed raising estimated amount purpose capital projects full list county city projects found ballot https dekalbcountyga sites default files user305 november 202017 20general 20municipal special 20election 20composite 20ballots https dekalbcountyga splost dekalb county splost dekalb county homestead exemption senate bill shall approved amends homestead exemption certain dekalb county valorem taxes county purposes amount equal amount current assessed value homestead exceeds base assessed value homestead extending limitation exemption","url":"https://www.ajc.com/news/local-govt--politics/voter-guide-dekalb-county/DUSBHNWZwphg8ZnbIDiphN/","polarityScore":{"sourceTitle":"Atlanta Journal-Constitution","allSidesBias":"left-center","communityAgree":"561","communityDisagree":"580","sourceUrl":"http://www.ajc.com/ "},"processedText":["asked","candidates","running","next","month","city","school","municipal","elections","explain","vote","addition","asking","questions","experience","stand","prominent","issues","asked","candidates","tell","television","character","whom","identify","candidates","stand","important","issues","common","batman","atlanta","fulton","county","voter","guide","avondale","estates","city","commissioner","vote","name","residence","avondale","estates","profession","real","estate","sales","management","experience","help","office","active","member","avondale","planning","zoning","board","rules","road","zoning","director","avondale","community","club","socially","active","citizens","active","citizens","patrol","driver","giving","full","understanding","plus","attended","participated","almost","meeting","planning","session","board","mayor","commissioners","downtown","development","authority","five","happening","issue","race","avondale","verge","creating","wonderful","walkable","downtown","area","already","wonderful","residential","areas","part","keeping","vision","point","smart","planning","development","helping","good","happen","avondale","current","television","character","identify","local","news","website","email","gmail","facebook","name","paul","brown","paul","brown","residence","avondale","estates","profession","architect","experience","help","office","brown","architects","architect","owner","1987","avondale","elementary","school","education","foundation","founding","chair","achieved","2016","city","avondale","estates","board","appeals","member","2013","city","avondale","estates","educational","committee","community","volunteer","generation","avondale","member","issue","race","actively","participated","eight","city","government","attending","meetings","providing","reasonable","voice","education","retention","improving","crossing","bridge","community","practical","policies","create","open","public","realm","expand","high","quality","affordable","housing","options","term","investments","children","families","specifically","education","health","economic","current","television","character","identify","frank","reagan","blue","website","paul","brown","commissioner","facebook","email","yahoo","facebook","paul","brown","name","residence","place","profession","program","manager","experience","help","office","professional","life","worked","cities","neighborhoods","build","consensus","create","mutually","beneficial","events","programs","bring","skills","public","service","issue","race","motivated","neighborhood","lobbied","board","mayor","commissioners","change","zoning","regulation","greatly","impacted","current","television","character","identify","leonard","bang","theory","though","intolerant","nerd","name","residence","avondale","estates","profession","student","accounting","2017","experience","help","office","served","military","intelligence","analyst","studying","business","accounting","issue","race","slow","business","recent","crimes","happened","current","television","character","identify","wyatt","parks","recreation","facebook","facebook","name","terry","name","candace","jones","candace","jones","residence","avondale","estates","profession","retired","public","health","manager","experience","help","office","2014","active","city","resident","attending","participating","city","meetings","work","sessions","public","hearings","knowledgeable","issues","plans","codes","documents","processes","responsibilities","commitments","required","effective","commissioner","professionally","public","health","management","experience","state","district","county","levels","responsibilities","included","planning","implementing","programs","budgets","policies","procedures","plans","contracts","grants","managing","personnel","completing","local","agency","performance","audits","collecting","analyzing","evaluating","data","evaluating","impact","proposed","legislation","issue","race","city","important","point","evolution","serve","city","plan","next","several","next","century","ensure","city","retains","high","quality","life","current","future","individuals","families","businesses","progress","forward","continue","balance","needs","current","residents","residential","areas","core","city","against","needs","future","residents","businesses","downtown","areas","current","television","character","identify","forensic","anthropologist","bones","brennan","bones","television","series","website","email","name","lionel","lionel","residence","avondale","estates","profession","consultant","experience","help","office","helped","companies","successfully","manage","advantage","evolution","large","part","working","various","interests","develop","implement","common","vision","parallels","commissioner","issue","race","wasn","specific","issue","primary","interest","downtown","development","believe","verge","realizing","potential","unique","engaging","center","bring","experience","love","city","table","help","move","along","current","television","character","identify","characters","cerebral","disadvantage","example","watched","series","thought","billy","thornton","character","great","flawed","taken","seriously","intelligent","worked","hard","thing","thing","website","https","facebook","email","vote","gmail","twitter","facebook","https","facebook","name","elise","lisa","lisa","residence","historic","district","profession","former","teacher","experience","help","office","actively","attending","board","mayor","commissioner","meetings","work","sessions","city","meetings","downtown","development","authority","planning","zoning","meetings","involvement","included","participation","planning","document","updates","workshops","along","small","group","fellow","residents","started","citizen","interest","group","second","century","avondale","advocating","high","quality","walkable","unique","downtown","issue","race","avondale","estates","exciting","pivotal","juncture","downtown","development","coming","community","incredible","opportunity","create","something","special","benefit","generations","course","great","challenges","planning","strategy","include","growing","avondale","unique","identity","character","funding","establishing","physical","framework","incorporates","aspects","public","space","streets","sidewalks","infrastructure","bike","connections","open","space","current","television","character","identify","none","watch","television","email","gmail","facebook","facebook","brookhaven","council","member","district","name","john","park","john","park","residence","park","profession","technical","architect","experience","help","office","experience","city","councilman","spent","consulting","analyzed","businesses","processes","assisted","clients","change","management","process","improvement","decision","making","experience","performance","engineer","brings","analytical","skills","government","issue","race","balancing","growth","maintaining","natural","beauty","neighborhoods","current","television","character","identify","swanson","expect","someone","government","website","email","john","park","twitter","facebook","https","facebook","friends","neighbors","john","park","council","member","district","name","dale","boone","dale","boone","residence","cross","keys","profession","world","league","competitive","eating","experience","help","office","working","world","known","international","company","help","dealing","international","corridor","buford","highway","cultural","economic","diversity","needs","preserved","studied","abroad","india","issue","race","lack","leadership","neglect","elected","official","district","crime","rate","district","brought","control","traffic","congestion","needs","solution","asap","district","needs","leadership","current","television","character","identify","jorge","fiance","website","email","facebook","https","facebook","name","residence","pine","hills","profession","president","owner","health","matters","experience","help","office","five","served","founding","councilman","brookhaven","proud","work","done","help","birth","city","team","player","effective","developing","strong","partnerships","individuals","agencies","local","regional","state","federal","level","immense","value","city","enters","explosive","growth","period","next","four","issue","race","next","four","buford","highway","corridor","city","focal","point","development","redevelopment","project","includes","completion","million","peachtree","creek","park","connect","belt","line","addition","district","ground","zero","billion","office","commercial","retail","residential","developments","seeking","election","continue","guiding","efforts","current","television","character","identify","real","effort","watch","news","skewed","depressing","evening","shows","filled","excessive","violence","problem","finding","talk","movies","answer","indiana","jones","confronting","multiple","obstacles","gets","done","website","email","gmail","facebook","facebook","chamblee","mayor","name","eric","clarkson","name","residence","hills","profession","certified","financial","planner","experience","help","office","founder","chamblee","chamber","commerce","serve","downtown","development","authority","decades","financial","planning","experience","issue","race","bring","financial","planning","approach","city","leadership","current","television","character","identify","blue","family","oriented","transparent","follow","kind","website","email","gmail","facebook","facebook","city","council","large","name","brian","mock","city","council","district","name","john","mesa","clarkston","mayor","name","beverly","burks","beverly","burks","residence","profession","director","experience","help","office","twenty","community","engagement","five","certified","eight","policy","experience","city","council","issue","race","continue","progressive","agenda","started","city","council","sure","clarkson","strong","leadership","move","forward","current","television","character","identify","game","thrones","daenerys","targaryen","strong","woman","people","underestimated","power","strength","website","email","beverly","facebook","name","edward","terry","terry","residence","casa","woods","neighborhood","profession","executive","director","experience","help","office","bring","community","organizing","nonprofit","management","public","service","office","served","mayor","clarkston","public","servant","heart","purpose","life","contribute","larger","movement","seeking","inclusive","equitable","society","issue","race","great","progress","clarkston","four","work","clarkston","safest","cities","georgia","cleaner","city","improved","roads","programs","youth","seniors","restaurants","walkable","paths","sense","community","together","create","clarkston","proud","call","home","current","television","character","identify","iron","fist","website","email","terry","gmail","twitter","facebook","https","facebook","city","council","member","vote","name","bell","bell","residence","reserve","twin","oaks","profession","mental","health","professional","experience","help","office","extensive","policy","legislative","advocacy","teamwork","capabilities","help","office","issue","race","passionate","people","improving","quality","life","result","eager","serve","neighbors","work","towards","creating","progressive","solutions","clarkston","challenges","issues","running","race","safety","sense","community","economic","development","affordable","housing","work","elected","officials","city","staff","clarkston","residents","continue","redevelopment","downtown","clarkston","cultivate","affordable","housing","options","adopt","responsible","budgets","promote","economic","development","partnerships","business","improvement","enterprise","zones","current","television","character","identify","current","character","identify","randall","show","identify","randall","impact","recent","events","career","life","path","website","email","gmail","twitter","facebook","name","christopher","name","jamie","carroll","jamie","carroll","residence","jolly","avenue","profession","commercial","litigation","attorney","experience","help","office","learned","legislative","process","drafting","sponsoring","tiny","house","community","ordinance","georgia","drafting","tiny","house","ordinance","feedback","experts","stakeholders","community","worked","clarkston","council","members","mayor","refine","ordinance","ultimately","able","successfully","pass","tiny","house","ordinance","create","affordable","housing","options","clarkston","residents","issue","race","housing","prices","support","existing","businesses","encourage","creation","businesses","clarkston","residents","afford","live","option","jobs","close","home","sure","clarkston","continues","grow","remaining","affordable","residents","growth","provide","clarkston","revenue","increase","public","safety","resources","fund","community","programs","current","television","character","identify","edmund","reid","street","admire","tireless","dedication","justice","nearly","characters","show","willing","give","search","criminals","website","email","gmail","twitter","facebook","name","ahmed","hassan","name","laura","carol","hopkins","laura","hopkins","residence","clarkston","profession","coordinator","clinical","education","experience","help","office","strengthening","experiences","accountant","attention","detail","business","analyst","reading","fine","print","immigrant","language","humility","executive","recruiter","importance","outcome","degree","finance","finance","chef","importance","creativity","serving","administration","major","university","importance","collaboration","issue","race","particular","issue","hooked","simply","love","clarkston","sense","duty","cultivate","healthier","community","helped","mother","move","committed","clarkston","home","promote","environment","people","feel","heard","connected","feel","safe","trust","confident","grow","business","balance","help","keys","affordability","safety","community","current","television","character","identify","agent","carter","website","https","rally","email","gmail","facebook","https","facebook","name","dean","moore","residence","rayford","trail","profession","commercial","construction","superintendent","experience","help","office","eleven","service","community","member","planning","zoning","committee","recently","councilman","good","reference","point","knowing","community","training","georgia","municipal","association","atlanta","regional","commission","board","directors","invaluable","superintendent","project","manager","pleasure","building","wide","variety","complex","projects","buildings","variety","varying","skill","levels","clients","walks","life","including","medical","operating","rooms","churches","restaurants","starbucks","edited","length","issue","race","incumbent","eight","city","council","turned","city","keeps","getting","better","better","wish","continue","member","successful","winning","team","main","project","project","cuts","city","side","straight","heart","process","engineering","design","ground","ribbon","cutting","completed","current","television","character","identify","presidential","historian","john","qualify","character","witness","current","history","clarkston","ghost","write","book","second","choice","joyce","kerns","goodwin","email","gmail","name","grant","hassan","name","city","council","member","fill","term","beverly","burks","resigned","name","andrea","andrea","residence","casa","woods","profession","communications","director","experience","help","office","bring","seven","communications","marketing","policy","experience","clarkston","city","council","issue","race","believe","good","government","open","accessible","accountable","community","serves","clear","transparent","communications","something","current","government","clarkston","woefully","lacking","believe","communications","marketing","experience","modernize","efforts","city","current","television","character","identify","batman","hero","child","likely","always","part","relentless","drive","easy","website","https","rally","email","gmail","facebook","https","facebook","name","warren","warren","residence","west","smith","street","profession","retired","contractor","experience","help","office","eight","previous","experience","city","councilman","including","vice","mayor","plus","planning","zoning","work","comprehensive","plans","plans","ongoing","volunteer","caretaker","friendship","forest","wildlife","sanctuary","numerous","georgia","municipal","association","issue","race","spearheaded","development","projects","positive","changes","council","member","essential","programs","lacking","recreation","program","youth","senior","citizens","center","badly","needed","citizen","safety","efficient","service","needed","pedestrian","safety","pedestrian","crossings","traffic","lights","reach","newly","citizens","currently","feel","aware","clarkston","offer","current","television","character","identify","chuck","todd","meet","press","sorry","close","current","email","gmail","facebook","councilman","warren","decatur","city","commissioner","district","post","name","betty","betty","residence","drive","profession","retired","experience","help","office","professional","fundraiser","arts","alliance","theatre","kenny","leon","true","colors","theatre","company","working","extensively","corporate","volunteer","boards","government","foundation","volunteer","worked","funding","garden","historical","restoration","mary","house","work","citizen","activist","decatur","dekalb","county","gained","experience","areas","planning","development","zoning","areas","affect","quality","life","worked","citizens","task","force","edited","length","issue","race","desire","transparency","brought","race","sure","citizens","upcoming","issues","issues","resolved","information","part","finding","solutions","concerns","room","decisions","sure","citizen","concerns","considered","finding","answers","current","television","character","identify","grace","frankie","grace","played","jane","fonda","website","email","facebook","facebook","name","melissa","melissa","residence","decatur","heights","profession","attorney","recently","retired","civilian","enforcement","position","experience","help","office","deep","roots","city","service","decatur","planning","commission","2010","involvement","updating","implementation","city","uniform","development","ordinance","decatur","task","force","2005","decatur","heights","neighborhood","association","executive","committee","2004","2008","wrote","presented","decatur","heights","neighborhood","association","plan","city","commission","requesting","development","within","decatur","heights","exceed","existing","housing","density","issue","race","love","decatur","plus","avalanche","support","received","announcing","certainty","best","days","ahead","sure","bring","fellow","citizens","along","fostering","access","housing","ages","stages","stage","life","live","foundation","health","education","safety","encouraging","strong","succession","planning","among","decatur","senior","staff","current","television","character","identify","unbreakable","kimmy","schmidt","matter","kimmy","though","kept","underground","bunker","website","email","gmail","twitter","facebook","https","facebook","name","martin","martin","residence","cottage","grove","profession","financial","adviser","experience","help","office","recent","president","decatur","business","association","worked","city","government","takes","done","financial","adviser","allowed","work","clients","assets","help","reach","financial","goals","bring","decision","making","skills","commissioner","decatur","dollars","harness","energy","good","people","real","difference","issue","race","multiple","issues","address","facing","major","challenges","unprecedented","growth","city","dwindling","diversity","among","citizens","focus","housing","seniors","place","establish","workforce","housing","options","scott","boulevard","traffic","calming","measures","implementing","safer","pedestrian","focus","downtown","keep","livable","residents","thriving","businesses","current","television","character","identify","love","watching","cooking","shows","favorite","diners","drive","dives","chef","gets","experience","country","meet","extraordinary","people","food","large","personality","love","gets","taste","everyone","best","dish","hope","travel","someday","website","email","gmail","facebook","name","kelly","walsh","kelly","walsh","residence","great","lakes","neighborhood","profession","experience","help","office","experience","combining","busy","professional","life","active","community","organizing","dozen","prepared","elected","leader","city","makes","qualified","candidate","having","worked","multiple","constituencies","service","city","government","schools","provides","unique","insight","vision","residents","commissioner","headed","community","issue","race","platform","integrated","priorities","best","represents","qualities","city","decatur","residents","value","amazing","community","live","priorities","support","city","greatest","asset","combination","focus","enhancing","fostering","diversity","affordable","housing","inclusive","government","supporting","schools","parent","myself","current","television","character","identify","enjoyed","watching","leslie","parks","recreation","leslie","dedicated","public","servant","passionate","work","loves","lives","generally","loves","life","identify","sense","humor","ability","always","laugh","herself","website","email","kelly","twitter","facebook","city","commissioner","district","post","name","patti","garrett","city","board","education","large","name","annie","city","board","education","district","post","name","lewis","jones","lewis","jones","residence","glendale","decatur","profession","lawyer","experience","help","office","served","board","four","legal","experience","helps","given","array","legal","mandates","applicable","school","districts","draw","experience","working","clients","structure","work","public","involvement","processes","finally","spent","opening","college","high","school","math","teacher","bless","teachers","finally","five","children","including","graduates","super","spouse","issue","race","doing","important","work","high","academic","standards","students","abilities","reduce","serve","needs","struggling","readers","push","ensure","initiatives","continue","continue","advocate","stem","programs","music","sports","build","character","help","develop","whole","child","current","television","character","identify","stranger","email","city","board","education","district","post","name","heather","tell","doraville","city","council","member","district","name","stuart","anderson","stuart","anderson","residence","district","mill","area","profession","consultant","experience","help","office","stuart","anderson","racing","racing","consulted","professional","motor","sport","teams","individuals","engineering","projects","conducts","start","crew","chief","works","restricted","problem","solving","decision","making","environment","prioritizing","problem","situation","acting","solution","considering","intended","unintended","consequences","skill","bring","however","bring","voter","city","racing","questions","zoning","interests","range","kmart","developments","edited","length","issue","race","doraville","resident","running","office","vision","consider","promising","properties","atlanta","area","doraville","georgia","continue","efforts","pursue","citizen","business","friendly","policy","notification","affected","proposed","affected","actions","city","2007","resolution","current","television","character","identify","read","email","gmail","name","dennis","dennis","residence","winters","chapel","doraville","profession","retired","animal","control","department","head","experience","help","office","lifetime","resident","doraville","educated","schools","small","business","owner","city","animal","control","officer","issue","race","financial","mismanagement","city","city","debt","hundreds","millions","bonds","percent","increase","follow","nothing","show","except","body","shops","site","current","television","character","identify","read","newspaper","books","internet","watch","prefer","outdoors","website","email","facebook","facebook","name","robert","patrick","robert","patrick","residence","village","profession","city","planner","experience","help","office","worked","community","development","department","familiar","permitting","zoning","development","issues","served","doraville","district","council","member","five","hired","city","manager","paved","streets","fixed","sidewalks","invested","parks","wrote","zoning","code","redevelopment","assembly","nexus","sites","equipped","police","officers","body","cameras","balanced","budget","issue","race","concerned","steep","decline","residential","property","values","great","recession","worked","attract","mixed","developments","vibrant","employment","centers","improved","pedestrian","access","parks","government","transparency","city","hall","continue","build","successes","continue","strong","support","public","safety","doraville","current","television","character","identify","watch","movies","favorites","website","http","email","facebook","https","facebook","city","council","member","district","name","joseph","residence","profession","director","real","estate","facilities","experience","help","office","lived","community","nearly","actively","engaged","neighborhood","city","issues","throughout","recently","serving","planning","commissioner","leadership","experience","head","real","estate","facilities","group","having","served","president","several","professional","groups","neighborhood","association","issue","race","concerned","assembly","development","project","former","plant","stuck","neutral","prioritize","infrastructure","improvements","attract","businesses","site","focus","bringing","doraville","zoning","codes","line","neighboring","cities","making","easier","homeowners","improve","properties","businesses","open","shop","current","television","character","identify","website","https","email","joseph","doraville","facebook","facebook","name","snyder","snyder","residence","profession","freelance","producer","experience","help","office","working","worldwide","film","clients","demands","problem","solving","budgeting","negotiating","skills","valuable","skills","serve","city","future","business","dealings","seventeen","neighborhood","advocacy","gives","local","knowledge","protect","serve","constituents","issue","race","city","disregard","lack","concern","neighborhoods","homeowners","live","questionable","business","alliances","spending","depleted","city","reserves","current","television","character","identify","jeff","daniels","newsroom","website","email","yahoo","name","peaches","peaches","residence","woods","profession","founder","peach","threads","boutique","experience","help","office","experienced","accountant","small","business","owner","intend","utilize","skills","management","strategic","planning","create","opportunities","meet","needs","doraville","diverse","evolving","community","issue","race","resident","fell","love","essence","energy","doraville","rooted","community","growth","family","major","opportunities","benefit","utilized","resources","current","television","character","identify","olivia","pope","scandal","website","email","gmail","twitter","facebook","city","council","member","district","name","residence","profession","programmer","musician","experience","help","office","resident","active","civic","affairs","experience","training","spans","several","including","business","technology","arts","environmental","design","bring","fresh","perspectives","table","remaining","fact","based","grounded","good","connecting","inspiring","people","finding","common","ground","work","others","known","level","headed","reasonable","caring","issue","race","love","city","critical","small","city","undergoing","changes","motivated","sure","growth","happens","responsible","improves","life","residents","current","television","character","identify","honestly","watch","days","watch","twin","peaks","identify","characters","luckily","doraville","northern","exposure","type","website","http","email","twitter","facebook","http","facebook","name","residence","profession","retired","church","administrator","experience","help","office","successful","small","business","owner","gives","firsthand","understanding","city","needs","attract","keep","quality","businesses","community","church","administrator","worked","within","completely","different","budget","framework","left","nonprofit","finances","better","state","arrived","issue","race","part","steering","committee","2016","design","doraville","comprehensive","plan","experience","realize","pivotal","point","future","city","remain","true","vision","crafted","plan","keeping","focus","best","doraville","current","television","character","identify","guess","admiral","star","trek","voyager","kind","nerd","strong","woman","deliberative","thoughtful","confronted","problem","short","decisive","willing","responsibility","choices","website","http","email","gmail","facebook","https","facebook","dunwoody","city","council","member","district","post","name","name","pamela","residence","profession","executive","assistant","charter","system","foundation","city","dunwoody","council","member","district","experience","help","office","experience","great","assistance","built","relationships","personal","dekalb","county","schools","including","superintendent","office","leadership","team","georgia","locally","neighboring","municipalities","council","members","state","legislators","welcome","call","volunteer","work","afforded","opportunity","meet","citizens","whose","opinions","advice","good","sounding","board","work","citizens","district","issue","race","honored","served","platform","common","sense","slogan","great","opportunity","build","dunwoody","focusing","future","forgetting","quality","life","important","voice","future","dunwoody","love","manage","expected","growth","experience","current","television","character","identify","police","chief","frank","reagan","blue","makes","hard","choices","betterment","city","personal","benefits","listens","takes","advice","staff","advisers","friends","family","holds","strong","family","values","show","sunday","night","rule","family","dinner","website","email","twitter","facebook","city","council","member","district","post","name","residence","profession","retired","engineer","professional","experience","help","office","among","cities","build","parks","public","works","pass","judgement","proposed","built","planning","zoning","career","commercial","building","engineering","read","plans","better","helpful","evaluating","comes","city","council","issue","race","four","platform","stick","basics","government","remain","true","election","campaign","reduced","paving","cycle","making","sensible","decisions","city","spending","parks","taking","city","renters","leased","office","space","owners","city","hall","move","later","current","television","character","identify","alec","watch","television","website","email","name","robert","bobby","city","council","member","district","post","name","henry","henry","residence","heights","profession","event","coordinator","east","lake","golf","club","experience","help","office","combination","helping","family","business","twenty","management","experience","nonprofit","profit","sector","allow","significant","impact","local","government","issue","race","issue","inspired","office","however","desire","part","future","dunwoody","member","city","council","embark","next","decade","city","motivating","resident","forty","seven","witnessed","positive","impact","creation","city","having","wanted","part","process","current","television","character","identify","current","television","character","identify","gibbs","played","mark","harmon","series","character","gibbs","portrayed","patient","firm","team","patience","excessive","bureaucracy","email","vote","gmail","facebook","name","lambert","lambert","residence","profession","marketing","consultant","writer","home","experience","help","office","charter","member","vice","chair","dunwoody","sustainability","commission","citizens","advisory","committee","comprehensive","transportation","plan","chair","charter","council","president","magnet","school","president","swim","club","president","touchdown","club","board","directors","candler","board","directors","georgians","local","area","school","systems","glass","committee","chair","scouts","pack","troop","saints","coordinated","dunwoody","walk","school","movement","volunteer","coach","candler","atlanta","colts","dunwoody","senior","baseball","issue","race","start","building","dunwoody","tomorrow","today","move","perpetual","planning","building","projects","difference","priorities","immediate","implementation","park","plan","commitment","projects","winters","chapel","corridor","protect","residential","neighborhoods","character","makes","dunwoody","special","place","live","adding","services","amenities","citizens","desire","deserve","current","television","character","identify","always","best","whatever","resources","available","website","email","gmail","facebook","vote","lambert","lithonia","city","council","vote","name","william","dodd","name","diane","howard","name","amelia","inman","residence","city","lithonia","profession","experience","help","office","resident","city","lithonia","knew","girl","always","wanted","difference","sister","painted","mural","near","train","tracks","conyers","street","recognized","atlanta","magazine","family","pick","trash","maintaining","appeal","city","involved","resident","community","real","estate","concerns","residents","increase","knowledge","value","pride","homes","community","edited","length","issue","race","issue","entered","race","awareness","change","ideas","millennial","aging","parents","understand","youth","stronger","voice","area","socio","economic","structures","truly","future","residents","involved","community","hosting","home","buying","social","events","engaging","millennials","became","ongoing","question","city","council","inman","nonetheless","prayer","confirmation","decided","move","forward","running","edited","length","current","television","character","identify","identify","donna","suits","smart","classy","professional","character","excellence","always","aware","others","needs","seems","part","solution","rather","merely","focusing","problem","traits","donna","character","similar","email","gmail","facebook","name","tracy","williams","pine","lake","city","council","member","vote","name","jean","name","brandy","hall","name","augusta","woods","stone","mountain","mayor","name","patricia","wheeler","city","council","member","post","name","diana","hollis","diana","hollis","residence","mountain","village","estates","profession","retired","risk","manager","experience","help","office","longtime","love","commitment","community","insurance","experience","customer","service","prepared","work","public","research","find","solutions","within","issue","race","indifference","needs","citizens","community","current","council","public","service","personal","promotion","current","television","character","identify","watch","great","deal","television","email","gmail","facebook","diana","hollis","candidate","name","michael","michael","residence","historic","stone","mountain","profession","technical","writer","experience","help","office","writing","skills","experience","acting","helps","communicate","better","part","writer","able","listen","people","sure","trying","issue","race","trying","improve","city","bring","businesses","village","trying","village","city","place","people","visit","live","current","television","character","identify","barry","allen","desire","difference","help","enthusiasm","good","natured","outlook","email","sonata","city","council","member","post","name","bryant","bryant","residence","subdivision","profession","reports","clerk","experience","help","office","experience","help","successful","role","leader","community","social","organizations","held","several","leadership","roles","experience","working","diverse","groups","communicating","collaborating","others","pride","experience","learn","gained","throughout","plan","proven","track","position","political","position","issue","race","state","community","complain","without","having","solution","solve","bring","change","help","change","landscape","community","give","future","generations","community","proud","difference","expectation","growth","stone","mountain","stone","mountain","known","beautiful","famous","landmark","vision","stone","mountain","great","place","introduce","businesses","edited","length","current","television","character","identify","identify","wonder","woman","woman","super","strength","determination","defends","everyone","email","city","council","member","post","name","judy","asher","judy","asher","residence","mountain","village","profession","interior","designer","experience","help","office","worked","numerous","groups","city","different","knowledge","awareness","within","city","benefit","council","member","wonderful","people","helped","help","greatest","experience","spent","organizing","events","experience","community","issue","race","numerous","issues","enter","race","stone","mountain","cities","needs","change","lack","transparency","within","city","government","needs","change","people","answers","questions","keep","asking","done","neighborhoods","streets","crime","drug","problems","businesses","interaction","city","government","addressed","citizens","stone","mountain","current","television","character","identify","watch","television","give","certain","character","email","facebook","name","jasmine","residence","profession","business","owner","experience","help","office","running","business","taught","best","ways","communicate","stone","mountain","needs","successful","issue","race","building","business","district","education","current","television","character","identify","maggie","walking","dead","email","gmail","facebook","facebook","city","post","name","jimmy","clanton","city","post","name","randall","city","post","name","diane","tucker","mayor","name","frank","city","council","member","district","post","name","honey","honey","residence","smoke","rise","profession","manufacturer","representative","experience","help","office","elected","2016","seat","elected","officials","required","attend","georgia","municipal","association","aspects","government","educational","credits","addition","several","decades","working","community","prior","tucker","becoming","city","issue","race","single","issue","committed","making","tucker","best","city","georgia","although","tucker","months","establish","solid","foundation","build","future","current","television","character","identify","gibbs","played","mark","harmon","character","nonsense","approach","website","email","gmail","twitter","facebook","honey","district","tucker","city","council","name","residence","mountain","profession","experience","help","office","held","elected","office","served","officer","negotiator","board","education","unions","worked","economic","development","four","states","served","governor","technology","commission","served","officer","boards","charities","organizations","served","director","professional","organizations","active","community","organizations","serve","district","currently","serve","tucker","zoning","board","appeals","issue","race","responsive","communications","great","deal","frustration","lack","communications","engagement","example","town","hall","meeting","district","drew","lots","people","expectation","important","issues","agenda","speakers","crowd","interested","important","issues","avoided","constituents","deserve","communications","answers","input","options","current","television","character","identify","probably","commissioner","blue","listens","openly","seeks","input","fair","brings","people","together","difficult","issues","does","away","challenges","works","toward","objectives","conscience","values","family","oriented","sense","humor","website","email","facebook","https","facebook","city","council","member","district","post","name","matt","robbins","matt","robbins","residence","acres","east","profession","retired","city","council","experience","help","office","currently","serve","tucker","city","council","having","elected","march","2016","months","required","extensive","deliberations","research","collaboration","council","county","officials","staff","diverse","constituents","resulting","decisions","concerning","legal","personnel","business","city","functions","progress","team","needs","continue","develop","additional","policies","procedures","improve","quality","service","residents","issue","race","initial","issue","part","foundation","tucker","tools","ability","work","pressure","listen","collaborate","residents","states","municipalities","diverse","organizations","implement","actions","relating","complex","environmental","socio","economic","issues","months","enough","develop","appropriate","partnerships","identify","relevant","programs","leading","greater","customer","service","continue","happen","current","television","character","identify","watching","limited","news","sports","movies","presently","follow","specific","show","character","favorite","series","mash","question","anderson","cooper","listens","people","talk","captures","thoughts","actions","further","research","email","facebook","gmail","city","council","member","district","post","name","dave","name","michelle","michelle","residence","profession","tucker","city","council","member","experience","help","office","tucker","success","passion","part","team","sought","cityhood","privilege","serving","inaugural","city","council","working","cityhood","gained","experience","fostering","successful","relationships","state","county","local","levels","provides","opportunities","future","collaboration","support","council","member","involved","levels","planning","operation","city","issue","race","particular","issue","compelled","seek","election","given","privilege","serve","second","term","tucker","council","continue","working","team","complete","city","mindful","sound","policies","provide","workable","conscientious","road","future","councils","continue","part","council","establish","city","voters","intended","current","television","character","identify","character","identify","though","practice","become","cool","pressure","president","designated","survivor","website","email","michelle","facebook","michelle","tucker","city","council","district","special","elections","dekalb","county","suspension","homestead","option","sales","approval","homestead","option","sales","shall","homestead","option","sales","levied","regular","homestead","option","sales","suspended","within","special","district","within","dekalb","county","purposes","reducing","valorem","property","millage","rates","levied","county","municipal","governments","homestead","properties","unless","homestead","option","sales","special","purpose","local","option","sales","splost","approved","neither","sales","shall","become","effective","dekalb","county","special","purpose","local","option","sales","shall","special","percent","sales","imposed","special","district","dekalb","county","period","exceed","raising","estimated","amount","purpose","capital","projects","full","list","county","city","projects","found","ballot","https","sites","default","files","november","special","https","splost","dekalb","county","splost","dekalb","county","homestead","exemption","senate","bill","shall","approved","amends","homestead","exemption","certain","dekalb","county","valorem","taxes","county","purposes","amount","equal","amount","current","assessed","value","homestead","exceeds","base","assessed","value","homestead","extending","limitation","exemption"]}
