{"authors":[],"date_download":"2018-11-02 00:37:36","date_modify":"2018-11-02 00:37:36","date_publish":"2017-10-25 18:15:00","description":"The AJC asked candidates running in November's Gwinnett County elections to explain why you should vote for them.","filename":"2017VoterGuideGwinnettCounty_114.json","image_url":"https://www.ajc.com/rf/image_large/Pub/p8/AJC/2017/10/13/Images/newsEngin.20115113_Lilburn-City-Hall.jpg","language":"en","localpath":"2017VoterGuideGwinnettCounty_114.json","title":"2017 Voter Guide: Gwinnett County","title_page":"Election 2017 Georgia: Voter guide to Gwinnett County races","title_rss":"NULL","source_domain":"ajc.com","text":"asked candidates running next month city school municipal elections explain vote addition asking questions experience stand prominent issues asked candidates tell television character whom identify candidates stand important issues common batman berkeley lake special referendum election shall issuance licenses package sale distilled spirits approved braselton mayor name bill town council member seat name peggy slappey town council member seat name robert clark name hardy johnson hardy johnson residence chateau elan profession retired experience help office community involvement experience serves supports braselton medical center foundation cabinet campaign member braselton rotary club serves downtown development authority braselton promoting braselton great place live work play life experience native georgian born fitzgerald georgia eagle scout attended georgia state university night earning married wife donna children four grandchildren career experience president tarmac america florida responsible aspects business including employees concrete plants nine block plants largest cement plant east coast fifth largest aggregate facility edited length issue race growth braselton reasonable responsible orderly growth ensure police adequately trained properly equipped sufficiently staffed braselton government effective efficient infrastructure updated improve traffic situation current television character identify frank reagan blue bloods devotion family dogged dedication challenging responsibility website vote4hardy email hardybjohnson gmail buford city commissioner succeed chris burge chris burge name chris burge residence buford profession owner buford brake lube experience help office held seat position taken granted always stay citizens buford allow issue race love city buford generations generations strive triple excellence continue push city schools best everything current television character identify none relevance question email lcburge hotmail name gary ingram city commissioner succeed michael smith name bradley weeks bradley weeks residence buford profession real estate broker property management experience help office served city buford zoning board appeals five served gwinnett county housing authority issue race proud success buford having live great town sure buford continues direction current television character identify watch current television shows pick probably settlers trying alaska love outdoors working outdoors email bradwweeks hotmail board education succeed pirkle name pirkle board education succeed bruce fricks name bruce fricks dacula mayor name jimmy wilbanks jimmy wilbanks residence dacula profession retired state government experience help office nearly mayor public service georgia citizens issue race continuing service current television character identify identify character website electjimmywilbanks email jimmy wilbanks daculaga council member succeed donna barber peairs name donna barber peairs name daniel spain residence south dacula subdivision profession semi retired part queen hearts antiques experience help office fifty nine city dacula manufacturing leadership role issue race wanting citizens involved city operations current television character identify none email spaindrs4 bellsouth facebook danny spain council member succeed wendell holcombe name wendell holcombe duluth city council post name marsha bomar marsha bomar residence downtown duluth profession transportation engineer experience help office diverse background includes engineer planner multiple business owner extensive training municipal governance volunteer service including chairing united campaign twice elements background help effective service council extensive professional experience community engagement helps work people groups issue race serving projects conclusion current television character identify madame secretary strong strategic savvy character aspire email mbomar duluthga twitter streetsmartsmom facebook https facebook marsha bomar city council post name kirkland dion carden kirkland carden residence riverbrooke subdivision profession transportation planner georgia department transportation experience help office served community member duluth urban redevelopment authority zoning board appeals 2016 citizen budget review advisory committee experiences taught value listening sides analyzing problems finding effective solutions bring skills city council city planner robust knowledge city affairs local zoning codes development processes utilize knowledge elected city council issue race longtime resident city seen city grow become diverse believe city welcome diversity catalyst rather barrier personal capacity volunteered multiple efforts civic engagement fostering youth engagement government city becomes diverse forward thinking leadership strives meet unique needs residents believe experiences adequately qualify address challenges something edited length current television character identify rick grimes walking dead rick charge type takes care website https kirkland4duluth email kirk kirkland4duluth twitter https twitter kirkland_carden facebook https facebook kirkforduluth name james dugan dugan residence carriage gate profession retired experience help office incumbent already leadership decision making experience city government received certificate distinction award plus hours municipal training university georgia training makes valuable asset city ideas knowing bring ideas fruition analytical skills former project leader business analyst help look issues openly objectively determine actions taken obtain best outcome citizens issue race incumbent seeking election desire continue serving working duluth citizens providing positive leadership taking active role decision making processes help enable citizens enjoy community fullest pride calling duluth hometown involved ongoing downtown revitalization continue bring economic development duluth attracting businesses building city business partnerships promote local arts major attraction continue enhance infrastructures current television character identify kiefer sutherland designated survivor president kirkman politician serving country doing honest citizens preconceived agendas handles issue methodically email jdugan duluthga name louis tseng city council post name billy jones grayson mayor name allison wilkerson allison wilkerson residence windsor place profession real estate broker experience help office elected grayson city council 2001 became mayor 2014 served president gwinnett municipal association terms currently executive committee serve adviser grayson youth leadership program joint effort city grayson grayson high school issue race grayson growing continue cultivate smart growth current television character identify watch television email awilkerson cityofgrayson council member post name robert foreman foreman residence olde town grayson profession architect experience help office thirty plus founder owner architectural firm gwinnett licensed architect 2014 graduate gwinnett senior leadership currently serving chairman infrastructure served chairman management team mountain park baptist group bible study teacher deacon served olde town grayson home owners association board advisory council 1970 commissioned officer army reserves served gwinnett community rotary club duluth issue race grayson everything possible retain small town character charm avoid large commercial developments encourage appropriate land encourage quality residential development 2018 grayson updating comprehensive plan critical tool maintaining quality life grayson continue enhance town center area city park designed small commercial development railyard project encouraged current television character identify identify character fantasy believe mixed entertainment pretending news watch often home remodeling shows hgtv history channel national geographic website bobforgrayson email reached contact page listed site bobforgrayson facebook facebook robertcforeman name donald lawrence thrower donald thrower residence pine grove village profession regional operations manager experience help office different leadership rolls career listen people concerns without prejudice always learn everyone across emotions facts hand issue race particular issue something always intrigued feel offer citizens grayson good listener coupled able create ideas solutions given situation current television character identify dave kindig identify creativeness caring results council member post name linda jenkins linda jenkins residence middleton subdivision profession retired educator teaching gwinnett public schools experience help office previously served council late early lived grayson whole life feel residents city government issue race overseeing orderly growth grayson improving transportation issues making city beautiful place live work play current television character identify lilburn city council post name eddie price eddie price residence woodfall subdivision profession small business owner experience help office small business owner almost member lilburn business association twelve lilburn city council plus lilburn zoning board appeals credit hours municipal training mostly revitalization municipal procedures served lilburn downtown development authority plus contacts gwinnett cities county help partner move lilburn forward partnership built city hall library edited length issue race continue moving lilburn forward ongoing revitalization lilburn downtown area highway improve quality life continuing sidewalk initiative greenway trail improvements events park adding restaurants businesses current television character identify pride ncis orleans person puts others works others protect serve always pretty successful email eprice cityoflilburn name shabaka fletcher shabaka fletcher residence lilburn profession neurobehavioral counselor experience help office highly motivated goal oriented accomplishes results influences verses direct control analytical thinker ability conduct research data analysis resolve complex problems quickly issue race citizen protection current television character identify wonder women email shabakalilburn hotmail name philip phil holland phil holland residence hunter hill profession retired postmaster real estate investor experience help office gained wealth knowledge experience serving country community military federal civic charitable service strength ability communicate work diverse groups people achieve objectives budgeted managed directed small large workforces helped plan provided oversight small large real estate developments owned redeveloped operated successful business retail strip shopping center issue race issues race absence retail development fine dining family restaurants within city lilburn residents required travel neighboring cities progressive aggressive comes pursuing investors lack boutique shopping properly developed lilburn destination city lilburn needs fresh vision change leadership vision lilburn community unity diversity citizens lilburn place cities envy current television character identify frank reagan blue bloods randall pearson good love families family sunday dinner wife kids grandkids reflects reagan family characters strength website electphilipholland email phileh bellsouth twitter electpholland facebook electphilipholland city council post name dunn loganville mayor name donna jones name martinez martinez residence tara profession navy retired experience help office loganville council member vice mayor 2015 2016 loganville public safety chairman 2012 2017 loganville public works chairman 2011 2012 board member georgia equal opportunity commission 2015 present degree education issue race public safety transportation current television character identify watch television email reyforloganville bellsouth facebook reymartinez2017 city council vote name anne coles anne coles residence birchwood place profession entrepreneur small business consultant experience help office entrepreneur small business consultant helps business owners bookkeeping work people backgrounds varying income levels manage money resources experts professions rely input council member excel unifying teams greater purpose known candid credible conscientious clients always truth matter hard hear trusted clients edited length issue race business development city loganville enough places residents visitors shop work play people drive city somewhere else destination drive existing city loganville commissioner already working area business development city loganville urban redevelopment plan committee formed advise city ideas implement better downtown area current television character identify judge judy love calls baloney anyone seems unaffected political correctness treats everyone fairly website annecoles email anne annecoles facebook https facebook goannecoles name danny ford danny ford residence lake hodges landing profession retired experience help office managerial experience scientific atlanta lithonia lighting feel experience help planned growth keeping loganville track quality growth expansion served lake hodges landing president five appointed loganville planning commission served vice chairman issue race proposal apartments pushed politics lake hodges landing president along residents concerns impact traffic project eventually scrapped urge serve city born serving planning commission provided better understanding city government works unopposed unexpired term began serving great city current television character identify frank reagan blood bloods nonsense type website email dford loganville name mike jones name lisa newberry lisa newberry residence tara club estates profession senior account manager corporate experience help office work life experience includes leadership operations financial responsibilities civic life includes five consecutive volunteering loganville city events member loganville historical society proudly serve loganville planning zoning commission appointed position taught municipal ways city work civic experiences prepared serve city councilwoman issue race talk citizens concerns expensive water bills taxes traffic growth ongoing issues opportunity address addition city safety paramount public safety needs resources keep citizens safe equipment keep safe current television character identify reba mcentire television show reba reba successful career singing desired acting role courage follow dream succeed great example wanting something enough working hard email lisanewberry28 gmail twitter https twitter lisanewberry8 facebook https facebook lisa luffmannewberry name femi oduwole norcross mayor name craig newton craig newton residence langford drive norcross 30071 profession technical consultant experience help office business manager plus local world leading high tech analytical laboratory instrument manufacturing company understand best business practices seek bring strong business ethic city mayor belief city business citizens owner shareholder done compassion respect dedicated city employees issue race focus maintaining improving quality life norcross includes increasing economic viability protecting downtown expanding city center attracting high wage technically inclined businesses increased public safety utilizing technology increased community policing efforts sustainability parks natural resources historic character small town charm assets cities emulate preserved maintained continued strategic planning current television character identify though seldom watch sports excluded prefer reading entertainment researching latest news closest answer give judge mathis interaction myriad personalities colleagues often remind firm fair website norcrossga email cnewton395 gmail facebook craig newton council member hutcheson paul name hoyt hutcheson name chuck paul council member thompson watch name thad thompson thad thompson residence historic norcross profession financial advisor experience help office blessed grown norcross family history dating early 1800s deep connection given amazing outlook makes norcross amazing better business owner helps others reach financial success look forward helping maintain forecast balanced budget ensure community remains place imagine generations issue race norcross attract young families town feel serve ambassador city residents reality important folks ages call norcross home continue amazing place live generations community provided abundantly family look forward giving current television character identify alex trebek love meet people everyday website thadfornorcross email thad thadfornorcross facebook facebook thadfornorcross name daniel watch daniel watch residence norcross profession architect experience help office master degrees architecture city planning university pennsylvania beneficial community global leader laboratory design authored four books international design competitions inducted american institute architects fellow work includes advocating sustainability writing lecturing institutions educated thousands travel miles annually work developing countries issue race opportunity improve city norcross strong master plan community residents public servants business owners investors together create plan process include public meetings student presentations brainstorming sessions result dimensional virtual computer model together support thoughtful city planning including successful initiatives giving better definition future current television character identify identify phil dunphy modern family phil works hard chosen profession always makes sure family comes phil luke youngest daughter lucie humorous adventures email watch perkinswill twitter dwatch3 facebook watch norcross city council special elections inventory goods materials process manufacture production shall city norcross exempt valorem taxation inventory goods process manufacture production shall include partly finished goods materials held direct consumption ordinary course taxpayer manufacture production business state georgia exemption provided herein shall apply tangible personal property substantially modified altered changed ordinary course taxpayer manufacturing processing production operations state inventory finished goods manufactured produced state georgia shall city norcross exempt valorem taxation inventory finished goods manufactured produced within state georgia ordinary course taxpayer manufacturing production business held original manufacturer producer finished goods exemption provided herein shall period exceeding twelve months date property produced manufactured inventory finished goods transit final destination outside state georgia shall city norcross exempt valorem taxation inventory finished goods january stored warehouse dock wharf whether public private destined shipment final destination outside state georgia inventory finished goods shipped state georgia outside state stored transshipment final destination outside state exemption provided herein shall period exceeding twelve months date property stored state stock trade fulfillment center stored fulfillment center available remote purchasers purchases electronic internet telephonic remote means stock trade fulfillment center shipped fulfillment center delivered purchaser location location fulfillment center shall city norcross exempt valorem taxation stock trade fulfillment center january stored fulfillment center available remote purchasers purchases electronic internet telephonic remote means stock trade fulfillment center shipped fulfillment center delivered purchaser location location fulfillment center exemption provided paragraph shall period exceeding twelve months date property stored state period shall determined based application method accounting inventory peachtree corners city council post name eric christ eric christ residence neely farm profession business executive experience help office homeowner peachtree corners 1998 along wife daughters moved atlanta 1991 attend emory business school woodruff fellow received bachelors degree business georgetown university graduating emory worked senior manager five technology firms including mckesson corporation alpharetta currently president privately held health care software firm sandy springs served vice chairman peachtree corners zoning board appeals four issue race elected city council 2016 fill open seat representing district running election public service give community given wife wonderful environment work raise family enjoyed city council look forward serving residents district four support conservative budgeting appropriations process keeps expenses below revenue supports property edited length current television character identify running software company serving city council part leadership atlanta class 2018 keeping busy family leaves television website votechrist email votechrist gmail facebook https facebook votechrist city council post name jeanne aulbach jeanne aulbach residence avocet profession developer experience help office served peachtree corners city council five became city prior served peachtree corners promote cityhood participated georgia municipal association training program obtained certificate achievement requires hours training including least hours required list newly elected officials institute graduate leadership gwinnett class 2017 nine month program focusing gwinnet county services issues enhances relationships county officials issue race served city council city incorporated 2012 peachtree corners prior advocate cityhood progress work continue work ensure success city current television character identify watch enough answer question website jeanne4peachtreecorners email jeanne4peachtreecorners gmail facebook jeanne peachtree corners name luke crawford luke crawford residence river station profession marketing experience help office college started marketing media company taught great deal marketing business valuable skills prove beneficial city council position addition bring young blood city council millennial work hard attract millennials peachtree corners future issue race main issues race desire efficient dollars interest improving flow traffic passion stopping trafficking peachtree corners least strong belief limited small government current television character identify rarely watch pick movie choose benjamin martin patriot fearlessly dedicated family country kind perseverance inspirational website electcrawford email luke electcrawford twitter luke_a_crawford facebook https facebook electcrawford name joseph sawyer joseph sawyer residence meadow green profession alpha omega carpet cleaning experience help office business owner founder bridges peachtree corners army veteran pastor issue race sure people peachtree corners represented current television character identify kiefer sutherland designated survivor website citizenjoesawyer email citizenjoesawyer gmail twitter citizenjoe_ptc facebook citizenjoesawyer city council post name weare gratwick sugar hill mayor name steve edwards steve edwards residence secret cove profession sales experience help office elected 2003 master public administration unopposed issue race continue vision build downtown current television character identify hawkeye mash city council post name curtis northrup city council post name taylor anderson taylor anderson residence wild timber profession civil engineer small business owner experience help office served several leadership positions sugar hill gwinnett county currently serve chairman sugar hill downtown development authority partnership city working bring hundreds millions dollars investment downtown serve chair goal partnership gwinnett chairman gwinnett development advisory committee owner blue landworks civil engineering land surveying company issue race leadership city growing quickly development happening downtown transformational period city city point life city growth benefit someone experience infrastructure economic development making strategic decisions business owner current television character identify watch television seen aren aspirational leaders current television character identify captain jean picard star trek next generation website tayloranderson email tayloranderson twitter twitter tayloranderson facebook facebook taylorforsugarhill name joshua mantz suwanee city council post name linnea miller linnea miller residence ruby forest profession education experience help office lived suwanee almost participation leadership roles behalf city programs gwinnett chamber north gwinnett schools association community centric entities organizations provided real life experience developing fostering insights relationships necessary accomplish contribute creating maintaining thriving healthy inclusive community issue race passionate creating healthy community citizens visitors businesses thrive role councilwoman dedicated myself making sure community safe fiscally responsible intentionally planned culturally engaging current television character identify watch often identify oprah passion wholehearted living celebrates good happening world people doing provides tools help people become better version themselves email linnea forsuwanee facebook linnea miller suwanee name paquita wright paquita wright residence suwanee profession real estate investor experience help office residential commercial real estate development contract negotiations profit nonprofit entities strong ties education community business owner great wife outstanding mother uniquely talented find opportunities community business owners employment base parents aspiring children issue race land issues wanting suwanee continue thrive place enjoy raising families embracing senior community changing demographics halting high density housing projects current television character identify hard question myself mellie grant rainbow johnson high drive success embrace strength women passionate everything touch matter family website https linkedin paquitamorrissphr email pwright4council gmail facebook https facebook pwright4council city council post name briggs briggs residence barrington estates profession engineer experience help office former school board manchester taxpayer parent engineer math determine development proposals negative issue race excessive rapid high density residential development threatens change rural character quality life property values suwanee developers taken creating traffic crowded schools suwanee rosswell current television character identify tucker carlson email jbriggsnh gmail facebook joebriggssuwanee name beth hilscher beth hilscher residence westbrook road profession attorney experience help office lived suwanee became known best places nation live raise family understand importance managing positive growth providing excellent services remaining fiscally prudent actively engaged operate practice heart downtown suwanee work serve neighbors provides valuable insights community desires expectations issue race proud suwanee accomplishments wish continue ensure suwanee remains wonderful place live work suwanee already wins awards excellence management planning vibrant events transparent budgeting trained police force maintaining triple bond rating wish continue work team leads governing innovation smart progress ethical community engagement current television character identify perhaps ironically enjoy watching development character beth strong professional woman steadfast love commitment family demonstrates compassion people messy leads email votebethhilscher gmail facebook beth hilscher suwanee city council city council post name foster foster residence forest plantation stone ridge profession verizon architect experience help office served council member board five issue race continue serve community current television character identify ronald regan website danfostersuwanee email fost1dan gmail twitter fost1dan facebook danfostersuwanee name john kantor","url":"https://www.ajc.com/news/local-govt--politics/2017-voter-guide-gwinnett-county/r27GpvjNKPmkJeqbylWPtL/","polarityScore":{"sourceTitle":"Atlanta Journal-Constitution","allSidesBias":"left-center","communityAgree":"561","communityDisagree":"580","sourceUrl":"http://www.ajc.com/ "},"processedText":["asked","candidates","running","next","month","city","school","municipal","elections","explain","vote","addition","asking","questions","experience","stand","prominent","issues","asked","candidates","tell","television","character","whom","identify","candidates","stand","important","issues","common","batman","berkeley","lake","special","referendum","election","shall","issuance","licenses","package","sale","distilled","spirits","approved","mayor","name","bill","town","council","member","seat","name","peggy","town","council","member","seat","name","robert","clark","name","hardy","johnson","hardy","johnson","residence","profession","retired","experience","help","office","community","involvement","experience","serves","supports","medical","center","foundation","cabinet","campaign","member","club","serves","downtown","development","authority","promoting","great","place","live","work","play","life","experience","native","born","fitzgerald","georgia","eagle","scout","attended","georgia","state","university","night","earning","married","wife","donna","children","four","grandchildren","career","experience","president","tarmac","america","florida","responsible","aspects","business","including","employees","concrete","plants","nine","block","plants","largest","cement","plant","east","coast","fifth","largest","aggregate","facility","edited","length","issue","race","growth","reasonable","responsible","orderly","growth","ensure","police","adequately","trained","properly","equipped","sufficiently","staffed","government","effective","efficient","infrastructure","updated","improve","traffic","situation","current","television","character","identify","frank","reagan","blue","devotion","family","dedication","challenging","responsibility","website","email","gmail","buford","city","commissioner","succeed","chris","chris","name","chris","residence","buford","profession","owner","buford","experience","help","office","held","seat","position","taken","granted","always","stay","citizens","buford","allow","issue","race","love","city","buford","generations","generations","strive","triple","excellence","continue","push","city","schools","best","everything","current","television","character","identify","none","relevance","question","email","name","gary","ingram","city","commissioner","succeed","michael","smith","name","bradley","weeks","bradley","weeks","residence","buford","profession","real","estate","broker","property","management","experience","help","office","served","city","buford","zoning","board","appeals","five","served","gwinnett","county","housing","authority","issue","race","proud","success","buford","having","live","great","town","sure","buford","continues","direction","current","television","character","identify","watch","current","television","shows","pick","probably","settlers","trying","alaska","love","outdoors","working","outdoors","email","board","education","succeed","name","board","education","succeed","bruce","name","bruce","mayor","name","jimmy","jimmy","residence","profession","retired","state","government","experience","help","office","nearly","mayor","public","service","georgia","citizens","issue","race","continuing","service","current","television","character","identify","identify","character","website","email","jimmy","council","member","succeed","donna","barber","name","donna","barber","name","daniel","spain","residence","south","subdivision","profession","semi","retired","part","queen","hearts","experience","help","office","fifty","nine","city","manufacturing","leadership","role","issue","race","wanting","citizens","involved","city","operations","current","television","character","identify","none","email","facebook","danny","spain","council","member","succeed","wendell","name","wendell","duluth","city","council","post","name","marsha","marsha","residence","downtown","duluth","profession","transportation","engineer","experience","help","office","diverse","background","includes","engineer","planner","multiple","business","owner","extensive","training","municipal","governance","volunteer","service","including","chairing","united","campaign","twice","elements","background","help","effective","service","council","extensive","professional","experience","community","engagement","helps","work","people","groups","issue","race","serving","projects","conclusion","current","television","character","identify","madame","secretary","strong","strategic","savvy","character","aspire","email","twitter","facebook","https","facebook","marsha","city","council","post","name","dion","residence","subdivision","profession","transportation","planner","georgia","department","transportation","experience","help","office","served","community","member","duluth","urban","redevelopment","authority","zoning","board","appeals","2016","citizen","budget","review","advisory","committee","experiences","taught","value","listening","sides","analyzing","problems","finding","effective","solutions","bring","skills","city","council","city","planner","robust","knowledge","city","affairs","local","zoning","codes","development","processes","utilize","knowledge","elected","city","council","issue","race","longtime","resident","city","seen","city","grow","become","diverse","believe","city","welcome","diversity","catalyst","rather","barrier","personal","capacity","volunteered","multiple","efforts","civic","engagement","fostering","youth","engagement","government","city","becomes","diverse","forward","thinking","leadership","strives","meet","unique","needs","residents","believe","experiences","adequately","qualify","address","challenges","something","edited","length","current","television","character","identify","rick","grimes","walking","dead","rick","charge","type","takes","care","website","https","email","kirk","twitter","https","twitter","facebook","https","facebook","name","james","residence","carriage","gate","profession","retired","experience","help","office","incumbent","already","leadership","decision","making","experience","city","government","received","certificate","distinction","award","plus","hours","municipal","training","university","georgia","training","makes","valuable","asset","city","ideas","knowing","bring","ideas","fruition","analytical","skills","former","project","leader","business","analyst","help","look","issues","openly","objectively","determine","actions","taken","obtain","best","outcome","citizens","issue","race","incumbent","seeking","election","desire","continue","serving","working","duluth","citizens","providing","positive","leadership","taking","active","role","decision","making","processes","help","enable","citizens","enjoy","community","pride","calling","duluth","hometown","involved","ongoing","downtown","revitalization","continue","bring","economic","development","duluth","attracting","businesses","building","city","business","partnerships","promote","local","arts","major","attraction","continue","enhance","current","television","character","identify","sutherland","designated","survivor","president","politician","serving","country","doing","honest","citizens","agendas","handles","issue","email","name","louis","city","council","post","name","billy","jones","grayson","mayor","name","allison","allison","residence","windsor","place","profession","real","estate","broker","experience","help","office","elected","grayson","city","council","2001","became","mayor","2014","served","president","gwinnett","municipal","association","terms","currently","executive","committee","serve","adviser","grayson","youth","leadership","program","joint","effort","city","grayson","grayson","high","school","issue","race","grayson","growing","continue","cultivate","smart","growth","current","television","character","identify","watch","television","email","council","member","post","name","robert","foreman","foreman","residence","olde","town","grayson","profession","architect","experience","help","office","thirty","plus","founder","owner","architectural","firm","gwinnett","licensed","architect","2014","graduate","gwinnett","senior","leadership","currently","serving","chairman","infrastructure","served","chairman","management","team","mountain","park","baptist","group","bible","study","teacher","deacon","served","olde","town","grayson","home","owners","association","board","advisory","council","1970","commissioned","officer","army","reserves","served","gwinnett","community","club","duluth","issue","race","grayson","everything","possible","retain","small","town","character","charm","avoid","large","commercial","developments","encourage","appropriate","land","encourage","quality","residential","development","2018","grayson","updating","comprehensive","plan","critical","tool","maintaining","quality","life","grayson","continue","enhance","town","center","area","city","park","designed","small","commercial","development","project","encouraged","current","television","character","identify","identify","character","fantasy","believe","mixed","entertainment","pretending","news","watch","often","home","shows","hgtv","history","channel","national","geographic","website","email","reached","contact","page","listed","site","facebook","facebook","name","donald","lawrence","donald","residence","pine","grove","village","profession","regional","operations","manager","experience","help","office","different","leadership","rolls","career","listen","people","concerns","without","prejudice","always","learn","everyone","across","emotions","facts","hand","issue","race","particular","issue","something","always","intrigued","feel","offer","citizens","grayson","good","listener","coupled","able","create","ideas","solutions","given","situation","current","television","character","identify","dave","identify","caring","results","council","member","post","name","linda","jenkins","linda","jenkins","residence","middleton","subdivision","profession","retired","educator","teaching","gwinnett","public","schools","experience","help","office","previously","served","council","late","early","lived","grayson","whole","life","feel","residents","city","government","issue","race","overseeing","orderly","growth","grayson","improving","transportation","issues","making","city","beautiful","place","live","work","play","current","television","character","identify","lilburn","city","council","post","name","eddie","price","eddie","price","residence","subdivision","profession","small","business","owner","experience","help","office","small","business","owner","almost","member","lilburn","business","association","twelve","lilburn","city","council","plus","lilburn","zoning","board","appeals","credit","hours","municipal","training","mostly","revitalization","municipal","procedures","served","lilburn","downtown","development","authority","plus","contacts","gwinnett","cities","county","help","partner","move","lilburn","forward","partnership","built","city","hall","library","edited","length","issue","race","continue","moving","lilburn","forward","ongoing","revitalization","lilburn","downtown","area","highway","improve","quality","life","continuing","sidewalk","initiative","trail","improvements","events","park","adding","restaurants","businesses","current","television","character","identify","pride","orleans","person","puts","others","works","others","protect","serve","always","pretty","successful","email","name","fletcher","fletcher","residence","lilburn","profession","counselor","experience","help","office","highly","motivated","goal","oriented","results","influences","verses","direct","control","analytical","thinker","ability","conduct","research","data","analysis","resolve","complex","problems","quickly","issue","race","citizen","protection","current","television","character","identify","wonder","women","email","name","philip","phil","holland","phil","holland","residence","hunter","hill","profession","retired","real","estate","investor","experience","help","office","gained","wealth","knowledge","experience","serving","country","community","military","federal","civic","charitable","service","strength","ability","communicate","work","diverse","groups","people","achieve","objectives","managed","directed","small","large","helped","plan","provided","oversight","small","large","real","estate","developments","owned","operated","successful","business","retail","strip","shopping","center","issue","race","issues","race","absence","retail","development","fine","dining","family","restaurants","within","city","lilburn","residents","required","travel","neighboring","cities","progressive","aggressive","comes","pursuing","investors","lack","boutique","shopping","properly","developed","lilburn","destination","city","lilburn","needs","fresh","vision","change","leadership","vision","lilburn","community","unity","diversity","citizens","lilburn","place","cities","envy","current","television","character","identify","frank","reagan","blue","randall","pearson","good","love","families","family","sunday","dinner","wife","kids","reflects","reagan","family","characters","strength","website","email","twitter","facebook","city","council","post","name","dunn","loganville","mayor","name","donna","jones","name","martinez","martinez","residence","tara","profession","navy","retired","experience","help","office","loganville","council","member","vice","mayor","2015","2016","loganville","public","safety","chairman","2012","2017","loganville","public","works","chairman","2011","2012","board","member","georgia","equal","opportunity","commission","2015","present","degree","education","issue","race","public","safety","transportation","current","television","character","identify","watch","television","email","facebook","city","council","vote","name","anne","anne","residence","place","profession","entrepreneur","small","business","consultant","experience","help","office","entrepreneur","small","business","consultant","helps","business","owners","work","people","backgrounds","varying","income","levels","manage","money","resources","experts","professions","rely","input","council","member","excel","unifying","teams","greater","purpose","known","candid","credible","conscientious","clients","always","truth","matter","hard","hear","trusted","clients","edited","length","issue","race","business","development","city","loganville","enough","places","residents","visitors","shop","work","play","people","drive","city","somewhere","else","destination","drive","existing","city","loganville","commissioner","already","working","area","business","development","city","loganville","urban","redevelopment","plan","committee","formed","advise","city","ideas","implement","better","downtown","area","current","television","character","identify","judge","judy","love","calls","anyone","seems","unaffected","political","correctness","treats","everyone","fairly","website","email","anne","facebook","https","facebook","name","danny","ford","danny","ford","residence","lake","hodges","landing","profession","retired","experience","help","office","experience","scientific","atlanta","lithonia","lighting","feel","experience","help","planned","growth","keeping","loganville","track","quality","growth","expansion","served","lake","hodges","landing","president","five","appointed","loganville","planning","commission","served","vice","chairman","issue","race","proposal","apartments","pushed","politics","lake","hodges","landing","president","along","residents","concerns","impact","traffic","project","eventually","scrapped","urge","serve","city","born","serving","planning","commission","provided","better","understanding","city","government","works","unopposed","term","began","serving","great","city","current","television","character","identify","frank","reagan","blood","nonsense","type","website","email","loganville","name","mike","jones","name","lisa","lisa","residence","tara","club","estates","profession","senior","account","manager","corporate","experience","help","office","work","life","experience","includes","leadership","operations","financial","responsibilities","civic","life","includes","five","consecutive","volunteering","loganville","city","events","member","loganville","historical","society","proudly","serve","loganville","planning","zoning","commission","appointed","position","taught","municipal","ways","city","work","civic","experiences","prepared","serve","city","councilwoman","issue","race","talk","citizens","concerns","expensive","water","bills","taxes","traffic","growth","ongoing","issues","opportunity","address","addition","city","safety","paramount","public","safety","needs","resources","keep","citizens","safe","equipment","keep","safe","current","television","character","identify","television","show","successful","career","singing","desired","acting","role","courage","follow","dream","succeed","great","example","wanting","something","enough","working","hard","email","gmail","twitter","https","twitter","facebook","https","facebook","lisa","name","norcross","mayor","name","craig","newton","craig","newton","residence","drive","norcross","profession","technical","consultant","experience","help","office","business","manager","plus","local","world","leading","high","tech","analytical","laboratory","instrument","manufacturing","company","understand","best","business","practices","seek","bring","strong","business","ethic","city","mayor","belief","city","business","citizens","owner","shareholder","done","compassion","respect","dedicated","city","employees","issue","race","focus","maintaining","improving","quality","life","norcross","includes","increasing","economic","viability","protecting","downtown","expanding","city","center","attracting","high","wage","technically","inclined","businesses","increased","public","safety","utilizing","technology","increased","community","policing","efforts","sustainability","parks","natural","resources","historic","character","small","town","charm","assets","cities","emulate","preserved","maintained","continued","strategic","planning","current","television","character","identify","though","seldom","watch","sports","excluded","prefer","reading","entertainment","researching","latest","news","closest","answer","give","judge","interaction","myriad","personalities","colleagues","often","remind","firm","fair","website","email","gmail","facebook","craig","newton","council","member","paul","name","name","chuck","paul","council","member","thompson","watch","name","thad","thompson","thad","thompson","residence","historic","norcross","profession","financial","advisor","experience","help","office","blessed","grown","norcross","family","history","dating","early","1800s","deep","connection","given","amazing","outlook","makes","norcross","amazing","better","business","owner","helps","others","reach","financial","success","look","forward","helping","maintain","forecast","balanced","budget","ensure","community","remains","place","imagine","generations","issue","race","norcross","attract","young","families","town","feel","serve","ambassador","city","residents","reality","important","folks","ages","call","norcross","home","continue","amazing","place","live","generations","community","provided","abundantly","family","look","forward","giving","current","television","character","identify","alex","love","meet","people","everyday","website","email","thad","facebook","facebook","name","daniel","watch","daniel","watch","residence","norcross","profession","architect","experience","help","office","master","degrees","architecture","city","planning","university","pennsylvania","beneficial","community","global","leader","laboratory","design","authored","four","books","international","design","competitions","inducted","american","institute","architects","fellow","work","includes","advocating","sustainability","writing","institutions","educated","thousands","travel","miles","annually","work","developing","countries","issue","race","opportunity","improve","city","norcross","strong","master","plan","community","residents","public","servants","business","owners","investors","together","create","plan","process","include","public","meetings","student","presentations","sessions","result","dimensional","virtual","computer","model","together","support","thoughtful","city","planning","including","successful","initiatives","giving","better","definition","future","current","television","character","identify","identify","phil","modern","family","phil","works","hard","chosen","profession","always","makes","sure","family","comes","phil","luke","youngest","daughter","humorous","adventures","email","watch","twitter","facebook","watch","norcross","city","council","special","elections","inventory","goods","materials","process","manufacture","production","shall","city","norcross","exempt","valorem","taxation","inventory","goods","process","manufacture","production","shall","include","partly","finished","goods","materials","held","direct","consumption","ordinary","course","taxpayer","manufacture","production","business","state","georgia","exemption","provided","herein","shall","apply","tangible","personal","property","substantially","modified","altered","changed","ordinary","course","taxpayer","manufacturing","processing","production","operations","state","inventory","finished","goods","manufactured","produced","state","georgia","shall","city","norcross","exempt","valorem","taxation","inventory","finished","goods","manufactured","produced","within","state","georgia","ordinary","course","taxpayer","manufacturing","production","business","held","original","manufacturer","producer","finished","goods","exemption","provided","herein","shall","period","exceeding","twelve","months","date","property","produced","manufactured","inventory","finished","goods","transit","final","destination","outside","state","georgia","shall","city","norcross","exempt","valorem","taxation","inventory","finished","goods","january","stored","warehouse","dock","wharf","whether","public","private","destined","final","destination","outside","state","georgia","inventory","finished","goods","shipped","state","georgia","outside","state","stored","final","destination","outside","state","exemption","provided","herein","shall","period","exceeding","twelve","months","date","property","stored","state","stock","trade","fulfillment","center","stored","fulfillment","center","available","remote","purchasers","purchases","electronic","internet","remote","means","stock","trade","fulfillment","center","shipped","fulfillment","center","delivered","location","location","fulfillment","center","shall","city","norcross","exempt","valorem","taxation","stock","trade","fulfillment","center","january","stored","fulfillment","center","available","remote","purchasers","purchases","electronic","internet","remote","means","stock","trade","fulfillment","center","shipped","fulfillment","center","delivered","location","location","fulfillment","center","exemption","provided","paragraph","shall","period","exceeding","twelve","months","date","property","stored","state","period","shall","determined","based","application","method","accounting","inventory","peachtree","corners","city","council","post","name","eric","christ","eric","christ","residence","farm","profession","business","executive","experience","help","office","homeowner","peachtree","corners","1998","along","wife","daughters","moved","atlanta","1991","attend","emory","business","school","woodruff","fellow","received","degree","business","georgetown","university","graduating","emory","worked","senior","manager","five","technology","firms","including","corporation","alpharetta","currently","president","privately","held","health","care","software","firm","sandy","springs","served","vice","chairman","peachtree","corners","zoning","board","appeals","four","issue","race","elected","city","council","2016","fill","open","seat","representing","district","running","election","public","service","give","community","given","wife","wonderful","environment","work","raise","family","enjoyed","city","council","look","forward","serving","residents","district","four","support","conservative","budgeting","appropriations","process","keeps","expenses","below","revenue","supports","property","edited","length","current","television","character","identify","running","software","company","serving","city","council","part","leadership","atlanta","class","2018","keeping","busy","family","leaves","television","website","email","gmail","facebook","https","facebook","city","council","post","name","jeanne","jeanne","residence","profession","developer","experience","help","office","served","peachtree","corners","city","council","five","became","city","prior","served","peachtree","corners","promote","cityhood","participated","georgia","municipal","association","training","program","obtained","certificate","achievement","requires","hours","training","including","least","hours","required","list","newly","elected","officials","institute","graduate","leadership","gwinnett","class","2017","nine","month","program","focusing","county","services","issues","enhances","relationships","county","officials","issue","race","served","city","council","city","incorporated","2012","peachtree","corners","prior","advocate","cityhood","progress","work","continue","work","ensure","success","city","current","television","character","identify","watch","enough","answer","question","website","email","gmail","facebook","jeanne","peachtree","corners","name","luke","crawford","luke","crawford","residence","river","station","profession","marketing","experience","help","office","college","started","marketing","media","company","taught","great","deal","marketing","business","valuable","skills","prove","beneficial","city","council","position","addition","bring","young","blood","city","council","millennial","work","hard","attract","millennials","peachtree","corners","future","issue","race","main","issues","race","desire","efficient","dollars","interest","improving","flow","traffic","passion","stopping","trafficking","peachtree","corners","least","strong","belief","limited","small","government","current","television","character","identify","rarely","watch","pick","movie","choose","benjamin","martin","patriot","dedicated","family","country","kind","perseverance","inspirational","website","email","luke","twitter","facebook","https","facebook","name","joseph","sawyer","joseph","sawyer","residence","green","profession","alpha","omega","carpet","cleaning","experience","help","office","business","owner","founder","bridges","peachtree","corners","army","veteran","pastor","issue","race","sure","people","peachtree","corners","represented","current","television","character","identify","sutherland","designated","survivor","website","email","gmail","twitter","facebook","city","council","post","name","sugar","hill","mayor","name","steve","edwards","steve","edwards","residence","secret","cove","profession","sales","experience","help","office","elected","2003","master","public","administration","unopposed","issue","race","continue","vision","build","downtown","current","television","character","identify","mash","city","council","post","name","curtis","city","council","post","name","taylor","anderson","taylor","anderson","residence","wild","timber","profession","civil","engineer","small","business","owner","experience","help","office","served","several","leadership","positions","sugar","hill","gwinnett","county","currently","serve","chairman","sugar","hill","downtown","development","authority","partnership","city","working","bring","hundreds","millions","dollars","investment","downtown","serve","chair","goal","partnership","gwinnett","chairman","gwinnett","development","advisory","committee","owner","blue","civil","engineering","land","surveying","company","issue","race","leadership","city","growing","quickly","development","happening","downtown","transformational","period","city","city","point","life","city","growth","benefit","someone","experience","infrastructure","economic","development","making","strategic","decisions","business","owner","current","television","character","identify","watch","television","seen","aren","aspirational","leaders","current","television","character","identify","captain","jean","star","trek","next","generation","website","email","twitter","twitter","facebook","facebook","name","joshua","suwanee","city","council","post","name","miller","miller","residence","ruby","forest","profession","education","experience","help","office","lived","suwanee","almost","participation","leadership","roles","behalf","city","programs","gwinnett","chamber","north","gwinnett","schools","association","community","centric","entities","organizations","provided","real","life","experience","developing","fostering","insights","relationships","necessary","accomplish","contribute","creating","maintaining","thriving","healthy","inclusive","community","issue","race","passionate","creating","healthy","community","citizens","visitors","businesses","thrive","role","councilwoman","dedicated","myself","making","sure","community","safe","fiscally","responsible","intentionally","planned","culturally","engaging","current","television","character","identify","watch","often","identify","oprah","passion","living","celebrates","good","happening","world","people","doing","provides","tools","help","people","become","better","version","themselves","email","facebook","miller","suwanee","name","wright","wright","residence","suwanee","profession","real","estate","investor","experience","help","office","residential","commercial","real","estate","development","contract","negotiations","profit","nonprofit","entities","strong","ties","education","community","business","owner","great","wife","outstanding","mother","uniquely","talented","find","opportunities","community","business","owners","employment","base","parents","aspiring","children","issue","race","land","issues","wanting","suwanee","continue","thrive","place","enjoy","raising","families","embracing","senior","community","changing","demographics","halting","high","density","housing","projects","current","television","character","identify","hard","question","myself","grant","rainbow","johnson","high","drive","success","embrace","strength","women","passionate","everything","touch","matter","family","website","https","linkedin","email","gmail","facebook","https","facebook","city","council","post","name","residence","estates","profession","engineer","experience","help","office","former","school","board","manchester","taxpayer","parent","engineer","math","determine","development","proposals","negative","issue","race","excessive","rapid","high","density","residential","development","threatens","change","rural","character","quality","life","property","values","suwanee","developers","taken","creating","traffic","crowded","schools","suwanee","current","television","character","identify","tucker","carlson","email","gmail","facebook","name","beth","beth","residence","westbrook","road","profession","attorney","experience","help","office","lived","suwanee","became","known","best","places","nation","live","raise","family","understand","importance","managing","positive","growth","providing","excellent","services","remaining","fiscally","prudent","actively","engaged","operate","practice","heart","downtown","suwanee","work","serve","neighbors","provides","valuable","insights","community","desires","expectations","issue","race","proud","suwanee","accomplishments","wish","continue","ensure","suwanee","remains","wonderful","place","live","work","suwanee","already","wins","awards","excellence","management","planning","vibrant","events","transparent","budgeting","trained","police","force","maintaining","triple","bond","rating","wish","continue","work","team","leads","governing","innovation","smart","progress","ethical","community","engagement","current","television","character","identify","perhaps","ironically","enjoy","watching","development","character","beth","strong","professional","woman","steadfast","love","commitment","family","demonstrates","compassion","people","messy","leads","email","gmail","facebook","beth","suwanee","city","council","city","council","post","name","foster","foster","residence","forest","plantation","stone","ridge","profession","verizon","architect","experience","help","office","served","council","member","board","five","issue","race","continue","serve","community","current","television","character","identify","ronald","website","email","gmail","twitter","facebook","name","john"]}
