{"authors":[],"date_download":"2018-11-02 15:08:53","date_modify":"2018-11-02 15:08:53","date_publish":"2017-06-01 11:00:00","description":"This is the schedule of college football bowl games dates and TV times leading up the championship game (All times Eastern)","filename":"201718collegefootballbowlschedule_109.json","image_url":"https://www.ajc.com/rf/image_large/Pub/p8/AJC/2017/12/08/Videos/4245763.vpx.jpg","language":"en","localpath":"201718collegefootballbowlschedule_109.json","title":"2017-18 college football bowl schedule","title_page":"2017-18 College football bowl times, TV schedule","title_rss":"NULL","source_domain":"ajc.com","text":"2017 college football champion decided atlanta college football playoff championship game 2018 mercedes benz stadium schedule college football bowl games dates times leading championship game times eastern saturday 2017 celebration bowl noon north carolina grambling state atlanta orleans bowl espn troy north texas orleans cure bowl cbssn georgia state western kentucky orlando vegas bowl oregon boise state vegas mexico bowl espn marshall colorado state albuquerque camellia bowl espn middle tennessee arkansas state montgomery tuesday boca raton bowl espn akron florida atlantic boca raton wednesday frisco bowl espn louisiana tech frisco texas thursday gasparilla bowl espn temple florida international peterburg friday bahamas bowl espn ohio nassau bahamas potato bowl espn wyoming central michigan boise idaho saturday birmingham bowl noon espn texas state south florida birmingham armed forces bowl espn army diego state fort worth texas dollar general bowl espn appalachian state toledo mobile sunday hawaii bowl espn fresno state houston honolulu hawaii tuesday heart dallas bowl espn utah west virginia dallas quick lane bowl espn duke northern illinois detriot cactus bowl espn kansas state ucla phoenix wednesday independence bowl espn florida state southern miss shreveport pinstripe bowl espn boston college iowa bronx texas bowl espn texas missouri houston thursday military bowl espn virginia navy annapolis camping world bowl espn oklahoma state virginia tech orlando foster farms bowl arizona purdue santa clara calif alamo bowl espn stanford antonio texas holiday bowl michigan state washington state diego friday belk bowl espn wake forest texas charlotte bowl state arizona state paso texas music city bowl espn kentucky northwestern nashville arizona bowl cbssn utah state mexico state tucson ariz cotton bowl espn ohio state arlington texas saturday taxslayer bowl noon espn louisville mississippi state jacksonville liberty bowl iowa state memphis memphis tenn fiesta bowl espn washington penn state glendale ariz orange bowl espn wisconsin miami miami gardens monday 2018 outback bowl noon espn2 michigan south carolina tampa chick peach bowl espn auburn atlanta citrus bowl notre dame orlando rose bowl college football playoff espn oklahoma georgia pasadena calif sugar bowl college football playoff espn clemson alabama orleans college football playoff national championship trophy presented atlanta season kevin getty images monday college football playoff national championship espn semifinal winner semifinal winner atlanta","url":"https://www.ajc.com/sports/college/2017-college-football-bowl-schedule/drOgkWL4Akk64cHaG990sI/","polarityScore":{"sourceTitle":"Atlanta Journal-Constitution","allSidesBias":"left-center","communityAgree":"561","communityDisagree":"580","sourceUrl":"http://www.ajc.com/ "},"processedText":["2017","college","football","champion","decided","atlanta","college","football","playoff","championship","game","2018","mercedes","benz","stadium","schedule","college","football","bowl","games","dates","times","leading","championship","game","times","eastern","saturday","2017","celebration","bowl","noon","north","carolina","state","atlanta","orleans","bowl","espn","troy","north","texas","orleans","cure","bowl","georgia","state","western","kentucky","orlando","vegas","bowl","oregon","state","vegas","mexico","bowl","espn","marshall","colorado","state","albuquerque","bowl","espn","middle","tennessee","arkansas","state","montgomery","tuesday","boca","raton","bowl","espn","akron","florida","atlantic","boca","raton","wednesday","frisco","bowl","espn","louisiana","tech","frisco","texas","thursday","bowl","espn","temple","florida","international","friday","bahamas","bowl","espn","ohio","bahamas","potato","bowl","espn","wyoming","central","michigan","idaho","saturday","birmingham","bowl","noon","espn","texas","state","south","florida","birmingham","armed","forces","bowl","espn","army","diego","state","fort","worth","texas","dollar","general","bowl","espn","appalachian","state","toledo","mobile","sunday","hawaii","bowl","espn","fresno","state","houston","honolulu","hawaii","tuesday","heart","dallas","bowl","espn","utah","west","virginia","dallas","quick","lane","bowl","espn","duke","northern","illinois","cactus","bowl","espn","kansas","state","ucla","phoenix","wednesday","independence","bowl","espn","florida","state","southern","miss","bowl","espn","boston","college","iowa","bronx","texas","bowl","espn","texas","missouri","houston","thursday","military","bowl","espn","virginia","navy","annapolis","camping","world","bowl","espn","oklahoma","state","virginia","tech","orlando","foster","farms","bowl","arizona","purdue","santa","clara","calif","bowl","espn","stanford","antonio","texas","holiday","bowl","michigan","state","washington","state","diego","friday","bowl","espn","wake","forest","texas","charlotte","bowl","state","arizona","state","paso","texas","music","city","bowl","espn","kentucky","northwestern","nashville","arizona","bowl","utah","state","mexico","state","tucson","ariz","cotton","bowl","espn","ohio","state","arlington","texas","saturday","bowl","noon","espn","louisville","mississippi","state","jacksonville","liberty","bowl","iowa","state","memphis","memphis","tenn","fiesta","bowl","espn","washington","penn","state","glendale","ariz","orange","bowl","espn","wisconsin","miami","miami","gardens","monday","2018","bowl","noon","michigan","south","carolina","tampa","chick","peach","bowl","espn","auburn","atlanta","citrus","bowl","notre","dame","orlando","rose","bowl","college","football","playoff","espn","oklahoma","georgia","pasadena","calif","sugar","bowl","college","football","playoff","espn","clemson","alabama","orleans","college","football","playoff","national","championship","trophy","presented","atlanta","season","kevin","getty","images","monday","college","football","playoff","national","championship","espn","winner","winner","atlanta"]}
