{"authors":["Sarah Friedmann"],"date_download":"2018-10-31 01:21:39","date_modify":"2018-10-31 01:21:39","date_publish":"2018-10-17 05:24:45","description":"As midterm elections draw nearer, 2018 midterm fundraising numbers suggest Democrats may have an edge over Republicans in a host of key races. As USA Today reported, Democratic candidates have recently significantly out-raised Republican contenders…","filename":"2018MidtermFundraisingNumbersSuggestDemocratsCouldHaveAnEdgeInTheseRaces_116.json","image_url":"https://imgix.bustle.com/uploads/getty/2018/10/17/cb9b172f-03aa-4728-b70c-8e73cea6feff-getty-630956742.jpg?w=1200&h=630&q=70&fit=crop&crop=faces&fm=jpg","language":"en","localpath":"2018MidtermFundraisingNumbersSuggestDemocratsCouldHaveAnEdgeInTheseRaces_116.json","title":"2018 Midterm Fundraising Numbers Suggest Democrats Could Have An Edge In These Races","title_page":"2018 Midterm Fundraising Numbers Suggest Democrats Could Have An Edge In These Races","title_rss":"NULL","source_domain":"bustle.com","text":"midterm elections draw nearer 2018 midterm fundraising numbers suggest democrats edge republicans host races today reported democratic candidates recently significantly raised republican contenders house races viewed tossups parties potentially increasing chance democratic victory today further broke down fundraising numbers illustrate vast fundraising disparity parties outlet reported aforementioned house races democratic candidates fundraising month period times republican candidates fundraising difference especially notable considering republicans incumbents races historically incumbents likely elections washington post explained politico reported republican fundraisers aware financing disparity strategizing counter possible spain former national republican congressional committee staffer touched topic outlet saying democratic fundraising surge emblematic intensity seen mounting thing nrcc national republican congressional committee outside groups point currently doing consolidate resources bait unwinnable districts build firewall hopefully hold election york times reported democratic candidates outpaced republicans fundraising recent months 2016 elections precise paper described closest races house representatives democrats raised significantly republicans indeed races total fundraising margin measured 2016 million million order regain control house democrats least seats currently held republican incumbents increased funding certainly does guarantee victory often does help increase candidates chances winning biersack campaign finance expert described york times office kind money makes victory possible scenarios otherwise example race epitomizes fundraising disparity parties district iowa today described cindy axne democratic challenger raised million third quarter alone compared raised incumbent republican representative david young axne spent almost double young spent campaigning quarter million young served congress terms though race against axne considered toss real clear politics fundraising disparities potentially caused difficulties republican incumbents races reported september congressional leadership fund works republican leadership house stopped funding republican incumbents representative mike coffman colorado representative mike bishop michigan politico reported democratic challengers jason crow elissa slotkin significantly raised suggested ending funding races mean accepting likely losses however noted national republican congressional committee spending money bishop district meaning party likely completely ruled race overall seems though democrats fundraising successes give edge midterm elections especially comes obtaining majority house representatives notably though strong campaign financing does guarantee victory voters final determination candidates head ballot","url":"https://www.bustle.com/p/2018-midterm-fundraising-numbers-suggest-democrats-could-have-edge-in-these-races-12585219","polarityScore":{"sourceTitle":"Bustle","allSidesBias":"left-center","communityAgree":"564","communityDisagree":"566","sourceUrl":"http://www.bustle.com/ "},"processedText":["midterm","elections","draw","2018","midterm","fundraising","numbers","suggest","democrats","edge","republicans","host","races","today","reported","democratic","candidates","recently","significantly","raised","republican","contenders","house","races","viewed","parties","potentially","increasing","chance","democratic","victory","today","further","broke","down","fundraising","numbers","illustrate","vast","fundraising","disparity","parties","outlet","reported","aforementioned","house","races","democratic","candidates","fundraising","month","period","times","republican","candidates","fundraising","difference","especially","notable","considering","republicans","incumbents","races","historically","incumbents","likely","elections","washington","post","explained","politico","reported","republican","fundraisers","aware","financing","disparity","counter","possible","spain","former","national","republican","congressional","committee","staffer","touched","topic","outlet","saying","democratic","fundraising","surge","emblematic","intensity","seen","mounting","thing","national","republican","congressional","committee","outside","groups","point","currently","doing","consolidate","resources","bait","districts","build","hopefully","hold","election","york","times","reported","democratic","candidates","republicans","fundraising","recent","months","2016","elections","precise","paper","described","closest","races","house","representatives","democrats","raised","significantly","republicans","indeed","races","total","fundraising","margin","measured","2016","million","million","order","regain","control","house","democrats","least","seats","currently","held","republican","incumbents","increased","funding","certainly","does","guarantee","victory","often","does","help","increase","candidates","chances","winning","campaign","finance","expert","described","york","times","office","kind","money","makes","victory","possible","scenarios","otherwise","example","race","fundraising","disparity","parties","district","iowa","today","described","cindy","democratic","challenger","raised","million","third","quarter","alone","compared","raised","incumbent","republican","representative","david","young","spent","almost","double","young","spent","campaigning","quarter","million","young","served","congress","terms","though","race","against","considered","toss","real","clear","politics","fundraising","disparities","potentially","caused","difficulties","republican","incumbents","races","reported","september","congressional","leadership","fund","works","republican","leadership","house","stopped","funding","republican","incumbents","representative","mike","colorado","representative","mike","bishop","michigan","politico","reported","democratic","challengers","jason","crow","significantly","raised","suggested","ending","funding","races","mean","accepting","likely","losses","however","noted","national","republican","congressional","committee","spending","money","bishop","district","meaning","party","likely","completely","ruled","race","overall","seems","though","democrats","fundraising","successes","give","edge","midterm","elections","especially","comes","obtaining","majority","house","representatives","notably","though","strong","campaign","financing","does","guarantee","victory","voters","final","determination","candidates","head","ballot"]}
