{"authors":["Wendy Galietta","Photo Editor Focusing On Health","Environmental Issues","Photo Editor"],"date_download":"2018-10-21 03:13:11","date_modify":"2018-10-21 03:13:11","date_publish":"2018-10-17 12:00:05","description":"Nikon announces the winners of its 2018 Nikon Small World Photomicrography Competition, in which images of spider embryos, mold spores, amino acid crystals and a human tear become art.","filename":"2018NikonSmallWorldPhotomicrographyCompetitionwinners_117.json","image_url":"https://www.washingtonpost.com/resizer/RWC1wP5-Zg4mR-LfccRmjgAk_nU=/1484x0/arc-anglerfish-washpost-prod-washpost.s3.amazonaws.com/public/CGPS2WBVVY72LI53NS7OVHKWAY.jpg","language":"en","localpath":"2018NikonSmallWorldPhotomicrographyCompetitionwinners_117.json","title":"2018 Nikon Small World Photomicrography Competition winners","title_page":"2018 Nikon Small World Photomicrography Competition winners - The Washington Post","title_rss":"NULL","source_domain":"washingtonpost.com","text":"photo editor place metapocyrtus subquadrulifer beetle yousef habshi nineteenth place vespa velutina asian hornet venom stinger pierre anquet times easy beauty natural world naked participants 2018 nikon small world photomicrography competition advanced imaging microscope technologies help lend clarity reveal unexpected beauty world place awarded photographer yousef habshi image captures part compound eyes bright greenish scales asian palm weevil beetle small less half inch size found philippines habshi views eyes windows insect artwork research variety coloring lines display eyes insects feel photographing collection jewelry habshi people appreciate small species particularly insects photomicrography find whole beautiful world hasn seen discovering lies ocean surface though insect served habshi muse stunning photograph weevils present infestation problems worldwide often destroy crops habshi photography helped advance work partner professor claude desplan york university dhabi habshi photos contributed better understanding palm weevil better control population images stacked create winning entry captured using reflected light technique mastering contrast dark beetle brightly colored scales test habshi main challenge show black body against black background without overexposing skin scales able strike perfect balance controlling background distance subject using deft lighting sample positioning addition overall winner nikon small world recognized additional photos entries scientists artists countries images spider embryos mold spores amino acid crystals human tear become honorable mention bubbles single cloth fiber rock surface walter piorkowski ninth place security hologram haris antonopoulos sixth place primate foveola central region retina hanen khabou vision institute department therapeutics paris seventh place human tear drop norm barker johns hopkins school medicine department pathology applied medicine honorable mention penicillium vulpinum mold tracy debenport fifth place parasteatoda tepidariorum spider embryo stained embryo surface pink nuclei blue microtubules green tessa montague harvard university department molecular cellular biology honorable mention chameleon embryo teresa zgoda honorable mention daphnia water flea eggs anne algar honorable mention emmonsite iron tellurite mineral emilio carabajal rquez fourth place peacock feather section thirteenth place balanus glandula acorn barnacle charles krebs twelfth place urania ripheus butterfly wing scales luciano andres richino photography eighteenth place amino acid crystals glutamine beta alanine justin zoll sight stunning images 2017 nikon small world contest lauren finds passion creating perfect geometric pies london tokyo antony cairns sees cities different light sight washington post photography blog visual narrative platform showcases compelling diverse imagery staff freelance photographers news agencies archives interested submitting story sight please complete form correction caption previous version article misidentified anne algar photo daphnia water flea eggs","url":"https://www.washingtonpost.com/news/in-sight/wp/2018/10/17/see-big-the-winners-of-nikons-micro-photo-competition/","polarityScore":{"sourceTitle":"Washington Post","allSidesBias":"left-center","communityAgree":"21425","communityDisagree":"12735","sourceUrl":"http://www.washingtonpost.com/regional "},"processedText":["photo","editor","place","beetle","nineteenth","place","asian","venom","pierre","times","easy","beauty","natural","world","naked","participants","2018","small","world","competition","advanced","imaging","microscope","technologies","help","lend","clarity","reveal","unexpected","beauty","world","place","awarded","photographer","image","captures","part","compound","eyes","bright","scales","asian","palm","beetle","small","less","half","inch","size","found","philippines","views","eyes","windows","insect","artwork","research","variety","coloring","lines","display","eyes","insects","feel","photographing","collection","jewelry","people","appreciate","small","species","particularly","insects","find","whole","beautiful","world","hasn","seen","discovering","lies","ocean","surface","though","insect","served","muse","stunning","photograph","present","problems","worldwide","often","destroy","crops","photography","helped","advance","work","partner","professor","claude","york","university","photos","contributed","better","understanding","palm","better","control","population","images","stacked","create","winning","entry","captured","using","reflected","light","technique","contrast","dark","beetle","brightly","colored","scales","test","main","challenge","show","black","body","against","black","background","without","skin","scales","able","strike","perfect","balance","controlling","background","distance","subject","using","deft","lighting","sample","positioning","addition","overall","winner","small","world","recognized","additional","photos","entries","scientists","artists","countries","images","spider","embryos","mold","acid","crystals","human","tear","become","honorable","mention","bubbles","single","cloth","fiber","rock","surface","walter","ninth","place","security","sixth","place","central","region","retina","vision","institute","department","paris","seventh","place","human","tear","drop","norm","barker","johns","hopkins","school","medicine","department","pathology","applied","medicine","honorable","mention","mold","tracy","fifth","place","spider","stained","surface","pink","blue","green","montague","harvard","university","department","biology","honorable","mention","teresa","honorable","mention","water","flea","eggs","anne","honorable","mention","iron","mineral","fourth","place","peacock","feather","section","thirteenth","place","acorn","charles","place","butterfly","wing","scales","andres","photography","place","acid","crystals","beta","justin","sight","stunning","images","2017","small","world","contest","lauren","finds","passion","creating","perfect","geometric","pies","london","tokyo","sees","cities","different","light","sight","washington","post","photography","blog","visual","narrative","platform","showcases","compelling","diverse","imagery","staff","freelance","photographers","news","agencies","archives","interested","submitting","story","sight","please","complete","form","correction","caption","previous","version","article","misidentified","anne","photo","water","flea","eggs"]}
