{"authors":["Jill Lawless"],"date_download":"2018-10-21 02:47:31","date_modify":"2018-10-21 02:47:31","date_publish":"2018-10-19 14:36:11","description":"Twenty men have been jailed for raping and abusing more than a dozen girls in a northern England town, in what a judge called a “vile and wicked” campaign of exploitation","filename":"20menjailedforsexabuseofteenagersinnorthernEngland_122.json","image_url":"https://www.washingtonpost.com/resizer/2CjPNwqvXHPS_2RpuRTKY-p3eVo=/1484x0/www.washingtonpost.com/pb/resources/img/twp-social-share.png","language":"en","localpath":"20menjailedforsexabuseofteenagersinnorthernEngland_122.json","title":"20 men jailed for sex abuse of teenagers in northern England","title_page":"20 men jailed for sex abuse of teenagers in northern England - The Washington Post","title_rss":"NULL","source_domain":"washingtonpost.com","text":"undated handout photo provided west yorkshire police shows left nasarat hussain sajid hussain faisal nadeem mohammed azeem wiqas mahmud bottom left manzoor hassan niaz ahmed mohammed imran ibrar asif bashir mohammed akram twenty jailed huddersfield england twenty jailed raping abusing dozen teenage girls northern england city huddersfield found guilty series trials judge lifted reporting restrictions friday 2018 amere singh dhaliwal whom prosecutors gang ringleader found guilty counts rape sentenced earlier minimum prison west yorkshire police associated press london twenty jailed raping abusing dozen girls northern england town judge vile wicked campaign exploitation town huddersfield found guilty trials verdicts reported until judge lifted reporting restrictions friday cases latest series prosecutions northern english towns cities child sexual exploitation involving mostly pakistani heritage accused part gang groomed vulnerable girls described court isolated backgrounds convicted offenses against victims aged prosecutors victims plied alcohol drugs sexually abused parties cars parking lots snooker center fast food restaurant amere singh dhaliwal whom prosecutors gang ringleader found guilty counts rape sentenced earlier minimum prison judge treated girls defies understanding abuse vile wicked judge geoffrey marson passed sentence leeds crown court received sentences five prison cases huddersfield rochdale towns victims white heightened ethnic tensions britain spurred criticism local authorities failed protect vulnerable girls police often listen victims figures crimes argue muslim grooming gangs pose particular threat britain anti muslim activist stephen yaxley lennon uses pseudonym tommy robinson jailed contempt court broadcasting live facebook outside trial huddersfield gang breaching reporting restrictions police statistics britain show offenders child exploitation cases white abuse takes place online home institutions schools former prosecutor nazir afzal brought abusers trial pakistani disproportionately involved sort street grooming seen recent high profile cases reflects high number south asian working taxi firms takeaway restaurants late night economy widespread sexist attitudes women copyright 2018 associated press rights reserved material published broadcast rewritten redistributed","url":"https://www.washingtonpost.com/world/europe/20-men-jailed-for-sex-abuse-of-teenagers-in-northern-england/2018/10/19/5272b746-d3ac-11e8-a4db-184311d27129_story.html","polarityScore":{"sourceTitle":"Washington Post","allSidesBias":"left-center","communityAgree":"21425","communityDisagree":"12735","sourceUrl":"http://www.washingtonpost.com/regional "},"processedText":["undated","handout","photo","provided","west","police","shows","left","hussain","hussain","faisal","nadeem","mohammed","bottom","left","hassan","ahmed","mohammed","imran","mohammed","twenty","jailed","england","twenty","jailed","raping","abusing","dozen","teenage","girls","northern","england","city","found","guilty","series","trials","judge","lifted","reporting","restrictions","friday","2018","singh","whom","prosecutors","gang","found","guilty","counts","rape","sentenced","earlier","minimum","prison","west","police","associated","press","london","twenty","jailed","raping","abusing","dozen","girls","northern","england","town","judge","vile","wicked","campaign","exploitation","town","found","guilty","trials","verdicts","reported","until","judge","lifted","reporting","restrictions","friday","cases","latest","series","prosecutions","northern","english","towns","cities","child","sexual","exploitation","involving","mostly","pakistani","heritage","accused","part","gang","groomed","vulnerable","girls","described","court","isolated","backgrounds","convicted","offenses","against","victims","aged","prosecutors","victims","alcohol","drugs","sexually","abused","parties","cars","parking","lots","center","fast","food","restaurant","singh","whom","prosecutors","gang","found","guilty","counts","rape","sentenced","earlier","minimum","prison","judge","treated","girls","defies","understanding","abuse","vile","wicked","judge","geoffrey","passed","sentence","leeds","crown","court","received","sentences","five","prison","cases","towns","victims","white","heightened","ethnic","tensions","britain","spurred","criticism","local","authorities","failed","protect","vulnerable","girls","police","often","listen","victims","figures","crimes","argue","muslim","grooming","gangs","pose","particular","threat","britain","anti","muslim","activist","stephen","lennon","uses","pseudonym","tommy","robinson","jailed","contempt","court","broadcasting","live","facebook","outside","trial","gang","reporting","restrictions","police","statistics","britain","show","offenders","child","exploitation","cases","white","abuse","takes","place","online","home","institutions","schools","former","prosecutor","brought","abusers","trial","pakistani","disproportionately","involved","sort","street","grooming","seen","recent","high","profile","cases","reflects","high","number","south","asian","working","taxi","firms","takeaway","restaurants","late","night","economy","widespread","sexist","attitudes","women","copyright","2018","associated","press","rights","reserved","material","published","broadcast","rewritten","redistributed"]}
