{"authors":["Sara Tan"],"date_download":"2018-10-31 00:37:28","date_modify":"2018-10-31 00:37:28","date_publish":"2018-10-01 20:10:44","description":"Summer is officially over, but don't be too sad about it — there's so much to celebrate this fall, starting with these epic new beauty products that came out in September. While July had its fair share of dewy, shimmery highlighters and August had a…","filename":"20NewBeautyProductsThatCameOutInSeptember2018WereStillSwooningOver_123.json","image_url":"https://imgix.bustle.com/uploads/image/2018/10/2/c58e7fa8-b769-4963-b6b1-32540405329f-sept-beauty-cover-photo-01.jpg?w=1200&h=630&q=70&fit=crop&crop=faces&fm=jpg","language":"en","localpath":"20NewBeautyProductsThatCameOutInSeptember2018WereStillSwooningOver_123.json","title":"20 New Beauty Products That Came Out In September 2018 We’re Still Swooning Over","title_page":"20 New Beauty Products That Came Out In September 2018 We’re Still Swooning Over","title_rss":"NULL","source_domain":"bustle.com","text":"summer officially celebrate fall starting epic beauty products september july fair share dewy shimmery highlighters august whole foundations concealers september brought goodies provide high pigment face hydration skin full fall mode means transition beauty routines adapt cozy wardrobes cooler climate september beauty scene everything expect find rich warm eyeshadows urban decay naked cherry palette hydrating colorful lipsticks sisley phyto rouge lipsticks nourishing face oils creams jart ceramidin collection fall mind launches good using winter maybe start spring looking origins blooming bold lipsticks balms busy list best launches september picks makeup skin care routine sisley phyto rouge lasting hydration lipstick sisley phyto rouge collection sisley paris sisley lipstick lips wear single phyto rouge hydrating highly pigmented lipstick goes silky smooth thanks hydrobooster complex composed microspheres hyaluronic acid konjac glucomannans helps plump smooth lips lipstick comes sassy zebra printed magnetic case comes different vibrant shades beautycounter countercontrol clear pore cleanser countercontrol clear pore cleanser hunt deep cleaning cleanser delivers results natural ingredients probably noticed challenge beautycounter task daily exfoliating cleanser oily blemish prone skin remove makeup impurities ingredients irritate sensitive skin tatcha kissu mask kissu mask raise hand wake flaky lips tatcha sleeping mask sure happens gorgeous clear jelly melts onto lips lock moisture overnight sleeping mask works hydrate plump pout plus looks pretty vanity mazz hanna amethyst infused cuticle amethyst infused cuticle mazz hanna something everyone needs ultra nourishing cuticle mazz hanna celebrity manicurist crystal healer blend botanical essential oils hydrate nails cuticles features amethyst roller ball help fight urge pick bite nails stone healing powers help break habits schmidt lily valley deodorant schmidt lily valley deodorant schmidt love schmidt naturals deodorant supporting good cause luck portland based brand launched lily valley deodorant partnership jane goodall foundation inspired goodall favorite floral aromas five percent lily valley deodorant sale benefit jane goodall foundation efforts protect animals conserve environment occitane immortelle reset serum occitane immortelle reset serum occitane haven gotten serums facial oils occitane immortelle reset serum great start trio botanical ingredients work smooth awaken skin advised apply wake hydrated glow especially fall climate origins blooming bold lipsticks blooming sheer balm origins blooming bold lipsticks blooming sheer balm origins forever origins released color cosmetic brand promises lippies worth wait lipstick balms kinds flowers including crushed petals repurposed buttery flower waxes flower honeys essential oils result gorgeous comfortable super sustainable jart ceramidin cream ceremidin cream sephora fall leave face feeling jart rescue newly revamped deeply moisturizing cream strengthen skin barrier shield water moisture loss cream part entire collection promises hydrate protect skin including toner mask sure check face feeling extra irritated brickhouse matte lipstick brickhouse recognize recent trip target black owned vegan cruelty free brand target locations across country september celebrate released matte shade brickhouse deep brick tone hints orange brown perfect complement pumpkin spice lattes sigma beauty blush palette sigma beauty blush palette sigma beauty blush palette makeup sigma beauty blush palette gorgeous hues matte shimmer finishes mixed matched custom color patchology sheet mask lookbook patchology sheet mask lookbook patchology wanted recreate drag queen fabulous looks luck teamed patchology line sheet masks feature four designs inspired fiercest looks pamper skin queen slmd step zero cleansing wipes step zero cleansing wipes slmd skincare pimple popper sandra acne line continues grow latest addition something everyone needs pimple pimples makeup remover wipes wipes gentle enough sensitive skin thanks aloe vera chamomile extract ingredients leave face feeling squeaky clean cleanser released hyaluronic acid serum month looking extra hydration fall ilia color block high impact lipstick ilia color block high impact lipstick ilia beauty ilia color block high impact lipstick fall delivers full coverage color hydrating lips mango seed butter apricot sunflower seed foreo luna fofo foreo luna fofo sephora facial cleansing device world smart beauty coach utilizing technology does mean tiny device analyze skin hydration levels create custom cleansing routine unique skin needs phone milk makeup wear eyeliner milk makeup wear eyeliner milk makeup love milk makeup waterproof eyeliner fact highly pigmented perhaps impressive part product avocado hyaluronic acid good skin onto eyelids smoothly without pulling catching drybar glitter gang drybar glitter gang sephora holidays corner means early start shopping gifts ones yourself included drybar ultimate beauty hair lovers comes limited edition silver glitter buttercup blowdryer silver gold glitter spritzer sparkle spray medium ceramic round brush detox shampoo triple texturizing spray coverfx concealer power play concealer coverfx concealer power play concealer ulta beauty looking vegan full coverage concealer coverfx newest feels super lightweight compared concealers without creasing transferring comes different shades definitely trouble finding works skin tone","url":"https://www.bustle.com/p/20-new-beauty-products-that-came-out-in-september-2018-were-still-swooning-over-10250603","polarityScore":{"sourceTitle":"Bustle","allSidesBias":"left-center","communityAgree":"564","communityDisagree":"566","sourceUrl":"http://www.bustle.com/ "},"processedText":["summer","officially","celebrate","fall","starting","epic","beauty","products","september","july","fair","share","shimmery","highlighters","august","whole","foundations","september","brought","goodies","provide","high","pigment","face","hydration","skin","full","fall","mode","means","transition","beauty","routines","adapt","cozy","cooler","climate","september","beauty","scene","everything","expect","find","rich","warm","eyeshadows","urban","decay","naked","cherry","palette","hydrating","colorful","lipsticks","rouge","lipsticks","face","oils","creams","collection","fall","mind","launches","good","using","winter","maybe","start","spring","looking","origins","bold","lipsticks","busy","list","best","launches","september","picks","makeup","skin","care","routine","rouge","lasting","hydration","lipstick","rouge","collection","paris","lipstick","lips","wear","single","rouge","hydrating","highly","lipstick","goes","silky","smooth","thanks","complex","composed","hyaluronic","acid","helps","smooth","lips","lipstick","comes","sassy","printed","magnetic","case","comes","different","vibrant","shades","clear","cleanser","clear","cleanser","hunt","deep","cleaning","cleanser","delivers","results","natural","ingredients","probably","noticed","challenge","task","daily","cleanser","blemish","prone","skin","remove","makeup","ingredients","irritate","sensitive","skin","mask","mask","raise","hand","wake","flaky","lips","sleeping","mask","sure","happens","gorgeous","clear","jelly","melts","onto","lips","lock","moisture","overnight","sleeping","mask","works","hydrate","pout","plus","looks","pretty","vanity","hanna","infused","infused","hanna","something","everyone","needs","ultra","hanna","celebrity","crystal","blend","botanical","essential","oils","hydrate","nails","features","roller","ball","help","fight","urge","pick","bite","nails","stone","healing","powers","help","break","habits","schmidt","lily","valley","schmidt","lily","valley","schmidt","love","schmidt","supporting","good","cause","luck","portland","based","brand","launched","lily","valley","partnership","jane","foundation","inspired","favorite","floral","five","percent","lily","valley","sale","benefit","jane","foundation","efforts","protect","animals","conserve","environment","reset","serum","reset","serum","haven","gotten","facial","oils","reset","serum","great","start","trio","botanical","ingredients","work","smooth","awaken","skin","advised","apply","wake","hydrated","glow","especially","fall","climate","origins","bold","lipsticks","sheer","balm","origins","bold","lipsticks","sheer","balm","origins","forever","origins","released","color","cosmetic","brand","promises","lippies","worth","wait","lipstick","kinds","flowers","including","crushed","petals","repurposed","buttery","flower","flower","essential","oils","result","gorgeous","comfortable","super","sustainable","cream","cream","sephora","fall","leave","face","feeling","rescue","newly","revamped","deeply","moisturizing","cream","strengthen","skin","barrier","shield","water","moisture","loss","cream","part","entire","collection","promises","hydrate","protect","skin","including","toner","mask","sure","check","face","feeling","extra","irritated","matte","lipstick","recognize","recent","trip","target","black","owned","vegan","cruelty","free","brand","target","locations","across","country","september","celebrate","released","matte","shade","deep","brick","tone","hints","orange","brown","perfect","complement","pumpkin","spice","beauty","blush","palette","beauty","blush","palette","beauty","blush","palette","makeup","beauty","blush","palette","gorgeous","hues","matte","shimmer","finishes","mixed","matched","custom","color","sheet","mask","sheet","mask","wanted","recreate","drag","queen","fabulous","looks","luck","teamed","line","sheet","masks","feature","four","designs","inspired","looks","skin","queen","step","zero","cleansing","wipes","step","zero","cleansing","wipes","skincare","sandra","acne","line","continues","grow","latest","addition","something","everyone","needs","makeup","wipes","wipes","gentle","enough","sensitive","skin","thanks","aloe","vera","extract","ingredients","leave","face","feeling","clean","cleanser","released","hyaluronic","acid","serum","month","looking","extra","hydration","fall","color","block","high","impact","lipstick","color","block","high","impact","lipstick","beauty","color","block","high","impact","lipstick","fall","delivers","full","coverage","color","hydrating","lips","mango","seed","butter","sunflower","seed","luna","luna","sephora","facial","cleansing","device","world","smart","beauty","coach","utilizing","technology","does","mean","tiny","device","analyze","skin","hydration","levels","create","custom","cleansing","routine","unique","skin","needs","phone","milk","makeup","wear","eyeliner","milk","makeup","wear","eyeliner","milk","makeup","love","milk","makeup","waterproof","eyeliner","fact","highly","perhaps","impressive","part","product","avocado","hyaluronic","acid","good","skin","onto","smoothly","without","pulling","catching","glitter","gang","glitter","gang","sephora","holidays","corner","means","early","start","shopping","gifts","ones","yourself","included","ultimate","beauty","hair","lovers","comes","limited","edition","silver","glitter","silver","gold","glitter","sparkle","spray","medium","ceramic","round","brush","detox","shampoo","triple","spray","concealer","power","play","concealer","concealer","power","play","concealer","ulta","beauty","looking","vegan","full","coverage","concealer","newest","feels","super","lightweight","compared","without","transferring","comes","different","shades","definitely","trouble","finding","works","skin","tone"]}
