{"authors":["Megan Grant"],"date_download":"2018-10-31 00:28:24","date_modify":"2018-10-31 00:28:24","date_publish":"2018-10-15 15:08:22","description":"This is one of the best times of the year, and not just because the weather is cooling off so we can all start wearing leggings and stop shaving our legs. Halloween is around the corner. Any true horror fan knows, though, that every day is the…","filename":"21ProductsForPeopleWhoAreObsessedWithScaryMovies_126.json","image_url":"https://imgix.bustle.com/uploads/image/2018/10/15/c4e35bdd-1195-4339-b348-af66b1d2b7a1-horoor.jpg?w=1200&h=630&q=70&fit=crop&crop=faces&fm=jpg","language":"en","localpath":"21ProductsForPeopleWhoAreObsessedWithScaryMovies_126.json","title":"21 Products For People Who Are Obsessed With Scary Movies","title_page":"21 Products For People Who Are Obsessed With Scary Movies","title_rss":"NULL","source_domain":"bustle.com","text":"best times weather cooling start wearing leggings stop shaving legs halloween corner true horror knows though perfect celebrate scary spooky love products people obsessed scary movies people meaning horror community always lurking watching breathing loudly waiting next halloween remake best holiday shells live terrifying horror films stranger themed home decor favorite scary podcasts element horror though love gore blood scares screams love movie startles sleep night guessing crazy warm black cold dead shriveled dusty horror movie obsessed heart michael myers wreath michael myers halloween wreath etsy better welcome people front door heartwarming wreath either flashydesignco etsy bates motel keychain bates motel keychain etsy keychain welldonegoods etsy iconic famous hotels movie history piece bloody cereal bowl cereal killer bowl etsy cereal killer serial killer lolz bowl looks maybe needs dishwasher horror fans love frosted flakes morning shop lennymud etsy coffin incense holder incense burner etsy woodcore etsy knows coffin incense holders certainly better plain wooden tray currently using channel inner horror movie vibes fill room smell patchouli bloody apron ambesonne horror house apron amazon else planning protecting clothes slave away kitchen preparing meals horror cookbook bloody face phone case evil phonecase etsy sure carry pants looked down purse whatever floats boat phone cases appropriately eyesnflesh etsy bloody shower curtain bloody curtains amazon life seemingly ordinary shower curtain turns bloody gets current excitement approximately christmas morning level heart soap black heart soap etsy exactly mind thought heart soap million times better comes wait paranormalbathtivity etsy ouija board coffee table probest ouija coffee table amazon careful spirits home guessing love coffee table","url":"https://www.bustle.com/p/21-products-for-people-who-are-obsessed-with-scary-movies-12257862","polarityScore":{"sourceTitle":"Bustle","allSidesBias":"left-center","communityAgree":"564","communityDisagree":"566","sourceUrl":"http://www.bustle.com/ "},"processedText":["best","times","weather","cooling","start","wearing","leggings","stop","legs","halloween","corner","true","horror","knows","though","perfect","celebrate","scary","spooky","love","products","people","obsessed","scary","movies","people","meaning","horror","community","always","lurking","watching","breathing","loudly","waiting","next","halloween","remake","best","holiday","live","terrifying","horror","films","stranger","themed","home","decor","favorite","scary","podcasts","element","horror","though","love","gore","blood","scares","screams","love","movie","sleep","night","guessing","crazy","warm","black","cold","dead","dusty","horror","movie","obsessed","heart","michael","myers","wreath","michael","myers","halloween","wreath","etsy","better","welcome","people","front","door","heartwarming","wreath","either","etsy","bates","motel","bates","motel","etsy","etsy","iconic","famous","hotels","movie","history","piece","bloody","cereal","bowl","cereal","killer","bowl","etsy","cereal","killer","serial","killer","bowl","looks","maybe","needs","dishwasher","horror","fans","love","frosted","flakes","morning","shop","etsy","coffin","holder","burner","etsy","etsy","knows","coffin","holders","certainly","better","plain","wooden","tray","currently","using","channel","inner","horror","movie","vibes","fill","room","smell","bloody","horror","house","amazon","else","planning","protecting","clothes","slave","away","kitchen","preparing","meals","horror","cookbook","bloody","face","phone","case","evil","etsy","sure","carry","pants","looked","down","purse","whatever","floats","boat","phone","cases","appropriately","etsy","bloody","shower","curtain","bloody","curtains","amazon","life","seemingly","ordinary","shower","curtain","turns","bloody","gets","current","excitement","approximately","christmas","morning","level","heart","soap","black","heart","soap","etsy","exactly","mind","thought","heart","soap","million","times","better","comes","wait","etsy","ouija","board","coffee","table","ouija","coffee","table","amazon","careful","spirits","home","guessing","love","coffee","table"]}
