{"authors":["E. Ce Miller"],"date_download":"2018-10-31 01:24:55","date_modify":"2018-10-31 01:24:55","date_publish":"2018-10-08 18:00:32","description":"New York Times bestselling author Rebecca Traister is good and mad — at least, that is, according to her latest book, Good and Mad: The Revolutionary Power of Women's Anger. Out just days before the divisive (and, as far as Traister was concerned,…","filename":"21QuotesFromRebeccaTraistersGoodAndMadThatllInspireYouToKeepFighting_127.json","image_url":"https://imgix.bustle.com/uploads/getty/2018/10/8/832ba1e4-2563-4663-a7a6-19229fb2d707-getty-1046730408.jpg?w=1200&h=630&q=70&fit=crop&crop=faces&fm=jpg","language":"en","localpath":"21QuotesFromRebeccaTraistersGoodAndMadThatllInspireYouToKeepFighting_127.json","title":"21 Quotes From Rebecca Traister's 'Good And Mad' That'll Inspire You To Keep Fighting","title_page":"21 Quotes From Rebecca Traister's 'Good And Mad' That'll Inspire You To Keep Fighting","title_rss":"NULL","source_domain":"bustle.com","text":"york times bestselling author rebecca traister good least latest book good revolutionary power women anger days divisive traister concerned entirely expected confirmation controversial judge brett kavanaugh supreme court latest event infuriate millions american women traister book celebrates present future women rage good chronicles history women anger ways anger sometimes changed world takes close hard look women anger received interpreted discussed allowed angry white white women essentially everyone else writer built career covering intersections feminism politics traister explores everything suffrage movement labor movement movements civil women rights black lives matter movement metoo movement considers anger catalyst action yeah good whether already read check quotes rebecca traister good leave furious activated days good rebecca traister amazon indiebound women whom angry didn outlet didn realize neighbors coworkers friends mothers sisters felt until someone yelled loud fierce ugly everyone heard women found themselves women march holding signs experienced kind awakening third women political protest wondered lulled sleep place ethan miller getty images news getty images united states taught noncompliant insistent furious women shaped history present activism black women backbone political progressive strategists protestors organizers volunteers women gotten vote licked envelopes pioneered thinking revolutions barely represented leadership political parties bolstered policy priorities often gone unaddressed unrecognized participation taken granted recognize feel anger lives taken pains disguise worry effects rear tamp down ourselves fear letting hurt goals anger often exuberant expression force injects energy intensity urgency battles intense urgent broadly recognize rage valid rational ugly hysterical marginal laughable drew angerer getty images news getty images ideas brand transform world others fail anger moving women thinking inequality forward ways legal tangible imaginative ideological sometimes anger working magic simply existing persisting unrelenting unapologetic crucial remember women anger received often vilified marginalized ways reflected biases provoked black women fury treated differently white woman rage poor women frustrations heard differently wealthy despite varied unjust ways america dismissed derided rages women rages often borne substantive change alterations nation rules practices fabric anger injustice inequality ways exactly fuel necessary accelerant drive level drive noble difficult crusades combustible explosive power unpredictable burn ethan miller getty images news getty images women suddenly angry newly angry discombobulated intensity rage felt invent rage injustice addition realizing good company find excellent models activism expression women angry done work already change america better election donald trump hillary clinton presidency united states 2016 felt stinging agonizing shock lived context american history wholly unsurprising wake challenge white supremacy form obama administrations racism threat potential female leader brutal masculinity extraordinary tuesday america women anger cast ugly unappealing dangerous something shut down jeered nothing assured unattractive woman anger messages especially damaging always nonwhite women strategies people including women themselves look away disregard suppress great drivers social upheaval political change country fury sarah morris getty images entertainment getty images campaign behalf half population definition unwieldy enterprise tries represent fundamentally conflicting interests divergent perspectives people varied backgrounds lots good reasons distrust resent disagree immensity diversity women movement always against fear potential power became infuriatingly evident energy women forced spend maneuvering harasser energy otherwise spent service ideas work advancement longtime cost women dedicated percentages careers fighting biases kept opportunities reduced true tolls anger injustice amount takes away work otherwise doing surely felt cathartic laid bare briefly view undo damage story hillary clinton written people pressed erections shoulders young women worked retroactively resuscitate women left jobs whole careers navigation risks daily abuses drove movies women live laws enacted read news reported truly fair shake getting tell tsunami metoo stories hadn revealed grabbed rubbed punished shamed women shown done building world forced live chris ratcliffe getty images news getty images typically incivility less powerful toward powerful widely understood thus subject intense censure metoo fraught revolutionary period powerful faced repercussion experience having patriarchal control compromised felt perhaps ironically violation diminishment threat professional standing sexual harassment feels experienced metoo movement done offered women chance hear others happened angry aloud adam berry getty images news getty images ability feel anger convey others itself transformative experience women women anger spurs creativity drives innovation politics social change always anger driven women develop million approaches changing world task especially newly awakened newly angry especially white women whom incentives renounce rage highest coming keep turn give easier path weren angry accepted comforts racial economic advantage always offer challenge power stay angry perhaps adam berry getty images news getty images bananas women rage given proper","url":"https://www.bustle.com/p/21-quotes-from-rebecca-traisters-good-mad-thatll-inspire-you-to-keep-fighting-12179800","polarityScore":{"sourceTitle":"Bustle","allSidesBias":"left-center","communityAgree":"564","communityDisagree":"566","sourceUrl":"http://www.bustle.com/ "},"processedText":["york","times","bestselling","author","rebecca","traister","good","least","latest","book","good","revolutionary","power","women","anger","days","divisive","traister","concerned","entirely","expected","confirmation","controversial","judge","brett","kavanaugh","supreme","court","latest","event","millions","american","women","traister","book","celebrates","present","future","women","rage","good","chronicles","history","women","anger","ways","anger","sometimes","changed","world","takes","close","hard","look","women","anger","received","interpreted","discussed","allowed","angry","white","white","women","essentially","everyone","else","writer","built","career","covering","intersections","feminism","politics","traister","explores","everything","suffrage","movement","labor","movement","movements","civil","women","rights","black","lives","matter","movement","metoo","movement","considers","anger","catalyst","action","yeah","good","whether","already","read","check","quotes","rebecca","traister","good","leave","furious","activated","days","good","rebecca","traister","amazon","indiebound","women","whom","angry","didn","outlet","didn","realize","neighbors","coworkers","friends","mothers","sisters","felt","until","someone","yelled","loud","fierce","ugly","everyone","heard","women","found","themselves","women","march","holding","signs","experienced","kind","awakening","third","women","political","protest","wondered","sleep","place","ethan","miller","getty","images","news","getty","images","united","states","taught","insistent","furious","women","shaped","history","present","activism","black","women","backbone","political","progressive","strategists","protestors","organizers","volunteers","women","gotten","vote","pioneered","thinking","revolutions","barely","represented","leadership","political","parties","bolstered","policy","priorities","often","gone","participation","taken","granted","recognize","feel","anger","lives","taken","pains","disguise","worry","effects","rear","down","ourselves","fear","letting","hurt","goals","anger","often","exuberant","expression","force","energy","intensity","urgency","battles","intense","urgent","broadly","recognize","rage","valid","rational","ugly","hysterical","marginal","laughable","drew","angerer","getty","images","news","getty","images","ideas","brand","transform","world","others","fail","anger","moving","women","thinking","inequality","forward","ways","legal","tangible","imaginative","ideological","sometimes","anger","working","magic","simply","existing","unrelenting","unapologetic","crucial","remember","women","anger","received","often","vilified","marginalized","ways","reflected","biases","provoked","black","women","fury","treated","differently","white","woman","rage","poor","women","frustrations","heard","differently","wealthy","despite","varied","unjust","ways","america","dismissed","derided","rages","women","rages","often","borne","substantive","change","nation","rules","practices","fabric","anger","injustice","inequality","ways","exactly","fuel","necessary","drive","level","drive","noble","difficult","explosive","power","unpredictable","burn","ethan","miller","getty","images","news","getty","images","women","suddenly","angry","newly","angry","intensity","rage","felt","invent","rage","injustice","addition","realizing","good","company","find","excellent","models","activism","expression","women","angry","done","work","already","change","america","better","election","donald","trump","hillary","clinton","presidency","united","states","2016","felt","stinging","agonizing","shock","lived","context","american","history","wholly","unsurprising","wake","challenge","white","supremacy","form","obama","administrations","racism","threat","potential","female","leader","brutal","masculinity","extraordinary","tuesday","america","women","anger","cast","ugly","dangerous","something","shut","down","nothing","assured","unattractive","woman","anger","messages","especially","damaging","always","women","strategies","people","including","women","themselves","look","away","disregard","suppress","great","drivers","social","upheaval","political","change","country","fury","sarah","morris","getty","images","entertainment","getty","images","campaign","behalf","half","population","definition","enterprise","tries","represent","fundamentally","conflicting","interests","divergent","perspectives","people","varied","backgrounds","lots","good","reasons","distrust","resent","disagree","diversity","women","movement","always","against","fear","potential","power","became","evident","energy","women","forced","spend","maneuvering","energy","otherwise","spent","service","ideas","work","advancement","longtime","cost","women","dedicated","percentages","careers","fighting","biases","kept","opportunities","reduced","true","anger","injustice","amount","takes","away","work","otherwise","doing","surely","felt","laid","bare","briefly","view","undo","damage","story","hillary","clinton","written","people","pressed","shoulders","young","women","worked","retroactively","women","left","jobs","whole","careers","navigation","risks","daily","abuses","drove","movies","women","live","laws","enacted","read","news","reported","truly","fair","shake","getting","tell","tsunami","metoo","stories","hadn","revealed","grabbed","punished","shamed","women","shown","done","building","world","forced","live","chris","getty","images","news","getty","images","typically","incivility","less","powerful","toward","powerful","widely","understood","thus","subject","intense","censure","metoo","fraught","revolutionary","period","powerful","faced","experience","having","patriarchal","control","compromised","felt","perhaps","ironically","violation","threat","professional","standing","sexual","harassment","feels","experienced","metoo","movement","done","offered","women","chance","hear","others","happened","angry","aloud","adam","berry","getty","images","news","getty","images","ability","feel","anger","convey","others","itself","transformative","experience","women","women","anger","spurs","creativity","drives","innovation","politics","social","change","always","anger","driven","women","develop","million","approaches","changing","world","task","especially","newly","awakened","newly","angry","especially","white","women","whom","incentives","rage","highest","coming","keep","turn","give","easier","path","weren","angry","accepted","comforts","racial","economic","advantage","always","offer","challenge","power","stay","angry","perhaps","adam","berry","getty","images","news","getty","images","bananas","women","rage","given","proper"]}
