{"authors":["Lauren Dana"],"date_download":"2018-10-31 00:57:20","date_modify":"2018-10-31 00:57:20","date_publish":"2018-10-03 20:58:36","description":"With increased awareness and education, talking about mental health is becoming more normalized across the United States. A lot of this work is done in our conversations with our friends and family, but when you hear celebrities talking about mental…","filename":"22CelebrityQuotesAboutMentalHealthFromWomenWhoAreHelpingToBreakStigma_128.json","image_url":"https://imgix.bustle.com/uploads/image/2018/10/3/2f2e5c0b-680e-48f6-8267-78d0351d4d49-fotolia_125212032_subscription_monthly_m.jpg?w=1200&h=630&q=70&fit=crop&crop=faces&fm=jpg","language":"en","localpath":"22CelebrityQuotesAboutMentalHealthFromWomenWhoAreHelpingToBreakStigma_128.json","title":"22 Celebrity Quotes About Mental Health From Women Who Are Helping To Break Stigma","title_page":"22 Celebrity Quotes About Mental Health From Women Who Are Helping To Break Stigma","title_rss":"NULL","source_domain":"bustle.com","text":"increased awareness education talking mental health becoming normalized across united states work done conversations friends family hear celebrities talking mental health national stage impactful destigmatize mental illness national alliance mental illness nami five americans approximately million individuals live mental illness million americans experience serious mental illness substantially interferes limits major life activities nami wrote fortunately 2018 resources dedicated toward helping people live mental illness cope stressors basis further conversation mental health shifted significantly towards destigmatizing mental illness encouraging people advantage mental health resources exist nonetheless easy feat speak candidly openly mental health challenges obstacles matter rich famous celebrities spoken mental health seriously impactful ways check quotes learn kerry washington rochlin getty images entertainment getty images important stigma away mental health brain heart important wouldn seek help healthy teeth dentist wouldn shrink glamour 2015 lili reinhart matt winkelmeyer getty images entertainment getty images anxiety booking work spent almost five months holed bedroom house feeling anxious waiting next audition doing anything else miserable life september 2017 chrissy teigen jean baptiste lacroix getty images entertainment getty images everything needed happy felt unhappy basically everyone knew until december postpartum depression feel everything great hard coming terms hesitated talk everything becomes thing glamour april 2017 britney spears alberto rodriguez getty images entertainment getty images moved angeles young scrutiny hair place anxious anxious marie claire october 2016 shannon purser matt winkelmeyer getty images entertainment getty images everybody hears clean organized especially everybody case super self conscious point debilitating didn feel comfortable talking people incredible sing praises therapy everybody therapy helps somebody educated talk people august 2017 kristin stewart sonia recchia getty images entertainment getty images ages intense constantly anxious kind control freak didn something turn myself locked inhibited debilitating marie claire july 2015 dakota johnson michael tullberg getty images entertainment getty images sometimes panic point thinking doing full anxiety attack anyway auditioning magazine september 2015 amanda seyfried jamie mccarthy getty images entertainment getty images mental illness thing people cast different category illnesses taken seriously anything else mental illness mass cyst prove treat treat pretty health anxiety thought tumor brain neurologist referred psychiatrist older compulsive thoughts fears diminished knowing fears reality based helps allure november 2016 lady gaga jeff spicer getty images entertainment getty images mental health issues half battle beginning felt lying world feeling pain nobody knew ptsd hide already vogue october 2018 nina dobrev dipasupil getty images entertainment getty images people give enough themselves almost existent anymore minutes however workout class focusing doing something yourself yourself feel better does change body look better makes feel better teen vogue july 2017 emma stone dimitrios kambouris getty images entertainment getty images grade went second grade panic attack terrifying overwhelming friend house sudden convinced house fire burning down sitting bedroom obviously house wasn fire nothing didn grateful didn disorder wanted actor weren actors spoke having panic attacks interview harold koplewicz child mind institute october 2018 demi lovato frazer harrison getty images entertainment getty images anything tell anybody thinking taking life reach people hold inside isolate reach people whether close friends family feel anybody look within yourself find resilience ultimately whatever single person planet worth life interview phil march 2018 ariana grande jesse grant getty images entertainment getty images mental health important people enough mind schedules jobs kids places pressure instagram stories whatever facade trying trying keep people attention happening inside interview beats august 2018 gisele ndchen michael loccisano getty images entertainment getty images sometimes feel alone true panic attacks difficult sought help family specialists teachers friends asking help sign failure sign strength life worth saving instagram october 2018 mindy kaling jamie mccarthy getty images entertainment getty images working powerful tool mentally working mental strength myself focus body shape june 2018 selena gomez christopher polk getty images entertainment getty images wish people talk therapy girls taught almost resilient strong sexy cool laid girl down feel allowed fall apart vogue april 2017 mariah carey david becker getty images entertainment getty images until recently lived denial isolation constant fear someone expose heavy burden carry simply couldn anymore sought received treatment positive people doing love writing songs making music people april 2018 kristen bell neilson barnard getty images entertainment getty images thing depression sadness having needing gave complete utter sense isolation loneliness debilitation consuming shut down mental circuit board felt worthless nothing offer failure seeking help thoughts course couldn wrong important candid people similar situation realize worthless something offer 2016 mandy moore dimitrios kambouris getty images entertainment getty images proponent therapy something find life incredibly helpful different junctures life common line feel beneficial times feels stressful find benefit sometimes feel doing okay huffington post october 2017 halsey alberto rodriguez getty images entertainment getty images bipolar disorder talked interview brought people work probably good talk diagnosed entitled emotions unfortunately circumstance deal people elle june 2015 kendall jenner dimitrios kambouris getty images entertainment getty images debilitating anxiety everything literally wake middle night full panic attacks start everything horrible hard name thing world needs love online everyone saying worst hard stay positive hard eaten alive negativity harper bazaar february 2018 olivia munn frederick brown getty images entertainment getty images lived anxiety sporadic bouts depression adult life tackled learned fully understand haven felt dark depths depression decade thoughts suicide crossed mind times instagram june 2018","url":"https://www.bustle.com/p/22-celebrity-quotes-about-mental-health-from-women-who-are-helping-to-break-stigma-12143740","polarityScore":{"sourceTitle":"Bustle","allSidesBias":"left-center","communityAgree":"564","communityDisagree":"566","sourceUrl":"http://www.bustle.com/ "},"processedText":["increased","awareness","education","talking","mental","health","becoming","normalized","across","united","states","work","done","conversations","friends","family","hear","celebrities","talking","mental","health","national","stage","impactful","mental","illness","national","alliance","mental","illness","five","americans","approximately","million","individuals","live","mental","illness","million","americans","experience","serious","mental","illness","substantially","limits","major","life","activities","wrote","fortunately","2018","resources","dedicated","toward","helping","people","live","mental","illness","cope","stressors","basis","further","conversation","mental","health","shifted","significantly","towards","mental","illness","encouraging","people","advantage","mental","health","resources","exist","nonetheless","easy","feat","speak","candidly","openly","mental","health","challenges","obstacles","matter","rich","famous","celebrities","spoken","mental","health","seriously","impactful","ways","check","quotes","learn","kerry","washington","getty","images","entertainment","getty","images","important","stigma","away","mental","health","brain","heart","important","wouldn","seek","help","healthy","teeth","dentist","wouldn","shrink","glamour","2015","lili","reinhart","matt","winkelmeyer","getty","images","entertainment","getty","images","anxiety","booking","work","spent","almost","five","months","bedroom","house","feeling","anxious","waiting","next","audition","doing","anything","else","miserable","life","september","2017","chrissy","teigen","jean","baptiste","lacroix","getty","images","entertainment","getty","images","everything","needed","happy","felt","unhappy","basically","everyone","knew","until","december","postpartum","depression","feel","everything","great","hard","coming","terms","hesitated","talk","everything","becomes","thing","glamour","april","2017","britney","spears","alberto","rodriguez","getty","images","entertainment","getty","images","moved","angeles","young","scrutiny","hair","place","anxious","anxious","marie","claire","october","2016","shannon","matt","winkelmeyer","getty","images","entertainment","getty","images","everybody","hears","clean","organized","especially","everybody","case","super","self","conscious","point","debilitating","didn","feel","comfortable","talking","people","incredible","sing","praises","therapy","everybody","therapy","helps","somebody","educated","talk","people","august","2017","kristin","stewart","sonia","getty","images","entertainment","getty","images","ages","intense","constantly","anxious","kind","control","freak","didn","something","turn","myself","locked","debilitating","marie","claire","july","2015","dakota","johnson","michael","getty","images","entertainment","getty","images","sometimes","panic","point","thinking","doing","full","anxiety","attack","anyway","magazine","september","2015","amanda","jamie","mccarthy","getty","images","entertainment","getty","images","mental","illness","thing","people","cast","different","category","illnesses","taken","seriously","anything","else","mental","illness","mass","prove","treat","treat","pretty","health","anxiety","thought","tumor","brain","referred","psychiatrist","older","compulsive","thoughts","fears","diminished","knowing","fears","reality","based","helps","allure","november","2016","lady","gaga","jeff","spicer","getty","images","entertainment","getty","images","mental","health","issues","half","battle","beginning","felt","lying","world","feeling","pain","nobody","knew","ptsd","hide","already","vogue","october","2018","nina","getty","images","entertainment","getty","images","people","give","enough","themselves","almost","existent","anymore","minutes","however","workout","class","focusing","doing","something","yourself","yourself","feel","better","does","change","body","look","better","makes","feel","better","teen","vogue","july","2017","emma","stone","dimitrios","kambouris","getty","images","entertainment","getty","images","grade","went","second","grade","panic","attack","terrifying","overwhelming","friend","house","sudden","convinced","house","fire","burning","down","sitting","bedroom","obviously","house","wasn","fire","nothing","didn","grateful","didn","disorder","wanted","actor","weren","actors","spoke","having","panic","attacks","interview","harold","child","mind","institute","october","2018","demi","lovato","frazer","harrison","getty","images","entertainment","getty","images","anything","tell","anybody","thinking","taking","life","reach","people","hold","inside","isolate","reach","people","whether","close","friends","family","feel","anybody","look","within","yourself","find","resilience","ultimately","whatever","single","person","planet","worth","life","interview","phil","march","2018","ariana","grande","jesse","grant","getty","images","entertainment","getty","images","mental","health","important","people","enough","mind","schedules","jobs","kids","places","pressure","instagram","stories","whatever","facade","trying","trying","keep","people","attention","happening","inside","interview","beats","august","2018","michael","loccisano","getty","images","entertainment","getty","images","sometimes","feel","alone","true","panic","attacks","difficult","sought","help","family","specialists","teachers","friends","asking","help","sign","failure","sign","strength","life","worth","saving","instagram","october","2018","mindy","kaling","jamie","mccarthy","getty","images","entertainment","getty","images","working","powerful","tool","mentally","working","mental","strength","myself","focus","body","shape","june","2018","selena","gomez","christopher","polk","getty","images","entertainment","getty","images","wish","people","talk","therapy","girls","taught","almost","resilient","strong","sexy","cool","laid","girl","down","feel","allowed","fall","apart","vogue","april","2017","mariah","carey","david","becker","getty","images","entertainment","getty","images","until","recently","lived","denial","isolation","constant","fear","someone","expose","heavy","burden","carry","simply","couldn","anymore","sought","received","treatment","positive","people","doing","love","writing","songs","making","music","people","april","2018","kristen","bell","neilson","barnard","getty","images","entertainment","getty","images","thing","depression","sadness","having","needing","gave","complete","utter","sense","isolation","loneliness","consuming","shut","down","mental","circuit","board","felt","worthless","nothing","offer","failure","seeking","help","thoughts","course","couldn","wrong","important","candid","people","similar","situation","realize","worthless","something","offer","2016","moore","dimitrios","kambouris","getty","images","entertainment","getty","images","proponent","therapy","something","find","life","incredibly","helpful","different","life","common","line","feel","beneficial","times","feels","stressful","find","benefit","sometimes","feel","doing","okay","huffington","post","october","2017","halsey","alberto","rodriguez","getty","images","entertainment","getty","images","bipolar","disorder","talked","interview","brought","people","work","probably","good","talk","diagnosed","entitled","emotions","unfortunately","circumstance","deal","people","elle","june","2015","kendall","jenner","dimitrios","kambouris","getty","images","entertainment","getty","images","debilitating","anxiety","everything","literally","wake","middle","night","full","panic","attacks","start","everything","horrible","hard","name","thing","world","needs","love","online","everyone","saying","worst","hard","stay","positive","hard","eaten","alive","negativity","harper","bazaar","february","2018","olivia","munn","frederick","brown","getty","images","entertainment","getty","images","lived","anxiety","depression","adult","life","tackled","learned","fully","understand","haven","felt","dark","depths","depression","decade","thoughts","suicide","crossed","mind","times","instagram","june","2018"]}
