{"authors":["Mark Jenkins"],"date_download":"2018-10-21 03:04:38","date_modify":"2018-10-21 03:04:38","date_publish":"2018-10-08 22:23:48","description":"In “22 July,” Paul Greengrass looks at the aftermath of a 2011 terrorist attack in Norway.","filename":"22JulyreviewWiththisfactbasedterrorstdramathedirectorofthreeBournefilmsturnshishandtoadifferentkindofactionflick_129.json","image_url":"https://www.washingtonpost.com/resizer/AyHNZh0E5MQU6s4wRI1BwHFom90=/1484x0/arc-anglerfish-washpost-prod-washpost.s3.amazonaws.com/public/CAOF4UGIE4I6RMPNDUWWLODNBQ.jpg","language":"en","localpath":"22JulyreviewWiththisfactbasedterrorstdramathedirectorofthreeBournefilmsturnshishandtoadifferentkindofactionflick_129.json","title":"'22 July' review: With this fact-based terrorst drama, the director of three 'Bourne' films turns his hand to a different kind of action flick.","title_page":"'22 July' review: With this fact-based terrorst drama, the director of three 'Bourne' films turns his hand to a different kind of action flick. - The Washington Post","title_rss":"NULL","source_domain":"washingtonpost.com","text":"anders danielsen left foreground jonas strand gravli july erik aavatsmark netflix rating against world standard action flick scenario paul greengrass director bourne films already mastered latest film july however protagonist jason bourne anders behring breivik real life mass killer july 2011 killed norwegians teenagers although greengrass best known action movies including multi oscar nominee captain phillips began nonfiction filmmaking undertaking docudramas 2002 bloody sunday british military shooting protesters northern ireland film greengrass united oscar nominee plunged deeply action viewers felt drenched sensation july gentler movies breivik anders danielsen kills eight people bomb oslo traveling utoya island down adolescents labour party youth camp condemns marxists liberals members elite fires greengrass employs handheld camera effectively usual simulate confusion panic terror cuts away horrific moments slaughter movie focuses teenage survivors attack viljar jonas strand gravli younger brother torje isak bakli aglen lara seda witt daughter refugees therefore sort person nativist terrorist intended target torje lara physically unharmed although girl loses sister violence viljar arrives hospital critical condition bullet fragments brain bloody sunday united depicted hours single july soon leaves titular date behind thirds narrative devoted primarily viljar recovery physical mental breivik trial self styled knight templar requests representation liberal attorney oigarden movie permitted refuse oigarden left anders danielsen july erik aavatsmark netflix lawyer endures threats young daughter shunned school viljar mother maria bock elected mayor family small arctic town although leaves side campaign finally enough home viljar struggles physical rehabilitation depression pondering opportunity address breivik directly sentencing film climax pair speeches reasoned deeply felt believable rather physical showdown dialogue july english inauthentic detail makes feel conventional greengrass previous breaking news films especially ultimately turns courtroom drama director faithful source material norwegian journalist asne seierstad breivik post massacre posturing seems outrageous mostly book spending aftermath crime itself filmmaker loses urgency movies performances particularly danielsen icily self involved killer suitably intense greengrass previously excelled depicting events overwhelmed individuals july demonstrates deluded zealot shake entire country","url":"https://www.washingtonpost.com/goingoutguide/movies/the-director-of-three-bourne-movies-turns-to-a-different-kind-of-film-a-real-life-massacre/2018/10/08/c8ff6db2-c73d-11e8-9b1c-a90f1daae309_story.html","polarityScore":{"sourceTitle":"Washington Post","allSidesBias":"left-center","communityAgree":"21425","communityDisagree":"12735","sourceUrl":"http://www.washingtonpost.com/regional "},"processedText":["left","jonas","strand","july","erik","netflix","rating","against","world","standard","action","flick","scenario","paul","director","films","already","mastered","latest","film","july","however","protagonist","jason","real","life","mass","killer","july","2011","killed","teenagers","although","best","known","action","movies","including","multi","oscar","nominee","captain","phillips","began","nonfiction","filmmaking","undertaking","2002","bloody","sunday","british","military","shooting","protesters","northern","ireland","film","united","oscar","nominee","plunged","deeply","action","viewers","felt","drenched","sensation","july","gentler","movies","kills","eight","people","bomb","oslo","traveling","island","down","adolescents","labour","party","youth","camp","condemns","marxists","liberals","members","elite","fires","employs","handheld","camera","effectively","usual","confusion","panic","terror","cuts","away","horrific","moments","slaughter","movie","focuses","teenage","survivors","attack","jonas","strand","younger","brother","lara","daughter","refugees","therefore","sort","person","terrorist","intended","target","lara","physically","although","girl","loses","sister","violence","arrives","hospital","critical","condition","bullet","brain","bloody","sunday","united","depicted","hours","single","july","soon","leaves","titular","date","behind","thirds","narrative","devoted","primarily","recovery","physical","mental","trial","self","styled","knight","requests","representation","liberal","attorney","movie","permitted","refuse","left","july","erik","netflix","lawyer","endures","threats","young","daughter","shunned","school","mother","maria","elected","mayor","family","small","arctic","town","although","leaves","side","campaign","finally","enough","home","struggles","physical","rehabilitation","depression","pondering","opportunity","address","directly","sentencing","film","climax","pair","speeches","reasoned","deeply","felt","believable","rather","physical","showdown","dialogue","july","english","detail","makes","feel","conventional","previous","breaking","news","films","especially","ultimately","turns","courtroom","drama","director","faithful","source","material","norwegian","journalist","post","massacre","posturing","seems","outrageous","mostly","book","spending","aftermath","crime","itself","filmmaker","loses","urgency","movies","performances","particularly","self","involved","killer","intense","previously","excelled","depicting","events","overwhelmed","individuals","july","demonstrates","deluded","zealot","shake","entire","country"]}
