{"authors":["Yvonne Zusel"],"date_download":"2018-11-02 12:48:18","date_modify":"2018-11-02 12:48:18","date_publish":"2017-11-08 11:01:39","description":"Three Georgia restaurants -- two in Atlanta -- are among the nation's must-visit restaurants, accord...","filename":"2Atlantarestaurantsmake2017EatersAmericasEssentialRestaurant_134.json","image_url":"https://www.ajc.com/rw/PortalConfig/np-free/assets/ajc/images/AJC_200x200.png","language":"en","localpath":"2Atlantarestaurantsmake2017EatersAmericasEssentialRestaurant_134.json","title":"2 Atlanta restaurants make 2017 Eater's America’s Essential Restaurant","title_page":"2 Atlanta restaurants make 2017 Eater's America’s Essential Restaurant","title_rss":"NULL","source_domain":"ajc.com","text":"georgia restaurants atlanta among nation visit restaurants ranking food site eater released america essential restaurants list compiled critic bill addison lauded miller union staplehouse staplehouse list miller union appearances savannah spot grey list staplehouse eater writes chef ryan smith genius obvious staplehouse opened october 2015 risky layered highly aesthetic approach produces visions barely warmed crabmeat encircling earthy sweet sunflower custard covered flowers herbs easily atlanta accomplished cooking dining room holds seats reservations challenge showing slot eight seat seating tends turn restaurant profound tribute founding chef ryan hidinger passed away open restaurant ultimately started widow hidinger sister kara hidinger smith brother smith finalist best chef southeast category james beard foundation awards staplehouse finalist 2016 best restaurant apetit magazine named eatery best restaurant country 2016 staplehouse included eater annual list best restaurants america named best restaurants 2016 list eater glowing miller union south georgia native steven satterfield bares heart region dishes field peanut salad roasted chicken creamed rice owner front house maestro neal mccarthy british nails southern hospitality satterfield james beard foundation award best chef southeast category five finalist category miller union running beard finalist outstanding wine program addition cookbook root leaf nominated beard photography book award open late 2014 grey eating communicates wholeness addison writes encourages food obsessive savannah feast beer battered shrimp green goddess pepper relish quail spiced hanout country pasta cured pork belly parmesan pepper complete list miller union brady atlanta 8550 millerunion staplehouse edgewood atlanta 5005 staplehouse atlanta braves give community hero award staplehouse hidinger staplehouse savoring review staplehouse gratitude food lover guide fueling savannah american prohibition museum opens savannah explore atlanta fall dining guide read stories liking atlanta restaurant scene facebook following atldiningnews twitter ajcdining instagram","url":"https://www.ajc.com/blog/atlanta-restaurants/atlanta-restaurants-make-2017-eater-america-essential-restaurants-list/ClNrO5YTv46m0e2xRET4IM/","polarityScore":{"sourceTitle":"Atlanta Journal-Constitution","allSidesBias":"left-center","communityAgree":"561","communityDisagree":"580","sourceUrl":"http://www.ajc.com/ "},"processedText":["georgia","restaurants","atlanta","among","nation","visit","restaurants","ranking","food","site","eater","released","america","essential","restaurants","list","compiled","critic","bill","addison","lauded","miller","union","staplehouse","staplehouse","list","miller","union","appearances","savannah","spot","grey","list","staplehouse","eater","writes","chef","ryan","smith","genius","obvious","staplehouse","opened","october","2015","risky","layered","highly","aesthetic","approach","produces","visions","barely","earthy","sweet","sunflower","custard","covered","flowers","herbs","easily","atlanta","accomplished","cooking","dining","room","holds","seats","reservations","challenge","showing","slot","eight","seat","seating","tends","turn","restaurant","profound","tribute","founding","chef","ryan","hidinger","passed","away","open","restaurant","ultimately","started","widow","hidinger","sister","kara","hidinger","smith","brother","smith","finalist","best","chef","southeast","category","james","beard","foundation","awards","staplehouse","finalist","2016","best","restaurant","magazine","named","eatery","best","restaurant","country","2016","staplehouse","included","eater","annual","list","best","restaurants","america","named","best","restaurants","2016","list","eater","glowing","miller","union","south","georgia","native","steven","heart","region","dishes","field","peanut","salad","roasted","chicken","rice","owner","front","house","neal","mccarthy","british","nails","southern","hospitality","james","beard","foundation","award","best","chef","southeast","category","five","finalist","category","miller","union","running","beard","finalist","outstanding","wine","program","addition","cookbook","root","leaf","nominated","beard","photography","book","award","open","late","2014","grey","eating","communicates","addison","writes","encourages","food","obsessive","savannah","feast","beer","battered","shrimp","green","goddess","pepper","relish","quail","spiced","country","pasta","cured","pork","belly","parmesan","pepper","complete","list","miller","union","brady","atlanta","staplehouse","atlanta","staplehouse","atlanta","braves","give","community","hero","award","staplehouse","hidinger","staplehouse","savoring","review","staplehouse","gratitude","food","lover","guide","fueling","savannah","american","prohibition","museum","opens","savannah","explore","atlanta","fall","dining","guide","read","stories","liking","atlanta","restaurant","scene","facebook","following","atldiningnews","twitter","ajcdining","instagram"]}
