{"authors":["Hunter Field"],"date_download":"2018-11-02 20:41:40","date_modify":"2018-11-02 20:41:40","date_publish":"2018-10-08 04:30:00","description":"In the three-way race for commissioner of state lands, the candidates are touting their experience -- some in the private sector, some in the public sphere.","filename":"3hopefulsseekArkansaslandsoffice_140.json","image_url":"https://media.arkansasonline.com/static/ao_redesign/graphics/adgog.jpg","language":"en","localpath":"3hopefulsseekArkansaslandsoffice_140.json","title":"3 hopefuls seek Arkansas lands office","title_page":"3 hopefuls seek Arkansas lands office","title_rss":"NULL","source_domain":"arkansasonline.com","text":"race commissioner state lands candidates touting experience private sector public sphere larry williams democrat former county judge garland county intimate acquaintance office makes choice next arkansas land commissioner county judge williams springs city director served commissioner state lands advisory council land commissioner charlie daniels republican tommy land small business owner real estate agent heber springs experience real estate selling mineral rights makes best libertarian campbell bentonville real estate agent stressed experience real estate sales marketing believes land commissioner office abolished arkansas five states elected commissioner state lands office created general assembly 1868 became elected office state constitution adopted 1874 office primary responsibility collect delinquent real estate taxes normally paid county level jurisdiction state navigable waters submerged lands mineral leasing state property elected land actions travel state meeting different groups property owners associations start moving delinquent properties hands private companies individuals moving property commissioner state lands office private hands keep base stable mean lower taxes arkansas land williams major focus ensuring cities counties advantage process allows state land commissioner donate certain delinquent properties public entities williams allow municipalities counties acquire land parks trails simply areas look better properties unloved properties williams donation process easier cities counties condemn acquire properties public nothing else clean campbell office eliminated elected lobby legislature elected land commissioner land commissioner salary half independent citizens commission sets elected state officials declined salary donate half charity however campbell acknowledged legislators eager eliminate office focus eradicating waste fraud abuse candidates running replace commissioner state lands john thurston east thurston running secretary state served term limit land retired southwestern bell telephone career construction customer service company retirement started digital telephone equipment computer networks business 2016 real estate license land family operated cattle farm experience leasing mineral rights personal property land wife judy elected cleburne county assessor 2014 land interest real estate judge declare adult sign contract house request granted drink beer judge land recognize great opportunity invest real estate done myself land prioritize customer service office elected land public office williams longest serving county judge garland county elected 1994 retired 2010 eight terms unsuccessfully state house retiring elected springs board directors 2014 williams adjunct faculty member university arkansas rock teaches government public service background williams probably visible land commissioner active participant arkansas natural cultural resources council land commissioner facto member promote story state survey notes particularly original louisiana purchase survey began east arkansas notes display office story needs williams williams wants reinstate advisory council office composed county officials stakeholders similar council served daniels candidates land commissioner race nonpartisan praised opponents election includes state federal offices commissioner state lands serves four term metro 2018","url":"https://www.arkansasonline.com/news/2018/oct/08/3-hopefuls-seek-lands-office-20181008/?page=1","polarityScore":{"sourceTitle":"Arkansas Democrat-Gazette","allSidesBias":"left","communityAgree":"686","communityDisagree":"522","sourceUrl":"http://www.arkansasonline.com/ "},"processedText":["race","commissioner","state","lands","candidates","touting","experience","private","sector","public","sphere","larry","williams","democrat","former","county","judge","garland","county","intimate","acquaintance","office","makes","choice","next","arkansas","land","commissioner","county","judge","williams","springs","city","director","served","commissioner","state","lands","advisory","council","land","commissioner","charlie","daniels","republican","tommy","land","small","business","owner","real","estate","agent","springs","experience","real","estate","selling","mineral","rights","makes","best","libertarian","campbell","bentonville","real","estate","agent","stressed","experience","real","estate","sales","marketing","believes","land","commissioner","office","abolished","arkansas","five","states","elected","commissioner","state","lands","office","created","general","assembly","became","elected","office","state","constitution","adopted","office","primary","responsibility","collect","delinquent","real","estate","taxes","normally","paid","county","level","jurisdiction","state","navigable","waters","submerged","lands","mineral","leasing","state","property","elected","land","actions","travel","state","meeting","different","groups","property","owners","associations","start","moving","delinquent","properties","hands","private","companies","individuals","moving","property","commissioner","state","lands","office","private","hands","keep","base","stable","mean","lower","taxes","arkansas","land","williams","major","focus","ensuring","cities","counties","advantage","process","allows","state","land","commissioner","donate","certain","delinquent","properties","public","entities","williams","allow","municipalities","counties","acquire","land","parks","trails","simply","areas","look","better","properties","properties","williams","donation","process","easier","cities","counties","condemn","acquire","properties","public","nothing","else","clean","campbell","office","eliminated","elected","lobby","legislature","elected","land","commissioner","land","commissioner","salary","half","independent","citizens","commission","sets","elected","state","officials","declined","salary","donate","half","charity","however","campbell","acknowledged","legislators","eager","eliminate","office","focus","waste","fraud","abuse","candidates","running","replace","commissioner","state","lands","john","thurston","east","thurston","running","secretary","state","served","term","limit","land","retired","southwestern","bell","telephone","career","construction","customer","service","company","retirement","started","digital","telephone","equipment","computer","networks","business","2016","real","estate","license","land","family","operated","cattle","farm","experience","leasing","mineral","rights","personal","property","land","wife","judy","elected","county","2014","land","interest","real","estate","judge","declare","adult","sign","contract","house","request","granted","drink","beer","judge","land","recognize","great","opportunity","invest","real","estate","done","myself","land","prioritize","customer","service","office","elected","land","public","office","williams","longest","serving","county","judge","garland","county","elected","1994","retired","2010","eight","terms","unsuccessfully","state","house","retiring","elected","springs","board","directors","2014","williams","adjunct","faculty","member","university","arkansas","rock","teaches","government","public","service","background","williams","probably","visible","land","commissioner","active","participant","arkansas","natural","cultural","resources","council","land","commissioner","facto","member","promote","story","state","survey","notes","particularly","original","louisiana","purchase","survey","began","east","arkansas","notes","display","office","story","needs","williams","williams","wants","reinstate","advisory","council","office","composed","county","officials","stakeholders","similar","council","served","daniels","candidates","land","commissioner","race","nonpartisan","praised","opponents","election","includes","state","federal","offices","commissioner","state","lands","serves","four","term","metro","2018"]}
