{"authors":["Emma Lord"],"date_download":"2018-10-31 00:50:23","date_modify":"2018-10-31 00:50:23","date_publish":"2018-10-12 20:54:38","description":"It's been a hot minute since anyone checked in on the 3 Musketeers to see how they're doing. To be fair, we've been distracted by their fellow chocolate bars in arms; Snickers just underwent a full nut butter makeover, and Reese's and Hershey's…","filename":"3MusketeersBirthdayCakeBarsJustHitWalmartItsARainbow90sBabyDream_142.json","image_url":"https://imgix.bustle.com/uploads/image/2018/10/12/02b1e7e6-4499-4523-882d-0f6532ffa08a-musk.jpg?w=1200&h=630&q=70&fit=crop&crop=faces&fm=jpg","language":"en","localpath":"3MusketeersBirthdayCakeBarsJustHitWalmartItsARainbow90sBabyDream_142.json","title":"3 Musketeers Birthday Cake Bars Just Hit Walmart & It's A Rainbow '90s Baby Dream","title_page":"3 Musketeers Birthday Cake Bars Just Hit Walmart & It's A Rainbow '90s Baby Dream","title_rss":"NULL","source_domain":"bustle.com","text":"minute anyone checked musketeers doing fair distracted fellow chocolate bars arms snickers underwent full butter makeover reese hershey literally combined themselves candy making chocolate waves musketeers quietly plotted candy shenanigans turned worth wait birthday cake musketeers walmart stores basically funfetti daydream chocolate form variation vanilla flavored nougat colorful sprinkles covered rich milk chocolate packaging internet attention instagram post popular food grammer markiedevos claims bars hitting shelves wider rollout 2019 delish reported bars available purchase walmart currently listed mega store website granted store purchases anyone wanna drive walmart face minis aren adorable enough inscribed inspirational messages wish party essentially office pick snack whole bunch step looking funfetti goodness looks ripped dizziest daydreams walmart stop shop chain spotted selling dunk crunch packs complete shortbread cookies dippable vanilla frosting rainbow sprinkles heralded grown version beloved discontinued dunkaroos internet attention popular instagram account junkbanter gave shake approval clearly living funfetti renaissance feel duty inform funfetti chocolate cookie form breakfast form walmart appears selling hungry jack pancake collab funfetti create majestic rainbow pancake dreams anything goes show change stay wanted unholy amount rainbows food 2018 thank thanks recent innovations rainbow sprinkled products riding rainbow wave technicolor celebrate birthday cake musketeers though patient until full rollout check walmart website location carries near remember rainbows responsibly","url":"https://www.bustle.com/p/3-musketeers-birthday-cake-bars-just-hit-walmart-its-a-rainbow-90s-baby-dream-12256219","polarityScore":{"sourceTitle":"Bustle","allSidesBias":"left-center","communityAgree":"564","communityDisagree":"566","sourceUrl":"http://www.bustle.com/ "},"processedText":["minute","anyone","checked","doing","fair","distracted","fellow","chocolate","bars","arms","snickers","underwent","full","butter","makeover","reese","literally","combined","themselves","candy","making","chocolate","waves","quietly","plotted","candy","shenanigans","turned","worth","wait","birthday","cake","walmart","stores","basically","funfetti","daydream","chocolate","form","variation","vanilla","flavored","colorful","sprinkles","covered","rich","milk","chocolate","packaging","internet","attention","instagram","post","popular","food","claims","bars","hitting","shelves","wider","rollout","2019","reported","bars","available","purchase","walmart","currently","listed","mega","store","website","granted","store","purchases","anyone","wanna","drive","walmart","face","aren","adorable","enough","inscribed","inspirational","messages","wish","party","essentially","office","pick","snack","whole","bunch","step","looking","funfetti","goodness","looks","ripped","walmart","stop","shop","chain","spotted","selling","dunk","crunch","packs","complete","cookies","vanilla","frosting","rainbow","sprinkles","heralded","grown","version","beloved","discontinued","internet","attention","popular","instagram","account","gave","shake","approval","clearly","living","funfetti","renaissance","feel","duty","inform","funfetti","chocolate","cookie","form","breakfast","form","walmart","appears","selling","hungry","jack","pancake","collab","funfetti","create","majestic","rainbow","pancake","dreams","anything","goes","show","change","stay","wanted","amount","rainbows","food","2018","thank","thanks","recent","innovations","rainbow","sprinkled","products","riding","rainbow","wave","celebrate","birthday","cake","though","patient","until","full","rollout","check","walmart","website","location","carries","near","remember","rainbows","responsibly"]}
