{"authors":["Jr Thorpe"],"date_download":"2018-10-31 00:55:53","date_modify":"2018-10-31 00:55:53","date_publish":"2018-09-30 13:00:30","description":"For as long as humans have been falling asleep, we've been theorizing about how sleep works, what dreams are for, and how to sleep better. But sleep science, even today, reveals that there's still a lot we don't know about the art of sleeping — and…","filename":"3OldFashionedSleepHacksThatScienceSaysActuallyWork_143.json","image_url":"https://imgix.bustle.com/uploads/image/2018/9/24/7b60263f-e671-4ef5-ba7c-49854dc7766f-domenico_fetti_-_sleeping_girl_-_google_art_project.jpg?w=1200&h=630&q=70&fit=crop&crop=faces&fm=jpg","language":"en","localpath":"3OldFashionedSleepHacksThatScienceSaysActuallyWork_143.json","title":"3 Old-Fashioned Sleep Hacks That Science Says Actually Work","title_page":"3 Old-Fashioned Sleep Hacks That Science Says Actually Work","title_rss":"NULL","source_domain":"bustle.com","text":"humans falling asleep theorizing sleep works dreams sleep better sleep science today reveals sleeping ancient physicians known earlier great deal fashioned knowledge sleep pretty inaccurate people thought sleep work better sleep hacks today sometimes knowledge sleep gets answer wrong reasons instance aristotelian theories sleep held sway until industrial revolution tied sleep closely digestion life force suggested sleep living life recent studies found true lots sleep days does help live longer possibly lowers stressful effects sleep deprivation week beyond sleeping longer life though ideas sleep histories coming fashion ready fashioned pajamas century sleep shift sleep kawamata tsunemasa wikimedia commons sleep scientists believe industrial revolution introduction artificial light regulated workday people mostly slept shifts sleep sunset woke middle night read partners chatted went second sleep lasted till daybreak behavior shows consistently texts books until 17th century modern science healthier winks sleeping single eight hour stretch scientists reported 2012 believe idea eight hours sleep natural body drifts towards segmented sleep pattern accord fashioned sleep night renamed biphasic polyphasic sleep become fashionable hack sleep patterns 1990s study adults exposed hours darkness found mostly settled sleep pattern wake night type good idea fight read sleep ancestors power naps giorgione wikimedia commons idea siesta challenged introduction modern nine five work getting proper afternoons history physician text fifth century advises afternoon summer mitigate effects heat body humors siesta however introduced widely studies show good research cultures napping prevalent including greece spain found sleeping afternoon regular schedule appears reduce risk heart issues lower medications blood pressure harvard researchers note experiments shown increased cognitive benefits regular daily napping replacement lost sleep incorporated sleep schedule regular seems help overall health drinking almond milk sleep ricci wikimedia commons grandma suggested glass warm milk soothe milk purpose older trend effective 1637 historian katharine craik wrote history today doctor tobias venner recipe curing insomnia good draught soporiferous almond milke venner draught wasn almond milk recommended flavored violets rosewater among ingredients basic idea despite appears pretty sound warm dairy milk believed help sleep calming nurturing associations almond milk however recommended place physicians possesses amount calcium calcium fortified versions milk trigger lactose intolerance almond milk milk contains tryptophan amino acid interacts sleep inducing hormone melatonin induce sleepiness however small glass minor amount effects depend sensitivity tryptophan factors","url":"https://www.bustle.com/p/3-old-fashioned-sleep-hacks-that-science-says-actually-work-12015168","polarityScore":{"sourceTitle":"Bustle","allSidesBias":"left-center","communityAgree":"564","communityDisagree":"566","sourceUrl":"http://www.bustle.com/ "},"processedText":["humans","falling","asleep","sleep","works","dreams","sleep","better","sleep","science","today","reveals","sleeping","ancient","physicians","known","earlier","great","deal","fashioned","knowledge","sleep","pretty","inaccurate","people","thought","sleep","work","better","sleep","hacks","today","sometimes","knowledge","sleep","gets","answer","wrong","reasons","instance","theories","sleep","held","sway","until","industrial","revolution","tied","sleep","closely","life","force","suggested","sleep","living","life","recent","studies","found","true","lots","sleep","days","does","help","live","longer","possibly","lowers","stressful","effects","sleep","deprivation","week","beyond","sleeping","longer","life","though","ideas","sleep","histories","coming","fashion","ready","fashioned","pajamas","century","sleep","shift","sleep","wikimedia","commons","sleep","scientists","believe","industrial","revolution","introduction","artificial","light","regulated","people","mostly","slept","shifts","sleep","sunset","woke","middle","night","read","partners","chatted","went","second","sleep","lasted","till","behavior","shows","consistently","texts","books","until","17th","century","modern","science","healthier","sleeping","single","eight","hour","stretch","scientists","reported","2012","believe","idea","eight","hours","sleep","natural","body","towards","sleep","pattern","accord","fashioned","sleep","night","renamed","sleep","become","fashionable","hack","sleep","patterns","1990s","study","adults","exposed","hours","darkness","found","mostly","settled","sleep","pattern","wake","night","type","good","idea","fight","read","sleep","ancestors","power","naps","wikimedia","commons","idea","challenged","introduction","modern","nine","five","work","getting","proper","history","physician","text","fifth","century","advises","afternoon","summer","mitigate","effects","heat","body","however","introduced","widely","studies","show","good","research","cultures","prevalent","including","greece","spain","found","sleeping","afternoon","regular","schedule","appears","reduce","risk","heart","issues","lower","medications","blood","pressure","harvard","researchers","note","experiments","shown","increased","cognitive","benefits","regular","daily","replacement","lost","sleep","incorporated","sleep","schedule","regular","seems","help","overall","health","drinking","almond","milk","sleep","wikimedia","commons","grandma","suggested","glass","warm","milk","soothe","milk","purpose","older","trend","effective","historian","wrote","history","today","doctor","tobias","recipe","curing","insomnia","good","almond","wasn","almond","milk","recommended","flavored","among","ingredients","basic","idea","despite","appears","pretty","sound","warm","dairy","milk","believed","help","sleep","calming","nurturing","associations","almond","milk","however","recommended","place","physicians","possesses","amount","fortified","versions","milk","trigger","intolerance","almond","milk","milk","contains","acid","sleep","inducing","hormone","induce","however","small","glass","minor","amount","effects","depend","sensitivity","factors"]}
