{"authors":["Chris Kelly","Chris Kelly Is The Co-Author Of"],"date_download":"2018-10-21 02:59:55","date_modify":"2018-10-21 02:59:55","date_publish":"2018-10-03 08:12:19","description":"See Mary J. Blige, Joey Purp, Bonnie “Prince” Billy and Kool Keith live.","filename":"4concertstocatchintheDCareaOct511_146.json","image_url":"https://www.washingtonpost.com/resizer/QHoNidSWGYxWJyiGTe3vdNcE02U=/1484x0/arc-anglerfish-washpost-prod-washpost.s3.amazonaws.com/public/UUV76HWFWEI6RHAPF75PNVBCVI.jpg","language":"en","localpath":"4concertstocatchintheDCareaOct511_146.json","title":"4 concerts to catch in the D.C. area: Oct. 5-11","title_page":"4 concerts to catch in the D.C. area: Oct. 5-11 - The Washington Post","title_rss":"NULL","source_domain":"washingtonpost.com","text":"joey purp performs fest 2017 exposition park 2017 angeles comes songbyrd adams morgan rich fury getty images mary blige several seen dozens music venues crop washington area entertainment sports arena congress heights venue christened weekend music royalty mary blige coincidentally helped open fillmore silver spring 2011 generically named entertainment sports arena connection storied venue fillmore seat arena underserved part town fans hear blige belt favorites family affair real love entertainment sports arena joey purp joey purp part vibrant chicago crew includes chance rapper mensa 2016 tape iiidrops purp established rapper watch balancing wokeness ignorance throwback soul samples evoked early kanye west days rapper nodding kanye recently released debut album quarterthing yeezus inspired electronic noise purp gets personal karat gold bleeding heart mine raps proved adept kind minimal hypnotic flows club songbyrd bonnie prince billy bonnie prince billy oldham crafts timeless folk implosions usually guitar sometimes accompaniment always voice warbling instrument breathes life lyrics illuminate human condition lyrics crucial released forthcoming book songs love horror collected lyrics oldham along rendering song poem oldham offers liner notes instructions trivia song writes somber death everyone unbearable times assess weight plot point clue birchmere kool keith today weirdos pink hair high fashion tastes learn lesson iconoclast kool keith spent decades vexing perplexing listeners part ultramagnetic solo artist countless aliases keith pushed beyond outer limits absurd surreal explicit streams consciousness strong reuniting automator produced 1996 classic octagonecologyst bonkers moosebumps exploration modern horripilation sentence freaks kool keith howard theatre","url":"https://www.washingtonpost.com/goingoutguide/music/4-concerts-to-catch-in-the-washington-area-over-the-next-several-days/2018/10/03/981b0ed6-c274-11e8-b338-a3289f6cb742_story.html","polarityScore":{"sourceTitle":"Washington Post","allSidesBias":"left-center","communityAgree":"21425","communityDisagree":"12735","sourceUrl":"http://www.washingtonpost.com/regional "},"processedText":["joey","performs","fest","2017","park","2017","angeles","comes","adams","morgan","rich","fury","getty","images","mary","several","seen","dozens","music","venues","crop","washington","area","entertainment","sports","arena","congress","heights","venue","weekend","music","royalty","mary","coincidentally","helped","open","fillmore","silver","spring","2011","named","entertainment","sports","arena","connection","storied","venue","fillmore","seat","arena","underserved","part","town","fans","hear","belt","favorites","family","affair","real","love","entertainment","sports","arena","joey","joey","part","vibrant","chicago","crew","includes","chance","rapper","2016","tape","established","rapper","watch","balancing","ignorance","throwback","soul","samples","evoked","early","kanye","west","days","rapper","nodding","kanye","recently","released","debut","album","inspired","electronic","noise","gets","personal","gold","bleeding","heart","mine","proved","adept","kind","minimal","flows","club","bonnie","prince","billy","bonnie","prince","billy","crafts","timeless","folk","usually","guitar","sometimes","always","voice","instrument","life","lyrics","illuminate","human","condition","lyrics","crucial","released","forthcoming","book","songs","love","horror","collected","lyrics","along","rendering","song","poem","offers","liner","notes","instructions","trivia","song","writes","somber","death","everyone","unbearable","times","assess","weight","plot","point","clue","kool","keith","today","pink","hair","high","fashion","tastes","learn","lesson","kool","keith","spent","decades","listeners","part","solo","artist","countless","keith","pushed","beyond","outer","limits","absurd","surreal","explicit","streams","consciousness","strong","reuniting","produced","1996","classic","bonkers","exploration","modern","sentence","freaks","kool","keith","howard","theatre"]}
