{"authors":[],"date_download":"2018-10-30 01:13:35","date_modify":"2018-10-30 01:13:35","date_publish":"2018-10-15 13:48:00","description":"DeKalb County CEO Michael Thurmond proposed a 4 percent salary increase for county public safety employees on Monday.","filename":"4percentpayraiseproposedforDeKalbpublicsafetyemployees_150.json","image_url":"https://www.ajc.com/rf/image_large/Pub/p9/MyAJC/2018/07/05/Images/newsEngin.22443311_070117-dek-water-bill-CC6.jpg","language":"en","localpath":"4percentpayraiseproposedforDeKalbpublicsafetyemployees_150.json","title":"4 percent pay raise proposed for DeKalb public safety employees","title_page":"4 percent pay raise proposed for DeKalb public safety employees","title_rss":"NULL","source_domain":"ajc.com","text":"dekalb county michael thurmond proposed percent salary increase county county police officers firefighters monday proposed raise extend sheriff deputies medical examiner investigators marshal office solicitor general investigators communications center employees approved county board commissioners public safety raise estimated cost million effect period employees raise follows percent raise granted earlier dekalb employees whose salaries adjusted 2016 thurmond acknowledged monday morning press conference raise step direction county public safety efforts challenge ongoing strategy continue invest thurmond atlanta journal constitution part strategy increasing base salary longtime tenured employees making salary newer employees thurmond base salary police officer without college degree raise officers degree firefighter recruits making respectively proposed increase dekalb firefighters work fire fontaine condos july 2018 file photo john spink jspink dekalb county public safety director jack lumpkin raise help retain officers otherwise leave county money raise dekalb scale departments metro atlanta starting salary atlanta police officer high school diploma increases officer four college degree gwinnett county police officer trainees start four degree higher level police officers earn four degree incentives recruit retain people within dekalb county lumpkin adding department fortunate eight officers previously left department return dekalb county latest metro atlanta government propose increasing salaries police department earlier month atlanta mayor keisha lance bottoms announced substantial boost percent next effort retain recruit police officers atlanta city council approved million raises department monday city atlanta care care administration immediately work provide atlanta officers compensation deserve bottoms framing increase public safety issue dekalb proposes minimum wage increase police 2018 budget read dekalb commissioners quietly give themselves percent raise attorney general dekalb raise vote violated open meeting thurmond cited retention issues proposed 2018 budget included plan hire police officers spend revamped recruiting strategies retain officers department added vehicles fleet coming next increase training academies five next 2019 dekalb county police purchased police patrol vehicles officer home vehicles increase community visibility reduce crime contributed department recruited york looked within military candidates dekalb police chief james conroy recruitment remains issue doing less sustain conroy crime stats dekalb officials investigated crimes 2017 down 2016 dekalb police statistics show violent crime down police investigating incidents conroy touted county decreased crime rates acknowledged department sworn personnel including reserve part officers looking increase officers solution thurmond county recruiting efforts millennials workforce research center millennials comprise percent labor force making largest labor force 2017 roughly million millennials working looking work cases dekalb recruiting efforts worked county communications center fully staffed nearly decade fire rescue departments firefighters short fully staffed thurmond aside salary lumpkin ensuring employees feel valued contributes retention efforts learn ensure treatment fair transparent voice organization commission public safety committee discuss proposal tuesday meeting full commission vote next week related coverage mayor boost atlanta police news","url":"https://www.ajc.com/news/local/dekalb-ceo-announce-proposed-pay-raise-for-public-safety-officers/fzgq6XCcJpHrHwbgWMkPNK/","polarityScore":{"sourceTitle":"Atlanta Journal-Constitution","allSidesBias":"left-center","communityAgree":"561","communityDisagree":"580","sourceUrl":"http://www.ajc.com/ "},"processedText":["dekalb","county","michael","thurmond","proposed","percent","salary","increase","county","county","police","officers","firefighters","monday","proposed","raise","extend","sheriff","deputies","medical","examiner","investigators","marshal","office","solicitor","general","investigators","communications","center","employees","approved","county","board","commissioners","public","safety","raise","estimated","cost","million","effect","period","employees","raise","follows","percent","raise","granted","earlier","dekalb","employees","whose","salaries","adjusted","2016","thurmond","acknowledged","monday","morning","press","conference","raise","step","direction","county","public","safety","efforts","challenge","ongoing","strategy","continue","invest","thurmond","atlanta","journal","constitution","part","strategy","increasing","base","salary","longtime","tenured","employees","making","salary","newer","employees","thurmond","base","salary","police","officer","without","college","degree","raise","officers","degree","firefighter","recruits","making","respectively","proposed","increase","dekalb","firefighters","work","fire","july","2018","file","photo","john","spink","jspink","dekalb","county","public","safety","director","jack","raise","help","retain","officers","otherwise","leave","county","money","raise","dekalb","scale","departments","metro","atlanta","starting","salary","atlanta","police","officer","high","school","diploma","increases","officer","four","college","degree","gwinnett","county","police","officer","start","four","degree","higher","level","police","officers","earn","four","degree","incentives","recruit","retain","people","within","dekalb","county","adding","department","fortunate","eight","officers","previously","left","department","return","dekalb","county","latest","metro","atlanta","government","propose","increasing","salaries","police","department","earlier","month","atlanta","mayor","keisha","lance","bottoms","announced","substantial","boost","percent","next","effort","retain","recruit","police","officers","atlanta","city","council","approved","million","raises","department","monday","city","atlanta","care","care","administration","immediately","work","provide","atlanta","officers","compensation","deserve","bottoms","framing","increase","public","safety","issue","dekalb","proposes","minimum","wage","increase","police","2018","budget","read","dekalb","commissioners","quietly","give","themselves","percent","raise","attorney","general","dekalb","raise","vote","violated","open","meeting","thurmond","cited","retention","issues","proposed","2018","budget","included","plan","hire","police","officers","spend","revamped","recruiting","strategies","retain","officers","department","added","vehicles","fleet","coming","next","increase","training","five","next","2019","dekalb","county","police","purchased","police","patrol","vehicles","officer","home","vehicles","increase","community","visibility","reduce","crime","contributed","department","recruited","york","looked","within","military","candidates","dekalb","police","chief","james","conroy","recruitment","remains","issue","doing","less","sustain","conroy","crime","stats","dekalb","officials","investigated","crimes","2017","down","2016","dekalb","police","statistics","show","violent","crime","down","police","investigating","incidents","conroy","touted","county","decreased","crime","rates","acknowledged","department","sworn","personnel","including","reserve","part","officers","looking","increase","officers","solution","thurmond","county","recruiting","efforts","millennials","workforce","research","center","millennials","comprise","percent","labor","force","making","largest","labor","force","2017","roughly","million","millennials","working","looking","work","cases","dekalb","recruiting","efforts","worked","county","communications","center","fully","staffed","nearly","decade","fire","rescue","departments","firefighters","short","fully","staffed","thurmond","aside","salary","ensuring","employees","feel","valued","contributes","retention","efforts","learn","ensure","treatment","fair","transparent","voice","organization","commission","public","safety","committee","discuss","proposal","tuesday","meeting","full","commission","vote","next","week","related","coverage","mayor","boost","atlanta","police","news"]}
