{"authors":[],"date_download":"2018-11-02 22:17:22","date_modify":"2018-11-02 22:17:22","date_publish":"2017-11-16 20:25:38","description":"Like the arrival of Santa’s sleigh on Christmas Eve, each year retailers deliver a host of dea...","filename":"4thingsretailersdontwantyoutoknowaboutBlackFriday_153.json","image_url":"https://www.ajc.com/rf/image_large/Wires/w2/Clark/2017/11/16/Images/clark-howard_349247882.jpg","language":"en","localpath":"4thingsretailersdontwantyoutoknowaboutBlackFriday_153.json","title":"4 things retailers don’t want you to know about Black Friday","title_page":"4 things retailers don’t want you to know about Black Friday","title_rss":"NULL","source_domain":"ajc.com","text":"arrival santa sleigh christmas retailers deliver host deals discounts freebies shoppers part highly anticipated shopping event black friday falls thanksgiving read best days shop christmas clark howard getting best deal black friday deals legitimate bargains others nothing ordinary sales wrapped shiny packaging tell difference secrets annual discount shopping bonanza november doorbusters doorbusters blockbusters black friday deeply discounted products available limited window usually thanksgiving black friday products look good prices certainly sound good reality getting hands items rosy 2015 instance sears plastered kenmore elite washer dryer front page black friday promise pair fine print below deal revealed approximately four available store story similar retailers secure spot front line online moment sale starts miss shot deals shoppers look stores doorbuster guarantees cases arrive certain guaranteed price discounts often inflated deals difficult grab misleading major department stores routinely inflate amount black friday discounts deals appear better couple keurig elite single serve coffee brewing system sale macy kohl black friday 2015 stage retailers advertised different regular retail price macy kohl stage shopped macy looked saving kohl appeared saving despite fact product sale identical price shop black friday attention supposed percentage discounts instead judge value product based sale price compares item price stores price matching exempt price matching common practice allows customers show retailers proof lower price elsewhere identical product store match competitor price retailers suspend price matching policies black friday target price matches adjustments competitors allowed prices thanksgiving entire week thanksgiving 2017 2017 similarly mart policy reads price matches retailers prices shown thanksgiving cyber monday november price matching largely table shopper compare prices research store best offer fine print everywhere finally manage avoid above tricks traps faced fine print retailers making sales difficult claim certain deals require completion mail rebate products available advertised sale price hours price keep fine print exclusions usually located bottom black friday beneath individual deals within aren surprised store black friday read list retailers closed thanksgiving gift cards holidays courtney jespersen staff writer nerdwallet personal finance website email courtney nerdwallet twitter courtneynerd","url":"https://www.ajc.com/business/personal-finance/things-retailers-don-want-you-know-about-black-friday/5EPN5TqHy7ojjnbMUiyCMK/","polarityScore":{"sourceTitle":"Atlanta Journal-Constitution","allSidesBias":"left-center","communityAgree":"561","communityDisagree":"580","sourceUrl":"http://www.ajc.com/ "},"processedText":["arrival","santa","christmas","retailers","deliver","host","deals","discounts","shoppers","part","highly","anticipated","shopping","event","black","friday","falls","thanksgiving","read","best","days","shop","christmas","clark","howard","getting","best","deal","black","friday","deals","legitimate","bargains","others","nothing","ordinary","sales","wrapped","shiny","packaging","tell","difference","secrets","annual","discount","shopping","bonanza","november","black","friday","deeply","discounted","products","available","limited","window","usually","thanksgiving","black","friday","products","look","good","prices","certainly","sound","good","reality","getting","hands","items","rosy","2015","instance","sears","elite","dryer","front","page","black","friday","promise","pair","fine","print","below","deal","revealed","approximately","four","available","store","story","similar","retailers","secure","spot","front","line","online","moment","sale","starts","miss","shot","deals","shoppers","look","stores","guarantees","cases","arrive","certain","guaranteed","price","discounts","often","inflated","deals","difficult","grab","misleading","major","department","stores","routinely","amount","black","friday","discounts","deals","appear","better","couple","elite","single","serve","coffee","brewing","system","sale","macy","kohl","black","friday","2015","stage","retailers","advertised","different","regular","retail","price","macy","kohl","stage","shopped","macy","looked","saving","kohl","appeared","saving","despite","fact","product","sale","identical","price","shop","black","friday","attention","supposed","percentage","discounts","instead","judge","value","product","based","sale","price","compares","item","price","stores","price","matching","exempt","price","matching","common","practice","allows","customers","show","retailers","proof","lower","price","elsewhere","identical","product","store","match","competitor","price","retailers","suspend","price","matching","policies","black","friday","target","price","matches","adjustments","competitors","allowed","prices","thanksgiving","entire","week","thanksgiving","2017","2017","similarly","mart","policy","reads","price","matches","retailers","prices","shown","thanksgiving","cyber","monday","november","price","matching","largely","table","shopper","compare","prices","research","store","best","offer","fine","print","everywhere","finally","manage","avoid","above","tricks","traps","faced","fine","print","retailers","making","sales","difficult","claim","certain","deals","require","completion","mail","rebate","products","available","advertised","sale","price","hours","price","keep","fine","print","exclusions","usually","located","bottom","black","friday","beneath","individual","deals","within","aren","surprised","store","black","friday","read","list","retailers","closed","thanksgiving","gift","cards","holidays","courtney","staff","writer","nerdwallet","personal","finance","website","email","courtney","nerdwallet","twitter"]}
