{"authors":["Ryan Tarinelli"],"date_download":"2018-11-02 08:05:51","date_modify":"2018-11-02 08:05:51","date_publish":"2017-10-15 00:00:00","description":"A fourth suspect in the fatal shooting of a Jacksonville man surrendered to authorities Sunday night, according to a Pulaski County sheriff's office spokesman.","filename":"4thmanjailedinfatalshootingnearNorthLittleRock_154.json","image_url":"https://media.arkansasonline.com/img/photos/2017/10/15/Untitled_collage_34_t600.jpg?4326734cdb8e39baa3579048ef63ad7b451e7676","language":"en","localpath":"4thmanjailedinfatalshootingnearNorthLittleRock_154.json","title":"4th man jailed in fatal shooting near North Little Rock","title_page":"4th man jailed in fatal shooting near North Little Rock","title_rss":"NULL","source_domain":"arkansasonline.com","text":"fourth suspect fatal shooting jacksonville surrendered authorities sunday night pulaski county sheriff office spokesman four arrested killing james ward shot month chapel ridge apartments outside north rock city limits 5900 mccain park place sheriff office post sheriff facebook page joshua cangiano surrendered boone county sheriff office transported pulaski county jail capital murder warrant issued cangiano court document shows terry miller arrested killing admitted involvement sept incident jeffery lamont king shot victim witness identified king shooter document obtained week authorities ward died single bullet wound head authorities arrested king pike jacksonville report investigators friday arrested jackie jackson jacksonville killing click larger versions photos brandon riddle arrest report jackson admitted involvement robbery killing ward king miller jackson face count capital murder authorities identified miller witness described suspects having point star tattoo cheek affidavit investigators checked area enforcement agencies regarding description jacksonville police provided miller name court document document shows miller found lonoke county residence possession firearm drugs interview authorities miller king jackson cangiano went meet ward apartment complex affidavit miller stated plan james ward roxy pills court document ward arrived miller authorities spoke asked pills miller king approached ordered james ward vehicle gunpoint affidavit document miller king victim bench ultimately shot miller authorities freaked victim vehicle driving away document miller jackson cangiano responsible removing people victim vehicle document witness desaray clarke authorities ward trevor lyons apartment complex meet person affidavit arrived ward spoke someone phone giving directions document clarke stated noticed white male point star standing beside white vehicle phone document clarke authorities ward picked morning needed play affidavit clarke later identified king person fatally shot victim affidavit lyons authorities white confronted ward driver seat vehicle document witness white pulled handgun pointed victim began strike head face pistol document black approached white remove victim vehicle document affidavit white ward vehicle bench behind vehicle black male began taking property victim shoes phone money drugs white male victim vehicle began drive black male shot victim away affidavit advertisement headlines king miller jackson listed pulaski county jail inmate roster sunday metro 2017","url":"https://www.arkansasonline.com/news/2017/oct/16/4th-man-jailed-in-fatal-shooting-201710/?page=1","polarityScore":{"sourceTitle":"Arkansas Democrat-Gazette","allSidesBias":"left","communityAgree":"686","communityDisagree":"522","sourceUrl":"http://www.arkansasonline.com/ "},"processedText":["fourth","suspect","fatal","shooting","jacksonville","surrendered","authorities","sunday","night","pulaski","county","sheriff","office","spokesman","four","arrested","killing","james","ward","shot","month","chapel","ridge","apartments","outside","north","rock","city","limits","mccain","park","place","sheriff","office","post","sheriff","facebook","page","joshua","surrendered","boone","county","sheriff","office","transported","pulaski","county","jail","capital","murder","warrant","issued","court","document","shows","terry","miller","arrested","killing","admitted","involvement","sept","incident","lamont","king","shot","victim","witness","identified","king","shooter","document","obtained","week","authorities","ward","died","single","bullet","wound","head","authorities","arrested","king","pike","jacksonville","report","investigators","friday","arrested","jackie","jackson","jacksonville","killing","click","larger","versions","photos","brandon","riddle","arrest","report","jackson","admitted","involvement","robbery","killing","ward","king","miller","jackson","face","count","capital","murder","authorities","identified","miller","witness","described","suspects","having","point","star","tattoo","cheek","affidavit","investigators","checked","area","enforcement","agencies","regarding","description","jacksonville","police","provided","miller","name","court","document","document","shows","miller","found","county","residence","possession","firearm","drugs","interview","authorities","miller","king","jackson","went","meet","ward","apartment","complex","affidavit","miller","stated","plan","james","ward","pills","court","document","ward","arrived","miller","authorities","spoke","asked","pills","miller","king","approached","ordered","james","ward","vehicle","gunpoint","affidavit","document","miller","king","victim","bench","ultimately","shot","miller","authorities","freaked","victim","vehicle","driving","away","document","miller","jackson","responsible","removing","people","victim","vehicle","document","witness","clarke","authorities","ward","trevor","lyons","apartment","complex","meet","person","affidavit","arrived","ward","spoke","someone","phone","giving","directions","document","clarke","stated","noticed","white","male","point","star","standing","beside","white","vehicle","phone","document","clarke","authorities","ward","picked","morning","needed","play","affidavit","clarke","later","identified","king","person","fatally","shot","victim","affidavit","lyons","authorities","white","confronted","ward","driver","seat","vehicle","document","witness","white","pulled","handgun","pointed","victim","began","strike","head","face","pistol","document","black","approached","white","remove","victim","vehicle","document","affidavit","white","ward","vehicle","bench","behind","vehicle","black","male","began","taking","property","victim","shoes","phone","money","drugs","white","male","victim","vehicle","began","drive","black","male","shot","victim","away","affidavit","advertisement","headlines","king","miller","jackson","listed","pulaski","county","jail","inmate","roster","sunday","metro","2017"]}
