{"authors":["Monica Busch"],"date_download":"2018-10-31 01:14:51","date_modify":"2018-10-31 01:14:51","date_publish":"2018-10-02 22:44:10","description":"More than one year after the violence in Charlottesville, a group of men are facing legal repercussions for laws allegedly broken as part of their participation in the white supremacist rally there in August of 2017, where one counter-protestor,…","filename":"4UniteTheRightParticipantsHaveBeenChargedInConnectionWithTheCharlottesvilleRally_156.json","image_url":"https://imgix.bustle.com/uploads/getty/2018/10/2/f6d98941-3f69-4a8e-a103-57e1c99682b5-getty-843485798.jpg?w=1200&h=630&q=70&fit=crop&crop=faces&fm=jpg","language":"en","localpath":"4UniteTheRightParticipantsHaveBeenChargedInConnectionWithTheCharlottesvilleRally_156.json","title":"4 \"Unite The Right\" Participants Have Been Charged In Connection With The Charlottesville Rally","title_page":"4 \"Unite The Right\" Participants Have Been Charged In Connection With The Charlottesville Rally","title_rss":"NULL","source_domain":"bustle.com","text":"violence charlottesville group facing legal repercussions laws allegedly broken part participation white supremacist rally august 2017 counter protestor heather heyer killed tuesday four unite participants charged count violating federal rioting conspiring washington post charged identified authorities benjamin daley thomas gillen michael miselis cole white attorney office members militant racist anti semitic group rise above movement based california post affidavit obtained angeles times white supremacist group allegedly belong places high value maintaining physical fitness allegedly attended rally intending participate physical violence attorney office arrived rally fists taped manner boxers style fighters affidavit face prison convicted essentially serial rioters thomas cullen attorney western district virginia times wasn lawful exercise amendment rights guys charlottesville commit violent acts rally intended protest potential removal charlottesville statue depicting confederate robert thus happened violence event escalated quickly however nazi protesters counter protestors clashed rally deadly violence broke drew renewed attention white supremacy united states especially heyer death killed alleged nazi james fields drove crowd counter protestors charges against four california directly related heyer death thought driver indicted different counts june huffpo though actual charlottesville rally lasted evening effects continued reverberate months lapsed took place renewed conversation race relations united states placed scrutiny politicians appeared unwilling condemn event including president donald trump immediate aftermath president blame sides sparking outrage critics upset declined opportunity decry white supremacy people group trump people fine people sides though walked original statements times defended original remarks four arrested charged tuesday marks latest event unfold enforcement american discourse grapples rally ramifications civil trial against fields november","url":"https://www.bustle.com/p/4-unite-the-right-participants-have-been-charged-in-connection-with-the-charlottesville-rally-12131811","polarityScore":{"sourceTitle":"Bustle","allSidesBias":"left-center","communityAgree":"564","communityDisagree":"566","sourceUrl":"http://www.bustle.com/ "},"processedText":["violence","charlottesville","group","facing","legal","repercussions","laws","allegedly","broken","part","participation","white","supremacist","rally","august","2017","counter","heather","heyer","killed","tuesday","four","unite","participants","charged","count","violating","federal","rioting","conspiring","washington","post","charged","identified","authorities","benjamin","thomas","michael","cole","white","attorney","office","members","militant","racist","anti","semitic","group","rise","above","movement","based","california","post","affidavit","obtained","angeles","times","white","supremacist","group","allegedly","belong","places","high","value","maintaining","physical","fitness","allegedly","attended","rally","intending","participate","physical","violence","attorney","office","arrived","rally","fists","taped","manner","style","fighters","affidavit","face","prison","convicted","essentially","serial","rioters","thomas","cullen","attorney","western","district","virginia","times","wasn","lawful","exercise","amendment","rights","guys","charlottesville","commit","violent","acts","rally","intended","protest","potential","removal","charlottesville","statue","depicting","confederate","robert","thus","happened","violence","event","escalated","quickly","however","nazi","protesters","counter","protestors","clashed","rally","deadly","violence","broke","drew","renewed","attention","white","supremacy","united","states","especially","heyer","death","killed","alleged","nazi","james","fields","drove","crowd","counter","protestors","charges","against","four","california","directly","related","heyer","death","thought","driver","indicted","different","counts","june","huffpo","though","actual","charlottesville","rally","lasted","evening","effects","continued","months","took","place","renewed","conversation","race","relations","united","states","placed","scrutiny","politicians","appeared","unwilling","condemn","event","including","president","donald","trump","immediate","aftermath","president","blame","sides","sparking","outrage","critics","upset","declined","opportunity","decry","white","supremacy","people","group","trump","people","fine","people","sides","though","walked","original","statements","times","defended","original","remarks","four","arrested","charged","tuesday","marks","latest","event","unfold","enforcement","american","discourse","rally","ramifications","civil","trial","against","fields","november"]}
