{"authors":["Mariella Mosthof"],"date_download":"2018-10-31 01:15:51","date_modify":"2018-10-31 01:15:51","date_publish":"2018-10-11 21:46:44","description":"For the first time in roughly a year and a half, Venus is in retrograde again, from October 5 to November 17. In astrology, Venus rules love, beauty, pleasure, and money, and it's the planet most commonly associated with how we behave in…","filename":"4WaysVenusRetrogradeCanAffectYourLoveLife_157.json","image_url":"https://imgix.bustle.com/uploads/image/2018/10/11/0b2ddbbd-d4c9-466e-bc83-bcc23dc93da7-fotolia_226013039_subscription_monthly_m-1.jpg?w=1200&h=630&q=70&fit=crop&crop=faces&fm=jpg","language":"en","localpath":"4WaysVenusRetrogradeCanAffectYourLoveLife_157.json","title":"4 Ways Venus Retrograde Can Affect Your Love Life","title_page":"4 Ways Venus Retrograde Can Affect Your Love Life","title_rss":"NULL","source_domain":"bustle.com","text":"roughly half venus retrograde october november astrology venus rules love beauty pleasure money planet commonly associated behave relationships accordingly wondering venus retrograde means love life especially venus planet spends least amount retrograde retrograde refers earth laps planet orbit though earth venus moving direction pass venus appears move backwards period planets appear move backwards relation known periods retrograde general planetary retrogrades reflection frequently dreaded people inclined grind forward struggles retrogrades demand opposite people tend feel always wrong retrograde fighting universe built check system plowing decision making instead taking step assessing circumstances mercury retrograde venus retrograde start relationships commitments marriage remaining open feelings stirs realize partner longer wants andrew zaeh bustle venus retrograde perfect opportunity check yourself relationship honestly assess whether needs astrologer linda furate tells bustle excellent look within actions behavior offer happiness holding onto relationship possession longer serves higher good venus retrograde find love interest moved longer wants relationship give yourself permission relationships andrew zaeh bustle flip side potentially heartbroken course heartbreaker realize someone longer wants realize longer honest yourself look patterns people places sabotage happiness jess domain giftedastrology tells bustle give yourself permission release thirsty exes woodwork thing andrew zaeh bustle times strictly deny yourself possibility making venus retrograde productive venus retrograde motion possible flame lives receive phone call text person contact furiate ideal rekindle former relationship relationship fizzles venus direct often valuable lessons learned opportunity revisit feelings beware urge somebody using presents addition accept marriage proposal start relationship venus retrograde someone using expensive gift virtually surefire wind regretting actions flame rekindled probably person beneficial welcome accept delays furiate learn patience rewarded abundance love seek ultimately venus retrograde great remember people love furiate best handle venus retrograde honor feelings learn love without attachment","url":"https://www.bustle.com/p/4-ways-venus-retrograde-can-affect-your-love-life-12241036","polarityScore":{"sourceTitle":"Bustle","allSidesBias":"left-center","communityAgree":"564","communityDisagree":"566","sourceUrl":"http://www.bustle.com/ "},"processedText":["roughly","half","venus","retrograde","october","november","astrology","venus","rules","love","beauty","pleasure","money","planet","commonly","associated","behave","relationships","accordingly","wondering","venus","retrograde","means","love","life","especially","venus","planet","spends","least","amount","retrograde","retrograde","refers","earth","laps","planet","orbit","though","earth","venus","moving","direction","pass","venus","appears","move","backwards","period","planets","appear","move","backwards","relation","known","periods","retrograde","general","planetary","retrogrades","reflection","frequently","dreaded","people","inclined","grind","forward","struggles","retrogrades","demand","opposite","people","tend","feel","always","wrong","retrograde","fighting","universe","built","check","system","decision","making","instead","taking","step","assessing","circumstances","mercury","retrograde","venus","retrograde","start","relationships","commitments","marriage","remaining","open","feelings","realize","partner","longer","wants","andrew","zaeh","bustle","venus","retrograde","perfect","opportunity","check","yourself","relationship","honestly","assess","whether","needs","astrologer","linda","tells","bustle","excellent","look","within","actions","behavior","offer","happiness","holding","onto","relationship","possession","longer","serves","higher","good","venus","retrograde","find","love","interest","moved","longer","wants","relationship","give","yourself","permission","relationships","andrew","zaeh","bustle","flip","side","potentially","heartbroken","course","realize","someone","longer","wants","realize","longer","honest","yourself","look","patterns","people","places","sabotage","happiness","jess","domain","tells","bustle","give","yourself","permission","release","thirsty","exes","thing","andrew","zaeh","bustle","times","strictly","deny","yourself","possibility","making","venus","retrograde","productive","venus","retrograde","motion","possible","flame","lives","receive","phone","call","text","person","contact","ideal","former","relationship","relationship","venus","direct","often","valuable","lessons","learned","opportunity","revisit","feelings","beware","urge","somebody","using","presents","addition","accept","marriage","proposal","start","relationship","venus","retrograde","someone","using","expensive","gift","virtually","surefire","wind","actions","flame","probably","person","beneficial","welcome","accept","delays","learn","patience","rewarded","abundance","love","seek","ultimately","venus","retrograde","great","remember","people","love","best","handle","venus","retrograde","honor","feelings","learn","love","without","attachment"]}
