{"authors":["Brandi Neal"],"date_download":"2018-10-31 00:37:12","date_modify":"2018-10-31 00:37:12","date_publish":"2018-10-04 21:54:22","description":"After the summer of eleventy-million retrogrades, you're probably looking forward to some karmic peace. Not so fast my friendlies. Venus turns retrograde Oct. 5, and she's here to shake things up. Because Venus is the planet that retrogrades the…","filename":"4ZodiacSignsVenusRetrograde2018WillAffectTheLeast_162.json","image_url":"https://imgix.bustle.com/uploads/getty/2018/10/4/f1d01326-6ea0-48ec-a02d-dce76ef687cb-getty-145779956.jpg?w=1200&h=630&q=70&fit=crop&crop=faces&fm=jpg","language":"en","localpath":"4ZodiacSignsVenusRetrograde2018WillAffectTheLeast_162.json","title":"4 Zodiac Signs Venus Retrograde 2018 Will Affect The Least","title_page":"4 Zodiac Signs Venus Retrograde 2018 Will Affect The Least","title_rss":"NULL","source_domain":"bustle.com","text":"summer eleventy million retrogrades probably looking forward karmic peace fast friendlies venus turns retrograde shake venus planet retrogrades least energy mega intense however zodiac signs venus retrograde 2018 affect least cancer virgo capricorn pisces easiest venus backspin venus turns retrograde months spends less position bigger planets saturn jupiter means venus pack powerful punch short amount often results relationship upheaval number signs cancer virgo capricorn pisces signs basically suit cosmic armor protect love goddess planet nefarious influences venus retrograde scorpio libra majority retrograde spent scorpio serious review concerning matters love values intimacy activated across houses natal chart ruled scorpio libra coleman wrote astrology venus skate backward signs signs expect conflicting messages feelings four signs able harness best venus libra scorpio propel themselves forward cancer sign likely fall love date retrograde venus retrograde 2018 bring love desire deserve drink love until fill venus retrograde occurring super sexy part chart dedicated likely plate venus retrograde reconnect flames strike ones coleman revealed remember wave erotica fizzle venus turns direct sure protect heart virgo intense focus details means ignoring bigger picture perhaps everything changed weren paying attention venus retrograde 2018 giving gift sight wants examine surroundings evaluate whether current home neighborhood city good darkstar astrology venus bring financial opportunity beginning november help facilitate move decide fresh start capricorn experienced upheaval disruption routine summer however likely best allowed identify opportunities friendship venus retrograde 2018 bring help comfortable normal coleman advised venus decide friendships projects goals worth pursuing retrograde continues apply filter career taking note viable aspirations affect term career moves pisces october doubly delicious moon getting head trusting energy venus retrograde 2018 allow manifest fairytale love story desire however happen darkstar astrology noted traveling feel however strong pull toward places romantic connection stumble across exotic flame astrological factors support overall venus retrograde 2018 encouraging signs zodiac open hearts minds possibility love friendship found yourself closed feeling anxious others frame decide shifts work open forever conscious noted website opening heart easy requires trust yourself others necessary yourself build connections good luck friendlies odds favor","url":"https://www.bustle.com/p/4-zodiac-signs-venus-retrograde-2018-will-affect-the-least-12158154","polarityScore":{"sourceTitle":"Bustle","allSidesBias":"left-center","communityAgree":"564","communityDisagree":"566","sourceUrl":"http://www.bustle.com/ "},"processedText":["summer","million","retrogrades","probably","looking","forward","karmic","peace","fast","venus","turns","retrograde","shake","venus","planet","retrogrades","least","energy","mega","intense","however","zodiac","signs","venus","retrograde","2018","affect","least","cancer","virgo","capricorn","pisces","easiest","venus","venus","turns","retrograde","months","spends","less","position","bigger","planets","saturn","jupiter","means","venus","pack","powerful","punch","short","amount","often","results","relationship","upheaval","number","signs","cancer","virgo","capricorn","pisces","signs","basically","suit","cosmic","armor","protect","love","goddess","planet","nefarious","influences","venus","retrograde","scorpio","libra","majority","retrograde","spent","scorpio","serious","review","concerning","matters","love","values","intimacy","activated","across","houses","chart","ruled","scorpio","libra","coleman","wrote","astrology","venus","skate","backward","signs","signs","expect","conflicting","messages","feelings","four","signs","able","harness","best","venus","libra","scorpio","propel","themselves","forward","cancer","sign","likely","fall","love","date","retrograde","venus","retrograde","2018","bring","love","desire","deserve","drink","love","until","fill","venus","retrograde","occurring","super","sexy","part","chart","dedicated","likely","plate","venus","retrograde","reconnect","flames","strike","ones","coleman","revealed","remember","wave","venus","turns","direct","sure","protect","heart","virgo","intense","focus","details","means","ignoring","bigger","picture","perhaps","everything","changed","weren","paying","attention","venus","retrograde","2018","giving","gift","sight","wants","examine","surroundings","evaluate","whether","current","home","neighborhood","city","good","astrology","venus","bring","financial","opportunity","beginning","november","help","facilitate","move","decide","fresh","start","capricorn","experienced","upheaval","disruption","routine","summer","however","likely","best","allowed","identify","opportunities","friendship","venus","retrograde","2018","bring","help","comfortable","normal","coleman","advised","venus","decide","friendships","projects","goals","worth","pursuing","retrograde","continues","apply","filter","career","taking","note","viable","aspirations","affect","term","career","moves","pisces","october","doubly","delicious","moon","getting","head","trusting","energy","venus","retrograde","2018","allow","manifest","fairytale","love","story","desire","however","happen","astrology","noted","traveling","feel","however","strong","pull","toward","places","romantic","connection","stumble","across","exotic","flame","astrological","factors","support","overall","venus","retrograde","2018","encouraging","signs","zodiac","open","hearts","minds","possibility","love","friendship","found","yourself","closed","feeling","anxious","others","frame","decide","shifts","work","open","forever","conscious","noted","website","opening","heart","easy","requires","trust","yourself","others","necessary","yourself","build","connections","good","luck","odds","favor"]}
