{"authors":["Brandi Neal"],"date_download":"2018-10-31 00:37:13","date_modify":"2018-10-31 00:37:13","date_publish":"2018-10-04 21:53:19","description":"The first new moon of fall is accompanied by a strong feeling of déjà vu. While everyone will feel like Oct. 8 is akin to being an extra in the movie Groundhog Day, the zodiac signs the October 2018 new moon in Libra will affect the least —Gemini,…","filename":"4ZodiacSignsTheOctober2018NewMoonWillAffectTheLeast_161.json","image_url":"https://imgix.bustle.com/uploads/getty/2018/10/4/c4d0f42f-4782-47b2-8284-082762ddc448-getty-1007873706.jpg?w=1200&h=630&q=70&fit=crop&crop=faces&fm=jpg","language":"en","localpath":"4ZodiacSignsTheOctober2018NewMoonWillAffectTheLeast_161.json","title":"4 Zodiac Signs The October 2018 New Moon Will Affect The Least","title_page":"4 Zodiac Signs The October 2018 New Moon Will Affect The Least","title_rss":"NULL","source_domain":"bustle.com","text":"moon fall accompanied strong feeling everyone feel akin extra movie groundhog zodiac signs october 2018 moon libra affect least gemini virgo sagittarius pisces less influenced signs known mutable signs four signs season wrapped karmic jobs means gemini virgo sagittarius pisces intensely influenced september 2018 moon marked summer deserved breath fresh october 2018 moon overall particular moon libra extra special ruling planet venus retrograde scorpio something happened twice astrologer andrew ifandis cosmos astrology means promise moon strong karmic feeling simultaneously charged passionate eroticism fixed signs taurus scorpio aquarius manifest jealously gemini virgo sagittarius pisces feel moon transformative potential four signs october 2018 moon opportunity best self resisting urge define gemini october 2018 moon libra wants head heart magic happens ticker often happens less control carpe diem keep tight grip emotions life feel richer alive astro twins revealed astro style rocky summer september 2018 moon left feeling extra bajiggity stop overthinking heart guide toward future stop looking virgo october 2018 moon gift burst energy without missing beat ideal rekindle friendships friends look forward meeting good chat show gratitude astro sofa noted website feeling neglected late moon libra wrong capacity leave feeling bright shiny brand penny sagittarius october 2018 moon libra inspire gather squad world better place astro twins noted libra strongly influenced feelings justice moon perfect throw weight behind worthy cause passionate finally ready everything dark twisty weighing down powerful practice forgiveness holding onto resentment grudge eating away astro twins advised yourself favor find struggle pisces october 2018 moon libra taking vacation pensive nature unleashing inner extrovert mood today above average chatty makes extremely popular astro sofa revealed inspired express needs deepest desires personal life libra moon totally hand best line work libra moon people outbursts cosmically influenced worth engaging conflict news tomorrow overall signs opportunity smooth rough spots important relationships moon resist temptation green eyed monster jealousy rule actions libra peace justice ignore urge fight down emotional weapons surrender moon calm embrace sometimes nice karmic universe october 2018 moon name willing accept","url":"https://www.bustle.com/p/4-zodiac-signs-the-october-2018-new-moon-will-affect-the-least-12155818","polarityScore":{"sourceTitle":"Bustle","allSidesBias":"left-center","communityAgree":"564","communityDisagree":"566","sourceUrl":"http://www.bustle.com/ "},"processedText":["moon","fall","accompanied","strong","feeling","everyone","feel","akin","extra","movie","zodiac","signs","october","2018","moon","libra","affect","least","gemini","virgo","sagittarius","pisces","less","influenced","signs","known","signs","four","signs","season","wrapped","karmic","jobs","means","gemini","virgo","sagittarius","pisces","intensely","influenced","september","2018","moon","marked","summer","deserved","breath","fresh","october","2018","moon","overall","particular","moon","libra","extra","special","ruling","planet","venus","retrograde","scorpio","something","happened","twice","astrologer","andrew","astrology","means","promise","moon","strong","karmic","feeling","simultaneously","charged","passionate","fixed","signs","taurus","scorpio","aquarius","manifest","gemini","virgo","sagittarius","pisces","feel","moon","transformative","potential","four","signs","october","2018","moon","opportunity","best","self","resisting","urge","define","gemini","october","2018","moon","libra","wants","head","heart","magic","happens","often","happens","less","control","keep","tight","grip","emotions","life","feel","richer","alive","astro","twins","revealed","astro","style","rocky","summer","september","2018","moon","left","feeling","extra","stop","heart","guide","toward","future","stop","looking","virgo","october","2018","moon","gift","burst","energy","without","missing","beat","ideal","friendships","friends","look","forward","meeting","good","chat","show","gratitude","astro","sofa","noted","website","feeling","neglected","late","moon","libra","wrong","capacity","leave","feeling","bright","shiny","brand","penny","sagittarius","october","2018","moon","libra","inspire","gather","squad","world","better","place","astro","twins","noted","libra","strongly","influenced","feelings","justice","moon","perfect","throw","weight","behind","worthy","cause","passionate","finally","ready","everything","dark","weighing","down","powerful","practice","forgiveness","holding","onto","resentment","eating","away","astro","twins","advised","yourself","favor","find","struggle","pisces","october","2018","moon","libra","taking","vacation","nature","unleashing","inner","mood","today","above","average","makes","extremely","popular","astro","sofa","revealed","inspired","express","needs","deepest","desires","personal","life","libra","moon","totally","hand","best","line","work","libra","moon","people","outbursts","influenced","worth","engaging","conflict","news","tomorrow","overall","signs","opportunity","smooth","rough","spots","important","relationships","moon","resist","temptation","green","eyed","monster","jealousy","rule","actions","libra","peace","justice","ignore","urge","fight","down","emotional","weapons","surrender","moon","calm","embrace","sometimes","nice","karmic","universe","october","2018","moon","name","willing","accept"]}
