{"authors":["Brandi Neal"],"date_download":"2018-10-31 00:21:31","date_modify":"2018-10-31 00:21:31","date_publish":"2018-10-05 21:18:32","description":"It's here! Just when you thought you were finally free of all the of this summer's frustrating planetary retrogrades, Venus has entered its backward boogie to deliver some extra intense energy. The zodiac signs that Venus retrograde will affect the…","filename":"4ZodiacSignsVenusRetrograde2018WillAffectTheMost_163.json","image_url":"https://imgix.bustle.com/uploads/getty/2018/10/5/b5181736-1e0e-4ae0-8d70-b4defb6b4dd7-getty-145775382.jpg?w=1200&h=630&q=70&fit=crop&crop=faces&fm=jpg","language":"en","localpath":"4ZodiacSignsVenusRetrograde2018WillAffectTheMost_163.json","title":"4 Zodiac Signs Venus Retrograde 2018 Will Affect The Most","title_page":"4 Zodiac Signs Venus Retrograde 2018 Will Affect The Most","title_rss":"NULL","source_domain":"bustle.com","text":"thought finally free summer frustrating planetary retrogrades venus entered backward boogie deliver extra intense energy zodiac signs venus retrograde affect signs aries taurus libra scorpio forced closely examine matters related love values intimacy astrology venus retrograde split libra scorpio scorpio venus normally connective pleasurable ways dark edge manifest jealousy envy hotter relationships turn colder threat desertion venus makes libra mood lighten considerably lifting dark twisty energy scorpio venus planet turns retrograde least months spends least amount backspin tends cause upheaval retrograde planets venus retrograde interrupt flow important ties snap starry eyed reverie astro twins revealed astrostyle retrogrades rule lovers issues resurface week cycle aries taurus libra scorpio signs venus retrograde magnify energy aries sign directly opposite libra venus retrograde thrust power struggles area life likely feel challenged work friendships romantic life luckily natural born determination help navigate rocky period boss give chase assess divergent values threaten important partnerships renegotiate accordingly astrology advised feel spending next days putting fires best advantage opportunity shine taurus sign direct opposition scorpio venus spend night backspin feel extra frustrated stubborn nature means likely frequent student school hard knocks ready graduate already venus retrograde 2018 encourage give working anymore evaluate approach life reconsider interact colleagues workplace reports revisiting daily health routine lack thereof astrology recommended libra venus retrograde sign find yourself acting character usually weigh decisions carefully strike balance venus inspire hasty decisions pick fights tension flare coworkers client lock credit cards impulse purchases lead buyer remorse normally spot style taste miss mark astro twins advised overall change normal behavior opportunity examine actions identify true needs check return natural state balanced bliss scorpio venus spending retrograde cycle sign tempted bury head sand until however venus remind matter hard outrun yourself holding onto grudge resentment scorpioissues tough necessary work clearing forgiveness divine free painful grips astro twins advised love interest enters life halloween slow roll sure object affection reasons immune taken advantage venus retrograde skew normally spot intuition signs zodiac venus retrograde 2018 ideal examine relationships something feels consider pursuing relationships friendships place venus retrograde demands people pedestal lens reality rather rose colored filters astro twins revealed always thing important remember humans flaws however becomes clear someone admire wolf sheep clothing venus retrograde exorcise person orbit","url":"https://www.bustle.com/p/4-zodiac-signs-venus-retrograde-2018-will-affect-the-most-12170657","polarityScore":{"sourceTitle":"Bustle","allSidesBias":"left-center","communityAgree":"564","communityDisagree":"566","sourceUrl":"http://www.bustle.com/ "},"processedText":["thought","finally","free","summer","frustrating","planetary","retrogrades","venus","entered","backward","deliver","extra","intense","energy","zodiac","signs","venus","retrograde","affect","signs","aries","taurus","libra","scorpio","forced","closely","examine","matters","related","love","values","intimacy","astrology","venus","retrograde","split","libra","scorpio","scorpio","venus","normally","ways","dark","edge","manifest","jealousy","envy","hotter","relationships","turn","colder","threat","desertion","venus","makes","libra","mood","lighten","considerably","lifting","dark","energy","scorpio","venus","planet","turns","retrograde","least","months","spends","least","amount","tends","cause","upheaval","retrograde","planets","venus","retrograde","interrupt","flow","important","ties","snap","starry","eyed","astro","twins","revealed","astrostyle","retrogrades","rule","lovers","issues","week","cycle","aries","taurus","libra","scorpio","signs","venus","retrograde","energy","aries","sign","directly","opposite","libra","venus","retrograde","thrust","power","struggles","area","life","likely","feel","challenged","work","friendships","romantic","life","luckily","natural","born","determination","help","navigate","rocky","period","boss","give","chase","assess","divergent","values","threaten","important","partnerships","renegotiate","accordingly","astrology","advised","feel","spending","next","days","putting","fires","best","advantage","opportunity","shine","taurus","sign","direct","opposition","scorpio","venus","spend","night","feel","extra","frustrated","stubborn","nature","means","likely","frequent","student","school","hard","knocks","ready","graduate","already","venus","retrograde","2018","encourage","give","working","anymore","evaluate","approach","life","reconsider","interact","colleagues","workplace","reports","revisiting","daily","health","routine","lack","thereof","astrology","recommended","libra","venus","retrograde","sign","find","yourself","acting","character","usually","weigh","decisions","carefully","strike","balance","venus","inspire","hasty","decisions","pick","fights","tension","flare","coworkers","client","lock","credit","cards","impulse","purchases","lead","buyer","remorse","normally","spot","style","taste","miss","mark","astro","twins","advised","overall","change","normal","behavior","opportunity","examine","actions","identify","true","needs","check","return","natural","state","balanced","bliss","scorpio","venus","spending","retrograde","cycle","sign","tempted","bury","head","sand","until","however","venus","remind","matter","hard","yourself","holding","onto","resentment","tough","necessary","work","clearing","forgiveness","divine","free","painful","grips","astro","twins","advised","love","interest","enters","life","halloween","slow","roll","sure","object","affection","reasons","immune","taken","advantage","venus","retrograde","skew","normally","spot","intuition","signs","zodiac","venus","retrograde","2018","ideal","examine","relationships","something","feels","consider","pursuing","relationships","friendships","place","venus","retrograde","demands","people","lens","reality","rather","rose","colored","filters","astro","twins","revealed","always","thing","important","remember","humans","flaws","however","becomes","clear","someone","admire","wolf","sheep","clothing","venus","retrograde","person","orbit"]}
