{"authors":["Natalia Lusinski"],"date_download":"2018-10-31 00:33:12","date_modify":"2018-10-31 00:33:12","date_publish":"2018-10-01 22:01:05","description":"Despite the messages we get from our sex-negative culture, it's easy to think sexually transmitted infections (STIs) won’t affect you. But STIs can affect anybody — they don’t discriminate. At first, getting an STI diagnosis can be scary,…","filename":"5AdvocatesWhoAreTakingTheShameOutOfSTIs_166.json","image_url":"https://imgix.bustle.com/uploads/image/2018/10/1/393fd39c-9e65-4252-9f9b-3748dab497b0-9e6fe752-ecfe-4ca5-9140-a0be17e87071-jenelle-marie-pierce.jpg?w=1200&h=630&q=70&fit=crop&crop=faces&fm=jpg","language":"en","localpath":"5AdvocatesWhoAreTakingTheShameOutOfSTIs_166.json","title":"5 Advocates Who Are Taking The Shame Out Of STIs","title_page":"5 Advocates Who Are Taking The Shame Out Of STIs","title_rss":"NULL","source_domain":"bustle.com","text":"despite messages negative culture easy sexually transmitted infections stis affect stis affect anybody discriminate getting diagnosis scary surprising shameful name important resources support fight stigma surrounding stis luckily certain advocates getting news living manageable less stigmatized plus advocates often separate fact fiction comes making aware knowledgeable stis overall recent bustle trends group survey women ages participant biggest stigma women sexual health means sleep response women somehow less clean having makes harder forward early stages stis suffice knowledge power couldn truer comes thoroughly educated stis anyone sexual contact includes women ages nationalities ethnic backgrounds economic levels martha tara relationship counselor clinical sexologist eros coaching tells bustle prevent believes education communication safe important slut shame guilt trip ourselves stop living lives expressing sexuality five advocates below favor destigmatizing stis definitely radar laureen laureen laureen youtube channel dedicated helping people cope herpes stigma tried doing blog podcasts found youtube best forum knew people find message easily youtube resonate rather write tells bustle lack youtube channels talked solely start hers couldn find channel friendly face consistently show help sense herpes appease worries beauty fashion channels barely channels living especially herpes affects least thirds global population wanted find others herpes remind alone remind myself alone either thing laureen likes people keep mind herpes skin condition family includes chicken shingles reassuring likely dealt knowing people herpes without herpes world reassuring alone laureen wishes brands help destigmatize stis brands talking issues audience goes least cares mental health body image sexism hope brands someday embrace stigma cultural conversations needs attention statistically capacity help remind people contract curable incurable percent percent worthy love evan goldstein evan goldstein evan goldstein founder york beverly hills based bespoke surgical established leader providing elevated concierge style medical surgical expertise community recently produced launched video series tail talks series features round table lgbt experts movers shakers influencers medical professionals discuss issues community entertaining engaging informative dialogue goldstein tells bustle overall digital marketing strategy utilizes several tactics market services educate public wider health sexual wellness issues affecting lgbt community started becoming advocate sexual wellness issues toward studies surgical training collided owning sexuality higher purpose juncture ended playing pivotal role driving advocacy trained osteopath taking whole body mind approach tailoring needs community instrumental success noticed serious medical knowledge lacked literature proper engagement realized help change game goldstein thinks people open stis breaking stigma shame stigma powerful marginalized community constantly trying maneuver obstacles taboo subject creates sort hidden forum unfortunately disappear until attempt destigmatize narrative people talk write force hands popular press freely acknowledge normal commonality amongst everyone regardless gender sexuality taking simple topic stis normalizing conversation hope chip away oppression ultimate goal removing stigma associated goldstein sexual health product decisions innocuous serious consequences believe preaching clients shouldn something outright works instead discuss potential risks involved whether proactive measures taken help minimize risk learned tremendously epidemic important educated honest proactive sexual health judgmental biased health care core movement josh robbins josh robbins josh robbins activist spokesperson datingpositives social discovery platform positive herpes hepatitis people chat find love hook seek advice others experiencing robbins known candor shameless opinions tells bustle done talk received 2017 glaad media award nomination followers social media single diagnosis 2012 using datingpositives document experiences robbins datingpositives break stigma against stis fresh dating platform people feel safe providing resources empower entertain people site blog waxoh choice datingpositives place people choose deal negativity sometimes found mainstream apps worry judged something affects people whether admit robbins national survey conducted people positive percent results looking site caters fact living chronic robbins family within hours diagnosis started share publicly within weeks important talk stis reduce stigma associated education discussion someone proud myself diagnosis nobody needs feel shame adds important people honest sexual health others themselves conversation becomes easier discuss potential sexual partner dating prospect easier build trust relationship positive afraid tell people robbins step figuring fear coming fear rejection feeling self esteem lowered traumatic experience deeper people struggle reconciling status having religious upbringing someone professional guidance doing robbins starting honesty thoughtful self reflection path living openly easier courtney brame courtney brame courtney brame spreading positivity comes living does podcast something positive positive people spfpp started diagnosed herpes covers kinds topics help others herpes stis place allows people experience based information stis living brame tells bustle podcast episodes cover wide variety topics therapist doing mock therapy session brame light diagnosis someone herpes discussing dates post diagnosis shame associated heavily diagnosis important people develop courage seek resources safely able find without fear judgment shame having brame important resources something positive positive people exist meets people diagnosis podcast place feel supported comforted people without important educational resource resources show perceive person living brame instance promiscuous common word however stories people herpes young child birth discovered blood transfusion aids positive challenges misconception positive person sexual partners exposed condition hopefully stories encourage conversations sexual health frequent testing precautions partners hopes herpes stis feel less alone listen spfpp plus people close possibly dealing situation brame diagnosed herpes someone lighthouse wants others whole world opened began seek resources didn looking process someone found reaching always seen having herpes deal encourage people seek support","url":"https://www.bustle.com/p/5-advocates-who-are-taking-the-shame-out-of-stis-11980683","polarityScore":{"sourceTitle":"Bustle","allSidesBias":"left-center","communityAgree":"564","communityDisagree":"566","sourceUrl":"http://www.bustle.com/ "},"processedText":["despite","messages","negative","culture","easy","sexually","transmitted","infections","stis","affect","stis","affect","anybody","discriminate","getting","diagnosis","scary","surprising","shameful","name","important","resources","support","fight","stigma","surrounding","stis","luckily","certain","advocates","getting","news","living","manageable","less","plus","advocates","often","separate","fact","fiction","comes","making","aware","knowledgeable","stis","overall","recent","bustle","trends","group","survey","women","ages","participant","biggest","stigma","women","sexual","health","means","sleep","response","women","somehow","less","clean","having","makes","harder","forward","early","stages","stis","suffice","knowledge","power","couldn","comes","thoroughly","educated","stis","anyone","sexual","contact","includes","women","ages","ethnic","backgrounds","economic","levels","martha","tara","relationship","counselor","clinical","coaching","tells","bustle","prevent","believes","education","communication","safe","important","slut","shame","guilt","trip","ourselves","stop","living","lives","expressing","sexuality","five","advocates","below","favor","stis","definitely","radar","youtube","channel","dedicated","helping","people","cope","herpes","stigma","tried","doing","blog","podcasts","found","youtube","best","forum","knew","people","find","message","easily","youtube","resonate","rather","write","tells","bustle","lack","youtube","channels","talked","solely","start","hers","couldn","find","channel","friendly","face","consistently","show","help","sense","herpes","appease","worries","beauty","fashion","channels","barely","channels","living","especially","herpes","affects","least","thirds","global","population","wanted","find","others","herpes","remind","alone","remind","myself","alone","either","thing","likes","people","keep","mind","herpes","skin","condition","family","includes","chicken","shingles","reassuring","likely","dealt","knowing","people","herpes","without","herpes","world","reassuring","alone","wishes","brands","help","stis","brands","talking","issues","audience","goes","least","cares","mental","health","body","image","sexism","hope","brands","someday","embrace","stigma","cultural","conversations","needs","attention","statistically","capacity","help","remind","people","contract","percent","percent","worthy","love","evan","goldstein","evan","goldstein","evan","goldstein","founder","york","beverly","hills","based","surgical","established","leader","providing","elevated","style","medical","surgical","expertise","community","recently","produced","launched","video","series","tail","talks","series","features","round","table","lgbt","experts","movers","influencers","medical","professionals","discuss","issues","community","entertaining","engaging","informative","dialogue","goldstein","tells","bustle","overall","digital","marketing","strategy","several","tactics","market","services","educate","public","wider","health","sexual","wellness","issues","affecting","lgbt","community","started","becoming","advocate","sexual","wellness","issues","toward","studies","surgical","training","owning","sexuality","higher","purpose","juncture","ended","playing","pivotal","role","driving","advocacy","trained","taking","whole","body","mind","approach","needs","community","instrumental","success","noticed","serious","medical","knowledge","lacked","literature","proper","engagement","realized","help","change","game","goldstein","thinks","people","open","stis","breaking","stigma","shame","stigma","powerful","marginalized","community","constantly","trying","maneuver","obstacles","taboo","subject","creates","sort","hidden","forum","unfortunately","disappear","until","attempt","narrative","people","talk","write","force","hands","popular","press","freely","acknowledge","normal","commonality","amongst","everyone","regardless","gender","sexuality","taking","simple","topic","stis","normalizing","conversation","hope","chip","away","oppression","ultimate","goal","removing","stigma","associated","goldstein","sexual","health","product","decisions","innocuous","serious","consequences","believe","preaching","clients","shouldn","something","outright","works","instead","discuss","potential","risks","involved","whether","proactive","measures","taken","help","minimize","risk","learned","tremendously","epidemic","important","educated","honest","proactive","sexual","health","judgmental","biased","health","care","core","movement","josh","robbins","josh","robbins","josh","robbins","activist","spokesperson","social","discovery","platform","positive","herpes","hepatitis","people","chat","find","love","hook","seek","advice","others","experiencing","robbins","known","candor","shameless","opinions","tells","bustle","done","talk","received","2017","glaad","media","award","nomination","followers","social","media","single","diagnosis","2012","using","document","experiences","robbins","break","stigma","against","stis","fresh","dating","platform","people","feel","safe","providing","resources","empower","entertain","people","site","blog","choice","place","people","choose","deal","negativity","sometimes","found","mainstream","apps","worry","judged","something","affects","people","whether","admit","robbins","national","survey","conducted","people","positive","percent","results","looking","site","fact","living","chronic","robbins","family","within","hours","diagnosis","started","share","publicly","within","weeks","important","talk","stis","reduce","stigma","associated","education","discussion","someone","proud","myself","diagnosis","nobody","needs","feel","shame","adds","important","people","honest","sexual","health","others","themselves","conversation","becomes","easier","discuss","potential","sexual","partner","dating","prospect","easier","build","trust","relationship","positive","afraid","tell","people","robbins","step","figuring","fear","coming","fear","rejection","feeling","self","esteem","lowered","traumatic","experience","deeper","people","struggle","status","having","religious","upbringing","someone","professional","guidance","doing","robbins","starting","honesty","thoughtful","self","reflection","path","living","openly","easier","courtney","courtney","courtney","spreading","positivity","comes","living","does","podcast","something","positive","positive","people","started","diagnosed","herpes","covers","kinds","topics","help","others","herpes","stis","place","allows","people","experience","based","information","stis","living","tells","bustle","podcast","episodes","cover","wide","variety","topics","therapist","doing","mock","therapy","session","light","diagnosis","someone","herpes","discussing","dates","post","diagnosis","shame","associated","heavily","diagnosis","important","people","develop","courage","seek","resources","safely","able","find","without","fear","judgment","shame","having","important","resources","something","positive","positive","people","exist","meets","people","diagnosis","podcast","place","feel","supported","people","without","important","educational","resource","resources","show","perceive","person","living","instance","promiscuous","common","word","however","stories","people","herpes","young","child","birth","discovered","blood","aids","positive","challenges","misconception","positive","person","sexual","partners","exposed","condition","hopefully","stories","encourage","conversations","sexual","health","frequent","testing","precautions","partners","hopes","herpes","stis","feel","less","alone","listen","plus","people","close","possibly","dealing","situation","diagnosed","herpes","someone","lighthouse","wants","others","whole","world","opened","began","seek","resources","didn","looking","process","someone","found","reaching","always","seen","having","herpes","deal","encourage","people","seek","support"]}
