{"authors":["Nina Kahn"],"date_download":"2018-10-31 00:55:13","date_modify":"2018-10-31 00:55:13","date_publish":"2018-10-03 22:08:07","description":"One of the most binge-worthy, emotional, and feminist series to have aired in recent years is most definitely Big Little Lies — which is why myself and everyone I know is eagerly awaiting the return of our beloved coastal-dwelling, girl-power-filled…","filename":"5BigLittleLiesHalloweenCostumesForBFFsThatWillGetYouPumpedForSeason2_167.json","image_url":"https://imgix.bustle.com/uploads/image/2018/10/3/a9cc526e-be7e-481b-821d-5a2d3d77fb81-screenshot-2018-10-02-231814.png?w=1200&h=630&q=70&fit=crop&crop=faces&fm=jpg","language":"en","localpath":"5BigLittleLiesHalloweenCostumesForBFFsThatWillGetYouPumpedForSeason2_167.json","title":"5 ‘Big Little Lies’ Halloween Costumes For BFFs That Will Get You Pumped For Season 2","title_page":"5 ‘Big Little Lies’  Halloween Costumes For BFFs That Will Get You Pumped For Season 2","title_rss":"NULL","source_domain":"bustle.com","text":"binge worthy emotional feminist series aired recent definitely lies myself everyone eagerly awaiting return beloved coastal dwelling girl power filled crew season basically pulling hair anticipation show return channel pent excitement energy creativity rounding bffs putting together unique lies group halloween costume someone grew monterey california show takes place break news show representation typical monterey lifestyle exactly true life people upbringing looked absolutely nothing lavish upper class existence show main characters beach side coffee shops backdrop ocean views wherever overall small town vibe fully accurate pretty normal wear coats virtually round keep warm crisp chilly ocean squad comes halloween portrayal lies leading ladies jane madeline celeste bonnie renata main heroines anti heroines course signature look certified badass plus shortage iconic scenes moments show super easy recreate simple costume pieces depending personal style handy sitting closet already grab choose costume idea give wait next season drop running beach apple earpods lightning connector iphone amazon juniors puffer vest kohl unisex flex fleece hoodie american apparel active mesh panel leggings forever shots jane running along coast earbuds sprinkled duration series several women partake outdoor activity point live next coast beautiful beach runs kind main form exercise keep simple style exercise gear course pair earbuds windblown salty hair coffee date western inspired flannel plaid shirt forever soft brushed peacoat women navy plambag canvas messenger amazon chunky thermal cowl neck sweater nordstrom jane celeste madeline rarely missed afternoon coffee dates favorite ocean front rocked signature looks deep peacoat pumps floral dress button down madeline plaid shirt jeans messenger totally jane celeste dressy trench sweater neutral tones case forget carry latte complete look bonnie renata groovin amabella birthday party patterned jumpsuit maxi dress sunglasses striped shawl collar cardigan forever hilarious moments series bonnie renata whom less shunned madeline celeste jane crew various reasons down dirty dance floor renata daughter birthday party recreate moment donning outfits party forget groove music madeline bonnie dinner party hell daily line sleeve boho maxi dress stylewe garden floral print maxi dress forever baublebar bold beaded multi strand necklace acrylic wine glass crate barrel iconic moment awful couple dinner party madeline attend bonnie nathan place frenemy vibes hung heavy scene suppose enemy vibes appropriate description outfits sure cute recreate looks costume sans drama audrey hepburn elvis themed trivia night fundraiser gold sheer metallic festival dress poshmark world white opera gloves partybell bella vogue bridal jewelry amazon awaken love sleeve lace maxi dress lulus diego company ultrabraid brim zappos black white striped double stacked hair etsy button down pocket shirt forever breakfast tiffany holly iconic black cotton dress utopiat breakfast tiffany sleep mask earrings etsy utopiat breakfast tiffany bridal pearl jewelry amazon epic chunk season finale basically goes down scene monterey gals dressed audrey hepburn characters audrey elvis dress fundraiser majorly meta costume alert potential dress character show dressed character movie whew inception looks great madeline jane celeste breakfast tiffany inspired looks choose bonnie renata fair lady inspired looks different gorgeous","url":"https://www.bustle.com/p/5-big-little-lies-halloween-costumes-for-bffs-that-will-get-you-pumped-for-season-2-12132520","polarityScore":{"sourceTitle":"Bustle","allSidesBias":"left-center","communityAgree":"564","communityDisagree":"566","sourceUrl":"http://www.bustle.com/ "},"processedText":["binge","worthy","emotional","feminist","series","aired","recent","definitely","lies","myself","everyone","eagerly","awaiting","return","beloved","coastal","dwelling","girl","power","filled","crew","season","basically","pulling","hair","anticipation","show","return","channel","pent","excitement","energy","creativity","rounding","bffs","putting","together","unique","lies","group","halloween","costume","someone","grew","monterey","california","show","takes","place","break","news","show","representation","typical","monterey","lifestyle","exactly","true","life","people","upbringing","looked","absolutely","nothing","lavish","upper","class","existence","show","main","characters","beach","side","coffee","shops","backdrop","ocean","views","wherever","overall","small","town","vibe","fully","accurate","pretty","normal","wear","coats","virtually","round","keep","warm","crisp","chilly","ocean","squad","comes","halloween","portrayal","lies","leading","ladies","jane","madeline","bonnie","main","heroines","anti","heroines","course","signature","look","certified","badass","plus","shortage","iconic","scenes","moments","show","super","easy","recreate","simple","costume","pieces","depending","personal","style","handy","sitting","closet","already","grab","choose","costume","idea","give","wait","next","season","drop","running","beach","apple","lightning","connector","iphone","amazon","juniors","vest","kohl","flex","fleece","hoodie","american","apparel","active","mesh","panel","leggings","forever","shots","jane","running","along","coast","earbuds","sprinkled","duration","series","several","women","partake","outdoor","activity","point","live","next","coast","beautiful","beach","runs","kind","main","form","exercise","keep","simple","style","exercise","gear","course","pair","earbuds","salty","hair","coffee","date","western","inspired","flannel","plaid","shirt","forever","soft","brushed","women","navy","canvas","messenger","amazon","chunky","thermal","neck","sweater","nordstrom","jane","madeline","rarely","missed","afternoon","coffee","dates","favorite","ocean","front","rocked","signature","looks","deep","pumps","floral","dress","button","down","madeline","plaid","shirt","jeans","messenger","totally","jane","trench","sweater","neutral","tones","case","forget","carry","latte","complete","look","bonnie","birthday","party","maxi","dress","sunglasses","striped","collar","forever","hilarious","moments","series","bonnie","whom","less","shunned","madeline","jane","crew","various","reasons","down","dirty","dance","floor","daughter","birthday","party","recreate","moment","donning","outfits","party","forget","groove","music","madeline","bonnie","dinner","party","hell","daily","line","sleeve","maxi","dress","garden","floral","print","maxi","dress","forever","bold","multi","strand","necklace","acrylic","wine","glass","barrel","iconic","moment","awful","couple","dinner","party","madeline","attend","bonnie","nathan","place","vibes","hung","heavy","scene","suppose","enemy","vibes","appropriate","description","outfits","sure","cute","recreate","looks","costume","sans","drama","audrey","elvis","themed","trivia","night","fundraiser","gold","sheer","metallic","festival","dress","world","white","opera","gloves","bella","vogue","bridal","jewelry","amazon","awaken","love","sleeve","lace","maxi","dress","diego","company","brim","black","white","striped","double","stacked","hair","etsy","button","down","pocket","shirt","forever","breakfast","tiffany","holly","iconic","black","cotton","dress","breakfast","tiffany","sleep","mask","earrings","etsy","breakfast","tiffany","bridal","pearl","jewelry","amazon","epic","chunk","season","finale","basically","goes","down","scene","monterey","gals","dressed","audrey","characters","audrey","elvis","dress","fundraiser","majorly","meta","costume","alert","potential","dress","character","show","dressed","character","movie","inception","looks","great","madeline","jane","breakfast","tiffany","inspired","looks","choose","bonnie","fair","lady","inspired","looks","different","gorgeous"]}
