{"authors":["Megan C. Hills"],"date_download":"2018-10-31 01:29:11","date_modify":"2018-10-31 01:29:11","date_publish":"2018-10-08 11:42:32","description":"I’ve been glued to my TV set ever since The Cry premiered on the Beeb. If you haven’t been watching the show, it's nail-biting domestic noir based on the Helen FitzGerald novel of the same name, which follows the heart-breaking and tense…","filename":"5BooksLikeTheCryByHelenFitzGeraldThatWillKeepYouGoingAfterJennaColemansBBCSeriesWrapsUp_168.json","image_url":"https://imgix.bustle.com/uploads/image/2018/10/8/ef0c3eab-49d5-4203-b420-4bf3f3aa52b3-16503714-low_res-the-cry.jpg?w=1200&h=630&q=70&fit=crop&crop=faces&fm=jpg","language":"en","localpath":"5BooksLikeTheCryByHelenFitzGeraldThatWillKeepYouGoingAfterJennaColemansBBCSeriesWrapsUp_168.json","title":"5 Books Like 'The Cry' By Helen FitzGerald That Will Keep You Going After Jenna Coleman's BBC Series Wraps Up","title_page":"5 Books Like 'The Cry' By Helen FitzGerald That Will Keep You Going After Jenna Coleman's BBC Series Wraps Up","title_rss":"NULL","source_domain":"bustle.com","text":"glued premiered beeb haven watching show nail biting domestic noir based helen fitzgerald novel name follows heart breaking tense relationship alistair played ewen leslie joanna jenna coleman baby noah disappears however four part series drawing looking next thriller hunted down books helen fitzgerald read show wraps face jenna coleman shaped hole lives month best selling crime thrillers older stalwarts nicely genre pulled together list books definitely read obsessed show given wait entire week next episode hopefully tide until find happened baby noah haven read fitzgerald book seriously check books tense equally dramatic looking next edge seat literature welcome viral helen fitzgerald foyles enough fitzgerald tense prose conspiracy thrillers worth picking recent novels case viral story revolves girl named oliphant brotheridge whose graduation trip magaluf goes horribly wrong falls victim revenge porn footage goes viral news hits home specifically mother ruth court judge ruth decides seek justice against took advantage novel quickly teeters revenge fantasy territory gripping cleverly realised fingers crossed book gets series order house louise candlish waterstones domestic thriller cards house earlier story stop thinking strangers suddenly move fiona lawson family home insist bought fair square fiona finds estranged husband bram suddenly disappeared sons focus uncovering mystery behind actions plays linear storyline flashing forth throughout shed greater light transpires book interweaving storylines bram indiscretions change everything family fiona uncovers secrets water paula hawkins smith people went wild paula hawkins girl train thrilling novel subsequent emily blunt film adaptation recent book water cements position world exciting crime novelists centred town woman named apparently jumped death however sister jules knows better especially sister terrified drowning pool passed away force truth light mind boggling girl train water fantastic page turning thriller uncovers seedy underbelly town full apparent gooders fires everywhere celeste smith book definitely seen stands recently summer biggest best sellers written celeste author behind compelling novel everything family drama centres mysterious fire claimed richardsons home sleepy american suburb tensions children heart novel richardsons begin fight tenant town resident black sheep warren fierce custody battle brutally honest sometimes devastating depiction motherhood fury unending love husband lover julia crouch amazon mind title psychological thriller real page turner master domestic noir genre husband lover fantastic example form begins tragic accident takes life louisa husband children louise tries move life sell home lover sophie gets involved dark potentially bloody turn screams revenge begin feeling completely hating main characters story hurtles towards ferocious ending","url":"https://www.bustle.com/p/5-books-like-the-cry-by-helen-fitzgerald-that-will-keep-you-going-after-jenna-colemans-bbc-series-wraps-up-12183597","polarityScore":{"sourceTitle":"Bustle","allSidesBias":"left-center","communityAgree":"564","communityDisagree":"566","sourceUrl":"http://www.bustle.com/ "},"processedText":["glued","premiered","haven","watching","show","nail","biting","domestic","based","helen","fitzgerald","novel","name","follows","heart","breaking","tense","relationship","alistair","played","leslie","joanna","jenna","coleman","baby","noah","disappears","however","four","part","series","drawing","looking","next","thriller","hunted","down","books","helen","fitzgerald","read","show","wraps","face","jenna","coleman","shaped","hole","lives","month","best","selling","crime","thrillers","older","nicely","genre","pulled","together","list","books","definitely","read","obsessed","show","given","wait","entire","week","next","episode","hopefully","tide","until","find","happened","baby","noah","haven","read","fitzgerald","book","seriously","check","books","tense","equally","dramatic","looking","next","edge","seat","literature","welcome","viral","helen","fitzgerald","enough","fitzgerald","tense","conspiracy","thrillers","worth","picking","recent","novels","case","viral","story","revolves","girl","named","whose","graduation","trip","goes","horribly","wrong","falls","victim","revenge","porn","footage","goes","viral","news","hits","home","specifically","mother","ruth","court","judge","ruth","decides","seek","justice","against","took","advantage","novel","quickly","revenge","fantasy","territory","gripping","cleverly","fingers","crossed","book","gets","series","order","house","louise","waterstones","domestic","thriller","cards","house","earlier","story","stop","thinking","strangers","suddenly","move","fiona","lawson","family","home","insist","bought","fair","square","fiona","finds","estranged","husband","suddenly","disappeared","sons","focus","uncovering","mystery","behind","actions","plays","linear","storyline","flashing","forth","throughout","shed","greater","light","book","storylines","change","everything","family","fiona","uncovers","secrets","water","paula","hawkins","smith","people","went","wild","paula","hawkins","girl","train","thrilling","novel","subsequent","emily","blunt","film","adaptation","recent","book","water","position","world","exciting","crime","town","woman","named","apparently","jumped","death","however","sister","jules","knows","better","especially","sister","terrified","drowning","pool","passed","away","force","truth","light","mind","girl","train","water","fantastic","page","turning","thriller","uncovers","town","full","apparent","fires","everywhere","smith","book","definitely","seen","stands","recently","summer","biggest","best","sellers","written","author","behind","compelling","novel","everything","family","drama","mysterious","fire","claimed","home","sleepy","american","suburb","tensions","children","heart","novel","begin","fight","tenant","town","resident","black","sheep","warren","fierce","custody","battle","brutally","honest","sometimes","devastating","depiction","motherhood","fury","unending","love","husband","lover","julia","crouch","amazon","mind","title","psychological","thriller","real","page","turner","master","domestic","genre","husband","lover","fantastic","example","form","begins","tragic","accident","takes","life","louisa","husband","children","louise","tries","move","life","sell","home","lover","sophie","gets","involved","dark","potentially","bloody","turn","screams","revenge","begin","feeling","completely","hating","main","characters","story","towards","ferocious","ending"]}
