{"authors":["Npr Staff"],"date_download":"2018-10-22 21:30:20","date_modify":"2018-10-22 21:30:20","date_publish":"2017-06-01 00:00:00","description":"NPR reporters break down how the coal industry, climate, U.S. global relations, public support and budget could be affected by President Trump's decision to pull out of the agreement.","filename":"5ChangesThatCouldComeFromLeavingTheParisClimateDeal_170.json","image_url":"https://media.npr.org/assets/img/2017/06/01/gettyimages-180347724_wide-7e69af15f2806dd0d089f2a1707d80cb24c8c79f.jpg?s=1400","language":"en","localpath":"5ChangesThatCouldComeFromLeavingTheParisClimateDeal_170.json","title":"5 Changes That Could Come From Leaving The Paris Climate Deal","title_page":"5 Changes That Could Come From The U.S. Leaving The Paris Climate Deal : NPR","title_rss":"NULL","source_domain":"npr.org","text":"changes leaving paris climate deal enlarge image toggle caption nasa handout getty images nasa handout getty images president trump announced thursday leave paris climate deal five affected decision coal industry coal companies lobbied trump administration stay agreement needed seat table international climate discussions advocate coal place global energy industry wants financial support technology capture store carbon emissions something keep coal plants operating longer cities states countries work address climate change president trump promised cancel paris deal boost coal decision likely create jobs industry term decline faces competition cheaper natural increasingly wind solar utilities responding customer demand renewable power policies administration impact decisions utility trying plan future roberts puget sound energy climate main goal paris deal limit global temperature rise degrees celsius aspirationally degrees beyond point scientists worry catastrophic impacts warming become irreversible various paris pledges nation enough achieve target environmental regulations passed president barack obama unlikely meet original commitment reduce carbon emissions percent below 2005 levels fall further goal carbon emissions probably continue decline least market forces pushing utilities switch coal natural renewable power path reduce emissions below 2005 levels percent 2020 kate larsen rhodium group trump administration rolling host climate regulations impact start felt economist marc hafstead resources future economic growth picks leaving paris deal mean overall emissions drop percent global leadership trump diplomat secretary state tillerson warned against leaving paris deal puts small camp countries part agreement syria midst civil nicaragua argued paris accord enough curb global emissions former secretary state john kerry calls trump decision irresponsible walking american leadership instead putting america kerry tells morning edition trump putting nation kerry accuses trump basing decision alternative facts calling disastrous shallow untruthful decisions president united states lifetime european union climate change official miguel arias canete calls global community adds world continue count europe global leadership fight against climate change china poised stronger role climate diplomacy secretary general guterres counting argues economic benefits sustainability train left station earlier week embrace green technologies gold standard economic leadership 21st century president trump public support maybe part counts americans stay paris climate accord bucking broad public opinion trump playing base washington post poll january found percent surveyed supported withdrawing paris deal percent opposed conservative republicans less supportive paris agreement liberal democrats research center taking office trump repeatedly dismissed climate change hoax suggested obama climate regulations competitive disadvantage conservative republicans share president climate skepticism less third support measures clean power plan obama principal tool meeting america paris climate commitments pulling paris accords undoubtedly anger americans keeps promise trump core supporters small government activist grover norquist york times everybody hates trump wants stay paris everybody respects trusts voted wishes succeed wants pull economy president trump repeatedly paris accord deal hurt economy outlay green climate fund deal obama committed contributing billion fund aims help developing countries adapt climate change develop emission energy technologies obama transferred billion trump budget proposal does include payments rest opponents paris agreement imposing regulations reduce carbon emissions costly expensive oklahoma james inhofe denied climate change real wbur constitute probably largest increase history america clear whether true coal industry spent millions installing technology curb emissions recent white house easily stayed paris accord opted climate fund impose emissions cuts course supporters paris withdrawal leads severe climate change greatly harm economy nate rott chris joyce michele kelemen scott horsley jennifer ludden contributed report","url":"https://www.npr.org/2017/06/01/531056661/5-things-that-could-change-when-the-u-s-leaves-the-paris-climate-deal","polarityScore":{"sourceTitle":"NPR Editorial ","allSidesBias":"left-center","communityAgree":"764","communityDisagree":"809","sourceUrl":"https://www.npr.org/sections/opinion/ "},"processedText":["changes","leaving","paris","climate","deal","enlarge","image","toggle","caption","nasa","handout","getty","images","nasa","handout","getty","images","president","trump","announced","thursday","leave","paris","climate","deal","five","affected","decision","coal","industry","coal","companies","lobbied","trump","administration","stay","agreement","needed","seat","table","international","climate","discussions","advocate","coal","place","global","energy","industry","wants","financial","support","technology","capture","store","carbon","emissions","something","keep","coal","plants","operating","longer","cities","states","countries","work","address","climate","change","president","trump","promised","cancel","paris","deal","boost","coal","decision","likely","create","jobs","industry","term","decline","faces","competition","cheaper","natural","increasingly","wind","solar","utilities","responding","customer","demand","renewable","power","policies","administration","impact","decisions","utility","trying","plan","future","roberts","sound","energy","climate","main","goal","paris","deal","limit","global","temperature","rise","degrees","celsius","degrees","beyond","point","scientists","worry","catastrophic","impacts","warming","become","irreversible","various","paris","pledges","nation","enough","achieve","target","environmental","regulations","passed","president","barack","obama","unlikely","meet","original","commitment","reduce","carbon","emissions","percent","below","2005","levels","fall","further","goal","carbon","emissions","probably","continue","decline","least","market","forces","pushing","utilities","switch","coal","natural","renewable","power","path","reduce","emissions","below","2005","levels","percent","2020","kate","larsen","group","trump","administration","rolling","host","climate","regulations","impact","start","felt","economist","marc","resources","future","economic","growth","picks","leaving","paris","deal","mean","overall","emissions","drop","percent","global","leadership","trump","diplomat","secretary","state","tillerson","warned","against","leaving","paris","deal","puts","small","camp","countries","part","agreement","syria","midst","civil","nicaragua","argued","paris","accord","enough","curb","global","emissions","former","secretary","state","john","kerry","calls","trump","decision","irresponsible","walking","american","leadership","instead","putting","america","kerry","tells","morning","edition","trump","putting","nation","kerry","accuses","trump","decision","alternative","facts","calling","disastrous","shallow","decisions","president","united","states","lifetime","european","union","climate","change","official","miguel","calls","global","community","adds","world","continue","count","europe","global","leadership","fight","against","climate","change","china","poised","stronger","role","climate","diplomacy","secretary","general","guterres","counting","argues","economic","benefits","sustainability","train","left","station","earlier","week","embrace","green","technologies","gold","standard","economic","leadership","21st","century","president","trump","public","support","maybe","part","counts","americans","stay","paris","climate","accord","broad","public","opinion","trump","playing","base","washington","post","poll","january","found","percent","surveyed","supported","withdrawing","paris","deal","percent","opposed","conservative","republicans","less","supportive","paris","agreement","liberal","democrats","research","center","taking","office","trump","repeatedly","dismissed","climate","change","hoax","suggested","obama","climate","regulations","competitive","disadvantage","conservative","republicans","share","president","climate","skepticism","less","third","support","measures","clean","power","plan","obama","principal","tool","meeting","america","paris","climate","commitments","pulling","paris","accords","undoubtedly","anger","americans","keeps","promise","trump","core","supporters","small","government","activist","grover","norquist","york","times","everybody","hates","trump","wants","stay","paris","everybody","respects","trusts","voted","wishes","succeed","wants","pull","economy","president","trump","repeatedly","paris","accord","deal","hurt","economy","green","climate","fund","deal","obama","committed","contributing","billion","fund","aims","help","developing","countries","adapt","climate","change","develop","emission","energy","technologies","obama","transferred","billion","trump","budget","proposal","does","include","payments","rest","opponents","paris","agreement","imposing","regulations","reduce","carbon","emissions","costly","expensive","oklahoma","james","denied","climate","change","real","constitute","probably","largest","increase","history","america","clear","whether","true","coal","industry","spent","millions","installing","technology","curb","emissions","recent","white","house","easily","stayed","paris","accord","opted","climate","fund","impose","emissions","cuts","course","supporters","paris","withdrawal","leads","severe","climate","change","greatly","harm","economy","nate","chris","joyce","michele","scott","horsley","jennifer","contributed","report"]}
