{"authors":["Emily Dixon"],"date_download":"2018-10-31 00:56:28","date_modify":"2018-10-31 00:56:28","date_publish":"2018-10-18 12:44:29","description":"We're a mere 10 days away from the turning back of the clocks, heralding shorter days, longer nights — and yes, one extra hour in bed. But that delicious slice of extra sleep isn't the only thing to look forward to come Sunday, October 28. Darker,…","filename":"5CreepyBooksForCosyNightsInWhenTheClocksGoBack_172.json","image_url":"https://imgix.bustle.com/uploads/image/2018/10/18/210efaaf-932a-4592-90f2-b972d7b76fca-books.png?w=1200&h=630&q=70&fit=crop&crop=faces&fm=jpg","language":"en","localpath":"5CreepyBooksForCosyNightsInWhenTheClocksGoBack_172.json","title":"5 Creepy Books For Cosy Nights In When The Clocks Go Back","title_page":"5 Creepy Books For Cosy Nights In When The Clocks Go Back","title_rss":"NULL","source_domain":"bustle.com","text":"mere days away turning clocks heralding shorter days longer nights extra hour delicious slice extra sleep thing look forward sunday october darker colder nights mean officially reading blanket fire season water bottle massive jumper chocolate whatever preferred configuration cosiness looks crack open five creepy books cosy nights sharp tinge terror horror course eternal confine scary movie consumption halloween instance something huddling duvet forbidding autumn night outside perfectly complements certain type creepy fiction book unsettles stains ordinary unease leaves unanswered questions writhing head attempt sleep helen oyeyemi white witching instance tells haunted houses haunted people lost fire mariana enriquez blends horrors real paranormal five profoundly chilling books list reading spooky brethren white witching helen oyeyemi amazon miranda miri lives grand house dover father twin brother eliot journalist mother killed working haiti house saturated generations women lived within voices audible miri hostile outside family including friend miri makes cambridge already closely familiar alienation tiny number black students university oyeyemi increasingly disquieting novel four voices miri eliot malevolent presence voice itself white witching amazon loney andrew michael hurley waterstones hurley debut novel modern gothic masterwork primarily north west coast england group devout catholics attend religious retreat hope curing hanny verbal creeping horrors overcome group sinister villagers mysterious teenage girl effigies strung trees haunt smith hanny brother novel narrator adulthood loney waterstones fever dream samanta schweblin amazon amanda dying hospital young named david beside david forcing tell story accelerates nauseating tension towards event brought amanda david bedside begin reading fever dream cosy complacent certain book capacity terrify sick dread arranging rearranging disorientating puzzle pieces story fever dream amazon always lived castle shirley jackson waterstones always lived castle shirley jackson masterpiece enormous claim given astonishing body work centres remnants blackwood family sprinkling arsenic dinner table sugar bowl wiped rest mary katherine merricat taunted village children leaves crumbling family home groceries beloved older sister constance afraid pass beyond garden gate uncle julian spends days writing rewriting memoirs distant cousin arrives family fortune merricat desperate measures preserve precarious insular life always lived castle waterstones","url":"https://www.bustle.com/p/5-creepy-books-for-cosy-nights-in-when-the-clocks-go-back-12602364","polarityScore":{"sourceTitle":"Bustle","allSidesBias":"left-center","communityAgree":"564","communityDisagree":"566","sourceUrl":"http://www.bustle.com/ "},"processedText":["mere","days","away","turning","clocks","shorter","days","longer","nights","extra","hour","delicious","slice","extra","sleep","thing","look","forward","sunday","october","darker","colder","nights","mean","officially","reading","blanket","fire","season","water","bottle","massive","jumper","chocolate","whatever","preferred","configuration","looks","crack","open","five","creepy","books","cosy","nights","sharp","terror","horror","course","eternal","scary","movie","consumption","halloween","instance","something","forbidding","autumn","night","outside","perfectly","certain","type","creepy","fiction","book","ordinary","unease","leaves","unanswered","questions","head","attempt","sleep","helen","white","instance","tells","haunted","houses","haunted","people","lost","fire","mariana","blends","horrors","real","paranormal","five","profoundly","chilling","books","list","reading","spooky","brethren","white","helen","amazon","miranda","lives","grand","house","father","twin","brother","eliot","journalist","mother","killed","working","haiti","house","saturated","generations","women","lived","within","voices","audible","hostile","outside","family","including","friend","makes","cambridge","already","closely","familiar","alienation","tiny","number","black","students","university","increasingly","novel","four","voices","eliot","malevolent","presence","voice","itself","white","amazon","loney","andrew","michael","waterstones","debut","novel","modern","gothic","primarily","north","west","coast","england","group","devout","catholics","attend","religious","retreat","hope","curing","verbal","creeping","horrors","overcome","group","sinister","villagers","mysterious","teenage","girl","strung","trees","haunt","smith","brother","novel","narrator","adulthood","loney","waterstones","fever","dream","amazon","amanda","dying","hospital","young","named","david","beside","david","forcing","tell","story","accelerates","tension","towards","event","brought","amanda","david","begin","reading","fever","dream","cosy","complacent","certain","book","capacity","sick","dread","arranging","puzzle","pieces","story","fever","dream","amazon","always","lived","castle","shirley","jackson","waterstones","always","lived","castle","shirley","jackson","masterpiece","enormous","claim","given","astonishing","body","work","remnants","family","dinner","table","sugar","bowl","wiped","rest","mary","katherine","village","children","leaves","crumbling","family","home","groceries","beloved","older","sister","constance","afraid","pass","beyond","garden","gate","uncle","julian","spends","days","writing","memoirs","distant","cousin","arrives","family","fortune","desperate","measures","preserve","precarious","insular","life","always","lived","castle","waterstones"]}
