{"authors":["Lauren Sharkey"],"date_download":"2018-10-31 00:14:15","date_modify":"2018-10-31 00:14:15","date_publish":"2018-10-03 12:03:08","description":"It's clear that humans are having a huge detrimental impact on the environment. From what we wear to the incessant packaging that we use, it's up to us to make the change that is needed to stop the damage in its tracks. Luckily, more and more…","filename":"5EthicalTrainersInTheUKThatDontCostTheEarthBecauseSustainabilityShouldntBeHardWork_176.json","image_url":"https://imgix.bustle.com/uploads/image/2018/10/3/f10c4c4d-acee-4d2f-97a5-a37ced65d637-screen-shot-2018-10-03-at-131107.png?w=1200&h=630&q=70&fit=crop&crop=faces&fm=jpg","language":"en","localpath":"5EthicalTrainersInTheUKThatDontCostTheEarthBecauseSustainabilityShouldntBeHardWork_176.json","title":"5 Ethical Trainers In The UK That Don't Cost The Earth, Because Sustainability Shouldn't Be Hard Work","title_page":"5 Ethical Trainers In The UK That Don't Cost The Earth, Because Sustainability Shouldn't Be Hard Work","title_rss":"NULL","source_domain":"bustle.com","text":"clear humans having huge detrimental impact environment wear incessant packaging change needed stop damage tracks luckily sustainably minded companies popping help sector switched focus footwear brands admittedly hard source pick several ethical trainers ethical products often expensive ethical counterparts cases true ensuring workers fairly paid effort ensuring materials locally sourced wherever possible percent natural ensuring easy harmful chemicals banned factories cost money able sustainable trainers less least purchase something giving environment people cases brands working defuse refugee crisis labels seeking innovative alternatives toxic fabrics following ensure wardrobe finally good conscience deserves brand prioritises workers fair trainer monochrome ethletic ethletic didn start trainer brand invented world fairly manufactured football realising natural rubber shoes german company utilised pakistani factories create range percent vegan trainer styles resulting shoes became given fairtrade certification cotton soles awarded forest stewardship council certification containing toxic chemicals pesticides materials sourced farming areas look natural habitat rather destroy ethletic gives percent purchase price directly workers pakistan allowing decide whether childcare healthcare anything colours styles choose bold blue pair stand among rest trainers history novesta star master size novesta slovakian brand dating 1930s entire production friendly natural rubber cotton uses hand finished tyre mark look sole eliminates chemicals making chunky trainers viewpoint happening almost makes wonder rest industry slow catch novesta straight brand site pick vibrant soled pair stores size shoe helps others rhubarb high good news always looking help others purchasing additions wardrobe look further good news founded 2016 british brand focuses simple bold shoes give refugees living europe company part wider collective good luck shoes together footwear designers photographers graphic designers initiative managed donate shoes good news ensures pair shoes sells produced ethically paying close attention supply chain corduroy couldn brown pair organic converse swap butterfly starting life london flat 2006 grown become britain ethical footwear brands single material company comes naturally renewable sources contains toxic dyes bleaches pesticides shoe without solvent based glue improving health factory workers instead uses mixture natural latex stitching secure parts brand uses wide array innovative materials including cork chrome free leather pineapple leaf fibres high design lanka using fair trade rubber organic cotton removable insole coconut husk natural latex percent company profits towards environmental charities french classic veja trainers arket french brand veja quite thanks advertising policy remained rather secretive until label boasts completely transparent supply chain using ethically sourced wild rubber organic cotton leather manufactures trainers brazil country factory workers routinely paid minimum wage renowned minimalist look veja trainers easy style outfit bought high street store arket","url":"https://www.bustle.com/p/5-ethical-trainers-in-the-uk-that-dont-cost-the-earth-because-sustainability-shouldnt-be-hard-work-12134491","polarityScore":{"sourceTitle":"Bustle","allSidesBias":"left-center","communityAgree":"564","communityDisagree":"566","sourceUrl":"http://www.bustle.com/ "},"processedText":["clear","humans","having","huge","detrimental","impact","environment","wear","incessant","packaging","change","needed","stop","damage","tracks","luckily","minded","companies","popping","help","sector","switched","focus","footwear","brands","admittedly","hard","source","pick","several","ethical","trainers","ethical","products","often","expensive","ethical","counterparts","cases","true","ensuring","workers","fairly","paid","effort","ensuring","materials","locally","sourced","wherever","possible","percent","natural","ensuring","easy","harmful","chemicals","banned","factories","cost","money","able","sustainable","trainers","less","least","purchase","something","giving","environment","people","cases","brands","working","refugee","crisis","labels","seeking","innovative","alternatives","toxic","fabrics","following","ensure","wardrobe","finally","good","conscience","deserves","brand","workers","fair","trainer","didn","start","trainer","brand","invented","world","fairly","manufactured","football","natural","rubber","shoes","german","company","pakistani","factories","create","range","percent","vegan","trainer","styles","resulting","shoes","became","given","certification","cotton","awarded","forest","stewardship","council","certification","containing","toxic","chemicals","pesticides","materials","sourced","farming","areas","look","natural","habitat","rather","destroy","gives","percent","purchase","price","directly","workers","pakistan","allowing","decide","whether","childcare","healthcare","anything","colours","styles","choose","bold","blue","pair","stand","among","rest","trainers","history","star","master","size","brand","dating","1930s","entire","production","friendly","natural","rubber","cotton","uses","hand","finished","mark","look","sole","eliminates","chemicals","making","chunky","trainers","viewpoint","happening","almost","makes","wonder","rest","industry","slow","catch","straight","brand","site","pick","vibrant","pair","stores","size","shoe","helps","others","high","good","news","always","looking","help","others","purchasing","additions","wardrobe","look","further","good","news","founded","2016","british","brand","focuses","simple","bold","shoes","give","refugees","living","europe","company","part","wider","collective","good","luck","shoes","together","footwear","designers","photographers","graphic","designers","initiative","managed","donate","shoes","good","news","ensures","pair","shoes","sells","produced","ethically","paying","close","attention","supply","chain","couldn","brown","pair","organic","converse","swap","butterfly","starting","life","london","flat","2006","grown","become","britain","ethical","footwear","brands","single","material","company","comes","naturally","renewable","sources","contains","toxic","dyes","pesticides","shoe","without","based","glue","improving","health","factory","workers","instead","uses","mixture","natural","latex","secure","parts","brand","uses","wide","array","innovative","materials","including","cork","chrome","free","leather","pineapple","leaf","high","design","using","fair","trade","rubber","organic","cotton","removable","coconut","natural","latex","percent","company","profits","towards","environmental","charities","french","classic","trainers","french","brand","quite","thanks","advertising","policy","remained","rather","secretive","until","label","boasts","completely","transparent","supply","chain","using","ethically","sourced","wild","rubber","organic","cotton","leather","trainers","brazil","country","factory","workers","routinely","paid","minimum","wage","renowned","minimalist","look","trainers","easy","style","outfit","bought","high","street","store"]}
