{"authors":["Bustle Studios"],"date_download":"2018-10-31 01:27:31","date_modify":"2018-10-31 01:27:31","date_publish":"2018-10-11 15:04:30","description":"Friends fans, rejoice! In her new book I'll Be There For You: The One About Friends, writer and super fan Kelsey Miller dives deep into the beloved '90s sitcom, which — if you’ve just arrived on Earth — is about six 20-somethings working, dating,…","filename":"5ForgottenFriendsFactsFromTheNewRetrospectiveIllBeThereForYouTheOneAboutFriends_177.json","image_url":"https://imgix.bustle.com/uploads/image/2018/10/4/8c4ba405-37ed-45dd-b8fd-f75a1fbc97f0-illbethereforyou_hero_10042018.png?w=1200&h=630&q=70&fit=crop&crop=faces&fm=jpg","language":"en","localpath":"5ForgottenFriendsFactsFromTheNewRetrospectiveIllBeThereForYouTheOneAboutFriends_177.json","title":"5 Forgotten 'Friends' Facts From The New Retrospective, 'I’ll Be There For You: The One About Friends'","title_page":"5 Forgotten 'Friends' Facts From The New Retrospective, 'I’ll Be There For You: The One About Friends'","title_rss":"NULL","source_domain":"bustle.com","text":"friends fans rejoice book friends writer super kelsey miller dives deep beloved sitcom arrived earth somethings working dating hanging coffee shop york city launching actors superstardom friends full phenomenon initially aired 1994 2004 thanks dual powers syndication streaming beloved today extensive research thoughtful examination miller engaging retrospective explores friends meteoric rise became known show generation interrogates common critiques show today lack characters color potentially problematic treatment characters loving celebration iconic television shows whip smart piece cultural criticism maybe best packed plenty forgotten facts anecdotes place local next friends themed trivia night order copy today favorite bookseller amazon barnes noble apple books indiebound read favorite takeaways book friends wasn show title second third interview cited miller book show creators marta kauffman david crane recalled pitching show initially name insomnia coffee shop friends hung eventually changed friends until finally creators network landed sweet simple friends network initially thought core show young miller digs interview kauffman crane recall development stages network executives concerned core cast show young urged creators older character miller writes give sage advise young folks appease kauffman crane wrote draft including older officer character playfully writer room thing hated concept begged network scrap solve creators agreed include gang parents older guest star appearances fountain opening sequence minute decision iconic opening sequence friends whole gang gleefully dancing fountain miller found archival interview creators wasn original concept title sequence intended shot building rooftop party miller puts overlooking section angeles sort pass york potentially inclement weather itinerant production costs alternative needed creators found park looked passably york idea capture cast having silly necessarily realistic definitely dark cloud silver lining rachel pretty influential haircut perhaps universal truth forgotten fact rachel everywhere though haircut thing study author shows hairstyle popular aughts eleven million women 2010 study reportedly rachel style continued requested hairstyle country ross rachel joey monica love story initially planned joey monica seemed sexual characters kauffman creators natural couple matt leblanc actor plays joey tribbiani broached idea joey womanizer outside friend group acting brother toward rachel monica phoebe keep likable idea discarded until late series rachel joey storyline article sponsored harlequin friends order copy today favorite bookseller amazon barnes noble apple books indiebound","url":"https://www.bustle.com/p/5-forgotten-friends-facts-from-the-new-retrospective-ill-be-there-for-you-the-one-about-friends-12153667","polarityScore":{"sourceTitle":"Bustle","allSidesBias":"left-center","communityAgree":"564","communityDisagree":"566","sourceUrl":"http://www.bustle.com/ "},"processedText":["friends","fans","rejoice","book","friends","writer","super","miller","dives","deep","beloved","sitcom","arrived","earth","working","dating","hanging","coffee","shop","york","city","launching","actors","friends","full","phenomenon","initially","aired","1994","2004","thanks","dual","powers","streaming","beloved","today","extensive","research","thoughtful","examination","miller","engaging","explores","friends","rise","became","known","show","generation","common","critiques","show","today","lack","characters","color","potentially","problematic","treatment","characters","loving","celebration","iconic","television","shows","whip","smart","piece","cultural","criticism","maybe","best","packed","plenty","forgotten","facts","anecdotes","place","local","next","friends","themed","trivia","night","order","copy","today","favorite","amazon","barnes","noble","apple","books","indiebound","read","favorite","takeaways","book","friends","wasn","show","title","second","third","interview","cited","miller","book","show","creators","marta","david","crane","recalled","pitching","show","initially","name","insomnia","coffee","shop","friends","hung","eventually","changed","friends","until","finally","creators","network","landed","sweet","simple","friends","network","initially","thought","core","show","young","miller","digs","interview","crane","recall","development","stages","network","executives","concerned","core","cast","show","young","urged","creators","older","character","miller","writes","give","sage","advise","young","folks","appease","crane","wrote","draft","including","older","officer","character","writer","room","thing","hated","concept","begged","network","scrap","solve","creators","agreed","include","gang","parents","older","guest","star","appearances","fountain","opening","sequence","minute","decision","iconic","opening","sequence","friends","whole","gang","gleefully","dancing","fountain","miller","found","interview","creators","wasn","original","concept","title","sequence","intended","shot","building","rooftop","party","miller","puts","overlooking","section","angeles","sort","pass","york","potentially","weather","production","costs","alternative","needed","creators","found","park","looked","york","idea","capture","cast","having","silly","necessarily","realistic","definitely","dark","cloud","silver","lining","rachel","pretty","influential","haircut","perhaps","universal","truth","forgotten","fact","rachel","everywhere","though","haircut","thing","study","author","shows","popular","eleven","million","women","2010","study","reportedly","rachel","style","continued","requested","country","ross","rachel","joey","monica","love","story","initially","planned","joey","monica","seemed","sexual","characters","creators","natural","couple","matt","actor","plays","joey","idea","joey","outside","friend","group","acting","brother","toward","rachel","monica","phoebe","keep","likable","idea","discarded","until","late","series","rachel","joey","storyline","article","sponsored","friends","order","copy","today","favorite","amazon","barnes","noble","apple","books","indiebound"]}
