{"authors":["Sadie Dingfelder","Museums","Monuments","Music","Dance","Arts","Animal Behavior","Science","Travel","Tourism"],"date_download":"2018-10-21 03:00:08","date_modify":"2018-10-21 03:00:08","date_publish":"2018-10-03 21:26:02","description":"There’s perhaps no better way to enjoy autumn than from the cockpit of a kayak or canoe. And you don't have to travel far for fall foliage fireworks reflecting beautifully on calm water.","filename":"5gorgeousplacestopaddlethisfallallwithinafewhoursofDC_179.json","image_url":"https://www.washingtonpost.com/resizer/HgZjQFWgIfFuOUGr9iGBmDbWsF8=/1484x0/arc-anglerfish-washpost-prod-washpost.s3.amazonaws.com/public/HTNARJRHMZCLFMZHSAI25FUO3Y.jpg","language":"en","localpath":"5gorgeousplacestopaddlethisfallallwithinafewhoursofDC_179.json","title":"5 gorgeous places to paddle this fall, all within a few hours of D.C.","title_page":"5 gorgeous places to paddle this fall, all within a few hours of D.C. - The Washington Post","title_rss":"NULL","source_domain":"washingtonpost.com","text":"kayakers enjoy peaceful glide alongside taylors island jill jasuta dorchester county tourism dorchester county tourism department perhaps better enjoy autumn cockpit kayak mirror surface calm water transforms fireworks fall foliage impressionistic painting glide across quiet reverie disturbed flocks honking geese heading south winter wise enough rent single kayak mistake sharing double kayak someone peace constantly disturbed honking complaints paddler kayaking guides call divorce boats reason couples swear fight entire rachel cooper author atlantic edition appalachian mountain club quiet water paddling guidebook series kayak yourself power wherever totally different experience tippy tough maneuver double kayaks best reserved times toting along child cooper kayaking adult sake sanity perhaps marriage spring boats kayaking husband explore together kayaks cooper cooper enjoy kayaking husband brian brought along waterways explored book advanced kayakers found opportunities kinds paddlers regardless skill level particular interests cooper atlantic variety marshes rivers ponds lakes everything imagine cooper variety inspires paddling multiple weekends cooper important cannot leave smelly gross trips started reek wouldn believe started fall adventures asked cooper favorite atlantic paddling spots blackwater national wildlife refuge provides endless water trails kayaking canoeing capital blackwater national wildlife refuge blackwater adventures 2524 wallace drive cambridge open round reservation boat rentals hour 9255 massive acre patch tidal wetlands maryland eastern shore teems wildlife fall look loblolly pines marsh bald eagles massive birds gather summer breeding season likely flybys migrating raptors including occasional golden eagle rafts ducks northern pintail green winged teal waterbirds especially fall cooper mammals thing keep eyes peeled longer endangered elusive delmarva squirrel hint looks regular gray squirrel bigger paler wildlife feeling plenty thread endless maze tall grass turns yellow orange fall looks especially gorgeous golden late afternoon light navigating refuge dense network waterways handling occasional fast moving current tricky newer kayakers sure stop visitor center recommendations always guided tour blackwater huge easy lost cooper national wildlife refuge offers beautiful views paddle restaurant usfws national wildlife refuge surf adventure ocean rentals sandbridge road virginia beach open daily rental 6210 kayak nature tours 89th street virginia beach tour offered round call reserve tour online 1999 southern virginia beach ideal experienced paddlers mind waves enjoy seated surfing depending paddle acre refuge person hours sure bring everything including plenty water drink cooper large wildlife refuge kinds birds pretty place kinds habitat kayak endlessly bored advanced paddler stick protected coves narrow waterways especially thread cypress forest eastern side surprised deer pawing across channels surprisingly adept swimmers cooper fall woods good place look migrating warblers small brightly colored birds night hide forest avoid eaten birds prey marshes find creepy nearly transparent ghost crabs scuttling among phragmites grass lucky happen upon real ghost swamps bitterns brown dappled waterbirds seem disappear marsh grass moment stand break waves currents head blue petes restaurant warm bowl famous crab soup paddle restaurant dock cooper janes island state park offers gorgeous waterways kayaking fishing somerset tourism daugherty creek janes island state park janes island state park boat rental office 26280 alfred lawson drive crisfield open daily weather permitting boats cost hour 1565 humans enjoying natural seafood buffet eastern shore estuary cooper notes join party bringing fishing gear license kayak trip dinner maybe flounder bluefish trout boat chicken neck string catch yourself chesapeake blue crabs home dozen males person without license gloves tongs hand liable pinched fishing agenda paddle park miles marked water trails pick camp store printed bandana cooper lovely trip marshes full glasswort grass turns gold temperatures drop perk janes island floating dock allows launch kayak without stepping water easy great chillier fall colors abound lums pond richard robertson lums pond lums pond boathouse 1068 howell school road bear boat rentals available weekends hour 6989 poplar woods border lums pond turn shade orange yellow fall beauty multiplies glassy surface water calm water great beginner kayakers huge pond name cooper kids enjoy paddling knees bald cypress trees poke middle water watching turtles themselves rocks slide resounding plop kayak camera catch action shot blue herons spearfishing along shorelines excitement bring fishing gear catch resident fish including largemouth bass carp crappie fishing licenses available purchase camp store kids fish free lums pond best freshwater fishing delaware cooper kayaker chincoteague comes upon wild ponies basia john shields chincoteague national wildlife refuge snug harbor marina 7536 east side road chincoteague island open daily half rental full tour 6176 assateague explorer offers daily guided tours season tours request 5956 barrier island maryland atlantic shore offers enough beauty keep kayaker gawking days herds wild ponies trot along beach manes blowing romantically breeze historic white striped assateague lighthouse kayak cooper lucky paddlers acquire playful dolphin escort especially ocean side island refuge home different species birds notice flock lifting keep eyes peeled alarmed perhaps peregrine falcon bald eagle soaring nearby looking feathery lunch chincoteague smack middle atlantic flyway migratory route birds likely flocks ducks geese swans often alight protected wetlands route summer homes undeniably gorgeous assateague best place beginner kayakers explore cooper notes tides tricky currents strong recommend taking guided tour","url":"https://www.washingtonpost.com/express/2018/10/03/gorgeous-places-paddle-this-fall-all-within-few-hours-dc/","polarityScore":{"sourceTitle":"Washington Post","allSidesBias":"left-center","communityAgree":"21425","communityDisagree":"12735","sourceUrl":"http://www.washingtonpost.com/regional "},"processedText":["enjoy","peaceful","glide","alongside","island","jill","county","tourism","county","tourism","department","perhaps","better","enjoy","autumn","kayak","mirror","surface","calm","water","transforms","fireworks","fall","foliage","painting","glide","across","quiet","disturbed","flocks","heading","south","winter","wise","enough","rent","single","kayak","mistake","sharing","double","kayak","someone","peace","constantly","disturbed","complaints","guides","call","divorce","boats","reason","couples","swear","fight","entire","rachel","cooper","author","atlantic","edition","appalachian","mountain","club","quiet","water","series","kayak","yourself","power","wherever","totally","different","experience","tough","maneuver","double","best","reserved","times","along","child","cooper","adult","sake","sanity","perhaps","marriage","spring","boats","husband","explore","together","cooper","cooper","enjoy","husband","brian","brought","along","waterways","explored","book","advanced","found","opportunities","kinds","regardless","skill","level","particular","interests","cooper","atlantic","variety","marshes","rivers","ponds","lakes","everything","imagine","cooper","variety","inspires","multiple","weekends","cooper","important","cannot","leave","gross","trips","started","wouldn","believe","started","fall","adventures","asked","cooper","favorite","atlantic","spots","blackwater","national","wildlife","refuge","provides","endless","water","trails","capital","blackwater","national","wildlife","refuge","blackwater","adventures","wallace","drive","cambridge","open","round","reservation","boat","rentals","hour","massive","acre","patch","tidal","wetlands","maryland","eastern","shore","wildlife","fall","look","pines","marsh","bald","eagles","massive","birds","gather","summer","breeding","season","likely","including","occasional","golden","eagle","northern","green","especially","fall","cooper","thing","keep","eyes","peeled","longer","endangered","elusive","squirrel","hint","looks","regular","gray","squirrel","bigger","wildlife","feeling","plenty","thread","endless","maze","tall","grass","turns","yellow","orange","fall","looks","especially","gorgeous","golden","late","afternoon","light","navigating","refuge","dense","network","waterways","handling","occasional","fast","moving","current","tricky","newer","sure","stop","visitor","center","recommendations","always","guided","tour","blackwater","huge","easy","lost","cooper","national","wildlife","refuge","offers","beautiful","views","paddle","restaurant","national","wildlife","refuge","surf","adventure","ocean","rentals","road","virginia","beach","open","daily","rental","kayak","nature","tours","street","virginia","beach","tour","offered","round","call","reserve","tour","online","1999","southern","virginia","beach","ideal","experienced","mind","waves","enjoy","seated","surfing","depending","paddle","acre","refuge","person","hours","sure","bring","everything","including","plenty","water","drink","cooper","large","wildlife","refuge","kinds","birds","pretty","place","kinds","habitat","kayak","endlessly","bored","advanced","stick","protected","narrow","waterways","especially","thread","forest","eastern","side","surprised","deer","across","channels","surprisingly","adept","swimmers","cooper","fall","woods","good","place","look","small","brightly","colored","birds","night","hide","forest","avoid","eaten","birds","prey","marshes","find","creepy","nearly","transparent","ghost","among","grass","lucky","happen","upon","real","ghost","swamps","brown","seem","disappear","marsh","grass","moment","stand","break","waves","currents","head","blue","restaurant","warm","bowl","famous","crab","soup","paddle","restaurant","dock","cooper","janes","island","state","park","offers","gorgeous","waterways","fishing","tourism","creek","janes","island","state","park","janes","island","state","park","boat","rental","office","alfred","lawson","drive","open","daily","weather","permitting","boats","cost","hour","humans","enjoying","natural","seafood","buffet","eastern","shore","cooper","notes","join","party","bringing","fishing","gear","license","kayak","trip","dinner","maybe","trout","boat","chicken","neck","string","catch","yourself","chesapeake","blue","home","dozen","males","person","without","license","gloves","hand","liable","fishing","agenda","paddle","park","miles","marked","water","trails","pick","camp","store","printed","cooper","lovely","trip","marshes","full","grass","turns","gold","temperatures","drop","perk","janes","island","floating","dock","allows","launch","kayak","without","stepping","water","easy","great","fall","colors","abound","pond","richard","robertson","pond","pond","howell","school","road","bear","boat","rentals","available","weekends","hour","woods","border","pond","turn","shade","orange","yellow","fall","beauty","multiplies","surface","water","calm","water","great","beginner","huge","pond","name","cooper","kids","enjoy","knees","bald","trees","poke","middle","water","watching","turtles","themselves","rocks","slide","resounding","kayak","camera","catch","action","shot","blue","along","excitement","bring","fishing","gear","catch","resident","fish","including","bass","fishing","licenses","available","purchase","camp","store","kids","fish","free","pond","best","freshwater","fishing","delaware","cooper","comes","upon","wild","john","shields","national","wildlife","refuge","harbor","marina","east","side","road","island","open","daily","half","rental","full","tour","explorer","offers","daily","guided","tours","season","tours","request","barrier","island","maryland","atlantic","shore","offers","enough","beauty","keep","days","wild","trot","along","beach","blowing","romantically","breeze","historic","white","striped","lighthouse","kayak","cooper","lucky","acquire","playful","escort","especially","ocean","side","island","refuge","home","different","species","birds","notice","flock","lifting","keep","eyes","peeled","alarmed","perhaps","falcon","bald","eagle","soaring","nearby","looking","lunch","smack","middle","atlantic","migratory","route","birds","likely","flocks","often","protected","wetlands","route","summer","homes","undeniably","gorgeous","best","place","beginner","explore","cooper","notes","tides","tricky","currents","strong","recommend","taking","guided","tour"]}
