{"authors":[],"date_download":"2018-11-02 03:58:58","date_modify":"2018-11-02 03:58:58","date_publish":"2017-08-21 21:00:17","description":"If you'd like a job that pays well but don't necessarily have the time or money to invest in a bachelor's degree, there are still plenty of good...","filename":"5highestpayingjobsyoucangetinAtlantawithanassociatedegree_180.json","image_url":"https://www.ajc.com/rf/image_large/Pub/p8/AJC/2017/05/05/Videos/5423551871001.vpx.jpg","language":"en","localpath":"5highestpayingjobsyoucangetinAtlantawithanassociatedegree_180.json","title":"5 highest-paying jobs you can get in Atlanta with an associate degree","title_page":"5 highest-paying jobs you can get in Atlanta with an associate degree","title_rss":"NULL","source_domain":"ajc.com","text":"pays necessarily money invest bachelor degree plenty good jobs metro atlanta associate degree following five highest paying jobs degree business insider related workplaces atlanta 2017 traffic controller traffic controllers highest median annual wage jobs bachelor degree typically needed professionals monitor direct movement aircraft earn median annual wage term training required however citizen pass medical background checks pass exams federal aviation administration course atlanta course home hartsfield jackson international world busiest airport record million passengers hartsfield jackson 2015 handled flights traffic controllers employed airports hartsfield jackson international highest median wage jobs typically require less bachelor degree architectural civil drafters drafter software convert designs technical drawings include renderings buildings highways bridges recent openings atlanta architectural civil drafters include opportunities help design commercial construction projects pipeline petroleum terminal operations median annual salary drafters diagnostic medical sonographers ultrasound technology perhaps best known check babies utero help diagnose types medical conditions sonographers specialize creating invasive images specific parts body heart vascular nervous system work hospitals outpatient care centers doctors offices recent listings atlanta include hospitals doctors offices looking hire cardiac vascular breast ultrasound technologists sonographers expect earn median salary paralegals paralegals provide help support lawyers services conducting research drafting documents paralegals provide legal services georgia metro atlanta area fifth highest employment level country profession paralegals associate degree earned certification paralegal studies median annual wage recent listings paralegals metro atlanta include openings paralegals specialize immigration worker compensation cases atlanta office geico staff counsel radiation therapists radiation therapists administer radiation treatments help treat cancer diseases work technology scans employed settings hospitals doctors offices outpatient centers career described chief radiation therapist perfect balance patient care great technology major hospitals located metro atlanta healthcare jobs often plentiful fact atlanta sandy springs roswell metropolitan area ranks near employment radiation therapists annual mean wage","url":"https://www.ajc.com/business/employment/highest-paying-jobs-you-can-get-atlanta-with-associate-degree/c0r43wo8GGS5XZfJlC1RmM/","polarityScore":{"sourceTitle":"Atlanta Journal-Constitution","allSidesBias":"left-center","communityAgree":"561","communityDisagree":"580","sourceUrl":"http://www.ajc.com/ "},"processedText":["pays","necessarily","money","invest","bachelor","degree","plenty","good","jobs","metro","atlanta","associate","degree","following","five","highest","paying","jobs","degree","business","insider","related","workplaces","atlanta","2017","traffic","controller","traffic","controllers","highest","median","annual","wage","jobs","bachelor","degree","typically","needed","professionals","monitor","direct","movement","aircraft","earn","median","annual","wage","term","training","required","however","citizen","pass","medical","background","checks","pass","exams","federal","aviation","administration","course","atlanta","course","home","hartsfield","jackson","international","world","busiest","airport","record","million","passengers","hartsfield","jackson","2015","handled","flights","traffic","controllers","employed","airports","hartsfield","jackson","international","highest","median","wage","jobs","typically","require","less","bachelor","degree","architectural","civil","software","convert","designs","technical","drawings","include","buildings","highways","bridges","recent","openings","atlanta","architectural","civil","include","opportunities","help","design","commercial","construction","projects","pipeline","petroleum","terminal","operations","median","annual","salary","diagnostic","medical","technology","perhaps","best","known","check","babies","help","types","medical","conditions","creating","invasive","images","specific","parts","body","heart","nervous","system","work","hospitals","outpatient","care","centers","doctors","offices","recent","listings","atlanta","include","hospitals","doctors","offices","looking","hire","cardiac","breast","expect","earn","median","salary","provide","help","support","lawyers","services","conducting","research","drafting","documents","provide","legal","services","georgia","metro","atlanta","area","fifth","highest","employment","level","country","profession","associate","degree","earned","certification","studies","median","annual","wage","recent","listings","metro","atlanta","include","openings","immigration","worker","compensation","cases","atlanta","office","staff","counsel","radiation","therapists","radiation","therapists","administer","radiation","treatments","help","treat","cancer","diseases","work","technology","scans","employed","settings","hospitals","doctors","offices","outpatient","centers","career","described","chief","radiation","therapist","perfect","balance","patient","care","great","technology","major","hospitals","located","metro","atlanta","healthcare","jobs","often","plentiful","fact","atlanta","sandy","springs","roswell","metropolitan","area","ranks","near","employment","radiation","therapists","annual","mean","wage"]}
