{"authors":["Bustle Studios"],"date_download":"2018-10-31 00:41:31","date_modify":"2018-10-31 00:41:31","date_publish":"2018-10-01 18:44:49","description":"There are a million reasons to be excited about the release of A Star Is Born. For one, the juggernaut performance of Lady Gaga. Secondly, the masterful directing of Bradley Cooper. Not to mention, the soundtrack is full of rock ballads that will…","filename":"5ReasonsJackAllysLoveStoryIsOneForTheBooks_183.json","image_url":"https://imgix.bustle.com/uploads/image/2018/9/21/b115f97e-839a-41a6-af23-4ea27694e850-preview-full-preview-full-asib-06604rv2.jpg?w=1200&h=630&q=70&fit=crop&crop=faces&fm=jpg","language":"en","localpath":"5ReasonsJackAllysLoveStoryIsOneForTheBooks_183.json","title":"5 Reasons Jack & Ally's Love Story Is One For The Books","title_page":"5 Reasons Jack & Ally's Love Story Is One For The Books","title_rss":"NULL","source_domain":"bustle.com","text":"million reasons excited release star born juggernaut performance lady gaga secondly masterful directing bradley cooper mention soundtrack full rock ballads definitely stuck head weeks love story struggling artists ally jack soften hardest hearts tale across capricious intoxicating nature fame gifts amazing terrible love story core plagued alcoholism seasoned musician jackson maine cooper trouble find turn night stumbles struck talent charm voice singer ally lady gaga takes prot music together bond grows romance love simple especially hollywood star making machine prepare ourselves mentally emotionally physically sonically release star born teamed warner bros pictures reasons jack ally love story romance film canon enjoy sure catch premiere star born theaters everywhere october best meet cute warner bros pictures youtube great romances begin ballad jack ally begins dive drag karaoke night jack stumbles bender sees ally stage crooning rose stops hearts stop happens haven camp gender bending creative exploration suffice meet cute 2018 encourage challenge industry warner bros pictures youtube despite demonstrative talents ally music industry folks people nose reassuring beautiful sees remarkable potential songwriter encourages surprisingly sexy moment amorously strokes nose hurt real rock roll romance warner bros pictures youtube life road gravelly voiced belting hours studio spent crafting verse jack ally unfussy tough tender dynamic bring inside lifestyle roving troubadours fall head heels ally flourishes warner bros pictures youtube classic original version story ally star rise jackson struggles sure goes glossy marketing machine sure jack lashes unbecoming jealousy rather thinks better work doing film shame ally pursuing ambition ways lend authenticity story ways ally represents culture tastes tomorrow lady gaga bradley cooper great chemistry part reason movie buzzed considerable combined star quality lead actors spite real life star status lady gaga able serve true woman gingerly finding talent energy delicately layers cooper plays grizzled charm concealing helplessness disease contradicts macho image musical chemistry charts mean article sponsored warner bros pictures star born star born theaters everywhere october","url":"https://www.bustle.com/p/5-reasons-jack-allys-love-story-is-one-for-the-books-11958604","polarityScore":{"sourceTitle":"Bustle","allSidesBias":"left-center","communityAgree":"564","communityDisagree":"566","sourceUrl":"http://www.bustle.com/ "},"processedText":["million","reasons","excited","release","star","born","juggernaut","performance","lady","gaga","secondly","masterful","directing","bradley","cooper","mention","soundtrack","full","rock","definitely","stuck","head","weeks","love","story","struggling","artists","ally","jack","soften","hardest","hearts","tale","across","capricious","intoxicating","nature","fame","gifts","amazing","terrible","love","story","core","plagued","alcoholism","seasoned","musician","jackson","maine","cooper","trouble","find","turn","night","stumbles","struck","talent","charm","voice","singer","ally","lady","gaga","takes","prot","music","together","bond","grows","romance","love","simple","especially","hollywood","star","making","machine","prepare","ourselves","mentally","emotionally","physically","release","star","born","teamed","warner","bros","pictures","reasons","jack","ally","love","story","romance","film","canon","enjoy","sure","catch","premiere","star","born","theaters","everywhere","october","best","meet","cute","warner","bros","pictures","youtube","great","romances","begin","ballad","jack","ally","begins","dive","drag","night","jack","stumbles","bender","sees","ally","stage","rose","stops","hearts","stop","happens","haven","camp","gender","bending","creative","exploration","suffice","meet","cute","2018","encourage","challenge","industry","warner","bros","pictures","youtube","despite","talents","ally","music","industry","folks","people","nose","reassuring","beautiful","sees","remarkable","potential","songwriter","encourages","surprisingly","sexy","moment","strokes","nose","hurt","real","rock","roll","romance","warner","bros","pictures","youtube","life","road","voiced","hours","studio","spent","crafting","verse","jack","ally","tough","tender","dynamic","bring","inside","lifestyle","fall","head","heels","ally","flourishes","warner","bros","pictures","youtube","classic","original","version","story","ally","star","rise","jackson","struggles","sure","goes","glossy","marketing","machine","sure","jack","lashes","unbecoming","jealousy","rather","thinks","better","work","doing","film","shame","ally","pursuing","ambition","ways","lend","authenticity","story","ways","ally","represents","culture","tastes","tomorrow","lady","gaga","bradley","cooper","great","chemistry","part","reason","movie","considerable","combined","star","quality","lead","actors","spite","real","life","star","status","lady","gaga","able","serve","true","woman","finding","talent","energy","delicately","layers","cooper","plays","charm","disease","contradicts","image","musical","chemistry","charts","mean","article","sponsored","warner","bros","pictures","star","born","star","born","theaters","everywhere","october"]}
