{"authors":[],"date_download":"2018-11-01 23:27:38","date_modify":"2018-11-01 23:27:38","date_publish":"2017-06-26 10:57:03","description":null,"filename":"5ReasonsWhyTheDUPWouldBeBestForBritain_184.json","image_url":"https://39uhx2trii4zt1im-zippykid.netdna-ssl.com/wp-content/themes/amspec-v1/_img/favicon.ico?v=2","language":"en","localpath":"5ReasonsWhyTheDUPWouldBeBestForBritain_184.json","title":"5 Reasons Why The DUP Would Be Best For Britain","title_page":"5 Reasons Why The DUP Would Be Best For BritainThe American Spectator","title_rss":"NULL","source_domain":"spectator.org","text":"june 2017 general election yielded series unexpected results shifting political spotlight theresa possible saviors democratic unionist party small northern irish party gained seats house commons thursday night record number seats acquired party history however along victory dissection party itself media opposition others eyes british election party known having suggest controversial record retain strong conservative views social religious issues religiously fractured northern ireland simple preferred ideal option else theresa turn failed gamble left certain individuals within conservative party painted deplorable sound familiar rather conservatives form coalition work corbyn favor giving labour chance form government look silver lining coalition inevitable conservative government parliament coalition grant prime minister conservatives enough seats push post toward majority parliament mark nearly acquired general election prevents minority government commons chance labour form government keeping corbyn number gives position closely resembling mandate sought snap election place partnership strengthen hand entering negotiations allow better brexit otherwise possible devolved powers northern ireland devolved government comes surprise retention devolved governments avoid direct rule westminster aims preservation certain policies specific northern ireland rather reversed government wales scotland operate similar governmental systems benefit presence power soft brexit waiting baited breath fearing theresa europe empty handed without brexit deal hard brexit concern quelled exiters stood david cameron attempt renegotiate within 2016 soft brexit support open border republic ireland northern ireland custom comprehensive trade protection rights british citizens respectively assured keep checks balances whoever happens downing street creating global economy days leaves start looking global partners trade bring businesses step ahead advocated lowering corporate formation trade advisory board cutting rate tourism business deregulating freeports economically underdeveloped areas supporting trade accelerator plan aimed enhancing initiatives help support existing exporters explore markets prosperity mind financial direction required success brexit shrinking state manifesto aims size state reducing number government departments reducing number special advisers number councils wanted introduce civil service voluntary exit scheme yielding annual savings approximately million important mentioned manifesto seek live within means vital learn regaining momentum rather funds saved spent effectively efficiently schools hospitals police harping formula guarantee british prosperity private enterprise social enterprise philanthropy coalitions haven always worked britain gotten done speculate clashing personalities parties stands principals laid keep corbyn away push toward brighter britain brexit require sacrifices compromises step","url":"https://spectator.org/5-reasons-why-the-dup-would-be-best-for-britain/","polarityScore":{"sourceTitle":"American Spectator","allSidesBias":"right","communityAgree":"4485","communityDisagree":"1883","sourceUrl":"http://spectator.org/ "},"processedText":["june","2017","general","election","yielded","series","unexpected","results","shifting","political","spotlight","theresa","possible","saviors","democratic","unionist","party","small","northern","irish","party","gained","seats","house","commons","thursday","night","record","number","seats","acquired","party","history","however","along","victory","party","itself","media","opposition","others","eyes","british","election","party","known","having","suggest","controversial","record","retain","strong","conservative","views","social","religious","issues","religiously","fractured","northern","ireland","simple","preferred","ideal","option","else","theresa","turn","failed","gamble","left","certain","individuals","within","conservative","party","painted","deplorable","sound","familiar","rather","conservatives","form","coalition","work","corbyn","favor","giving","labour","chance","form","government","look","silver","lining","coalition","inevitable","conservative","government","parliament","coalition","grant","prime","minister","conservatives","enough","seats","push","post","toward","majority","parliament","mark","nearly","acquired","general","election","prevents","minority","government","commons","chance","labour","form","government","keeping","corbyn","number","gives","position","closely","resembling","mandate","sought","snap","election","place","partnership","strengthen","hand","entering","negotiations","allow","better","brexit","otherwise","possible","devolved","powers","northern","ireland","devolved","government","comes","surprise","retention","devolved","governments","avoid","direct","rule","westminster","aims","preservation","certain","policies","specific","northern","ireland","rather","reversed","government","wales","scotland","operate","similar","governmental","systems","benefit","presence","power","soft","brexit","waiting","breath","fearing","theresa","europe","empty","handed","without","brexit","deal","hard","brexit","concern","stood","david","cameron","attempt","renegotiate","within","2016","soft","brexit","support","open","border","republic","ireland","northern","ireland","custom","comprehensive","trade","protection","rights","british","citizens","respectively","assured","keep","checks","balances","whoever","happens","downing","street","creating","global","economy","days","leaves","start","looking","global","partners","trade","bring","businesses","step","ahead","advocated","lowering","corporate","formation","trade","advisory","board","cutting","rate","tourism","business","economically","areas","supporting","trade","accelerator","plan","aimed","enhancing","initiatives","help","support","existing","exporters","explore","markets","prosperity","mind","financial","direction","required","success","brexit","shrinking","state","manifesto","aims","size","state","reducing","number","government","departments","reducing","number","special","advisers","number","councils","wanted","introduce","civil","service","voluntary","exit","scheme","yielding","annual","savings","approximately","million","important","mentioned","manifesto","seek","live","within","means","vital","learn","regaining","momentum","rather","funds","saved","spent","effectively","efficiently","schools","hospitals","police","formula","guarantee","british","prosperity","private","enterprise","social","enterprise","philanthropy","coalitions","haven","always","worked","britain","gotten","done","speculate","clashing","personalities","parties","stands","principals","laid","keep","corbyn","away","push","toward","brighter","britain","brexit","require","sacrifices","compromises","step"]}
