{"authors":["Lauren Sharkey"],"date_download":"2018-10-31 00:32:05","date_modify":"2018-10-31 00:32:05","date_publish":"2018-10-15 13:56:50","description":"The Duchess of Sussex is pregnant. And unlike the average woman, there are a number of royal pregnancy rules Meghan Markle will have to follow to stay on good terms with the Queen and co. That means no taking the day off if you're tired (although…","filename":"5RoyalPregnancyRulesMeghanMarkleWillHaveToFollowForTheNextFewMonths_186.json","image_url":"https://imgix.bustle.com/uploads/getty/2018/10/15/4ad191b9-cea1-40b9-9412-1ef830399190-getty-1045004194.jpg?w=1200&h=630&q=70&fit=crop&crop=faces&fm=jpg","language":"en","localpath":"5RoyalPregnancyRulesMeghanMarkleWillHaveToFollowForTheNextFewMonths_186.json","title":"5 Royal Pregnancy Rules Meghan Markle Will Have To Follow For The Next Few Months","title_page":"5 Royal Pregnancy Rules Meghan Markle Will Have To Follow For The Next Few Months","title_rss":"NULL","source_domain":"bustle.com","text":"duchess sussex pregnant unlike average woman number royal pregnancy rules meghan markle follow stay good terms queen means taking tired although morning sickness often looked sympathetically travelling round world kensington palace issued statement monday morning announcing meghan prince harry expecting baby spring 2019 hello royal editor emily nash weeks along relayed exciting news rest royal family princess eugenie wedding friday rules pregnant royal women expected stick aren huge deal born bred easy forget markle changed entire lifestyle marry harry large majority friends family including living canada although firm support system adopted home lonely surrounded people especially emotional baby shower bans issue maternity leave meghan expected stick throughout pregnancy travelling pool getty images entertainment getty images sense considering meghan harry currently side world royal women advised stay home case medical emergency couple started tour australia zealand south pacific islands surely involved planning preparation meaning probably reluctant people down cancelling whole thing concerns meghan entering fiji tonga places known contain zika virus despite foreign commonwealth office advising pregnant women avoid areas meghan sticking original plans daily mail royal correspondent rebecca english spokesperson change tour programme stating meghan harry sought medical advice decided ahead plans seeing heavily pregnant women advised travel overseas meghan unable visit friends later pregnancy maternity leave option pool getty images entertainment getty images argue royal family done hard work life otherwise takes commitment everyday small talk people working women portion maternity leave giving birth royals duchess cambridge continued turn arranged events until birth children expected meghan post birth maternity leave length varies kate returned royal engagements weeks giving birth prince george choosing slightly longer period four months princess charlotte arrival world third maternity leave longest kate gave birth prince louis april decided entire summer work beginning october seems official maternity leave length however expect meghan fulfilling royal duties until spring baby showers chris jackson getty images entertainment getty images baby showers common event meghan home unlikely allowed although rumours kate sister pippa middleton thrown bash sibling pregnancy royal expert victoria arbiter thinks load rubbish lavish baby shower seen highly inappropriate nothing themselves news suppose kardashian esque party completely question remain secret pool getty images entertainment getty images harry meghan decide find baby allowed tell anyone else able tell select members families news remain quiet until baby born cosmopolitan kate william decided find children making secret keeping whole easier royal babies born hospital chris jackson getty images entertainment getty images meghan worry until scenario considering royals renowned giving birth home wasn until queen daughter princess anne opted give birth private lindo wing inside mary hospital tradition halt several royals including princess diana kate chosen give birth inside exact walls meghan probably choose follow suit baby does finally arrive child grandparents wait find until queen informed 2013 vanity fair reported protocol dictated william call grandmother specially encrypted phone upon birth prince george","url":"https://www.bustle.com/p/5-royal-pregnancy-rules-meghan-markle-will-have-to-follow-for-the-next-few-months-12263855","polarityScore":{"sourceTitle":"Bustle","allSidesBias":"left-center","communityAgree":"564","communityDisagree":"566","sourceUrl":"http://www.bustle.com/ "},"processedText":["duchess","sussex","pregnant","unlike","average","woman","number","royal","pregnancy","rules","meghan","markle","follow","stay","good","terms","queen","means","taking","tired","although","morning","sickness","often","looked","round","world","kensington","palace","issued","statement","monday","morning","announcing","meghan","prince","harry","expecting","baby","spring","2019","hello","royal","editor","emily","nash","weeks","along","relayed","exciting","news","rest","royal","family","princess","eugenie","wedding","friday","rules","pregnant","royal","women","expected","stick","aren","huge","deal","born","bred","easy","forget","markle","changed","entire","lifestyle","marry","harry","large","majority","friends","family","including","living","canada","although","firm","support","system","adopted","home","lonely","surrounded","people","especially","emotional","baby","shower","bans","issue","maternity","leave","meghan","expected","stick","throughout","pregnancy","pool","getty","images","entertainment","getty","images","sense","considering","meghan","harry","currently","side","world","royal","women","advised","stay","home","case","medical","emergency","couple","started","tour","australia","zealand","south","pacific","islands","surely","involved","planning","preparation","meaning","probably","reluctant","people","down","cancelling","whole","thing","concerns","meghan","entering","fiji","tonga","places","known","contain","virus","despite","foreign","commonwealth","office","advising","pregnant","women","avoid","areas","meghan","sticking","original","plans","daily","mail","royal","correspondent","rebecca","english","spokesperson","change","tour","programme","stating","meghan","harry","sought","medical","advice","decided","ahead","plans","seeing","heavily","pregnant","women","advised","travel","overseas","meghan","unable","visit","friends","later","pregnancy","maternity","leave","option","pool","getty","images","entertainment","getty","images","argue","royal","family","done","hard","work","life","otherwise","takes","commitment","everyday","small","talk","people","working","women","portion","maternity","leave","giving","birth","royals","duchess","cambridge","continued","turn","arranged","events","until","birth","children","expected","meghan","post","birth","maternity","leave","length","varies","kate","returned","royal","engagements","weeks","giving","birth","prince","george","choosing","slightly","longer","period","four","months","princess","charlotte","arrival","world","third","maternity","leave","longest","kate","gave","birth","prince","louis","april","decided","entire","summer","work","beginning","october","seems","official","maternity","leave","length","however","expect","meghan","fulfilling","royal","duties","until","spring","baby","showers","chris","jackson","getty","images","entertainment","getty","images","baby","showers","common","event","meghan","home","unlikely","allowed","although","rumours","kate","sister","pippa","middleton","thrown","bash","sibling","pregnancy","royal","expert","victoria","thinks","load","rubbish","lavish","baby","shower","seen","highly","inappropriate","nothing","themselves","news","suppose","kardashian","esque","party","completely","question","remain","secret","pool","getty","images","entertainment","getty","images","harry","meghan","decide","find","baby","allowed","tell","anyone","else","able","tell","select","members","families","news","remain","quiet","until","baby","born","cosmopolitan","kate","william","decided","find","children","making","secret","keeping","whole","easier","royal","babies","born","hospital","chris","jackson","getty","images","entertainment","getty","images","meghan","worry","until","scenario","considering","royals","renowned","giving","birth","home","wasn","until","queen","daughter","princess","anne","opted","give","birth","private","lindo","wing","inside","mary","hospital","tradition","halt","several","royals","including","princess","diana","kate","chosen","give","birth","inside","exact","walls","meghan","probably","choose","follow","suit","baby","does","finally","arrive","child","grandparents","wait","find","until","queen","informed","2013","vanity","fair","reported","protocol","dictated","william","call","grandmother","specially","encrypted","phone","upon","birth","prince","george"]}
