{"authors":["Emily Dixon"],"date_download":"2018-10-31 00:48:20","date_modify":"2018-10-31 00:48:20","date_publish":"2018-10-13 04:19:29","description":"Do you Google every change in your body for fear it's a symptom of something bigger? Have you convinced yourself you're suffering from an illness you've read about online, to the point of worry or distress? Are you constantly at the doctor's, often…","filename":"5SignsYouHaveCyberchondriaBecauseTheInternetFuelledConditionIsOnTheRise_187.json","image_url":"https://imgix.bustle.com/uploads/image/2018/10/10/c65a4bfe-f7fb-418f-9ce6-b1356657903d-stocksy_txp5400fe58gs6200_small_803850.jpg?w=1200&h=630&q=70&fit=crop&crop=faces&fm=jpg","language":"en","localpath":"5SignsYouHaveCyberchondriaBecauseTheInternetFuelledConditionIsOnTheRise_187.json","title":"5 Signs You Have Cyberchondria, Because The Internet-Fuelled Condition Is On The Rise","title_page":"5 Signs You Have Cyberchondria, Because The Internet-Fuelled Condition Is On The Rise","title_rss":"NULL","source_domain":"bustle.com","text":"google change body fear symptom something bigger convinced yourself suffering illness read online point worry distress constantly doctor often armed series bookmarked websites dealing cyberchondria form health anxiety guardian defines compulsively using search engines websites hope finding reassurance medical fears self diagnose further ailments look five signs cyberchondria listed below sound familiar worth discussing matter doctor guardian reports researchers established european problematic internet research network order further examine cyberchondria cyberhoarding reluctance delete information gathered online addiction online activities including gaming gambling watching porn network consultant psychiatrist professor naomi fineberg newspaper established absence concrete understanding internet related disorders cyberchondria professor fineberg common realise wondering dealing yourself read five common symptoms condition constantly googling symptoms studio firma stocksy hypochondriacs search encyclopaedias medical dictionaries looking signs symptoms thought serious professor fineberg university hertfordshire guardian course evolution online resources people search internet signs symptoms potentially indicative serious disease google symptoms becoming problematic talk repeated doctor appointments sean locke stocksy report imperial college london states five people attending medical clinics abnormal health anxiety worse people researching symptoms online compelled constantly doctor appointments despite assured dealing cyberchondria however demonstrated doctors often dismiss women pain sure worth speaking medical professional trust determine whether dealing anxiety believe doctor verdict zhph production stocksy mentally tally reasons doctor misdiagnosed soon leave surgery indication cyberchondria study conducted researchers imperial college london king college london found advice medical professionals often failed quell patients worries doctor offered reassurance underlying physical reason symptoms patients continued worry look diagnosis reports researching symptoms makes feel worse jovo jovanovic stocksy psychology today points anxiety disorders seeking reassurance symptom provides temporary relief best worsen anxiety sustain magazine cites study people cyberchondia york psychiatric institute found checking sessions report higher anxiety individuals scoring illness anxiety scale constant checking making feel awful tell health fears escalate veavea stocksy start googling rash next rash skin cancer within five minutes researching rare malignant type cancer affects cent population certain national geographic reports 2008 microsoft study search patterns microsoft search engine users third people searching medical related terms tended escalate searches study found meaning search ratchet dire outcomes magazine sounds familiar consider speaking doctor","url":"https://www.bustle.com/p/5-signs-you-have-cyberchondria-because-the-internet-fuelled-condition-is-on-the-rise-12208251","polarityScore":{"sourceTitle":"Bustle","allSidesBias":"left-center","communityAgree":"564","communityDisagree":"566","sourceUrl":"http://www.bustle.com/ "},"processedText":["google","change","body","fear","symptom","something","bigger","convinced","yourself","suffering","illness","read","online","point","worry","distress","constantly","doctor","often","armed","series","websites","dealing","form","health","anxiety","guardian","defines","using","search","engines","websites","hope","finding","reassurance","medical","fears","self","further","ailments","look","five","signs","listed","below","sound","familiar","worth","discussing","matter","doctor","guardian","reports","researchers","established","european","problematic","internet","research","network","order","further","examine","reluctance","delete","information","gathered","online","addiction","online","activities","including","gaming","gambling","watching","porn","network","consultant","psychiatrist","professor","naomi","newspaper","established","absence","concrete","understanding","internet","related","disorders","professor","common","realise","wondering","dealing","yourself","read","five","common","symptoms","condition","constantly","googling","symptoms","studio","stocksy","search","medical","looking","signs","symptoms","thought","serious","professor","university","guardian","course","evolution","online","resources","people","search","internet","signs","symptoms","potentially","indicative","serious","disease","google","symptoms","becoming","problematic","talk","repeated","doctor","appointments","sean","stocksy","report","imperial","college","london","states","five","people","attending","medical","clinics","abnormal","health","anxiety","worse","people","researching","symptoms","online","compelled","constantly","doctor","appointments","despite","assured","dealing","however","demonstrated","doctors","often","dismiss","women","pain","sure","worth","speaking","medical","professional","trust","determine","whether","dealing","anxiety","believe","doctor","verdict","production","stocksy","mentally","tally","reasons","doctor","soon","leave","surgery","indication","study","conducted","researchers","imperial","college","london","king","college","london","found","advice","medical","professionals","often","failed","quell","patients","worries","doctor","offered","reassurance","underlying","physical","reason","symptoms","patients","continued","worry","look","diagnosis","reports","researching","symptoms","makes","feel","worse","stocksy","psychology","today","points","anxiety","disorders","seeking","reassurance","symptom","provides","temporary","relief","best","worsen","anxiety","sustain","magazine","cites","study","people","york","psychiatric","institute","found","checking","sessions","report","higher","anxiety","individuals","scoring","illness","anxiety","scale","constant","checking","making","feel","awful","tell","health","fears","escalate","stocksy","start","googling","rash","next","rash","skin","cancer","within","five","minutes","researching","rare","malignant","type","cancer","affects","cent","population","certain","national","geographic","reports","2008","microsoft","study","search","patterns","microsoft","search","engine","users","third","people","searching","medical","related","terms","tended","escalate","searches","study","found","meaning","search","ratchet","dire","outcomes","magazine","sounds","familiar","consider","speaking","doctor"]}
