{"authors":["Eva Taylor Grant"],"date_download":"2018-10-31 01:28:43","date_modify":"2018-10-31 01:28:43","date_publish":"2018-10-19 20:25:57","description":"Just because you're hitting the gym doesn't mean you have to give up on your Starbucks habit. All you need to do is make conscious decisions about what you order immediately before and after a workout, to make sure your body gets the nutrients it…","filename":"5StarbucksDrinksForWorkoutsThatCanHelpYourExerciseGame_188.json","image_url":"https://imgix.bustle.com/uploads/getty/2018/10/19/0b926610-0687-4ac1-afa5-e08f73635927-getty-994954582.jpg?w=1200&h=630&q=70&fit=crop&crop=faces&fm=jpg","language":"en","localpath":"5StarbucksDrinksForWorkoutsThatCanHelpYourExerciseGame_188.json","title":"5 Starbucks Drinks For Workouts That Can Help Your Exercise Game","title_page":"5 Starbucks Drinks For Workouts That Can Help Your Exercise Game","title_rss":"NULL","source_domain":"bustle.com","text":"hitting mean give starbucks habit conscious decisions order immediately workout sure body gets nutrients needs best starbucks drinks workout menu seriously delicious important thing drink workout always water hydrated always important especially breaking sweat looking extra boost drinking keep hydrated adding maximum benefits added ingredients obviously great starbucks anytime chain offers drinks secretly workout benefits starbucks expressly suggest drinks workout looking ingredients nutritional facts reveals beneficial exercise regimen upping performance aiding recovery choosing wisely starbucks menu subtle positive effect sweat sesh alongside drinking water choosing workout enhancing drinks sure nutrient rich foods rest deserve self care benefits working carry five starbucks drinks helpful workout green starbucks green major benefits perfect drink workout macro level green helps heart major workouts workout related concerns good green clear skin looking health benefits green workout ordering starbuck teavana emperors cloud mist green enjoyed iced starbucks refreshers black cherry limeade coconut water starbucks option starbucks refrigerator section black cherry limeade coconut water drink benefits workout includes benefits cherry juice coconut water tart cherry juice workout help ease muscle soreness coconut water workout potassium replace lost electrolytes refresher bunch ingredients cherry juice concentrate nice choice looking something sweet harmful workout plan matcha green latte starbucks perks drinking green matcha seems multiply health benefits matcha include calming cancer preventing properties workout revved starbucks matcha green latte help calm giving slow releasing boost caffeine rest available iced latte workout perks replace regular milk coconut milk studies found anti inflammatory almond protein blended cold brew starbucks starbucks protein blended cold drinks aren anything else menu look frappuccinos better workout almond protein blended cold brew available limited sounds amazing drink takes starbucks cold brew blends plant based protein protein brown rice protein banana date sweetener almond butter almond milk pretty great post workout treat plain coffee starbucks thing drinks sound busy having plain coffee workout harm help reports jolt caffeine workout increase energy levels course alert concentrate better form sure properly hydrating starbucks featured dark roast whatever typically coffee","url":"https://www.bustle.com/p/5-starbucks-drinks-for-workouts-that-can-help-your-exercise-game-12622074","polarityScore":{"sourceTitle":"Bustle","allSidesBias":"left-center","communityAgree":"564","communityDisagree":"566","sourceUrl":"http://www.bustle.com/ "},"processedText":["hitting","mean","give","starbucks","habit","conscious","decisions","order","immediately","workout","sure","body","gets","nutrients","needs","best","starbucks","drinks","workout","menu","seriously","delicious","important","thing","drink","workout","always","water","hydrated","always","important","especially","breaking","sweat","looking","extra","boost","drinking","keep","hydrated","adding","maximum","benefits","added","ingredients","obviously","great","starbucks","anytime","chain","offers","drinks","secretly","workout","benefits","starbucks","expressly","suggest","drinks","workout","looking","ingredients","nutritional","facts","reveals","beneficial","exercise","regimen","performance","aiding","recovery","choosing","wisely","starbucks","menu","subtle","positive","effect","sweat","alongside","drinking","water","choosing","workout","enhancing","drinks","sure","rich","foods","rest","deserve","self","care","benefits","working","carry","five","starbucks","drinks","helpful","workout","green","starbucks","green","major","benefits","perfect","drink","workout","macro","level","green","helps","heart","major","workouts","workout","related","concerns","good","green","clear","skin","looking","health","benefits","green","workout","ordering","cloud","mist","green","enjoyed","iced","starbucks","black","cherry","coconut","water","starbucks","option","starbucks","refrigerator","section","black","cherry","coconut","water","drink","benefits","workout","includes","benefits","cherry","juice","coconut","water","tart","cherry","juice","workout","help","ease","muscle","soreness","coconut","water","workout","replace","lost","refresher","bunch","ingredients","cherry","juice","concentrate","nice","choice","looking","something","sweet","harmful","workout","plan","matcha","green","latte","starbucks","perks","drinking","green","matcha","seems","multiply","health","benefits","matcha","include","calming","cancer","preventing","properties","workout","starbucks","matcha","green","latte","help","calm","giving","slow","releasing","boost","caffeine","rest","available","iced","latte","workout","perks","replace","regular","milk","coconut","milk","studies","found","anti","inflammatory","almond","protein","blended","cold","brew","starbucks","starbucks","protein","blended","cold","drinks","aren","anything","else","menu","look","better","workout","almond","protein","blended","cold","brew","available","limited","sounds","amazing","drink","takes","starbucks","cold","brew","blends","plant","based","protein","protein","brown","rice","protein","banana","date","sweetener","almond","butter","almond","milk","pretty","great","post","workout","treat","plain","coffee","starbucks","thing","drinks","sound","busy","having","plain","coffee","workout","harm","help","reports","jolt","caffeine","workout","increase","energy","levels","course","alert","concentrate","better","form","sure","properly","hydrating","starbucks","featured","dark","roast","whatever","typically","coffee"]}
