{"authors":["Nina Kahn"],"date_download":"2018-10-31 00:15:04","date_modify":"2018-10-31 00:15:04","date_publish":"2018-10-04 21:43:16","description":"There are about a million things that I love/hate about the internet, but one of them is most definitely Reddit and how easily it provides me with access to anyone's thoughts on every topic ever. Obviously, right now, in the (ghostly) spirit of…","filename":"5TerrifyingGhostStoriesOnRedditThatYouShouldProbablyReadWithTheLightsOn_189.json","image_url":"https://imgix.bustle.com/uploads/getty/2018/10/4/02f2647d-7cc0-492b-9e7a-125f1e63a51c-getty-53038948.jpg?w=1200&h=630&q=70&fit=crop&crop=faces&fm=jpg","language":"en","localpath":"5TerrifyingGhostStoriesOnRedditThatYouShouldProbablyReadWithTheLightsOn_189.json","title":"5 Terrifying Ghost Stories On Reddit That You Should Probably Read With The Lights On","title_page":"5 Terrifying Ghost Stories On Reddit That You Should Probably Read With The Lights On","title_rss":"NULL","source_domain":"bustle.com","text":"million love hate internet definitely reddit easily provides access anyone thoughts topic obviously ghostly spirit halloween hear spooky stories weren already aware basically ending supply terrifying ghost stories reddit potential keep night paranoia month ouija boards ghosts appearing mirrors countless people reported having ghostly encounters kinds fascinating freaky given reddit allows anyone share thoughts find hoards terrifying allegedly true tales paranormal experiences people world give shivers ghostly fiction thing threads talented horror writers share creative scary stories fair warning decide start spooky story surfing reddit prepare fall down black hole horror suck hours potentially leave terrified jumpy literal days whether straight ghost addict regular person wants spooky halloween spirit ghostly tales posted reddit users scare pants give lots good paranormal material share friends telling freaky stories post halloween festivities record spook easily recommended reading lights play ouija board something happened recalled sleeping night woke feeling uncomfortable described vision having static feeling heaviness surrounded looked room bloody charred face piercing eyes grinning window celluloidaddiction reddit unexplained experiences ouija boards allegedly true story sent straight chills down spine story group high school kids halloween play ouija board work unfortunately worked almost everyone involved apparently ended having deeply disturbing cases near deadly experiences fully unexplained result ghost sent ouija board ready story full decide yourself grandma light always elderly woman crouched corner gaunt scratching floor walls stopping minutes cock head gnarl dread unfurled stomach eyes solid black bottomless pits didn reflect moonlight hung impossibly open unhinged dark tunnel mouth spiraled down throat moment realize recognize familiar wrinkles face curls wispy hair saint_entropy reddit heard ghost light apparently people believe keeping particular light times keep spirits dead entering realm case fictional reddit story titled grandma light always storyteller grandma held belief close throughout life story read full eventually terrifyingly finds mirror visit friend house rural farming area moved sleep hang draw usually slept living room couch mirrors room fairly close walking started seeing shadows move behind thought warped screen something evening walked living room sketchbook sketch bedroom bent picked stood straight looked mirror behind parolemodel reddit ghosts appearing friends houses sleepovers objects moving terrifying prospect petrified start spending night foreign houses find house previous owner murdered gives strange activity context worst possible scary allegedly true ghost story reddit kiddo nightmare read rest find happens happy birthday dark rainy daughter ghost deck today ghost birthday wanted sing happy birthday mostly disregarded saying sang wished ghost happy birthday went lives later pure curiosity looked obituary died house wouldn cking birthday patentspatented reddit apparently ghosts nice harm chill house commune children chill either happens allegedly true ghost story involving daughter ghost home dead former tenant benign scary read whole thing prepare freaked heck haunting visitation large white figure doorway hovering pulsating white aura quickly panicked began calling brother room across hall figure glided watching sure passed figure suddenly vanished sound euphoria disappeared jumped brothers room practically flew hysterical kept telling ghost no_bees reddit real life ghost stories unexplained phenomena often involve family members passed case storyteller experiences ghost prophecy read terrifying supposedly true tale full majorly unexplained paranormal thrill","url":"https://www.bustle.com/p/5-terrifying-ghost-stories-on-reddit-that-you-should-probably-read-with-the-lights-on-12162100","polarityScore":{"sourceTitle":"Bustle","allSidesBias":"left-center","communityAgree":"564","communityDisagree":"566","sourceUrl":"http://www.bustle.com/ "},"processedText":["million","love","hate","internet","definitely","reddit","easily","provides","access","anyone","thoughts","topic","obviously","ghostly","spirit","halloween","hear","spooky","stories","weren","already","aware","basically","ending","supply","terrifying","ghost","stories","reddit","potential","keep","night","paranoia","month","ouija","boards","ghosts","appearing","mirrors","countless","people","reported","having","ghostly","encounters","kinds","fascinating","freaky","given","reddit","allows","anyone","share","thoughts","find","terrifying","allegedly","true","tales","paranormal","experiences","people","world","give","ghostly","fiction","thing","threads","talented","horror","writers","share","creative","scary","stories","fair","warning","decide","start","spooky","story","surfing","reddit","prepare","fall","down","black","hole","horror","suck","hours","potentially","leave","terrified","literal","days","whether","straight","ghost","addict","regular","person","wants","spooky","halloween","spirit","ghostly","tales","posted","reddit","users","scare","pants","give","lots","good","paranormal","material","share","friends","telling","freaky","stories","post","halloween","festivities","record","spook","easily","recommended","reading","lights","play","ouija","board","something","happened","recalled","sleeping","night","woke","feeling","uncomfortable","described","vision","having","static","feeling","surrounded","looked","room","bloody","charred","face","piercing","eyes","grinning","window","reddit","unexplained","experiences","ouija","boards","allegedly","true","story","sent","straight","chills","down","spine","story","group","high","school","kids","halloween","play","ouija","board","work","unfortunately","worked","almost","everyone","involved","apparently","ended","having","deeply","disturbing","cases","near","deadly","experiences","fully","unexplained","result","ghost","sent","ouija","board","ready","story","full","decide","yourself","grandma","light","always","elderly","woman","corner","scratching","floor","walls","stopping","minutes","cock","head","dread","stomach","eyes","solid","black","bottomless","pits","didn","reflect","moonlight","hung","impossibly","open","unhinged","dark","tunnel","mouth","spiraled","down","throat","moment","realize","recognize","familiar","wrinkles","face","curls","hair","reddit","heard","ghost","light","apparently","people","believe","keeping","particular","light","times","keep","spirits","dead","entering","realm","case","fictional","reddit","story","titled","grandma","light","always","storyteller","grandma","held","belief","close","throughout","life","story","read","full","eventually","finds","mirror","visit","friend","house","rural","farming","area","moved","sleep","hang","draw","usually","slept","living","room","couch","mirrors","room","fairly","close","walking","started","seeing","shadows","move","behind","thought","warped","screen","something","evening","walked","living","room","sketch","bedroom","bent","picked","stood","straight","looked","mirror","behind","reddit","ghosts","appearing","friends","houses","objects","moving","terrifying","prospect","start","spending","night","foreign","houses","find","house","previous","owner","murdered","gives","strange","activity","context","worst","possible","scary","allegedly","true","ghost","story","reddit","nightmare","read","rest","find","happens","happy","birthday","dark","rainy","daughter","ghost","deck","today","ghost","birthday","wanted","sing","happy","birthday","mostly","disregarded","saying","sang","wished","ghost","happy","birthday","went","lives","later","pure","curiosity","looked","obituary","died","house","wouldn","cking","birthday","reddit","apparently","ghosts","nice","harm","chill","house","commune","children","chill","either","happens","allegedly","true","ghost","story","involving","daughter","ghost","home","dead","former","tenant","benign","scary","read","whole","thing","prepare","freaked","heck","haunting","large","white","figure","hovering","white","aura","quickly","panicked","began","calling","brother","room","across","hall","figure","watching","sure","passed","figure","suddenly","vanished","sound","disappeared","jumped","brothers","room","practically","flew","hysterical","kept","telling","ghost","reddit","real","life","ghost","stories","unexplained","phenomena","often","involve","family","members","passed","case","storyteller","experiences","ghost","prophecy","read","terrifying","supposedly","true","tale","full","majorly","unexplained","paranormal","thrill"]}
