{"authors":[],"date_download":"2018-11-02 05:05:48","date_modify":"2018-11-02 05:05:48","date_publish":"2017-05-23 09:55:00","description":"A deadly blast after an Ariana Grande concert Monday night at England's Manchester Arena has killed at least 22 people and injured 119 others, police said.","filename":"5thingstoknow_193.json","image_url":"https://www.ajc.com/rf/image_large/Pub/p8/CmgSharedContent/2017/05/23/Videos/4068163.vpx.jpg","language":"en","localpath":"5thingstoknow_193.json","title":"5 things to know","title_page":"Manchester explosion after Ariana Grande concert: 5 things to know","title_rss":"NULL","source_domain":"ajc.com","text":"deadly blast ariana grande concert monday night england manchester arena killed least people injured others authorities police least dead explosion near ariana grande concert manchester explosion happened grande left stage concertgoers leaving witnesses reported hearing explosion near exit local associated press reported huge bomb bang went hugely panicked everyone trying flee arena majid khan bang essentially everyone side arena bang heard suddenly running towards trying exit police released name behind terrorist attack news reported suspected suicide bomber salman abedi died scene detonating improvised explosive device authorities police tuesday arrested abedi brother ismail news reported greater manchester police total arrests case anti terror authorities libya arrested abedi brother hashim father ramadan tripoli reported hashim abedi taken custody confessed brother part islamic state group hashim abedi aware details attack islamic state group claimed responsibility attack reported photos explosion fatalities ariana grande concert england children among dead police meanwhile families searching loved ones attended concert names dead released manchester explosion victims please anyone information whereabouts chloe rutherford liam curry contact 07920405015 staceylghent manchester twitter aj6ejlt0mk silina silinasings 2017 grande broken news bottom heart sorry words tweeted star hurt incident tweet broken bottom heart sorry words ariana grande arianagrande 2017 ariana grande broken deadly explosion manchester concert management team announced wednesday suspending tour june tragic events manchester dangerous woman tour ariana grande suspended until further assess situation proper respects lost grande management team statement news continue support city manchester families affected cowardice senseless violence ariana grande management team confirms monicaescobedo tour suspended june twitter clgfwzutea stephanie wash washnews 2017 manager scooter braun issued statement tonight hearts broken words cannot express sorrow victims families harmed senseless attack wrote read trending news mourn lives children loved ones taken cowardly thankful selfless service tonight manchester responders rushed towards danger help save lives hold victims families affected hearts prayers post president donald trump behind attack losers young beautiful innocent people living enjoying lives murdered evil losers life trump tuesday bethlehem call attackers monsters term great name call losers losers trump condemns evil losers behind manchester attack president trump calls manchester attack perpetrators losers https lhenhmmj4h twitter tebev7u8ch julian druker julian5news 2017 watch remarks british prime minister theresa apparent attack worst north england beyond doubt people manchester fallen victim callous terrorist attack added authorities name suspected perpetrator reveal identity","url":"https://www.ajc.com/entertainment/deadly-manchester-blast-after-ariana-grande-concert-things-know/eNR92JMyK2T5g4T3y4SxLP/","polarityScore":{"sourceTitle":"Atlanta Journal-Constitution","allSidesBias":"left-center","communityAgree":"561","communityDisagree":"580","sourceUrl":"http://www.ajc.com/ "},"processedText":["deadly","blast","ariana","grande","concert","monday","night","england","manchester","arena","killed","least","people","injured","others","authorities","police","least","dead","explosion","near","ariana","grande","concert","manchester","explosion","happened","grande","left","stage","concertgoers","leaving","witnesses","reported","hearing","explosion","near","exit","local","associated","press","reported","huge","bomb","bang","went","hugely","panicked","everyone","trying","flee","arena","khan","bang","essentially","everyone","side","arena","bang","heard","suddenly","running","towards","trying","exit","police","released","name","behind","terrorist","attack","news","reported","suspected","suicide","bomber","salman","abedi","died","scene","improvised","explosive","device","authorities","police","tuesday","arrested","abedi","brother","news","reported","greater","manchester","police","total","arrests","case","anti","terror","authorities","libya","arrested","abedi","brother","father","ramadan","tripoli","reported","abedi","taken","custody","confessed","brother","part","islamic","state","group","abedi","aware","details","attack","islamic","state","group","claimed","responsibility","attack","reported","photos","explosion","fatalities","ariana","grande","concert","england","children","among","dead","police","meanwhile","families","searching","loved","ones","attended","concert","names","dead","released","manchester","explosion","victims","please","anyone","information","whereabouts","chloe","rutherford","liam","curry","contact","manchester","twitter","2017","grande","broken","news","bottom","heart","sorry","words","tweeted","star","hurt","incident","tweet","broken","bottom","heart","sorry","words","ariana","grande","2017","ariana","grande","broken","deadly","explosion","manchester","concert","management","team","announced","wednesday","suspending","tour","june","tragic","events","manchester","dangerous","woman","tour","ariana","grande","suspended","until","further","assess","situation","proper","respects","lost","grande","management","team","statement","news","continue","support","city","manchester","families","affected","cowardice","senseless","violence","ariana","grande","management","team","confirms","tour","suspended","june","twitter","stephanie","wash","2017","manager","scooter","braun","issued","statement","tonight","hearts","broken","words","cannot","express","sorrow","victims","families","harmed","senseless","attack","wrote","read","trending","news","mourn","lives","children","loved","ones","taken","cowardly","thankful","selfless","service","tonight","manchester","responders","rushed","towards","danger","help","save","lives","hold","victims","families","affected","hearts","prayers","post","president","donald","trump","behind","attack","losers","young","beautiful","innocent","people","living","enjoying","lives","murdered","evil","losers","life","trump","tuesday","bethlehem","call","attackers","monsters","term","great","name","call","losers","losers","trump","condemns","evil","losers","behind","manchester","attack","president","trump","calls","manchester","attack","perpetrators","losers","https","twitter","julian","2017","watch","remarks","british","prime","minister","theresa","apparent","attack","worst","north","england","beyond","doubt","people","manchester","fallen","victim","callous","terrorist","attack","added","authorities","name","suspected","perpetrator","reveal","identity"]}
