{"authors":[],"date_download":"2018-11-02 09:43:11","date_modify":"2018-11-02 09:43:11","date_publish":"2017-05-31 20:33:00","description":"President Donald Trump’s son-in-law, Jared Kushner, has come under increased scrutiny after re...","filename":"5thingstoknowaboutJaredKushnerDonaldTrumpssoninlawsenio_190.json","image_url":"https://www.ajc.com/rf/image_large/Pub/p8/CmgSharedContent/2017/05/09/Videos/4058173.vpx.jpg","language":"en","localpath":"5thingstoknowaboutJaredKushnerDonaldTrumpssoninlawsenio_190.json","title":"5 things to know about Jared Kushner, Donald Trump's son-in-law, senio","title_page":"5 things to know about Jared Kushner, Donald Trump's son-in-law, senio","title_rss":"NULL","source_domain":"ajc.com","text":"president donald trump jared kushner increased scrutiny reports surfaced week claiming discussed setting secret communications channel russian officials late read trending news kushner became senior white house adviser january preparation role resigned kushner companies real estate development firm founded father charles kushner publisher york observer appointment accusations nepotism worries possible conflicts interest although department justice opinion kushner sworn appointment violate laws formal appointment kushner played significant role father presidential campaign five real estate mogul kushner born 1981 jersey eldest four children born seryl charles kushner took family business young father pleaded guilty 2004 charges evasion witness tampering making illegal campaign contributions charles kushner sentenced federal prison making plea deal attorney chris christie york times reported amid family dispute charles kushner admitted hiring prostitute seduce brother arranging secretly record encounter planning send copy tape wife charles kushner sister jared kushner became public face kushner companies kushner family worth estimated billion forbes jared kushner married trump daughter ivanka 2009 couple 2007 business lunch friends thought able work together 2015 vogue profile ivanka trump innocently thinking interest transactional ivanka trump fashion magazine whenever best deal ivanka trump converted husband faith judaism couple married 2009 trump national golf club bedminster jersey despite lack government experience jared kushner pull within trump administration described race white house facto campaign manager york times reported july kushner involved virtually facet trump presidential operation involvement propelled spotlight kings queens america treat presidents ladies kings queens billionaire real estate mogul jeff greene real estate news site real deal jared prince trump inauguration jared kushner named senior adviser president tasked among brokering peace middle east kushner encouraged trump fire director james comey earlier month putting direct opposition white house chief strategist steve bannon politico kushner alleged communications russia gained attention report washington post citing unidentified officials briefed situation post claimed kushner discussed creating secret communications channel russia ambassador united states newspaper reported kushner asked possibility creating channel december meeting ambassador sergey kislyak newspaper noted russia known feed false information communications streams order throw possible snoopers however officials spoke post unknown kislyak gained lying communications kushner","url":"https://www.ajc.com/news/national-govt--politics/things-know-about-jared-kushner-donald-trump-son-law-senior-adviser/XSxHU8P777Rw3HDZdU2MjN/","polarityScore":{"sourceTitle":"Atlanta Journal-Constitution","allSidesBias":"left-center","communityAgree":"561","communityDisagree":"580","sourceUrl":"http://www.ajc.com/ "},"processedText":["president","donald","trump","jared","kushner","increased","scrutiny","reports","surfaced","week","claiming","discussed","setting","secret","communications","channel","russian","officials","late","read","trending","news","kushner","became","senior","white","house","adviser","january","preparation","role","resigned","kushner","companies","real","estate","development","firm","founded","father","charles","kushner","publisher","york","observer","appointment","accusations","nepotism","worries","possible","conflicts","interest","although","department","justice","opinion","kushner","sworn","appointment","violate","laws","formal","appointment","kushner","played","significant","role","father","presidential","campaign","five","real","estate","mogul","kushner","born","1981","jersey","eldest","four","children","born","charles","kushner","took","family","business","young","father","pleaded","guilty","2004","charges","evasion","witness","tampering","making","illegal","campaign","contributions","charles","kushner","sentenced","federal","prison","making","plea","deal","attorney","chris","christie","york","times","reported","amid","family","dispute","charles","kushner","admitted","hiring","brother","arranging","secretly","record","encounter","planning","send","copy","tape","wife","charles","kushner","sister","jared","kushner","became","public","face","kushner","companies","kushner","family","worth","estimated","billion","forbes","jared","kushner","married","trump","daughter","ivanka","2009","couple","2007","business","lunch","friends","thought","able","work","together","2015","vogue","profile","ivanka","trump","innocently","thinking","interest","transactional","ivanka","trump","fashion","magazine","whenever","best","deal","ivanka","trump","converted","husband","faith","judaism","couple","married","2009","trump","national","golf","club","jersey","despite","lack","government","experience","jared","kushner","pull","within","trump","administration","described","race","white","house","facto","campaign","manager","york","times","reported","july","kushner","involved","virtually","facet","trump","presidential","operation","involvement","propelled","spotlight","kings","queens","america","treat","presidents","ladies","kings","queens","billionaire","real","estate","mogul","jeff","greene","real","estate","news","site","real","deal","jared","prince","trump","inauguration","jared","kushner","named","senior","adviser","president","tasked","among","peace","middle","east","kushner","encouraged","trump","fire","director","james","comey","earlier","month","putting","direct","opposition","white","house","chief","strategist","steve","bannon","politico","kushner","alleged","communications","russia","gained","attention","report","washington","post","citing","unidentified","officials","briefed","situation","post","claimed","kushner","discussed","creating","secret","communications","channel","russia","ambassador","united","states","newspaper","reported","kushner","asked","possibility","creating","channel","december","meeting","ambassador","sergey","kislyak","newspaper","noted","russia","known","feed","false","information","communications","streams","order","throw","possible","however","officials","spoke","post","unknown","kislyak","gained","lying","communications","kushner"]}
