{"authors":["Amanda Chatel"],"date_download":"2018-10-31 00:20:08","date_modify":"2018-10-31 00:20:08","date_publish":"2018-10-06 13:00:29","description":"For the longest time, the general rule of thumb was that everyone should drink at least eight 8 oz. glasses of water a day. But then, in 2016, a study from Monash University found that most people were drinking too much water. The study cited that,…","filename":"5TipsForDrinkingMoreWaterIn2WeeksAccordingToANutritionist_195.json","image_url":"https://imgix.bustle.com/uploads/image/2018/10/1/fee8b6a8-96e2-48e4-bb15-191a6c294600-fotolia_163337417_subscription_monthly_m.jpg?w=1200&h=630&q=70&fit=crop&crop=faces&fm=jpg","language":"en","localpath":"5TipsForDrinkingMoreWaterIn2WeeksAccordingToANutritionist_195.json","title":"5 Tips For Drinking More Water In 2 Weeks, According To A Nutritionist","title_page":"5 Tips For Drinking More Water In 2 Weeks, According To A Nutritionist","title_rss":"NULL","source_domain":"bustle.com","text":"longest general rule thumb everyone drink least eight glasses water 2016 study monash university found people drinking water study cited although rare water intoxication real fatal people wary overdoing drinking water thing case water enough study drink thirsty probably problem people drink water thirsty turning coffee soda sports drinks water does fact lack water cause dehydration realize list benefits drinking enough water regular bowel movements healthier complexion energizing muscles keeping concentration check drinking water does body good milk tricky part drinking water figuring part daily routine five hacks drinking water weeks daily goal marjan4782 fotolia daily goal increases increments rather glass eight maya feller maya feller nutrition tells bustle sometimes baby steps best approach anything trying part schedule less likely enjoy drinking water zero drinking water enjoyable keep glass water beside antonioguillem fotolia water class bedside table either start glass glass water feller people glass water problematic cause bathroom evenings drinking water getting night choose glass water morning instead people start warm water lemon swear positive effects create water katekrsk fotolia adding basil cucumber mint water transforms flavor makes feel special feller water boring taste good fact people creating fancy tasty alternative great option body brain hydration needs taste buds happy adding frozen berries water enhance flavor desirable adding cube infused frozen fruit feller decide water temperature best carballo fotolia comes drinking water wrong temperature prefer warm cold vice versa water temperature people love cold water love room temp love warm feller invest good bottle keeps water temperature prefer likely enjoy","url":"https://www.bustle.com/p/5-tips-for-drinking-more-water-in-2-weeks-according-to-a-nutritionist-12085237","polarityScore":{"sourceTitle":"Bustle","allSidesBias":"left-center","communityAgree":"564","communityDisagree":"566","sourceUrl":"http://www.bustle.com/ "},"processedText":["longest","general","rule","thumb","everyone","drink","least","eight","glasses","water","2016","study","university","found","people","drinking","water","study","cited","although","rare","water","real","fatal","people","wary","drinking","water","thing","case","water","enough","study","drink","thirsty","probably","problem","people","drink","water","thirsty","turning","coffee","soda","sports","drinks","water","does","fact","lack","water","cause","realize","list","benefits","drinking","enough","water","regular","bowel","movements","healthier","complexion","energizing","muscles","keeping","concentration","check","drinking","water","does","body","good","milk","tricky","part","drinking","water","figuring","part","daily","routine","five","hacks","drinking","water","weeks","daily","goal","fotolia","daily","goal","increases","rather","glass","eight","maya","maya","nutrition","tells","bustle","sometimes","baby","steps","best","approach","anything","trying","part","schedule","less","likely","enjoy","drinking","water","zero","drinking","water","enjoyable","keep","glass","water","beside","fotolia","water","class","table","either","start","glass","glass","water","people","glass","water","problematic","cause","bathroom","evenings","drinking","water","getting","night","choose","glass","water","morning","instead","people","start","warm","water","lemon","swear","positive","effects","create","water","fotolia","adding","basil","cucumber","mint","water","transforms","flavor","makes","feel","special","water","boring","taste","good","fact","people","creating","fancy","tasty","alternative","great","option","body","brain","hydration","needs","taste","buds","happy","adding","frozen","berries","water","enhance","flavor","desirable","adding","infused","frozen","fruit","decide","water","temperature","best","fotolia","comes","drinking","water","wrong","temperature","prefer","warm","cold","vice","versa","water","temperature","people","love","cold","water","love","room","love","warm","invest","good","bottle","keeps","water","temperature","prefer","likely","enjoy"]}
