{"authors":[],"date_download":"2018-11-02 02:31:30","date_modify":"2018-11-02 02:31:30","date_publish":"2017-06-22 21:26:00","description":"There’s more than just dogs and cats at the Gwinnett Animal Shelter. The county shelter takes in all kinds of stray or unwanted domesticated animals.","filename":"5unusualpetsyoucanadoptatGwinnettAnimalShelter_197.json","image_url":"https://www.ajc.com/rf/image_large/Pub/p8/AJC/2017/06/22/Images/weird%20pets.jpg","language":"en","localpath":"5unusualpetsyoucanadoptatGwinnettAnimalShelter_197.json","title":"5 unusual pets you can adopt at Gwinnett Animal Shelter","title_page":"5 unusual pets you can adopt at Gwinnett Animal Shelter","title_rss":"NULL","source_domain":"ajc.com","text":"dogs cats gwinnett animal shelter county shelter takes kinds stray unwanted domesticated animals hopes finding perfect home particularly shelter taken dozens traditional pets including horses goats sheep though shelter offering discounted adoptions month weirder pets adoption fees taking unusual friend home help alleviate burden shelter full capacity needs free space five oddest creatures living shelter ready adoption today tropical oscar fish adopt fish gwinnett animal shelter gwinnett animal shelter fish survivor gwinnett county officials conducting eviction found tropical fish murky tank laying side motionless shelter workers didn days able revive doug nurse shelter spokesman fish shelter already hold placed adoption chuck rooster barn chuck rooster available adoption hold complete handsome young cock found routine patrol gwinnett county animal welfare enforcement june almost done required hold roosters considered livestock gwinnett county ordinance june chuck home free alarm clock good vietnamese potbellied pigs potbellied pigs available adoption gwinnett animal shelter gwinnett animal shelter shelter vietnaese potbellied pigs found wandering county larger weighing pounds found lawrenceville backyard cindy wiemann shelter assistant manager describes hundred pounds oinky love known nurse domesticated affectionate second weighs less pounder found buford backyard animal welfare workers couldn find owner brought shelter waiting home potbellied pigs bought pets babies people learn cannot handle fully grown home pigs shelter adoption fees smart love attention nurse white ferret ferret available adoption gwinnett animal shelter gwinnett animal shelter ferret ended looking home girl brought home mother girl gotten friend girl mother didn keep house found temporary home shelter luckily hold oscar fish shelter workers interested ferret gwinnett county news facebook follow twitter instagram","url":"https://www.ajc.com/news/local/unusual-pets-gwinnett-animal-shelter-and-how-they-got-there/r8G3Au2amALHdDnq7S82sJ/","polarityScore":{"sourceTitle":"Atlanta Journal-Constitution","allSidesBias":"left-center","communityAgree":"561","communityDisagree":"580","sourceUrl":"http://www.ajc.com/ "},"processedText":["dogs","cats","gwinnett","animal","shelter","county","shelter","takes","kinds","stray","unwanted","animals","hopes","finding","perfect","home","particularly","shelter","taken","dozens","traditional","pets","including","horses","sheep","though","shelter","offering","discounted","month","pets","adoption","fees","taking","unusual","friend","home","help","alleviate","burden","shelter","full","capacity","needs","free","space","five","creatures","living","shelter","ready","adoption","today","tropical","oscar","fish","adopt","fish","gwinnett","animal","shelter","gwinnett","animal","shelter","fish","survivor","gwinnett","county","officials","conducting","eviction","found","tropical","fish","murky","tank","laying","side","shelter","workers","didn","days","able","revive","doug","nurse","shelter","spokesman","fish","shelter","already","hold","placed","adoption","chuck","rooster","barn","chuck","rooster","available","adoption","hold","complete","handsome","young","cock","found","routine","patrol","gwinnett","county","animal","welfare","enforcement","june","almost","done","required","hold","considered","livestock","gwinnett","county","ordinance","june","chuck","home","free","alarm","clock","good","vietnamese","pigs","pigs","available","adoption","gwinnett","animal","shelter","gwinnett","animal","shelter","shelter","pigs","found","wandering","county","larger","weighing","pounds","found","lawrenceville","backyard","cindy","shelter","assistant","manager","describes","hundred","pounds","love","known","nurse","affectionate","second","weighs","less","pounder","found","buford","backyard","animal","welfare","workers","couldn","find","owner","brought","shelter","waiting","home","pigs","bought","pets","babies","people","learn","cannot","handle","fully","grown","home","pigs","shelter","adoption","fees","smart","love","attention","nurse","white","available","adoption","gwinnett","animal","shelter","gwinnett","animal","shelter","ended","looking","home","girl","brought","home","mother","girl","gotten","friend","girl","mother","didn","keep","house","found","temporary","home","shelter","luckily","hold","oscar","fish","shelter","workers","interested","gwinnett","county","news","facebook","follow","twitter","instagram"]}
