{"authors":[],"date_download":"2018-11-03 00:28:22","date_modify":"2018-11-03 00:28:22","date_publish":"2018-10-02 08:04:18","description":"With Republicans playing defense in a number of races in Congress, President Donald Trump on Monday sounded a note of optimism about GOP chances to hold control of the U.S.","filename":"5weeksoutTrumpoptimisticaboutGOPelectionchances_199.json","image_url":"https://cmgajcjamiedupree.files.wordpress.com/2018/10/capitol332.jpg?w=150","language":"en","localpath":"5weeksoutTrumpoptimisticaboutGOPelectionchances_199.json","title":"5 weeks out, Trump optimistic about GOP election chances","title_page":"5 weeks out, Trump optimistic about GOP election chances | Jamie Dupree - AJC","title_rss":"NULL","source_domain":"ajc.com","text":"view caption hide caption republicans playing defense number races congress president donald trump monday sounded note optimism chances hold control house senate saying believes party candidates rewarded ballot improving national economy although history side president reporters white house rose garden referring losses normally party president term election 1994 2010 prime examples major swings congress generally whoever holds white house terms difference greatest economy history country president stand five weeks election president tries stoke turnout campaign rallies week four states tennessee mississippi minnesota kansas president trump doing best republicans turn november problem obvious series special elections democrats turning higher numbers republican voters taking pass trump trying argue voters imagine ballot republicans lose control either house senate life different president 2019 message sent night news tennessee encouraging high voter turnout rural conservative east tennessee crucial strategy republican party trump visit major part tonight jonathanserrie reports live tonight potus rally https nc6uo1krja twitter y9gvkglntu news foxnews october 2018 news republicans down numbers house senate polling shows bright spots certain races republicans hope defeat heidi heitkamp north dakota poll monday showed menendez continues endangered democrats running election campaign senate republicans busy sending garden state message dear reporters njsen race seriously write profile piece betoorourke skateboarding thru whataburger parking icymi menendez huginhttps xe12elwpnm katie martin ktmartin17 october 2018 evidence ticket splitting jersey good example polling shows voters maybe thinking splitting ballots menendez trouble election series polls house races jersey good news democrats series seats jersey seem jeopardy republicans polling evidence democrats doing better races senate ohio tennessee republicans edge states races governor ohio best example sherrod brown target seems good shape november ipsos reuters poll morning shows mike dewine rich cordray virtual ohio governor race dewine percent cordray percent sherrod brown leads renacci percent percent chris wetterich chriscincibiz september 2018 voter enthusiasm election turnout underlying energy spurs turnout democratic strategists pollsters believe edge category matter numbers show recent gains five weeks everything seem clearer numbers roll election night democrats high hopes wins house senate read study thoroughly trying spin enthusiasm rise voters reality compared 2014 enthusiasm voters points among dems points read correctly https sd3vdfslje john anzalone johnanzo september 2018 democrats senate answer course democrats senate different kind question sometimes happens near election series tight races seem fall party father always talks happened 1958 favor democrats happen 1980 republicans senate blue wave tend help push races president find states interrupt type momentum keeping senate hands barest majorities democrats races nevada poll showed dean heller trailing describes rosen point lead heller senate race razor thin consider state political bent midterm dynamic rosen points heller needs change trajectory race quickly race stuart rothenberg stupolitics october 2018 dems gain senate arizona nevada tied tennessee down north dakota missouri house straw stand reason favored harry enten forecasterenten october 2018 republicans hold house course stay power sure awful republican seats toss quick look real clear politics rundown house shows point look graphic below house seats toss category republican democratic toss democratic toss immediately tells republicans defensive defensive five weeks election mean lose seats voters tend home party election nears making judgment independents important 2018 believe polls president argued monday believe polls show republicans behind certain races issue areas people polls showing tough times republicans fake news polls false having certain races president white house rose garden experts closely follow house senate elections definitely edge democrats house maybe edge senate house growing warning signs deciding spend money help certain incumbent lawmakers good signal especially start october abandoning incumbents trump districts ia01 mi08 getting ugly likeliest gain seats https aroz62wvjw dave wasserman redistrict september 2018 current house republicans democrats includes vacant house seats assigning party person recently held seat numbers mean democrats gain seats majority house republicans lose seat senate maintain majority breaking vote vice president five weeks","url":"http://jamiedupree.blog.ajc.com/2018/10/02/5-weeks-out-trump-optimistic-about-gop-election-chances/","polarityScore":{"sourceTitle":"Atlanta Journal-Constitution","allSidesBias":"left-center","communityAgree":"561","communityDisagree":"580","sourceUrl":"http://www.ajc.com/ "},"processedText":["view","caption","hide","caption","republicans","playing","defense","number","races","congress","president","donald","trump","monday","sounded","note","optimism","chances","hold","control","house","senate","saying","believes","party","candidates","rewarded","ballot","improving","national","economy","although","history","side","president","reporters","white","house","rose","garden","referring","losses","normally","party","president","term","election","1994","2010","prime","examples","major","swings","congress","generally","whoever","holds","white","house","terms","difference","greatest","economy","history","country","president","stand","five","weeks","election","president","tries","stoke","turnout","campaign","rallies","week","four","states","tennessee","mississippi","minnesota","kansas","president","trump","doing","best","republicans","turn","november","problem","obvious","series","special","elections","democrats","turning","higher","numbers","republican","voters","taking","pass","trump","trying","argue","voters","imagine","ballot","republicans","lose","control","either","house","senate","life","different","president","2019","message","sent","night","news","tennessee","encouraging","high","voter","turnout","rural","conservative","east","tennessee","crucial","strategy","republican","party","trump","visit","major","part","tonight","reports","live","tonight","potus","rally","https","twitter","news","foxnews","october","2018","news","republicans","down","numbers","house","senate","polling","shows","bright","spots","certain","races","republicans","hope","defeat","heidi","heitkamp","north","dakota","poll","monday","showed","menendez","continues","endangered","democrats","running","election","campaign","senate","republicans","busy","sending","garden","state","message","dear","reporters","race","seriously","write","profile","piece","thru","parking","menendez","katie","martin","october","2018","evidence","ticket","splitting","jersey","good","example","polling","shows","voters","maybe","thinking","splitting","ballots","menendez","trouble","election","series","polls","house","races","jersey","good","news","democrats","series","seats","jersey","seem","jeopardy","republicans","polling","evidence","democrats","doing","better","races","senate","ohio","tennessee","republicans","edge","states","races","governor","ohio","best","example","sherrod","brown","target","seems","good","shape","november","reuters","poll","morning","shows","mike","rich","cordray","virtual","ohio","governor","race","percent","cordray","percent","sherrod","brown","leads","percent","percent","chris","september","2018","voter","enthusiasm","election","turnout","underlying","energy","spurs","turnout","democratic","strategists","pollsters","believe","edge","category","matter","numbers","show","recent","gains","five","weeks","everything","seem","clearer","numbers","roll","election","night","democrats","high","hopes","wins","house","senate","read","study","thoroughly","trying","spin","enthusiasm","rise","voters","reality","compared","2014","enthusiasm","voters","points","among","dems","points","read","correctly","https","john","september","2018","democrats","senate","answer","course","democrats","senate","different","kind","question","sometimes","happens","near","election","series","tight","races","seem","fall","party","father","always","talks","happened","1958","favor","democrats","happen","1980","republicans","senate","blue","wave","tend","help","push","races","president","find","states","interrupt","type","momentum","keeping","senate","hands","majorities","democrats","races","nevada","poll","showed","dean","heller","trailing","describes","rosen","point","lead","heller","senate","race","razor","thin","consider","state","political","bent","midterm","dynamic","rosen","points","heller","needs","change","trajectory","race","quickly","race","stuart","rothenberg","october","2018","dems","gain","senate","arizona","nevada","tied","tennessee","down","north","dakota","missouri","house","straw","stand","reason","favored","harry","october","2018","republicans","hold","house","course","stay","power","sure","awful","republican","seats","toss","quick","look","real","clear","politics","rundown","house","shows","point","look","graphic","below","house","seats","toss","category","republican","democratic","toss","democratic","toss","immediately","tells","republicans","defensive","defensive","five","weeks","election","mean","lose","seats","voters","tend","home","party","election","nears","making","judgment","independents","important","2018","believe","polls","president","argued","monday","believe","polls","show","republicans","behind","certain","races","issue","areas","people","polls","showing","tough","times","republicans","fake","news","polls","false","having","certain","races","president","white","house","rose","garden","experts","closely","follow","house","senate","elections","definitely","edge","democrats","house","maybe","edge","senate","house","growing","warning","signs","deciding","spend","money","help","certain","incumbent","lawmakers","good","signal","especially","start","october","abandoning","incumbents","trump","districts","getting","ugly","gain","seats","https","dave","wasserman","september","2018","current","house","republicans","democrats","includes","vacant","house","seats","assigning","party","person","recently","held","seat","numbers","mean","democrats","gain","seats","majority","house","republicans","lose","seat","senate","maintain","majority","breaking","vote","vice","president","five","weeks"]}
