{"authors":[],"date_download":"2018-11-02 00:34:18","date_modify":"2018-11-02 00:34:18","date_publish":"2017-07-09 23:50:31","description":null,"filename":"60MilesFromAuschwitzUNESCODeniesJewishConnectiontoJerusalemandAbraham_202.json","image_url":"https://39uhx2trii4zt1im-zippykid.netdna-ssl.com/wp-content/themes/amspec-v1/_img/favicon.ico?v=2","language":"en","localpath":"60MilesFromAuschwitzUNESCODeniesJewishConnectiontoJerusalemandAbraham_202.json","title":"60 Miles From Auschwitz, UNESCO Denies Jewish Connection to Jerusalem and Abraham","title_page":"60 Miles From Auschwitz, UNESCO Denies Jewish Connection to Jerusalem and AbrahamThe American Spectator","title_rss":"NULL","source_domain":"spectator.org","text":"seem limit hatred willing direct towards israel towards jewish people mission united nations organization education science culture unesco apolitical face value practice tool systemic delegitimization israel denial jewish christian claims religious sites shared across abrahamic faiths ratified resolutions referring jerusalem israel capital occupied city referred western wall temple mount solely islamic names deliberately ignored connection jewish christian people sites western wall thousands holiest place jewish people able pray temple mount course holiest site judaism location jesus challenged temple authorities likely crucifixion unesco widely criticized perceived erasure jewish christian identities holy sites unesco deterred crusade against israel unesco meeting poland 41st session means israel resolutions passed tuesday refers israel occupying power jerusalem condemns excavations archeology projects israel unearth jewish artifacts biblical times second passed friday declares hebron palestinian world heritage site danger hebron biblical city home world oldest jewish community territory administered palestinian authority hebron contains tomb patriarchs place abraham believed buried describing tuesday vote jerusalem united nations resolution deceptive united nations theory body nations anti egalitarian technocratic committees work member states participated unesco vote jerusalem voted favor resolution eight abstaining opposing nations favor azerbaijan cuba indonesia kazakhstan kuwait lebanon tunisia turkey vietnam zimbabwe together nations population million world population rules small biased group mostly undemocratic nations constituting less majority already small panel representing fifteenth world population authority deny recognition religious sites millions jews billions christians content attacking world jewish state unesco committee chose spit face jews massacred holocaust vote proceedings israeli ambassador noted proximity meeting death camp auschwitz requested moment silence brutally murdered gesture hard imagine decent human taking issue credit palestinian ambassador stand moment silence everybody respectful however cuban delegate breath objected chair allowed call minute silence accused israeli delegate politicizing meeting next breath without hint irony minute silence palestinian people tension jerusalem vote however vote itself precursor friday hebron vote unesco passed symbolic votes minimizing denying connection israel jerusalem vote passed watered down version least recognized jerusalem important abrahamic faiths islam hebron vote declared city islamic granted sole ownership burial site abraham jewish patriarch important christian prophets palestine unprecedented drawn fierce opposition israel cautioned vote deleterious peace process vote breakdown thirteen five abstentions votes done closed ballot defenders resolutions argued describing hebron islamic ascribing ownership religious sites palestine does constitute denial history locations jewish christian people share actions palestinian religious authorities paint different picture christian jewish critics limited numbers christian jewish victors permitted temple mount muslims permitted pray muslims break rule subject attack muslim worshippers removal location security forces tomb patriarchs highly contested religious location muslim prayer permitted restrictions site administered waqf islamic trust opponents resolutions argue recognizing sites palestinian islamic continues pattern denying prayer recognition important holy sites muslims resolutions israel already declared unesco incorrect seems unlikely israeli activity change recommendation body widely perceived biased against israel deeply anti semitic real result seems escalation tensions rejection christian jewish history prayer increased hostility israel primarily islamic unesco panel approved resolutions unesco seem willing sacrifice peace order spite israel","url":"https://spectator.org/60-miles-from-auschwitz-unesco-denies-jewish-connection-to-jerusalem-and-abraham/","polarityScore":{"sourceTitle":"American Spectator","allSidesBias":"right","communityAgree":"4485","communityDisagree":"1883","sourceUrl":"http://spectator.org/ "},"processedText":["seem","limit","hatred","willing","direct","towards","israel","towards","jewish","people","mission","united","nations","organization","education","science","culture","unesco","apolitical","face","value","practice","tool","systemic","israel","denial","jewish","christian","claims","religious","sites","shared","across","faiths","ratified","resolutions","referring","jerusalem","israel","capital","occupied","city","referred","western","wall","temple","mount","solely","islamic","names","deliberately","ignored","connection","jewish","christian","people","sites","western","wall","thousands","holiest","place","jewish","people","able","pray","temple","mount","course","holiest","site","judaism","location","jesus","challenged","temple","authorities","likely","unesco","widely","criticized","perceived","jewish","christian","identities","holy","sites","unesco","deterred","crusade","against","israel","unesco","meeting","poland","session","means","israel","resolutions","passed","tuesday","refers","israel","occupying","power","jerusalem","condemns","projects","israel","unearth","jewish","artifacts","biblical","times","second","passed","friday","declares","hebron","palestinian","world","heritage","site","danger","hebron","biblical","city","home","world","oldest","jewish","community","territory","administered","palestinian","authority","hebron","contains","tomb","patriarchs","place","abraham","believed","buried","describing","tuesday","vote","jerusalem","united","nations","resolution","deceptive","united","nations","theory","body","nations","anti","egalitarian","committees","work","member","states","participated","unesco","vote","jerusalem","voted","favor","resolution","eight","abstaining","opposing","nations","favor","azerbaijan","cuba","indonesia","kazakhstan","kuwait","lebanon","tunisia","turkey","vietnam","zimbabwe","together","nations","population","million","world","population","rules","small","biased","group","mostly","nations","less","majority","already","small","panel","representing","world","population","authority","deny","recognition","religious","sites","millions","jews","billions","christians","content","attacking","world","jewish","state","unesco","committee","chose","spit","face","jews","massacred","holocaust","vote","proceedings","israeli","ambassador","noted","proximity","meeting","death","camp","requested","moment","silence","brutally","murdered","gesture","hard","imagine","decent","human","taking","issue","credit","palestinian","ambassador","stand","moment","silence","everybody","respectful","however","cuban","delegate","breath","objected","chair","allowed","call","minute","silence","accused","israeli","delegate","politicizing","meeting","next","breath","without","hint","irony","minute","silence","palestinian","people","tension","jerusalem","vote","however","vote","itself","precursor","friday","hebron","vote","unesco","passed","symbolic","votes","minimizing","denying","connection","israel","jerusalem","vote","passed","watered","down","version","least","recognized","jerusalem","important","faiths","islam","hebron","vote","declared","city","islamic","granted","sole","ownership","burial","site","abraham","jewish","patriarch","important","christian","prophets","palestine","unprecedented","drawn","fierce","opposition","israel","cautioned","vote","peace","process","vote","breakdown","thirteen","five","votes","done","closed","ballot","defenders","resolutions","argued","describing","hebron","islamic","ownership","religious","sites","palestine","does","constitute","denial","history","locations","jewish","christian","people","share","actions","palestinian","religious","authorities","paint","different","picture","christian","jewish","critics","limited","numbers","christian","jewish","permitted","temple","mount","muslims","permitted","pray","muslims","break","rule","subject","attack","muslim","worshippers","removal","location","security","forces","tomb","patriarchs","highly","contested","religious","location","muslim","prayer","permitted","restrictions","site","administered","waqf","islamic","trust","opponents","resolutions","argue","recognizing","sites","palestinian","islamic","continues","pattern","denying","prayer","recognition","important","holy","sites","muslims","resolutions","israel","already","declared","unesco","incorrect","seems","unlikely","israeli","activity","change","recommendation","body","widely","perceived","biased","against","israel","deeply","anti","semitic","real","result","seems","escalation","tensions","rejection","christian","jewish","history","prayer","increased","hostility","israel","primarily","islamic","unesco","panel","approved","resolutions","unesco","seem","willing","sacrifice","peace","order","spite","israel"]}
