{"authors":["Noel Oman"],"date_download":"2018-11-02 17:43:34","date_modify":"2018-11-02 17:43:34","date_publish":"2017-11-30 00:00:00","description":"An environmental assessment of the $631.7 million project to overhaul the Interstate 30 corridor through downtown Little Rock and North Little Rock has won federal approval to undergo a 45-day public review that will include a hearing next month.","filename":"6317MproposaltooverhaulI30throughLittleRockNorthLittleRockgetsgoaheadfornextstep_204.json","image_url":"https://media.arkansasonline.com/img/photos/2017/11/30/aerial_I30_1_t600.JPG?4326734cdb8e39baa3579048ef63ad7b451e7676","language":"en","localpath":"6317MproposaltooverhaulI30throughLittleRockNorthLittleRockgetsgoaheadfornextstep_204.json","title":"$631.7M proposal to overhaul I-30 through Little Rock, North Little Rock gets go-ahead for next step","title_page":"$631.7M proposal to overhaul I-30 through Little Rock, North Little Rock gets go-ahead for next step","title_rss":"NULL","source_domain":"arkansasonline.com","text":"june 2016 file photo shows aerial view interstate corridor downtown rock north rock photo benjamin krain environmental assessment million project overhaul interstate corridor downtown rock north rock federal approval undergo public review include hearing next month document state highway officials exceeds pages available public inspection arkansas department transportation headquarters main office garver engineering firm leading project main libraries rock north rock location design public hearing jointly sponsored department federal highway administration army corps engineers held thursday july silver city rooms wyndham riverfront hotel riverfront place downtown north rock scott bennett transportation department director addressed subject meeting wednesday arkansas highway commission schueck rock commission member asked update status project months delay bennett underway wrapping allowing environmental assessment document public review significant meeting shows crossed dotted standpoint legal sufficiency withstanding legal challenges bennett public review ends department prepare response comment federal highway administration review comments department responses determine whether responses adequate whether issues require further analysis department responses pass muster federal highway administration approve document finding significant impact clear project construction likely sometime early next assessment addresses variety environmental concerns project impact quality historic structures environmental assessments typically less exhaustive scope environmental impact statements haven adequately addressed comments something else needs additional analysis opportunity needs forward environmental impact statement bennett reiterated agency officials developed assessment impact statement means federal government concludes impact statement warranted wouldn require huge delay cost complete project single largest department undertaken preferred alternative widen mile corridor interstate rock interstate north rock lanes replace bridge arkansas river central arkansas planners congested corridor features convergence major highways space fewer miles bridge arkansas river dates late 1950s built cost million carries vehicles daily latest design lane alternative features four lanes city streets ramps lower speeds narrower lanes traffic signals features officials allow traffic moving safely interact pedestrians noninterstate traffic lane alternative referred main lanes four collector distributor lanes latter separated wall main lanes slower speeds allow traffic traveling rock north rock cross bridge without entering main interstate lanes project includes improvements section macarthur drive north rock interchange rock replace cantrell road removal cantrell interchange create city officials envision acre park project garnered backing rock regional chamber commerce central arkansas library system clinton presidential center quapaw quarter association promotes preservation downtown rock oppose project prefer alternative involves eight lanes presented july public hearing association working city rock submitted page document outlining steps city state preserve pedestrian friendly character downtown city streets bennett acknowledged agency officials working issues side agreement cities rock north rock involving sidewalk widths bicycle routes lighting aspects project project drawn opposition downtown rock residents activists haven ruled litigation effort stop bennett anticipates department request proposals september environmental assessment approved state department already short listed contracting groups responded earlier request qualifications meeting separately short list includes subsidiary ferrovial madrid granite construction watsonville calif archer western construction atlanta participating joint venture kiewit infrastructure south fort worth massman construction kansas city participating joint venture team selected early next construction expected begin early 2019 project expected four project built design build method winning bidder selected basis submitted effective complete project within budget million method officials allows winning contract group figure efficient ways design project metro 2018","url":"https://www.arkansasonline.com/news/2018/jun/07/i-30-proposal-gets-go-ahead-for-next-st/?page=1","polarityScore":{"sourceTitle":"Arkansas Democrat-Gazette","allSidesBias":"left","communityAgree":"686","communityDisagree":"522","sourceUrl":"http://www.arkansasonline.com/ "},"processedText":["june","2016","file","photo","shows","aerial","view","interstate","corridor","downtown","rock","north","rock","photo","benjamin","krain","environmental","assessment","million","project","overhaul","interstate","corridor","downtown","rock","north","rock","federal","approval","undergo","public","review","include","hearing","next","month","document","state","highway","officials","exceeds","pages","available","public","inspection","arkansas","department","transportation","headquarters","main","office","engineering","firm","leading","project","main","libraries","rock","north","rock","location","design","public","hearing","jointly","sponsored","department","federal","highway","administration","army","corps","engineers","held","thursday","july","silver","city","rooms","riverfront","hotel","riverfront","place","downtown","north","rock","scott","bennett","transportation","department","director","addressed","subject","meeting","wednesday","arkansas","highway","commission","rock","commission","member","asked","update","status","project","months","delay","bennett","underway","wrapping","allowing","environmental","assessment","document","public","review","significant","meeting","shows","crossed","dotted","standpoint","legal","legal","challenges","bennett","public","review","ends","department","prepare","response","comment","federal","highway","administration","review","comments","department","responses","determine","whether","responses","adequate","whether","issues","require","further","analysis","department","responses","pass","muster","federal","highway","administration","approve","document","finding","significant","impact","clear","project","construction","likely","sometime","early","next","assessment","addresses","variety","environmental","concerns","project","impact","quality","historic","structures","environmental","assessments","typically","less","exhaustive","scope","environmental","impact","statements","haven","adequately","addressed","comments","something","else","needs","additional","analysis","opportunity","needs","forward","environmental","impact","statement","bennett","reiterated","agency","officials","developed","assessment","impact","statement","means","federal","government","concludes","impact","statement","warranted","wouldn","require","huge","delay","cost","complete","project","single","largest","department","undertaken","preferred","alternative","widen","mile","corridor","interstate","rock","interstate","north","rock","lanes","replace","bridge","arkansas","river","central","arkansas","planners","congested","corridor","features","major","highways","space","fewer","miles","bridge","arkansas","river","dates","late","1950s","built","cost","million","carries","vehicles","daily","latest","design","lane","alternative","features","four","lanes","city","streets","ramps","lower","speeds","narrower","lanes","traffic","signals","features","officials","allow","traffic","moving","safely","interact","pedestrians","traffic","lane","alternative","referred","main","lanes","four","collector","distributor","lanes","latter","separated","wall","main","lanes","slower","speeds","allow","traffic","traveling","rock","north","rock","cross","bridge","without","entering","main","interstate","lanes","project","includes","improvements","section","macarthur","drive","north","rock","rock","replace","road","removal","create","city","officials","envision","acre","park","project","garnered","backing","rock","regional","chamber","commerce","central","arkansas","library","system","clinton","presidential","center","quarter","association","promotes","preservation","downtown","rock","oppose","project","prefer","alternative","involves","eight","lanes","presented","july","public","hearing","association","working","city","rock","submitted","page","document","outlining","steps","city","state","preserve","pedestrian","friendly","character","downtown","city","streets","bennett","acknowledged","agency","officials","working","issues","side","agreement","cities","rock","north","rock","involving","sidewalk","bicycle","routes","lighting","aspects","project","project","drawn","opposition","downtown","rock","residents","activists","haven","ruled","litigation","effort","stop","bennett","anticipates","department","request","proposals","september","environmental","assessment","approved","state","department","already","short","listed","contracting","groups","responded","earlier","request","qualifications","meeting","separately","short","list","includes","subsidiary","madrid","granite","construction","calif","archer","western","construction","atlanta","participating","joint","venture","infrastructure","south","fort","worth","construction","kansas","city","participating","joint","venture","team","selected","early","next","construction","expected","begin","early","2019","project","expected","four","project","built","design","build","method","winning","selected","basis","submitted","effective","complete","project","within","budget","million","method","officials","allows","winning","contract","group","figure","efficient","ways","design","project","metro","2018"]}
