{"authors":["Jack Montgomery"],"date_download":"2018-10-30 18:00:46","date_modify":"2018-10-30 18:00:46","date_publish":"2018-10-14 09:38:28","description":"Dozens of Brexiteer Tory MPs have signed in a public broadside against Chancellor Philip 'Remainer Phil' Hammond's anti-Brexit forecasts.","filename":"63ProBrexitMPsSignLetterTakingRemainerPhilHammondtoTask_206.json","image_url":"https://media.breitbart.com/media/2018/10/Philip-Hammond-Letter.png","language":"en","localpath":"63ProBrexitMPsSignLetterTakingRemainerPhilHammondtoTask_206.json","title":"63 Pro-Brexit MPs Sign Letter Taking 'Remainer Phil' Hammond to Task","title_page":"63 Pro-Brexit MPs Sign Letter Taking 'Remainer Phil' Hammond to Task","title_rss":"NULL","source_domain":"breitbart.com","text":"dozens brexiteer tory joined members house lords prominent academics businessmen legal professionals public broadside against chancellor philip remainer phil hammond anti brexit economic forecasts open letter published telegraph seen something show strength brexiteer wing tory party currently attempting thwart remain voting prime minister theresa chequers plan keep united kingdom subject large swathes rules regulations possibly leave entire country bloc customs union backstop solution keeping border northern ireland republic ireland free customs infrastructure specifically letter signed tory takes treasury chief philip remainer phil hammond leaked economic forecasts claiming deal brexit deliver percent period hinting treasury referendum anti brexit forecasts turned based flawed manipulated modelling treasury forecast vote leave represent immediate profound shock economy shock push economy recession lead increase unemployment https ewe2pe1cjq andrew neil afneil august 2018 unacceptable government leaks results modelling suits simultaneously hides lies behind forecasts public letter begins alluding fact treasury clear arrived highly negative predictions cross whitehall brexit analysis leaked news website buzzfeed early subsequently published form powerpoint slides forecasts percent world trade deal rules percent contraction canada plus independent private sector forecasts whitehall wildly apart forecast positive impact signatories point suggest hammond words suggest disparities based difference calculating benefits accruing free trade agreements impact possible tariff barriers britain treasury analysis appears predicated behaving illegally defiance rules backed international legal order express concern department indulging policy based evidence making shaping research support desired political outcome rather providing legitimate research fire hammond trying sabotage brexit demands senior tory https iu5xpd83sj breitbart london breitbartlondon october 2017 letter adds general public battered bewildered constant stream conflicting accounts consequences brexit demanding hammond publish full detail cross whitehall brexit analysis underlying models assumptions experts sides study methodology assumptions conclusions hammond widely seen major force behind efforts either thwart brexit ensure delivered name country remaining subject obligations regaining limited powers regulatory regime trade policy fishing waters least cabinet colleague gone chancellor trying frustrate brexit purpose list open letter signatories full david amess richard bacon steve baker blackman crispin blunt peter bone bradley andrew bridgen conor burns william cash christopher chope simon clarke geoffrey clifton brown robert courts philip davies david davis nadine dorries steve double richard drax james duddridge iain duncan smith charlie elphicke nigel evans mark francois marcus fysh goldsmith james gray philip hollobone adam holloway bernard jenkin andrea jenkyns david jones daniel kawczynski stephen kerr pauline latham edward leigh andrew lewer julian lewis liddell granger julia lopez loughton craig mackinlay anne main nigel mills anne marie morris sheryll murray matthew offord priti patel owen paterson mike penning john redwood jacob rees mogg laurence robertson andrew rosindell rowley henry smith stewart desmond swayne derek thomas ross thomson theresa villiers john whittingdale bill wiggin william wragg lord flight lord lilley viscount ridley lord vinson roddam dene david heathcoat amory former professor vudayagi balasubramanyam professor development economics lancaster university professor david blake professor economics director pensions institute cass business school roger bootle chairman capital economics michael burrage director cimigo former lecturer london school economics professor congdon chairman institute international monetary research university buckingham professor kevin dowd professor finance economics durham university business school charles dumas chief economist lombard john greenwood chief economist invesco graham gudgin university cambridge andrea hoss macroeconomist public policy analyst former trade negotiator ruth economic adviser arbuthnot banking group professor graeme leach chief economist macronomics neil mackinnon global macro strategist capital douglas macwilliams deputy chairman cebr professor kent matthews professor banking finance cardiff university edgar miller convener economists free trade professor patrick minford chair economists free trade professor economics cardiff university professor david paton chair industrial economics nottingham university business school john whittaker senior teaching fellow lancaster university amanda vigar managing director vigar group arabella arkwright partner hatton country world johnnie arkwright director hatton bohills founder alliance british entrepreneurs simon boyd managing director reidsteel john craven former member board managing directors deutsche bank judith donavan yorkshire businesswoman john fifield chairman fifield glyn lance forman owner forman rocco forte chairman rocco forte hotels harden founder alliance british entrepreneurs herbert chief executive officer vistair daniel hodson chairman city britain john longworth chairman leave means leave entrepreneur former director general british chambers commerce","url":"https://www.breitbart.com/europe/2018/10/14/academics-businessmen-lawyers-63-pro-brexit-mps-open-letter-remainer-phil-hammond/","polarityScore":{"sourceTitle":"Breitbart News","allSidesBias":"right","communityAgree":"11345","communityDisagree":"6286","sourceUrl":"http://www.breitbart.com/ "},"processedText":["dozens","tory","joined","members","house","lords","prominent","academics","businessmen","legal","professionals","public","broadside","against","chancellor","philip","phil","hammond","anti","brexit","economic","forecasts","open","letter","published","telegraph","seen","something","show","strength","wing","tory","party","currently","attempting","thwart","remain","voting","prime","minister","theresa","plan","keep","united","kingdom","subject","large","rules","regulations","possibly","leave","entire","country","bloc","customs","union","backstop","solution","keeping","border","northern","ireland","republic","ireland","free","customs","infrastructure","specifically","letter","signed","tory","takes","treasury","chief","philip","phil","hammond","leaked","economic","forecasts","claiming","deal","brexit","deliver","percent","period","hinting","treasury","referendum","anti","brexit","forecasts","turned","based","flawed","manipulated","treasury","forecast","vote","leave","represent","immediate","profound","shock","economy","shock","push","economy","recession","lead","increase","unemployment","https","andrew","neil","august","2018","unacceptable","government","leaks","results","suits","simultaneously","hides","lies","behind","forecasts","public","letter","begins","alluding","fact","treasury","clear","arrived","highly","negative","predictions","cross","whitehall","brexit","analysis","leaked","news","website","buzzfeed","early","subsequently","published","form","powerpoint","slides","forecasts","percent","world","trade","deal","rules","percent","canada","plus","independent","private","sector","forecasts","whitehall","wildly","apart","forecast","positive","impact","signatories","point","suggest","hammond","words","suggest","disparities","based","difference","calculating","benefits","free","trade","agreements","impact","possible","tariff","barriers","britain","treasury","analysis","appears","predicated","behaving","illegally","defiance","rules","backed","international","legal","order","express","concern","department","policy","based","evidence","making","shaping","research","support","desired","political","outcome","rather","providing","legitimate","research","fire","hammond","trying","sabotage","brexit","demands","senior","tory","https","breitbart","london","breitbartlondon","october","2017","letter","adds","general","public","battered","bewildered","constant","stream","conflicting","accounts","consequences","brexit","demanding","hammond","publish","full","detail","cross","whitehall","brexit","analysis","underlying","models","assumptions","experts","sides","study","methodology","assumptions","conclusions","hammond","widely","seen","major","force","behind","efforts","either","thwart","brexit","ensure","delivered","name","country","remaining","subject","obligations","regaining","limited","powers","regulatory","regime","trade","policy","fishing","waters","least","cabinet","colleague","gone","chancellor","trying","brexit","purpose","list","open","letter","signatories","full","david","richard","bacon","steve","baker","blackman","blunt","peter","bone","bradley","andrew","conor","burns","william","cash","christopher","simon","clarke","geoffrey","clifton","brown","robert","courts","philip","david","davis","steve","double","richard","james","duncan","smith","charlie","nigel","evans","mark","marcus","james","gray","philip","adam","bernard","andrea","david","jones","daniel","stephen","kerr","pauline","edward","leigh","andrew","julian","lewis","julia","lopez","craig","anne","main","nigel","mills","anne","marie","morris","murray","matthew","patel","owen","paterson","mike","penning","john","jacob","rees","mogg","laurence","robertson","andrew","henry","smith","stewart","desmond","derek","thomas","ross","theresa","john","bill","william","lord","flight","lord","ridley","lord","david","former","professor","professor","development","economics","university","professor","david","blake","professor","economics","director","pensions","institute","business","school","roger","chairman","capital","economics","michael","director","former","lecturer","london","school","economics","professor","chairman","institute","international","monetary","research","university","buckingham","professor","kevin","professor","finance","economics","durham","university","business","school","charles","chief","economist","john","greenwood","chief","economist","graham","university","cambridge","andrea","public","policy","analyst","former","trade","negotiator","ruth","economic","adviser","banking","group","professor","chief","economist","neil","global","macro","strategist","capital","douglas","deputy","chairman","professor","kent","matthews","professor","banking","finance","university","edgar","miller","economists","free","trade","professor","patrick","chair","economists","free","trade","professor","economics","university","professor","david","chair","industrial","economics","university","business","school","john","whittaker","senior","teaching","fellow","university","amanda","managing","director","group","partner","country","world","director","founder","alliance","british","entrepreneurs","simon","boyd","managing","director","john","craven","former","member","board","managing","directors","bank","judith","john","chairman","lance","owner","chairman","hotels","harden","founder","alliance","british","entrepreneurs","herbert","chief","executive","officer","daniel","chairman","city","britain","john","chairman","leave","means","leave","entrepreneur","former","director","general","british","chambers","commerce"]}
