{"authors":["Joseph D. Lyons"],"date_download":"2018-10-31 01:29:32","date_modify":"2018-10-31 01:29:32","date_publish":"2018-10-16 18:03:29","description":"The family separation crisis the Trump administration started this summer at the southern border is still not over. A joint status report from the federal government and the ACLU on Monday shows that there are still 66 immigrant children separated…","filename":"66ImmigrantChildrenAreStillSeparatedFromTheirFamiliesMostOfTheirParentsWereDeported_207.json","image_url":"https://imgix.bustle.com/uploads/getty/2018/10/16/e5ccdcee-557a-429e-b22c-718d45f6d49d-getty-1052219492.jpg?w=1200&h=630&q=70&fit=crop&crop=faces&fm=jpg","language":"en","localpath":"66ImmigrantChildrenAreStillSeparatedFromTheirFamiliesMostOfTheirParentsWereDeported_207.json","title":"66 Immigrant Children Are Still Separated From Their Families & Most Of Their Parents Were Deported","title_page":"66 Immigrant Children Are Still Separated From Their Families & Most Of Their Parents Were Deported","title_rss":"NULL","source_domain":"bustle.com","text":"family separation crisis trump administration started summer southern border joint status report federal government aclu monday shows immigrant children separated families summer remain custody including child four younger news reports number total number immigrant children detained government remaing kids trump administration forcibly separated families border zero tolerance policy government required reunite parent july nearly months numbers submitted district court southern district california part case brought against government aclu status conference later tuesday numbers court department homeland security official confirmed veracity filing tells bustle eligible children reunified report indicates remaining children parents deported verb departed artist activist paola mendoza involved families belong together activist organization fighting immigration policies separate families tells bustle government wants public forget crisis percent manufactured trump members administration supported cruel inhumane policy fact government claims children separated mendoza tells bustle reason working reunite families people holding accountable despicable disgusting government done children families forget disregard children forget lies forget cover night status report differentiates children custody originally affected zero tolerance policy family separation others care office refugee resettlement custody separated referred children care parent eligible reunification available discharge whose parents united states returned parent federal state local custody state criminal detention cases reviewed further flagged potential safety wellbeing concerns reason remain custody immediately clear defendants working appropriately discharge remaining children identify possible barriers discharge meeting conferring plaintiffs appropriate resolution report reads comes kids parents deported departed picture gets trickier report lumps together kids initial group children care parent presently departed united states whose intent reunify confirmed aclu explain status children together making unclear happening specifically children initial group spokesperson noted percent parents decided separated children provided option status report choose clear children families place jess morales rocketto political director national domestic workers alliance leader families belong together claims numbers representative children government holding administration blatantly lying kids separated parents morales rocketto tells bustle releasing false numbers distracting horrific truth hundreds children kept essentially internment camps continue attempt family separation policies believe liars believe trump administration total thousands children held york times reported september record detained migrant children country report refers group separated families zero tolerance policy vast majority children initially found separated families policy though released status report noted update children released government care total aclu filed injunction june speed reunification process july president trump signed executive order family separation administration started deterrent keep families coming united states administration weighing binary choice parents choose indefinite detention children separated","url":"https://www.bustle.com/p/66-immigrant-children-are-still-separated-from-their-families-most-of-their-parents-were-deported-12282942","polarityScore":{"sourceTitle":"Bustle","allSidesBias":"left-center","communityAgree":"564","communityDisagree":"566","sourceUrl":"http://www.bustle.com/ "},"processedText":["family","separation","crisis","trump","administration","started","summer","southern","border","joint","status","report","federal","government","aclu","monday","shows","immigrant","children","separated","families","summer","remain","custody","including","child","four","younger","news","reports","number","total","number","immigrant","children","detained","government","kids","trump","administration","forcibly","separated","families","border","zero","tolerance","policy","government","required","reunite","parent","july","nearly","months","numbers","submitted","district","court","southern","district","california","part","case","brought","against","government","aclu","status","conference","later","tuesday","numbers","court","department","homeland","security","official","confirmed","veracity","filing","tells","bustle","eligible","children","report","indicates","remaining","children","parents","deported","verb","departed","artist","activist","paola","mendoza","involved","families","belong","together","activist","organization","fighting","immigration","policies","separate","families","tells","bustle","government","wants","public","forget","crisis","percent","manufactured","trump","members","administration","supported","cruel","policy","fact","government","claims","children","separated","mendoza","tells","bustle","reason","working","reunite","families","people","holding","accountable","despicable","disgusting","government","done","children","families","forget","disregard","children","forget","lies","forget","cover","night","status","report","children","custody","originally","affected","zero","tolerance","policy","family","separation","others","care","office","refugee","resettlement","custody","separated","referred","children","care","parent","eligible","reunification","available","discharge","whose","parents","united","states","returned","parent","federal","state","local","custody","state","criminal","detention","cases","reviewed","further","flagged","potential","safety","wellbeing","concerns","reason","remain","custody","immediately","clear","defendants","working","appropriately","discharge","remaining","children","identify","possible","barriers","discharge","meeting","plaintiffs","appropriate","resolution","report","reads","comes","kids","parents","deported","departed","picture","gets","report","together","kids","initial","group","children","care","parent","presently","departed","united","states","whose","intent","confirmed","aclu","explain","status","children","together","making","unclear","happening","specifically","children","initial","group","spokesperson","noted","percent","parents","decided","separated","children","provided","option","status","report","choose","clear","children","families","place","jess","morales","political","director","national","domestic","workers","alliance","leader","families","belong","together","claims","numbers","representative","children","government","holding","administration","blatantly","lying","kids","separated","parents","morales","tells","bustle","releasing","false","numbers","distracting","horrific","truth","hundreds","children","kept","essentially","camps","continue","attempt","family","separation","policies","believe","liars","believe","trump","administration","total","thousands","children","held","york","times","reported","september","record","detained","migrant","children","country","report","refers","group","separated","families","zero","tolerance","policy","vast","majority","children","initially","found","separated","families","policy","though","released","status","report","noted","update","children","released","government","care","total","aclu","filed","injunction","june","speed","reunification","process","july","president","trump","signed","executive","order","family","separation","administration","started","deterrent","keep","families","coming","united","states","administration","weighing","binary","choice","parents","choose","indefinite","detention","children","separated"]}
