{"authors":["Amanda Chatel"],"date_download":"2018-10-31 00:37:04","date_modify":"2018-10-31 00:37:04","date_publish":"2018-10-04 22:10:06","description":"As much as some might scoff at the idea of astrology, there's certainly an argument to it. If we, as humans, are made of the same elements as stars and planets, it would seem almost silly to dismiss the fact that we're all interconnected. And,…","filename":"6AstrologyMythsToStopBelieving_209.json","image_url":"https://imgix.bustle.com/uploads/image/2018/10/3/a9e30bfe-e8f2-4fe1-96a3-1580740065bb-bustle_102416_188.jpg?w=1200&h=630&q=70&fit=crop&crop=faces&fm=jpg","language":"en","localpath":"6AstrologyMythsToStopBelieving_209.json","title":"6 Astrology Myths To Stop Believing","title_page":"6 Astrology Myths To Stop Believing","title_rss":"NULL","source_domain":"bustle.com","text":"scoff idea astrology certainly argument humans elements stars planets seem almost silly dismiss fact interconnected 2017 study stars humans galaxy absolutely stuff percent stuff exact sense placement planets moons stars affect humanity astrology reaching history astrologer psychic cindy mckean tells bustle markings bones cave walls recording cycles moon found dating 3000 widespread civilizations developed sophisticated systems astrology help determine expect changes environment extremely useful agricultural purposes navigation astrology mckean evolve part world prevalent east asia india middle east europe mesoamerica culture astrology astrology soon spread rest world main origins mckean type astrology popular west today western astrology gained popularity personalization horoscope people able forecast expect lives although astrology exact science definitely merits look zodiac affects personality proof astrology myths stop believing mckean myth astrology trend tina gong bustle trend flash short shelf life goes fashion quickly comes fashion astrology existed middle ages astrology flourished part daily life culture parts world mckean cambridge university england astrology chairs royal court known astrologers staff popes supported astrology copernicus renaissance mathematician astronomer formulated earth center universe rotates dedicated main work pope paul middle ages church pretty ruled world people changed church declared astrology heresy forcing galileo renounce astrological beliefs killed believe practice astrology church reign playing russian roulette someone life reason rolled 17th 18th centuries astrology credibility diminished further emphasis analytical reasoning scientific methods reigned supreme pushing astrology labeled sinful nonsensical given astrology articles google searches increased fold decade indeed looks trend mckean given historical existence astrology thousands reemergence highly detailed system ancestors relied myth astrology astronomy tina gong bustle astrology finding meaning celestial bodies astronomy measuring celestial bodies inseparable concomitants mckean interlinked single study 17th century started treated separately although astronomers astrologers study celestial bodies affect earth universe whole approach different stronomy studies contents universe outside earth atmosphere astrology studies effects external celestial bodies earth mundane personal events mckean myth astrology based magic paranormal tina gong bustle naysayers skeptics critics often dismiss astrology illegitimate mckean modern science hasn defined phenomena mean real mckean times astrological phenomena explained modern science give skeptics something reconsider happen credit given astronomy instead astrology mechanism positions celestial bodies affect life earth mckean biggest example phases moon effect tides full moon tides swell gravitational pull moon bodies water police precincts report crimes higher full moons farmers phases moon determine best timing plant seeds harvest crops moon along position planets determine best activities cutting hair cleaning house buying equipment mckean notes radio corporations america biggest communications firm states spots figure avoid drops communication television radio astronomy determined solar prominences affect geomagnetic field earth dismissed magical thinking belief fantasy astrology turned real mechanism measured timed mckean planetary influences effect earth planets solar system similar mechanisms gravitational pull magnetism luminosity myth astrology bunch generalizations tina gong bustle multi millionaire financier morgan millionaires astrology billionaires family went become multi billionaires mckean morgan prominent figure throughout history rely astrology former president ronald reagan wife nancy astrologers making important decisions lives queen elizabeth england john astrologer staff advisor royal family course nostradamus sought 1500s aristocrats europe astrological esoteric advice today people turn 1555 work prophecies looking toward future worry world until 3797 predictions prominent heads state businessmen astrology tool help decisions generalizations aren enough mckean degree accuracy useful true daily horoscopes general daily horoscopes often focus sign factors chart part horoscope read vacuum isolated island universe interconnected horoscopes read whole mckean compares reading part horoscope saying shine july leaving obscured clouds moon words getting full accurate report however fair amount information gleaned outstanding features horoscopes sign generalizations general size fits apply everyone twelfth population reading sign mckean fortunately people astrology remains staple newspapers magazines decade decade myth zodiac signs astrological constellations tina gong bustle seem easy lump category fact different studies astrology different zodiacs western astrology uses tropical zodiac india vedic astrology studied sidreal zodiac western astrology instead following movement visible stars tropical zodiac uses static zones track celestial movement ecliptic visible band earth mckean system created claudius ptolemy greco roman polymath creating system name zodiac signs constellations though constellations shifted vantage point zodiac signs remained static thus remain fixed dates aries spring equinox start date astrological mckean points names zodiac signs removed western astrology confusion eliminated astrology steeped tradition mess tradition astrology began signs line constellations axial precession changed seen stars earth spins subtle wobble axial precession referred precession equinox mckean placements constellations relationship earth coordinates slowly shifts thousands","url":"https://www.bustle.com/p/6-astrology-myths-to-stop-believing-12142855","polarityScore":{"sourceTitle":"Bustle","allSidesBias":"left-center","communityAgree":"564","communityDisagree":"566","sourceUrl":"http://www.bustle.com/ "},"processedText":["scoff","idea","astrology","certainly","argument","humans","elements","stars","planets","seem","almost","silly","dismiss","fact","2017","study","stars","humans","galaxy","absolutely","stuff","percent","stuff","exact","sense","placement","planets","moons","stars","affect","humanity","astrology","reaching","history","astrologer","psychic","cindy","mckean","tells","bustle","bones","cave","walls","recording","cycles","moon","found","dating","3000","widespread","civilizations","developed","sophisticated","systems","astrology","help","determine","expect","changes","environment","extremely","useful","agricultural","purposes","navigation","astrology","mckean","evolve","part","world","prevalent","east","asia","india","middle","east","europe","culture","astrology","astrology","soon","spread","rest","world","main","origins","mckean","type","astrology","popular","west","today","western","astrology","gained","popularity","horoscope","people","able","forecast","expect","lives","although","astrology","exact","science","definitely","merits","look","zodiac","affects","personality","proof","astrology","myths","stop","believing","mckean","myth","astrology","trend","tina","gong","bustle","trend","flash","short","shelf","life","goes","fashion","quickly","comes","fashion","astrology","existed","middle","ages","astrology","flourished","part","daily","life","culture","parts","world","mckean","cambridge","university","england","astrology","chairs","royal","court","known","staff","supported","astrology","renaissance","formulated","earth","center","universe","dedicated","main","work","pope","paul","middle","ages","church","pretty","ruled","world","people","changed","church","declared","astrology","forcing","astrological","beliefs","killed","believe","practice","astrology","church","reign","playing","russian","someone","life","reason","rolled","17th","18th","centuries","astrology","credibility","diminished","further","emphasis","analytical","reasoning","scientific","methods","supreme","pushing","astrology","labeled","nonsensical","given","astrology","articles","google","searches","increased","fold","decade","indeed","looks","trend","mckean","given","historical","existence","astrology","thousands","highly","detailed","system","ancestors","relied","myth","astrology","tina","gong","bustle","astrology","finding","meaning","celestial","bodies","measuring","celestial","bodies","inseparable","mckean","single","study","17th","century","started","treated","separately","although","astronomers","study","celestial","bodies","affect","earth","universe","whole","approach","different","studies","contents","universe","outside","earth","atmosphere","astrology","studies","effects","external","celestial","bodies","earth","mundane","personal","events","mckean","myth","astrology","based","magic","paranormal","tina","gong","bustle","naysayers","skeptics","critics","often","dismiss","astrology","illegitimate","mckean","modern","science","hasn","defined","phenomena","mean","real","mckean","times","astrological","phenomena","explained","modern","science","give","skeptics","something","reconsider","happen","credit","given","instead","astrology","mechanism","positions","celestial","bodies","affect","life","earth","mckean","biggest","example","phases","moon","effect","tides","full","moon","tides","swell","pull","moon","bodies","water","police","precincts","report","crimes","higher","full","moons","farmers","phases","moon","determine","best","timing","plant","seeds","harvest","crops","moon","along","position","planets","determine","best","activities","cutting","hair","cleaning","house","buying","equipment","mckean","notes","radio","corporations","america","biggest","communications","firm","states","spots","figure","avoid","drops","communication","television","radio","determined","solar","affect","field","earth","dismissed","magical","thinking","belief","fantasy","astrology","turned","real","mechanism","measured","timed","mckean","planetary","influences","effect","earth","planets","solar","system","similar","mechanisms","pull","myth","astrology","bunch","tina","gong","bustle","multi","millionaire","financier","morgan","millionaires","astrology","billionaires","family","went","become","multi","billionaires","mckean","morgan","prominent","figure","throughout","history","rely","astrology","former","president","ronald","reagan","wife","nancy","making","important","decisions","lives","queen","elizabeth","england","john","astrologer","staff","advisor","royal","family","course","sought","europe","astrological","advice","today","people","turn","work","looking","toward","future","worry","world","until","predictions","prominent","heads","state","businessmen","astrology","tool","help","decisions","aren","enough","mckean","degree","accuracy","useful","true","daily","horoscopes","general","daily","horoscopes","often","focus","sign","factors","chart","part","horoscope","read","vacuum","isolated","island","universe","horoscopes","read","whole","mckean","compares","reading","part","horoscope","saying","shine","july","leaving","obscured","clouds","moon","words","getting","full","accurate","report","however","fair","amount","information","gleaned","outstanding","features","horoscopes","sign","general","size","fits","apply","everyone","population","reading","sign","mckean","fortunately","people","astrology","remains","staple","newspapers","magazines","decade","decade","myth","zodiac","signs","astrological","tina","gong","bustle","seem","easy","lump","category","fact","different","studies","astrology","different","western","astrology","uses","tropical","zodiac","india","astrology","studied","zodiac","western","astrology","instead","following","movement","visible","stars","tropical","zodiac","uses","static","zones","track","celestial","movement","visible","band","earth","mckean","system","created","roman","creating","system","name","zodiac","signs","though","shifted","point","zodiac","signs","remained","static","thus","remain","fixed","dates","aries","spring","start","date","astrological","mckean","points","names","zodiac","signs","removed","western","astrology","confusion","eliminated","astrology","steeped","tradition","mess","tradition","astrology","began","signs","line","changed","seen","stars","earth","spins","subtle","referred","mckean","placements","relationship","earth","slowly","shifts","thousands"]}
