{"authors":["Lia Beck"],"date_download":"2018-10-31 01:00:56","date_modify":"2018-10-31 01:00:56","date_publish":"2018-10-12 15:30:29","description":"Halloween is coming right up, which means it time to rack your brain and try to remember that awesome costume idea you thought of back in February. But, if you don't have anything in mind for you and your Halloween partner, but you are a fan of TV's…","filename":"6CreativeBacheloretteCouplesCostumeIdeasThatllTurnAnyHalloweenPartyIntoADramaticRoseCeremony_211.json","image_url":"https://imgix.bustle.com/uploads/image/2018/10/4/5dc8f89c-e3d1-4e1f-93be-5e5d488a78a6-screen-shot-2018-10-04-at-75159-pm.png?w=1200&h=630&q=70&fit=crop&crop=faces&fm=jpg","language":"en","localpath":"6CreativeBacheloretteCouplesCostumeIdeasThatllTurnAnyHalloweenPartyIntoADramaticRoseCeremony_211.json","title":"6 Creative ‘Bachelorette’ Couples Costume Ideas That’ll Turn Any Halloween Party Into A Dramatic Rose Ceremony","title_page":"6 Creative ‘Bachelorette’ Couples Costume Ideas That’ll Turn Any Halloween Party Into A Dramatic Rose Ceremony","title_rss":"NULL","source_domain":"bustle.com","text":"halloween coming means rack brain remember awesome costume idea thought february anything mind halloween partner best dating show place bachelor couple costume ideas listed loved celebrate greatness reality television looking pretty snazzy rose life dress bachelor bachelorette final contestant pretty boring look prom plus bachelor franchise offer chris harrison neil lane diamonds roses former contestants pretending bartenders mexican resort exciting halloween costumes below bachelor couples costume ideas items included suggestions starting point definitely already thrift costume splurge sequin dress wear stopping costumes work couples work friends journey find love neil lane diamond blazer slim parisian petite sequin dress asos diamond ring bottle opener party city diamond ring headband ziggos party easy needs suit ability keep straight face someone tells spend rest life person eight weeks needs sparkly neil lane carry fake diamond ring chris harrison roses straight jacket cotton shirt artificial rose heads factory direct craft crew neck short sleeve shirt target simple needs suit ability sound super serious saying gentlemen final rose night needs wear straight covered roses chris harrison carry champagne flute butter knife clink bachelor ette final rose plus size open shoulder ruffle dress forever sequin cowl neck maxi dress forever sleeveless jersey dress adult green tights party city wear either suit costumes options fancy dress dressed rose rose inspiration always sunny philadelphia wear green bottom bring together rose headpiece hair clip yourself tissue paper final contestants skinny suit pants easy iron shirt slim racer neck midi dress crochet lace skirt asos plus size slit maxi dress forever dress either suits fancy dresses gets rose lapel carry stemmed rose night person look talk find love yuki wells slim built flex everyday shirt navy women plus size woven short sleeve target stainless steel cocktail shaker home depot latest season bachelor paradise bartender wells joined yuki japanese bachelor bachelor winter games dress either blue white button short sleeve shirts couple colorful cups cocktail shaker carry write playa escondida sayulita piece paper onto shirt look professional recognizable least bachelor fans live tweets easiest pull access printer wear whatever extra pizzazz wear twitter blue tape bunch bachelor tweets yourself bachelor live tweets favorite pastime bachelor fans forth dramatic halloween history holiday","url":"https://www.bustle.com/p/6-creative-bachelorette-couples-costume-ideas-thatll-turn-any-halloween-party-into-a-dramatic-rose-ceremony-12157422","polarityScore":{"sourceTitle":"Bustle","allSidesBias":"left-center","communityAgree":"564","communityDisagree":"566","sourceUrl":"http://www.bustle.com/ "},"processedText":["halloween","coming","means","rack","brain","remember","awesome","costume","idea","thought","february","anything","mind","halloween","partner","best","dating","show","place","bachelor","couple","costume","ideas","listed","loved","celebrate","greatness","reality","television","looking","pretty","snazzy","rose","life","dress","bachelor","bachelorette","final","contestant","pretty","boring","look","prom","plus","bachelor","franchise","offer","chris","harrison","neil","lane","diamonds","roses","former","contestants","pretending","bartenders","mexican","resort","exciting","halloween","costumes","below","bachelor","couples","costume","ideas","items","included","suggestions","starting","point","definitely","already","costume","splurge","dress","wear","stopping","costumes","work","couples","work","friends","journey","find","love","neil","lane","diamond","blazer","slim","parisian","dress","asos","diamond","ring","bottle","opener","party","city","diamond","ring","headband","party","easy","needs","suit","ability","keep","straight","face","someone","tells","spend","rest","life","person","eight","weeks","needs","sparkly","neil","lane","carry","fake","diamond","ring","chris","harrison","roses","straight","jacket","cotton","shirt","artificial","rose","heads","factory","direct","craft","crew","neck","short","sleeve","shirt","target","simple","needs","suit","ability","sound","super","serious","saying","gentlemen","final","rose","night","needs","wear","straight","covered","roses","chris","harrison","carry","champagne","butter","knife","bachelor","final","rose","plus","size","open","shoulder","dress","forever","neck","maxi","dress","forever","jersey","dress","adult","green","tights","party","city","wear","either","suit","costumes","options","fancy","dress","dressed","rose","rose","inspiration","always","sunny","philadelphia","wear","green","bottom","bring","together","rose","headpiece","hair","clip","yourself","tissue","paper","final","contestants","skinny","suit","pants","easy","iron","shirt","slim","neck","midi","dress","lace","skirt","asos","plus","size","slit","maxi","dress","forever","dress","either","suits","fancy","dresses","gets","rose","carry","stemmed","rose","night","person","look","talk","find","love","wells","slim","built","flex","everyday","shirt","navy","women","plus","size","woven","short","sleeve","target","stainless","steel","cocktail","shaker","home","depot","latest","season","bachelor","paradise","bartender","wells","joined","japanese","bachelor","bachelor","winter","games","dress","either","blue","white","button","short","sleeve","shirts","couple","colorful","cups","cocktail","shaker","carry","write","piece","paper","onto","shirt","look","professional","recognizable","least","bachelor","fans","live","tweets","easiest","pull","access","printer","wear","whatever","extra","wear","twitter","blue","tape","bunch","bachelor","tweets","yourself","bachelor","live","tweets","favorite","bachelor","fans","forth","dramatic","halloween","history","holiday"]}
