{"authors":["Jr Thorpe"],"date_download":"2018-10-31 01:22:10","date_modify":"2018-10-31 01:22:10","date_publish":"2018-10-11 18:05:09","description":"You've probably heard your friend call that potential date who ghosted her a \"sociopath,\" but actually being a sociopath is far different than movies make it out to be. People are fascinated by others who exhibit the characteristics of both…","filename":"6HabitsOfSociopathsThatArePrettyCommonInNonSociopaths_213.json","image_url":"https://imgix.bustle.com/uploads/image/2018/10/11/3695511c-7fd9-4b2a-be2f-1a0fea92d628-zaeh_bustle_apr2016-121.jpg?w=1200&h=630&q=70&fit=crop&crop=faces&fm=jpg","language":"en","localpath":"6HabitsOfSociopathsThatArePrettyCommonInNonSociopaths_213.json","title":"6 Habits Of Sociopaths That Are Pretty Common In Non-Sociopaths","title_page":"6 Habits Of Sociopaths That Are Pretty Common In Non-Sociopaths","title_rss":"NULL","source_domain":"bustle.com","text":"probably heard friend call potential date ghosted sociopath sociopath different movies people fascinated others exhibit characteristics psychopathy sociopathy though experts argue psychopathy different sociopathy characterized less impulsivity patience conversation average person experiences empathy sociopaths tend express though seem able feel limited capacity psychology today sociopaths aren different people aren sociopaths fact habits sociopaths pretty common sociopaths distinguishing features psychopathy sociopathy based antisocial personality disorder diagnosed using list seven traits psychiatric manual regularly breaking constant lying impulsivity aggression regard others lack responsibility lack remorse person fits least traits antisocial personality disorder particular traits determine whether sociopaths psychopaths comes sociopathy science tells behaviors done habits sociopaths feel familiar sociopaths compartmentalizing relationships ashley batz bustle lived experience sociopaths tell 2016 business insider contacted self described sociopath agreed interviewed anonymously explained didn tend term intimate connections compartmentalized relationships keeping separate person fits situation appropriate compartmentalization pretty common habit among sociopaths healthy michael schreiner evolution counseling noted blog post separating different parts life signal fractured personality structure dividing life letting element bleed good idea barton goldsmith psychology today writes compartmentalization denial putting belong letting rest life taking selfies ashley batz bustle narcissistic traits often turn sociopaths counselor tanya peterson writing healthyplace notes pure narcissist means cleaving entirely separate diagnostic criteria narcissistic personality disorder traci stein psychology today narcissistic sociopaths particular sociopathy though combine manipulative impulsive behavior tendency grandiose self centered showing selfie taking various studies linking heavy selfie taking narcissistic traits women study 2017 found people selfie taking aren necessarily narcissists sociopaths traits show part selfie taking behavior scientists identified kinds selfie takers communicators autobiographers self publicists category sociopaths urge post selfie trait shared sociopaths lying ashley batz bustle author 2013 book confessions sociopath self described sociopath wrote sociopaths frequently obviously cover certain aspects themselves indicate sociopath though lying pretty normal extent sociopathy 2012 study percent people hadn lied percent admitted lied least week lies evolutionary advantage trouble often seen violation moral codes avoiding responsbility ashley batz bustle elements sociopathy definition lack responsibility sociopath blows people takes responsibility actions blames others ignores structural obligations birthdays taxes jobs suits does impulse sound familiar unfortunately show tendency emotionally immature sometimes survey 2013 found likely describe themselves immature women believed mature late average eventually realize cause issue fess accept liability step sociopaths making impulsive decisions ashley batz bustle distinction psychopathy sociopathy diagnostic criteria impulsivity psychopaths plan meticulously whereas sociopaths without doing anything plan thinking consequences impulsivity means lives chaotic full mood swings manifest itself fearlessness habit extreme sociopaths alien people without disorder impulsivity behavioral geneticist david goldman wrote genes choices important dimension normal behavior life challenges vital able initiate behavior action explore uncertain potentially dangerous situations study 2012 found percent population strong impulsive tendencies leaping without looking often seen pretty attractive trait manic pixie dream girl fiction sudden road trip balanced responsibility adds flavor life unchecked becomes burden excessive grooming behaviors ashley batz bustle taking lots selfies narcissistic personality traits show sociopaths manifest caleb backe health wellness expert maple holistics previously bustle excessive grooming something personal hygiene beauty rituals sociopath differs deeper emotional level care themselves","url":"https://www.bustle.com/p/6-habits-of-sociopaths-that-are-pretty-common-in-non-sociopaths-12167693","polarityScore":{"sourceTitle":"Bustle","allSidesBias":"left-center","communityAgree":"564","communityDisagree":"566","sourceUrl":"http://www.bustle.com/ "},"processedText":["probably","heard","friend","call","potential","date","sociopath","sociopath","different","movies","people","fascinated","others","exhibit","characteristics","psychopathy","though","experts","argue","psychopathy","different","characterized","less","impulsivity","patience","conversation","average","person","experiences","empathy","sociopaths","tend","express","though","seem","able","feel","limited","capacity","psychology","today","sociopaths","aren","different","people","aren","sociopaths","fact","habits","sociopaths","pretty","common","sociopaths","distinguishing","features","psychopathy","based","personality","disorder","diagnosed","using","list","seven","traits","psychiatric","manual","regularly","breaking","constant","lying","impulsivity","aggression","regard","others","lack","responsibility","lack","remorse","person","fits","least","traits","personality","disorder","particular","traits","determine","whether","sociopaths","comes","science","tells","behaviors","done","habits","sociopaths","feel","familiar","sociopaths","relationships","ashley","batz","bustle","lived","experience","sociopaths","tell","2016","business","insider","contacted","self","described","sociopath","agreed","interviewed","anonymously","explained","didn","tend","term","intimate","connections","relationships","keeping","separate","person","fits","situation","appropriate","pretty","common","habit","among","sociopaths","healthy","michael","evolution","counseling","noted","blog","post","separating","different","parts","life","signal","fractured","personality","structure","dividing","life","letting","element","bleed","good","idea","barton","psychology","today","writes","denial","putting","belong","letting","rest","life","taking","selfies","ashley","batz","bustle","narcissistic","traits","often","turn","sociopaths","counselor","tanya","peterson","writing","notes","pure","narcissist","means","entirely","separate","diagnostic","criteria","narcissistic","personality","disorder","stein","psychology","today","narcissistic","sociopaths","particular","though","combine","manipulative","impulsive","behavior","tendency","grandiose","self","centered","showing","selfie","taking","various","studies","linking","heavy","selfie","taking","narcissistic","traits","women","study","2017","found","people","selfie","taking","aren","necessarily","sociopaths","traits","show","part","selfie","taking","behavior","scientists","identified","kinds","selfie","takers","self","category","sociopaths","urge","post","selfie","trait","shared","sociopaths","lying","ashley","batz","bustle","author","2013","book","confessions","sociopath","self","described","sociopath","wrote","sociopaths","frequently","obviously","cover","certain","aspects","themselves","indicate","sociopath","though","lying","pretty","normal","extent","2012","study","percent","people","hadn","lied","percent","admitted","lied","least","week","lies","evolutionary","advantage","trouble","often","seen","violation","moral","codes","avoiding","ashley","batz","bustle","elements","definition","lack","responsibility","sociopath","blows","people","takes","responsibility","actions","blames","others","ignores","structural","obligations","birthdays","taxes","jobs","suits","does","impulse","sound","familiar","unfortunately","show","tendency","emotionally","immature","sometimes","survey","2013","found","likely","describe","themselves","immature","women","believed","mature","late","average","eventually","realize","cause","issue","accept","liability","step","sociopaths","making","impulsive","decisions","ashley","batz","bustle","distinction","psychopathy","diagnostic","criteria","impulsivity","plan","meticulously","whereas","sociopaths","without","doing","anything","plan","thinking","consequences","impulsivity","means","lives","chaotic","full","mood","swings","manifest","itself","habit","extreme","sociopaths","alien","people","without","disorder","impulsivity","behavioral","david","goldman","wrote","genes","choices","important","dimension","normal","behavior","life","challenges","vital","able","initiate","behavior","action","explore","uncertain","potentially","dangerous","situations","study","2012","found","percent","population","strong","impulsive","tendencies","leaping","without","looking","often","seen","pretty","attractive","trait","pixie","dream","girl","fiction","sudden","road","trip","balanced","responsibility","adds","flavor","life","unchecked","becomes","burden","excessive","grooming","behaviors","ashley","batz","bustle","taking","lots","selfies","narcissistic","personality","traits","show","sociopaths","manifest","caleb","health","wellness","expert","maple","previously","bustle","excessive","grooming","something","personal","hygiene","beauty","rituals","sociopath","differs","deeper","emotional","level","care","themselves"]}
