{"authors":["Carolyn Steber"],"date_download":"2018-10-31 01:18:10","date_modify":"2018-10-31 01:18:10","date_publish":"2018-10-11 20:30:04","description":"Your eyeballs can have quite a few health problems, all on their own. So it's important to monitor your vision for changes, and see an eye doctor if anything feels out of the ordinary. But depending on your eye color, you might also be prone to…","filename":"6HealthProblemsYoureMoreLessProneToIfYouHaveBrownEyes_214.json","image_url":"https://imgix.bustle.com/uploads/image/2018/10/11/13e883bc-f063-4edf-b147-0d7ed8a21887-fotolia_225883522_subscription_monthly_m.jpg?w=1200&h=630&q=70&fit=crop&crop=faces&fm=jpg","language":"en","localpath":"6HealthProblemsYoureMoreLessProneToIfYouHaveBrownEyes_214.json","title":"6 Health Problems You're More & Less Prone To If You Have Brown Eyes","title_page":"6 Health Problems You're More & Less Prone To If You Have Brown Eyes","title_rss":"NULL","source_domain":"bustle.com","text":"eyeballs quite health problems important monitor vision changes doctor anything feels ordinary depending color prone certain health issues related unrelated actual itself brown eyes example darker eyes melanin pigment blue green eyes good filtering damaging rays help protect against certain diseases related macular degeneration fact brown eyes light increase risk health issues genetics play role regard health problems experience darker eyes however mean guaranteed specific health problems simply brown eyes genetics impact predisposition disease ultimately determine fate world renowned ophthalmologist ming wang tells bustle genetics certain individuals higher risk others population healthy lifestyle including exercise eating antioxidant rich diet wearing sunscreen factors help reduce risk certain diseases including cataract macular degeneration skin cancer mind health issues prone brown eyes experts higher risk developing cataracts hannah burton bustle folks brown eyes higher risk developing cataracts clouding lens lead changes vision older study brown eyes times likely cataracts lighter eyes wang research inconclusive theory light absorbs iris dark colored eyes cause increase temperature decades lead cataracts help prevent cataracts forming wang important wear protective sunglasses whenever outside regardless color wide brim help shield eyes addition sunglasses lower risk developing macular degeneration hannah burton bustle good news however darker color brown eyes susceptible macular degeneration related deterioration retina leads impaired vision brown irises risk factor cataracts protective conditions predominant macular degeneration occurs less commonly brown eyes wang light absorbed iris interacts prominent pigment rather transmitted reach deeper retina blue green eyes damaging light flies penetrates deeper causing damage though shouldn protect vision brown eyes important wear sunglasses hats keep light away likely suffer seasonal affective disorder andrew zaeh bustle research shown people darker eyes likely suffer seasonal affective disorder known seasonal depression mood disorder occurs generally winter months days shorter webmd clear exact cause scientists believe something hormones trigger attitude related changes certain times lack daylight winter help color play role studying participants determine extent mood varied seasons team researchers presented findings british psychological society conference found women brown eyes experienced changes mood lighter eyes idea brown eyes absorb light prevents reaching brain helps regulate mood author study professor lance workman light entering brain causes decrease levels melatonin lighter eyes filter light folks blue green eyes stable moods likely experience pain andrew zaeh bustle research anesthesiology professor inna belfer university pittsburgh women light eyes able tolerate pain discomfort women brown eyes sensitive study conducted small group women gave birth found people darker eyes anxiety sleep disturbances response pain experienced felt greater pain reduction receiving epidural pointing further higher sensitivity likely vitiligo ashley batz bustle vitiligo autoimmune disease causes loss skin color patches affect hair pigment complications include higher risk sunburn skin cancer problems inflammation iris hearing loss mayo clinic study university colorado school medicine tracked people vitiligo identified genes linked predisposition disease found people disease significantly less likely blue gray eyes without doctors aren percent sure causes vitiligo likely occur family members trigged stressful events damage skin sunburn exposure chemicals currently cure notice patches unpigmented skin definitely point doctor","url":"https://www.bustle.com/p/6-health-problems-youre-more-less-prone-to-if-you-have-brown-eyes-12167907","polarityScore":{"sourceTitle":"Bustle","allSidesBias":"left-center","communityAgree":"564","communityDisagree":"566","sourceUrl":"http://www.bustle.com/ "},"processedText":["eyeballs","quite","health","problems","important","monitor","vision","changes","doctor","anything","feels","ordinary","depending","color","prone","certain","health","issues","related","unrelated","actual","itself","brown","eyes","example","darker","eyes","pigment","blue","green","eyes","good","damaging","rays","help","protect","against","certain","diseases","related","fact","brown","eyes","light","increase","risk","health","issues","genetics","play","role","regard","health","problems","experience","darker","eyes","however","mean","guaranteed","specific","health","problems","simply","brown","eyes","genetics","impact","predisposition","disease","ultimately","determine","fate","world","renowned","wang","tells","bustle","genetics","certain","individuals","higher","risk","others","population","healthy","lifestyle","including","exercise","eating","antioxidant","rich","diet","wearing","sunscreen","factors","help","reduce","risk","certain","diseases","including","skin","cancer","mind","health","issues","prone","brown","eyes","experts","higher","risk","developing","hannah","burton","bustle","folks","brown","eyes","higher","risk","developing","lens","lead","changes","vision","older","study","brown","eyes","times","likely","lighter","eyes","wang","research","inconclusive","theory","light","absorbs","iris","dark","colored","eyes","cause","increase","temperature","decades","lead","help","prevent","forming","wang","important","wear","protective","sunglasses","whenever","outside","regardless","color","wide","brim","help","shield","eyes","addition","sunglasses","lower","risk","developing","hannah","burton","bustle","good","news","however","darker","color","brown","eyes","susceptible","related","deterioration","retina","leads","impaired","vision","brown","risk","factor","protective","conditions","occurs","less","commonly","brown","eyes","wang","light","absorbed","iris","prominent","pigment","rather","transmitted","reach","deeper","retina","blue","green","eyes","damaging","light","flies","deeper","causing","damage","though","shouldn","protect","vision","brown","eyes","important","wear","sunglasses","hats","keep","light","away","likely","suffer","seasonal","disorder","andrew","zaeh","bustle","research","shown","people","darker","eyes","likely","suffer","seasonal","disorder","known","seasonal","depression","mood","disorder","occurs","generally","winter","months","days","shorter","clear","exact","cause","scientists","believe","something","hormones","trigger","attitude","related","changes","certain","times","lack","daylight","winter","help","color","play","role","studying","participants","determine","extent","mood","varied","seasons","team","researchers","presented","findings","british","psychological","society","conference","found","women","brown","eyes","experienced","changes","mood","lighter","eyes","idea","brown","eyes","absorb","light","prevents","reaching","brain","helps","regulate","mood","author","study","professor","lance","light","entering","brain","causes","decrease","levels","lighter","eyes","filter","light","folks","blue","green","eyes","stable","moods","likely","experience","pain","andrew","zaeh","bustle","research","professor","university","pittsburgh","women","light","eyes","able","tolerate","pain","discomfort","women","brown","eyes","sensitive","study","conducted","small","group","women","gave","birth","found","people","darker","eyes","anxiety","sleep","disturbances","response","pain","experienced","felt","greater","pain","reduction","receiving","pointing","further","higher","sensitivity","likely","ashley","batz","bustle","disease","causes","loss","skin","color","patches","affect","hair","pigment","complications","include","higher","risk","skin","cancer","problems","inflammation","iris","hearing","loss","mayo","clinic","study","university","colorado","school","medicine","tracked","people","identified","genes","linked","predisposition","disease","found","people","disease","significantly","less","likely","blue","gray","eyes","without","doctors","aren","percent","sure","causes","likely","occur","family","members","stressful","events","damage","skin","exposure","chemicals","currently","cure","notice","patches","skin","definitely","point","doctor"]}
