{"authors":[],"date_download":"2018-11-02 12:19:39","date_modify":"2018-11-02 12:19:39","date_publish":"2017-11-28 10:00:00","description":"Holiday guide 2017: Events for families to enjoy in metro Atlanta include Children's Christmas Parade, Macy's Pink Pig and Stone Mountain Christmas","filename":"6holidayeventsthewholefamilywillenjoy_215.json","image_url":"https://www.ajc.com/rf/image_large/Pub/p8/AJC/2017/11/28/Images/newsEngin.20287208_SantaCropped.jpg","language":"en","localpath":"6holidayeventsthewholefamilywillenjoy_215.json","title":"6 holiday events the whole family will enjoy","title_page":"Holiday guide 2017: 6 events in metro Atlanta for families to enjoy","title_rss":"NULL","source_domain":"ajc.com","text":"family nucleus holiday season shopping loved ones dinners friends winter packed activities traditions meant celebrate folks life special events youngest oldest members clan enjoy christmas floats down peachtree street children christmas parade parade held courtesy children healthcare atlanta journal constitution children christmas parade children healthcare atlanta children christmas parade largest christmas parade southeast marching bands costumed characters floats down peachtree street heralding holiday season welcoming santa claus atlanta expect giant reindeer balloons knights real horses saint nick attend breakfast santa four seasons hotel colony square offers parade visit princesses characters christmas crafts square starting tune channel watch parade live unable peachtree street free begins peachtree street 16th street ends peachtree street fifth street 5437 choa parade macy pink children riding priscilla pink iconic images atlanta winter enough snow shake stick pink monorail part city holiday season 1956 original pink located rich department store briefly relocated ride macy lenox square 2003 despite several location changes priscilla remained essentially kids adults pile train ride tent special priscilla plushies pink themed trinkets available purchase gift store ride costs rides cost cost portion proceeds ride donated children healthcare atlanta mondays fridays saturdays sundays closed christmas upper level parking deck macy lenox square 3393 peachtree road atlanta macys celebrations light children museum atlanta sockefeller plaza newest addition children museum atlanta celebrations light museum invites visitors kick shoes slide professor labcoat provides insight activity physics special science show rink floor programming throughout december focuses celebrating posadas hanukkah christmas kwanzaa performances cultural groups sing along songs hear special book readings honor traditions holiday additionally build transforms workshop children craft helicopters cars ball catchers give friends loved ones mondays tuesdays thursdays fridays saturdays sundays children museum atlanta centennial olympic park drive atlanta 5437 childrensmuseumatlanta angela snow angel appears stone mountain christmas runs contributed stone mountain atlanta journal constitution stone mountain christmas stone mountain pulls stops yearly christmas celebration theme park holiday festivities include immersive light show live performances special movie kids croon christmas classics singalong christmas train adults shop hand blown glass homemade fudge presents night rudolph friends parade town floats heralding santa claus rudolph clarice bumble host meet greet kids high five interact beloved cartoon characters christmas list approved today named stone mountain best places santa claus 2008 saturdays sundays closed christmas stone mountain 1000 robert blvd stone mountain 2407 stonemountainpark carter left tutu carter daughter rachel carter enjoy garden lights holiday nights atlanta botanical garden contributed joey ivansco atlanta journal constitution garden lights holiday nights technology nature rarely combine beautifully nature wonders newest light display atlanta botanical garden yearly garden lights holiday nights strings lights hung treetops storza woods bulbs pulse blue purple green accompanying music engulfing attendees luminescent patterns favorite displays light orchestral orbs model train exhibit return yearly celebration exhibition features refreshment options everyone kids roast marshmallows mores adults check cash fridays saturdays sundays thursdays free children atlanta botanical garden 1345 piedmont atlanta 5859 atlantabg watch holiday lights turn garden nights atlanta botanical garden winter wonderland fernbank fernbank annual winter wonderland exhibition honors cultures world trees decorated lights traditional cultural artifacts north america south america africa europe asia line floors museum fernbank hosts holly jolly film fest saturdays throughout december stop museum catch screenings holiday classics charlie brown christmas frosty winter wonderland free museum members ages younger fernbank museum natural history clifton road atlanta 6300 fernbankmuseum","url":"https://www.ajc.com/events/holiday-events-the-whole-family-will-enjoy/dSkBrnlp0agOD3V4PKd65I/","polarityScore":{"sourceTitle":"Atlanta Journal-Constitution","allSidesBias":"left-center","communityAgree":"561","communityDisagree":"580","sourceUrl":"http://www.ajc.com/ "},"processedText":["family","holiday","season","shopping","loved","ones","dinners","friends","winter","packed","activities","traditions","meant","celebrate","folks","life","special","events","youngest","oldest","members","clan","enjoy","christmas","floats","down","peachtree","street","children","christmas","parade","parade","held","courtesy","children","healthcare","atlanta","journal","constitution","children","christmas","parade","children","healthcare","atlanta","children","christmas","parade","largest","christmas","parade","southeast","marching","bands","costumed","characters","floats","down","peachtree","street","holiday","season","welcoming","santa","claus","atlanta","expect","giant","reindeer","balloons","knights","real","horses","saint","nick","attend","breakfast","santa","four","seasons","hotel","colony","square","offers","parade","visit","princesses","characters","christmas","crafts","square","starting","tune","channel","watch","parade","live","unable","peachtree","street","free","begins","peachtree","street","16th","street","ends","peachtree","street","fifth","street","parade","macy","pink","children","riding","pink","iconic","images","atlanta","winter","enough","snow","shake","stick","pink","part","city","holiday","season","1956","original","pink","located","rich","department","store","briefly","relocated","ride","macy","lenox","square","2003","despite","several","location","changes","remained","essentially","kids","adults","pile","train","ride","tent","special","pink","themed","available","purchase","gift","store","ride","costs","rides","cost","cost","portion","proceeds","ride","donated","children","healthcare","atlanta","mondays","fridays","saturdays","sundays","closed","christmas","upper","level","parking","deck","macy","lenox","square","peachtree","road","atlanta","celebrations","light","children","museum","atlanta","plaza","newest","addition","children","museum","atlanta","celebrations","light","museum","invites","visitors","kick","shoes","slide","professor","provides","insight","activity","physics","special","science","show","rink","floor","programming","throughout","december","focuses","celebrating","hanukkah","christmas","performances","cultural","groups","sing","along","songs","hear","special","book","readings","honor","traditions","holiday","additionally","build","transforms","workshop","children","craft","helicopters","cars","ball","give","friends","loved","ones","mondays","tuesdays","thursdays","fridays","saturdays","sundays","children","museum","atlanta","centennial","olympic","park","drive","atlanta","angela","snow","angel","appears","stone","mountain","christmas","runs","contributed","stone","mountain","atlanta","journal","constitution","stone","mountain","christmas","stone","mountain","pulls","stops","yearly","christmas","celebration","theme","park","holiday","festivities","include","immersive","light","show","live","performances","special","movie","kids","christmas","classics","christmas","train","adults","shop","hand","blown","glass","homemade","fudge","presents","night","rudolph","friends","parade","town","floats","santa","claus","rudolph","host","meet","greet","kids","high","five","interact","beloved","cartoon","characters","christmas","list","approved","today","named","stone","mountain","best","places","santa","claus","2008","saturdays","sundays","closed","christmas","stone","mountain","1000","robert","blvd","stone","mountain","carter","left","carter","daughter","rachel","carter","enjoy","garden","lights","holiday","nights","atlanta","botanical","garden","contributed","joey","atlanta","journal","constitution","garden","lights","holiday","nights","technology","nature","rarely","combine","beautifully","nature","wonders","newest","light","display","atlanta","botanical","garden","yearly","garden","lights","holiday","nights","strings","lights","hung","woods","bulbs","pulse","blue","purple","green","accompanying","music","attendees","patterns","favorite","displays","light","model","train","exhibit","return","yearly","celebration","exhibition","features","options","everyone","kids","roast","mores","adults","check","cash","fridays","saturdays","sundays","thursdays","free","children","atlanta","botanical","garden","piedmont","atlanta","watch","holiday","lights","turn","garden","nights","atlanta","botanical","garden","winter","wonderland","fernbank","fernbank","annual","winter","wonderland","exhibition","honors","cultures","world","trees","decorated","lights","traditional","cultural","artifacts","north","america","south","america","africa","europe","asia","line","floors","museum","fernbank","hosts","holly","jolly","film","fest","saturdays","throughout","december","stop","museum","catch","screenings","holiday","classics","charlie","brown","christmas","frosty","winter","wonderland","free","museum","members","ages","younger","fernbank","museum","natural","history","clifton","road","atlanta"]}
