{"authors":["Amanda Chatel"],"date_download":"2018-10-31 00:21:27","date_modify":"2018-10-31 00:21:27","date_publish":"2018-10-05 21:28:07","description":"Although sexuality and sexual desire are very much neurological in nature, that doesn't mean you should ignore your body. Your body, after all, is the one that's doing the physical end of things. So if you're not taking care of yourself, your sex…","filename":"6NutrientDeficienciesThatAffectYourSexLife_216.json","image_url":"https://imgix.bustle.com/uploads/image/2018/10/4/a0262940-f97e-4932-86da-5f3c31b1a355-2t4a0988.jpg?w=1200&h=630&q=70&fit=crop&crop=faces&fm=jpg","language":"en","localpath":"6NutrientDeficienciesThatAffectYourSexLife_216.json","title":"6 Nutrient Deficiencies That Affect Your Sex Life","title_page":"6 Nutrient Deficiencies That Affect Your Sex Life","title_rss":"NULL","source_domain":"bustle.com","text":"although sexuality sexual desire neurological nature mean ignore body body doing physical taking care yourself life affected luckily ways track sometimes simple making sure getting nutrients chinese medicine health including sexual health comes down healthy balance yang energies lyndsay miller dacm doctor acupuncture chinese medicine tells bustle acupuncturist chinese herbalist complaining feeling sexy wanting boost libido look imbalance give diagnosis needles herbs lifestyle adjustments help bring balance eating certain foods keep sexual health happy balance focusing yang energies steps getting life track nutrient deficiencies affect life experts lack omega ashley batz bustle deficient experiencing lack arousal symptoms flashes difficulty regulating temperature miller omega linked increasing bioavailability nitric oxide blood stream thus increasing blood flow great orgasms erections amount omega body miller suggests omega fatty acid supplement straight source shellfish deep water fish lack selenium adrew batz bustle selenium nutrient enough neil grimmer founder habit reduce drive selenium give libido boost increases sperm count foods high protein shellfish chicken eggs brazilian nuts selenium fill lack vitamin andrew zaeh bustle comes libido vitamin deficiency blame grimmer although calcium vitamin hand hand milk cheeses great choices vegetables high vitamin diet kale okra spinach soybeans example good start lack foods ashley bustle foods contributing nutrient deficiency naturally foods necessary keep moving body keep yang deficiencies foods ginger fennel peppers foods spicy moving great yang deficiencies miller yang deficient feel libido tendency feel colder people room lack vitamin andrew zaeh bustle miller vitamin deficiency lower libido slows down testosterone production although usual usually testosterone male hormone women partners relationship lacking vitamin good chance neither interested having vitamin found fish salmon especially great source meats cheese vegetables sweet potato squash collards carrots high vitamin","url":"https://www.bustle.com/p/6-nutrient-deficiencies-that-affect-your-sex-life-12160790","polarityScore":{"sourceTitle":"Bustle","allSidesBias":"left-center","communityAgree":"564","communityDisagree":"566","sourceUrl":"http://www.bustle.com/ "},"processedText":["although","sexuality","sexual","desire","neurological","nature","mean","ignore","body","body","doing","physical","taking","care","yourself","life","affected","luckily","ways","track","sometimes","simple","making","sure","getting","nutrients","chinese","medicine","health","including","sexual","health","comes","down","healthy","balance","yang","energies","miller","doctor","chinese","medicine","tells","bustle","chinese","complaining","feeling","sexy","wanting","boost","look","imbalance","give","diagnosis","needles","herbs","lifestyle","adjustments","help","bring","balance","eating","certain","foods","keep","sexual","health","happy","balance","focusing","yang","energies","steps","getting","life","track","deficiencies","affect","life","experts","lack","omega","ashley","batz","bustle","deficient","experiencing","lack","symptoms","flashes","difficulty","regulating","temperature","miller","omega","linked","increasing","blood","stream","thus","increasing","blood","flow","great","orgasms","amount","omega","body","miller","suggests","omega","fatty","acid","supplement","straight","source","deep","water","fish","lack","batz","bustle","enough","neil","founder","habit","reduce","drive","give","boost","increases","count","foods","high","protein","chicken","eggs","brazilian","nuts","fill","lack","vitamin","andrew","zaeh","bustle","comes","vitamin","deficiency","blame","although","vitamin","hand","hand","milk","cheeses","great","choices","vegetables","high","vitamin","diet","kale","spinach","soybeans","example","good","start","lack","foods","ashley","bustle","foods","contributing","deficiency","naturally","foods","necessary","keep","moving","body","keep","yang","deficiencies","foods","ginger","peppers","foods","spicy","moving","great","yang","deficiencies","miller","yang","deficient","feel","tendency","feel","colder","people","room","lack","vitamin","andrew","zaeh","bustle","miller","vitamin","deficiency","lower","slows","down","testosterone","production","although","usual","usually","testosterone","male","hormone","women","partners","relationship","lacking","vitamin","good","chance","neither","interested","having","vitamin","found","fish","salmon","especially","great","source","meats","cheese","vegetables","sweet","potato","squash","carrots","high","vitamin"]}
