{"authors":["The Food","Dining Team Offers Reviews","Previews","Food News","Fun Bites Food Trends For Metro Atlanta S Vast Food","Dining Scene."],"date_download":"2018-11-02 06:34:19","date_modify":"2018-11-02 06:34:19","date_publish":"2017-08-03 16:00:10","description":"The end of the peach season is nigh, Atlanta, and it wasn’t the best of years for the state fr...","filename":"6peachcocktailstosiparoundAtlanta_218.json","image_url":"https://www.ajc.com/rf/image_large/Pub/p8/AJC/2017/08/02/Images/WPIMAGE_cmgajcfoodandmore_18327.jpg","language":"en","localpath":"6peachcocktailstosiparoundAtlanta_218.json","title":"6 peach cocktails to sip around Atlanta","title_page":"6 peach cocktails to sip around Atlanta","title_rss":"NULL","source_domain":"ajc.com","text":"peach season nigh atlanta wasn best state fruit estimated georgia farmers lost peaches warmer average winter followed deep freeze march killed blooms prematurely flowering trees equal loss nearly million dollars final numbers tallied later summer chefs bartenders metro area taken loss heart buying season peaches hoping give farmers rely daily fresh local produce bartenders particular keeping season peach plucked creating shrubs tinctures cordials bitters fruit cocktails summer drink peach longer cocktails peachtree street photo courtesy cecilia peach cobbler cobbler cocktail simply spirit sugar citrus served crushed cobbles drink named 19th century american concoction cobbler showing menus across country bartenders rediscover charming simple cocktail foundation social eatery roswell created cobbler homage georgia love whiskey peaches refreshing bourbon drink paired peach liqueur scene guests hurry cobbler leaving cocktail menu next week foundation social eatery 1570 holcomb bridge road roswell 8877 foundationatl peachtree street peach inspired sour comprised lemon juice peach liqueur peach syrup shaken stirred muddled basil leaves bump herbal notes topped simple garnish basil peachtree street refreshing lovely warm cecilia 3455 peachtree road atlanta 9995 stceciliaatl papa peach photo courtesy better half elberta fashion eight sushi combines peaches spicy whiskey soothing chamomile subtle sweetness agave dash angostura peachy riff classic fashioned eight sushi lounge howell mill road atlanta 8888 eightsushiatl papa peach love good especially suddenly finds themselves humming along certain madonna song better half located midtown home park neighborhood combines bourbon grappa based amaro nonino house peach shrub recipe below peach bitters bittersweet mellow late summer cocktail better half 14th bldg atlanta 4547 betterhalfatl honeysuckle peach einstein brings southern comfort heart midtown located block peachtree street guests linger shady patio boozy soda cocktail honeysuckle vodka peach puree agave spicy ginger beer topped fizzy water einstein 1077 juniper atlanta 7925 einsteinsatlanta evans city zombie lawrence photo courtesy media evans city zombie classic zombie created donn beachcomber 1934 predates trader decade tiki cocktail delicious dangerous celebration fifth anniversary lawrence beverage manager taylor blackgrave taking zombie mind numbingly level four different types including high octane helps form potent base original combines rums lime pineapple absinthe house peach pearson peaches southern spin tiki classic lawrence juniper atlanta 7177 thelawrenceatlanta create better half peach shrub home shrub terms cocktails rich simple syrup comprised fruit vinegar sugars lends sweetness slight acidity drink process place peaches include pits granulated sugar glass until sugar dissolves place refrigerator rice vinegar sugar dissolves place refrigerator days strain sediment keep stored refrigerator related read coverage atlanta scene reasons consider ordering cocktail drink frozen cocktails atlanta batched cocktails serve next summer party thought canned wines cocktails explore atlanta spring dining guide read stories liking atlanta restaurant scene facebook following atldiningnews twitter ajcdining instagram","url":"https://www.ajc.com/blog/atlanta-restaurants/peach-cocktails-sip-around-atlanta/wwvTmueK0g5p3HP60bOQEI/","polarityScore":{"sourceTitle":"Atlanta Journal-Constitution","allSidesBias":"left-center","communityAgree":"561","communityDisagree":"580","sourceUrl":"http://www.ajc.com/ "},"processedText":["peach","season","atlanta","wasn","best","state","fruit","estimated","georgia","farmers","lost","peaches","warmer","average","winter","followed","deep","freeze","march","killed","prematurely","trees","equal","loss","nearly","million","dollars","final","numbers","tallied","later","summer","chefs","bartenders","metro","area","taken","loss","heart","buying","season","peaches","hoping","give","farmers","rely","daily","fresh","local","produce","bartenders","particular","keeping","season","peach","plucked","creating","bitters","fruit","cocktails","summer","drink","peach","longer","cocktails","peachtree","street","photo","courtesy","cecilia","peach","cobbler","cobbler","cocktail","simply","spirit","sugar","citrus","served","crushed","drink","named","19th","century","american","concoction","cobbler","showing","menus","across","country","bartenders","rediscover","charming","simple","cocktail","foundation","social","eatery","roswell","created","cobbler","homage","georgia","love","whiskey","peaches","refreshing","bourbon","drink","paired","peach","liqueur","scene","guests","hurry","cobbler","leaving","cocktail","menu","next","week","foundation","social","eatery","holcomb","bridge","road","roswell","peachtree","street","peach","inspired","sour","comprised","lemon","juice","peach","liqueur","peach","syrup","shaken","stirred","muddled","basil","leaves","bump","herbal","notes","topped","simple","garnish","basil","peachtree","street","refreshing","lovely","warm","cecilia","peachtree","road","atlanta","papa","peach","photo","courtesy","better","half","fashion","eight","sushi","combines","peaches","spicy","whiskey","soothing","subtle","sweetness","agave","dash","peachy","riff","classic","fashioned","eight","sushi","lounge","howell","mill","road","atlanta","papa","peach","love","good","especially","suddenly","finds","themselves","along","certain","madonna","song","better","half","located","midtown","home","park","neighborhood","combines","bourbon","based","house","peach","recipe","below","peach","bitters","bittersweet","mellow","late","summer","cocktail","better","half","14th","atlanta","peach","einstein","brings","southern","comfort","heart","midtown","located","block","peachtree","street","guests","linger","shady","patio","boozy","soda","cocktail","vodka","peach","puree","agave","spicy","ginger","beer","topped","water","einstein","juniper","atlanta","evans","city","zombie","lawrence","photo","courtesy","media","evans","city","zombie","classic","zombie","created","1934","predates","trader","decade","tiki","cocktail","delicious","dangerous","celebration","fifth","anniversary","lawrence","beverage","manager","taylor","taking","zombie","mind","level","four","different","types","including","high","octane","helps","form","potent","base","original","combines","lime","pineapple","house","peach","pearson","peaches","southern","spin","tiki","classic","lawrence","juniper","atlanta","create","better","half","peach","home","terms","cocktails","rich","simple","syrup","comprised","fruit","vinegar","lends","sweetness","slight","drink","process","place","peaches","include","pits","sugar","glass","until","sugar","place","refrigerator","rice","vinegar","sugar","place","refrigerator","days","strain","sediment","keep","stored","refrigerator","related","read","coverage","atlanta","scene","reasons","consider","ordering","cocktail","drink","frozen","cocktails","atlanta","cocktails","serve","next","summer","party","thought","canned","wines","cocktails","explore","atlanta","spring","dining","guide","read","stories","liking","atlanta","restaurant","scene","facebook","following","atldiningnews","twitter","ajcdining","instagram"]}
