{"authors":["Carina Wolff"],"date_download":"2018-10-31 01:00:32","date_modify":"2018-10-31 01:00:32","date_publish":"2018-10-09 20:42:00","description":"If you have problems sleeping, it might not just be your habits that are causing a problem — something might be wrong with your body's natural clock. There are a number of signs that you have a circadian rhythm disorder, and generally these involve…","filename":"6SignsYouHaveACircadianRhythmDisorder_219.json","image_url":"https://imgix.bustle.com/uploads/image/2018/10/9/bbe36c75-d341-42e2-89c7-786f43c8568e-fotolia_223201435_subscription_monthly_m.jpg?w=1200&h=630&q=70&fit=crop&crop=faces&fm=jpg","language":"en","localpath":"6SignsYouHaveACircadianRhythmDisorder_219.json","title":"6 Signs You Have A Circadian Rhythm Disorder","title_page":"6 Signs You Have A Circadian Rhythm Disorder","title_rss":"NULL","source_domain":"bustle.com","text":"problems sleeping habits causing problem something wrong body natural clock number signs circadian rhythm disorder generally involve issues falling asleep waking body operates daily rhythm temperature hormone levels regulate sleep wake rhythm course severely disrupt sleep patterns circadian rhythm disorder biological clock sync environment traveling clinical psychologist sleep doctor michael breus tells bustle types including advanced sleep phase syndrome delayed sleep phase syndrome hour sleep syndrome although disorder differs slightly involve problematic shift sleep wake cycle caused something internally result something external shift work merck manual getting root circadian rhythm disorder important term effects including greater risk cardiovascular metabolic disorders sleep whack schedule circadian rhythm disorder signs watch experts fall asleep early wake middle night tockphotopro fotolia sleepy earlier people awaken middle night unable fall asleep advanced sleep phase syndrome sleep physician neurologist nate watson tells bustle body clock shifted early resulting early waking early circadian rhythm disorder common older speak doctor symptoms become problem fall asleep weekends weekdays aldecastudio fotolia trouble falling asleep nights workdays requiring early awakening weekends wake later delayed sleep phase syndrome watson opposite body clock pushed late wake late disorder tends happen adolescents sleep wake gets pushed andrew zaeh bustle awaken later hour sleep wake disorder watson disorder develops result failure light send proper signals brain usually occurs compromised vision erratic sleep schedule andrew zaeh bustle erratic sleep sleep consolidated night rather spread throughout night irregular sleep wake disorder watson typically seen people neurodegenerative diseases symptoms include chronic insomnia sleepiness involve fragmented naps rather periods sleep fall asleep travel marko fotolia familiar sensation circadian rhythm disorder trouble falling asleep traveling eastbound multiple zones trouble staying awake traveling westbound multiple zones sleep disorder watson zones cross harder sleep return home schedule resume normal","url":"https://www.bustle.com/p/6-signs-you-have-a-circadian-rhythm-disorder-12197874","polarityScore":{"sourceTitle":"Bustle","allSidesBias":"left-center","communityAgree":"564","communityDisagree":"566","sourceUrl":"http://www.bustle.com/ "},"processedText":["problems","sleeping","habits","causing","problem","something","wrong","body","natural","clock","number","signs","circadian","rhythm","disorder","generally","involve","issues","falling","asleep","waking","body","operates","daily","rhythm","temperature","hormone","levels","regulate","sleep","wake","rhythm","course","severely","disrupt","sleep","patterns","circadian","rhythm","disorder","biological","clock","sync","environment","traveling","clinical","psychologist","sleep","doctor","michael","tells","bustle","types","including","advanced","sleep","phase","syndrome","delayed","sleep","phase","syndrome","hour","sleep","syndrome","although","disorder","differs","slightly","involve","problematic","shift","sleep","wake","cycle","caused","something","internally","result","something","external","shift","work","manual","getting","root","circadian","rhythm","disorder","important","term","effects","including","greater","risk","cardiovascular","disorders","sleep","whack","schedule","circadian","rhythm","disorder","signs","watch","experts","fall","asleep","early","wake","middle","night","fotolia","sleepy","earlier","people","awaken","middle","night","unable","fall","asleep","advanced","sleep","phase","syndrome","sleep","physician","nate","watson","tells","bustle","body","clock","shifted","early","resulting","early","waking","early","circadian","rhythm","disorder","common","older","speak","doctor","symptoms","become","problem","fall","asleep","weekends","weekdays","fotolia","trouble","falling","asleep","nights","requiring","early","awakening","weekends","wake","later","delayed","sleep","phase","syndrome","watson","opposite","body","clock","pushed","late","wake","late","disorder","tends","happen","adolescents","sleep","wake","gets","pushed","andrew","zaeh","bustle","awaken","later","hour","sleep","wake","disorder","watson","disorder","develops","result","failure","light","send","proper","signals","brain","usually","occurs","compromised","vision","erratic","sleep","schedule","andrew","zaeh","bustle","erratic","sleep","sleep","consolidated","night","rather","spread","throughout","night","irregular","sleep","wake","disorder","watson","typically","seen","people","diseases","symptoms","include","chronic","insomnia","involve","fragmented","naps","rather","periods","sleep","fall","asleep","travel","marko","fotolia","familiar","sensation","circadian","rhythm","disorder","trouble","falling","asleep","traveling","eastbound","multiple","zones","trouble","staying","awake","traveling","westbound","multiple","zones","sleep","disorder","watson","zones","cross","harder","sleep","return","home","schedule","resume","normal"]}
