{"authors":["Carina Wolff"],"date_download":"2018-10-31 00:44:13","date_modify":"2018-10-31 00:44:13","date_publish":"2018-10-13 18:00:32","description":"Most of us don't spend too much time analyzing the details of our period, but if you notice something is up with your menstrual cycle, it's worth paying attention to. There are a number of things your period can tell you about your health,…","filename":"6ThingsYourPeriodCanTellYouAboutYourHealth_224.json","image_url":"https://imgix.bustle.com/uploads/image/2018/10/3/0c9e98a6-8bc3-4905-b171-9060d529cc43-cfbd732128baf5053d815760e0609504.jpg?w=1200&h=630&q=70&fit=crop&crop=faces&fm=jpg","language":"en","localpath":"6ThingsYourPeriodCanTellYouAboutYourHealth_224.json","title":"6 Things Your Period Can Tell You About Your Health","title_page":"6 Things Your Period Can Tell You About Your Health","title_rss":"NULL","source_domain":"bustle.com","text":"spend analyzing details period notice something menstrual cycle worth paying attention number period tell health especially comes symptoms seem extreme ordinary something body shouldn ignored feels simple bleeding month period often indicator body period delicate balance several hormones acting together perfect synchronization joseph chang facog parkland health hospital system tells bustle period affected body important notice having irregular period indicate something else wrong body although important note irregular period necessarily indicates larger health issue sometimes bleeding occur nothing period hormones worthy attention doubt seeing doctor help figure something bigger overall worth paying attention period noting anything seems abnormal period trying tell greater health issues experts irregular periods indicate thyroid issue andriano_cz fotolia problems thyroid cause hormonal imbalances show form irregular period overactive underactive thyroid cause issues periods chang cause periods frequent less frequent cases thyroid issue lead period several months irregular periods mean stressed andrew zaeh bustle stress impact menstrual cycle affecting part brain responsible producing hormones noticing changes timing period heavy light experiencing life moving marriage divorce loss changing jobs cause periods become irregular chang irregular periods signal chronic illness andrew zaeh bustle chronic illness kidney issues chronic infections cause overall debilitation body chang cause hormonal imbalance leads irregularity symptoms include heavy bleeding intervals bleeding usually seven days irregular bleeding periods michael guarnaccia reproductive endocrinologist extend fertility painful periods sign endometriosis andrew zaeh bustle addition irregular periods painful periods something important attention chronic painful periods short menstrual cycles less equal days signs endometriosis reproductive health condition causes cells form uterine lining grow shed outside uterus guarnaccia painful periods indicate endometriosis beyond cramping include pain lower stomach areas body heavy bleeding indicate uterus issue andrew zaeh bustle heavy bleeding along irregular cycles spotting indicate abnormalities uterus includes uterine fibroids uterine polyps adenomyosis guarnaccia growths benign require surgery removal important bring doctor heavier normal bleeding heavy bleeding mean iron deficient andrew zaeh bustle experiencing fatigue heavy bleeding sign iron deficient heavy irregular menstrual bleeding often cause iron deficiency anemia women child bearing guarnaccia chronic anemia lead symptoms lethargy shortness breath exertion weakness pallor","url":"https://www.bustle.com/p/6-things-your-period-can-tell-you-about-your-health-12135854","polarityScore":{"sourceTitle":"Bustle","allSidesBias":"left-center","communityAgree":"564","communityDisagree":"566","sourceUrl":"http://www.bustle.com/ "},"processedText":["spend","analyzing","details","period","notice","something","menstrual","cycle","worth","paying","attention","number","period","tell","health","especially","comes","symptoms","seem","extreme","ordinary","something","body","shouldn","ignored","feels","simple","bleeding","month","period","often","indicator","body","period","delicate","balance","several","hormones","acting","together","perfect","joseph","chang","health","hospital","system","tells","bustle","period","affected","body","important","notice","having","irregular","period","indicate","something","else","wrong","body","although","important","note","irregular","period","necessarily","indicates","larger","health","issue","sometimes","bleeding","occur","nothing","period","hormones","worthy","attention","doubt","seeing","doctor","help","figure","something","bigger","overall","worth","paying","attention","period","noting","anything","seems","abnormal","period","trying","tell","greater","health","issues","experts","irregular","periods","indicate","thyroid","issue","fotolia","problems","thyroid","cause","hormonal","show","form","irregular","period","thyroid","cause","issues","periods","chang","cause","periods","frequent","less","frequent","cases","thyroid","issue","lead","period","several","months","irregular","periods","mean","stressed","andrew","zaeh","bustle","stress","impact","menstrual","cycle","affecting","part","brain","responsible","producing","hormones","noticing","changes","timing","period","heavy","light","experiencing","life","moving","marriage","divorce","loss","changing","jobs","cause","periods","become","irregular","chang","irregular","periods","signal","chronic","illness","andrew","zaeh","bustle","chronic","illness","kidney","issues","chronic","infections","cause","overall","body","chang","cause","hormonal","imbalance","leads","symptoms","include","heavy","bleeding","intervals","bleeding","usually","seven","days","irregular","bleeding","periods","michael","reproductive","extend","fertility","painful","periods","sign","andrew","zaeh","bustle","addition","irregular","periods","painful","periods","something","important","attention","chronic","painful","periods","short","menstrual","cycles","less","equal","days","signs","reproductive","health","condition","causes","cells","form","lining","grow","shed","outside","uterus","painful","periods","indicate","beyond","include","pain","lower","stomach","areas","body","heavy","bleeding","indicate","uterus","issue","andrew","zaeh","bustle","heavy","bleeding","along","irregular","cycles","indicate","uterus","includes","benign","require","surgery","removal","important","bring","doctor","heavier","normal","bleeding","heavy","bleeding","mean","iron","deficient","andrew","zaeh","bustle","experiencing","fatigue","heavy","bleeding","sign","iron","deficient","heavy","irregular","menstrual","bleeding","often","cause","iron","deficiency","women","child","bearing","chronic","lead","symptoms","shortness","breath","weakness"]}
