{"authors":["Bustle Studios"],"date_download":"2018-10-31 00:56:19","date_modify":"2018-10-31 00:56:19","date_publish":"2018-10-18 14:01:39","description":"Cuffing season is here, folks! That means it's time to fire up your phones and get to swiping. Love it or hate it, online dating is pretty much the method of meeting any and all attractive strangers these days. And if the stars align perfectly, you…","filename":"6WaysToCutThroughtheBSOfOnlineDating_227.json","image_url":"https://imgix.bustle.com/uploads/image/2018/10/18/6c5b4903-ef06-4b6a-8ef3-3330341f0309-offset_717587.jpg?w=1200&h=630&q=70&fit=crop&crop=faces&fm=jpg","language":"en","localpath":"6WaysToCutThroughtheBSOfOnlineDating_227.json","title":"6 Ways To Cut Through the B.S. Of Online Dating","title_page":"6 Ways To Cut Through the B.S. Of Online Dating","title_rss":"NULL","source_domain":"bustle.com","text":"cuffing season folks means fire phones swiping love hate online dating pretty method meeting attractive strangers days stars align perfectly definitely find soulmate someone decently cool face convenience online dating minefield based platforms dating websites apps full imposters bots unsavory types sport wasting talking serial ghosters talk action crowd people lengthy lists mate shouldn committed helping fight vital farms committed cutting labeling eggs vital farms hens certified humane pasture raised getting square feet roam free please contrast cage free hens often foot space roam talk jump decidedly polluted online dating pool teamed vital farms assemble series tips help adventure roam freely life find flock birds feather flock together online dating world shall highly differentiated religious exists dating site match someone denomination lover find lovers lovers site actively farm guessed help find farmers particular passion special someone share save yourself trouble find dating site caters experience honest aspirational comes filling online dating profile cutting starts home goal relationship start allowing anyone looking profile sense goes physical characteristics actual favorite hobbies supposedly thing sake great selfie kind relationship looking represent yourself online vital farms cartons represent happy hens raised plenty room natural chicken selves golden expand horizons especially bottomless pool online dating sites tempting construct frankenstein monster traits attributes collectively constitute dream date keep mind strongest couples caught surprise type tend stick open people different backgrounds different interests switching hens diet industrial feed incorporate ground grown treats vital farms does switching romance diet serious benefits stay cooped easily stay weeks having conversation conversation results actual date comfort itself totally frustrating avoid staying cooped almost went date limbo nail down rendezvous match early convo engage banter feel person hang calendar afraid bold match means already trust instincts maintaining open mind someone profile gives great vibes endless list negative qualifiers someone describes interest fitness someone simply seems good true probably worth meeting instincts search dates online sure careful attention flags background check homework find eggs coming shame game comes romantic matters find seemingly real person whom connect offline love quick online research various social media sites corroborate personal details contain image face angle kind searching done sparingly beginning sure ahem getting article sponsored vital farms eggs certified humane pasture raised hens learn free eggs message","url":"https://www.bustle.com/p/6-ways-to-cut-through-the-bs-of-online-dating-12156164","polarityScore":{"sourceTitle":"Bustle","allSidesBias":"left-center","communityAgree":"564","communityDisagree":"566","sourceUrl":"http://www.bustle.com/ "},"processedText":["cuffing","season","folks","means","fire","phones","swiping","love","hate","online","dating","pretty","method","meeting","attractive","strangers","days","stars","align","perfectly","definitely","find","soulmate","someone","decently","cool","face","convenience","online","dating","based","platforms","dating","websites","apps","full","bots","unsavory","types","sport","wasting","talking","serial","talk","action","crowd","people","lengthy","lists","mate","shouldn","committed","helping","fight","vital","farms","committed","cutting","labeling","eggs","vital","farms","certified","humane","pasture","raised","getting","square","feet","roam","free","please","contrast","cage","free","often","foot","space","roam","talk","jump","decidedly","polluted","online","dating","pool","teamed","vital","farms","assemble","series","tips","help","adventure","roam","freely","life","find","flock","birds","feather","flock","together","online","dating","world","shall","highly","religious","exists","dating","site","match","someone","denomination","lover","find","lovers","lovers","site","actively","farm","guessed","help","find","farmers","particular","passion","special","someone","share","save","yourself","trouble","find","dating","site","experience","honest","aspirational","comes","filling","online","dating","profile","cutting","starts","home","goal","relationship","start","allowing","anyone","looking","profile","sense","goes","physical","characteristics","actual","favorite","hobbies","supposedly","thing","sake","great","selfie","kind","relationship","looking","represent","yourself","online","vital","farms","represent","happy","raised","plenty","room","natural","chicken","selves","golden","expand","especially","bottomless","pool","online","dating","sites","tempting","construct","frankenstein","monster","traits","attributes","collectively","constitute","dream","date","keep","mind","strongest","couples","caught","surprise","type","tend","stick","open","people","different","backgrounds","different","interests","switching","diet","industrial","feed","incorporate","ground","grown","treats","vital","farms","does","switching","romance","diet","serious","benefits","stay","easily","stay","weeks","having","conversation","conversation","results","actual","date","comfort","itself","totally","frustrating","avoid","staying","almost","went","date","limbo","nail","down","match","early","engage","banter","feel","person","hang","calendar","afraid","bold","match","means","already","trust","instincts","maintaining","open","mind","someone","profile","gives","great","vibes","endless","list","negative","someone","describes","interest","fitness","someone","simply","seems","good","true","probably","worth","meeting","instincts","search","dates","online","sure","careful","attention","flags","background","check","homework","find","eggs","coming","shame","game","comes","romantic","matters","find","seemingly","real","person","whom","connect","offline","love","quick","online","research","various","social","media","sites","corroborate","personal","details","contain","image","face","angle","kind","searching","done","beginning","sure","ahem","getting","article","sponsored","vital","farms","eggs","certified","humane","pasture","raised","learn","free","eggs","message"]}
