{"authors":["Salma Haidrani"],"date_download":"2018-10-31 01:16:56","date_modify":"2018-10-31 01:16:56","date_publish":"2018-10-09 05:10:11","description":"There’s no doubt that women in the workplace have historically faced significant challenges, be it low pay, lack of advancement, or fewer promotions, compared with their male counterparts. But when you factor in being a woman of colour at work,…","filename":"6WomenofColourOnTheMicroaggressionsTheyFaceInTheBritishWorkplace_228.json","image_url":"https://imgix.bustle.com/uploads/image/2018/8/15/a94ca0f2-f946-4ad2-bd67-f4f25c3b15d2-stocksy_txpe35a93dexc3200_small_1346040.jpg?w=1200&h=630&q=70&fit=crop&crop=faces&fm=jpg","language":"en","localpath":"6WomenofColourOnTheMicroaggressionsTheyFaceInTheBritishWorkplace_228.json","title":"6 Women of Colour On The Microaggressions They Face In The British Workplace","title_page":"6 Women of Colour On The Microaggressions They Face In The British Workplace","title_rss":"NULL","source_domain":"bustle.com","text":"doubt women workplace historically faced significant challenges lack advancement fewer promotions compared male counterparts factor woman colour work climbing career ladder often significantly challenging recent research university california centre worklife found often asked office housework consequently hindering opportunities promoted hijab wearing european muslim women face passed jobs comply employers request remove something european court justice ruled 2017 does constitute direct discrimination structural inequalities challenging navigate though prominent dialogue issues helping number industries embracing diverse workforce adobe recent survey found percent respondents advertising industry agreed diverse workforce priority creative industry percent millennials agreeing significant priority meanwhile likes community platforms project noir provide needed support network people colour navigating creative industries driverse launching late 2018 world workplace review website represented communities including lgbtq individuals women disabilities intersections barriers faced persist four professional female seekers ethnic sounding names changed names sound british study nottx found 2016 reports women equalities committee found muslim women times likely looking average british woman wearing headscarf decrease muslim chance hired workforce progressive seem surface find asked women colour experiences navigating modern workforce perils securing microaggressions experienced fully representative clear workplace claim fully inclusive reflects modern workforce daniella receptionist speak higher pitch sound street black woman colleagues stereotype speak firstly look hair natural hair deemed unprofessional corporate world limited express myself stuck hairstyle short twisted braids neat tidy look threatening work afro friday extremely nervous reactions boss colleagues expected talk office white colleagues wanted touch hair people straightening hair went throughout duration shift caucasian woman though highlights trim hair completely different colour gives grief speak comes fire clients major companies predominantly southern accents grew south london speak higher pitch order sound threatening ghetto street sometimes slip talk normal pitch faces twitch fear cold lost voice someone complained attitude boss talk black person woman entire workplace identify comes culture caribbean someone relate black someone discuss black shows talk slang phrases means ideal world person colour hired home friends family feel daniella dani advertising senior account manager reveal full name sounds foreign colleagues practising muslim drink alcohol find myself constantly having excuses join work drinks less effort decline drinking tonight stems wanting different wanting people feel awkward wanting muslim revealing faith hamper career progression feel surely thinks good observed ramadan workplace fear judged ostracised muslim fasting staff team talk pityingly islam sound barbaric allowing water fast friends different company complained colleagues breath suggested stupid fasting summer deep down environment fast definitely worked dubai malaysia leave early lunch hour adopted anglicised pronunciation name young reveal full name sounds islamic foreign suspect percent negatively affect search interview opportunities definitely played role named aidan wouldn deal internalised prejudice younger wear coloured contacts lighten hair look caucasian though longer find workplace less different appear accepted amina marketing assistant freelance writer watering down faith best shot climbing career ladder feel muslims myself feel watering down faith workplace best shot climbing career ladder shame surprising woman colour already difficult enough navigate workplace alone visibly muslim taking prayer break minutes eating halal food fasting work seen religious times lied needed toilet whenever pray often receive look comment instead dashed nearest storage room hoping equipment next minutes felt lasted hours shouldn nerve wracking situation remember praying fellow colleague kept muttering loud enough bloody pray home felt crushed sujood prayer position completely lost focus walking room awkward couldn bring myself anything started plan prayer schedules delay taking lunch people office colleagues angry structural barriers hold women believe different compromised faith probably glad confident myself starting though zeynep business ordinator given speaking racist jokes work small family business members staff white british background turkish cypriot background company large turnaround office temporary staff majority always subjected racial banter permanent staff giving nicknames terry terrorist mocking accents phone racist jokes thrown carelessly office quite often regard affect apply family especially accents part given speaking joke affects happened summer mentioned black pride girlfriend permanent members staff mentioned early pride finish good black people curfews wouldn stuff stare funny makes feel ashamed work shortened name easier everyone repeat hundred times recently appeared game show full name knew family cyprus watching appeared show mentioned colleagues tweets making name nickname name shouldn exist difficult pronounce find disappointing started working workplace advocacy lgbtq rights founders support pride seems best worlds either hide relationship turkish cypriot heritage dilute heritage accepted queer woman work sales assistant colleague lifted braids work cosmetics brand black woman feel othered shop floor white colleagues discussing colleagues nowhere pretty black girl colleague intervened confronted compliment shocked incident caught completely guard black girl listening conversation supposed feel pretty white girl irritating always judged european standards beauty standard colleague lifted braids claimed seen black person braids trying understand attached asked violating experience touch without permission poked prodded understand curious fine line extremely exhausting navigating micro aggressions worrying report management head making mentioned separate incident white male manager head didn look jess marketing manager patted head black ghanaian descent british moved amsterdam march 2016 started good gets landed respected creative agency thought finally didn turn hell premise amsterdam positions itself world progressive accepting cities white numerous occasions pulled meetings token clients explicitly requested diverse teams meetings assigned role whatsoever questioned didn dehumanising quite conflicted call perceived team player question value company whether good tick raised agency focus efforts diversity inclusion down happen black alone bear burden having someone head accusing aggressive addressed micro aggressions minefield lasted advice ahead moving abroad seek communities identify become support system luckily found facebook group amsterdam black women amsterdam people seem quite happy live progressiveness zwarte piet annual practice white people blackening faces strong comparatively quite honest conversation often problems pretends less interviews edited length clarity names changed","url":"https://www.bustle.com/p/6-women-of-colour-on-the-microaggressions-they-face-in-the-british-workplace-10117790","polarityScore":{"sourceTitle":"Bustle","allSidesBias":"left-center","communityAgree":"564","communityDisagree":"566","sourceUrl":"http://www.bustle.com/ "},"processedText":["doubt","women","workplace","historically","faced","significant","challenges","lack","advancement","fewer","promotions","compared","male","counterparts","factor","woman","colour","work","climbing","career","ladder","often","significantly","challenging","recent","research","university","california","centre","found","often","asked","office","consequently","opportunities","promoted","hijab","wearing","european","muslim","women","face","passed","jobs","comply","employers","request","remove","something","european","court","justice","ruled","2017","does","constitute","direct","discrimination","structural","inequalities","challenging","navigate","though","prominent","dialogue","issues","helping","number","industries","embracing","diverse","workforce","recent","survey","found","percent","respondents","advertising","industry","agreed","diverse","workforce","priority","creative","industry","percent","millennials","agreeing","significant","priority","meanwhile","likes","community","platforms","project","provide","needed","support","network","people","colour","navigating","creative","industries","launching","late","2018","world","workplace","review","website","represented","communities","including","lgbtq","individuals","women","disabilities","intersections","barriers","faced","persist","four","professional","female","seekers","ethnic","sounding","names","changed","names","sound","british","study","found","2016","reports","women","committee","found","muslim","women","times","likely","looking","average","british","woman","wearing","decrease","muslim","chance","hired","workforce","progressive","seem","surface","find","asked","women","colour","experiences","navigating","modern","workforce","perils","securing","experienced","fully","representative","clear","workplace","claim","fully","inclusive","reflects","modern","workforce","speak","higher","pitch","sound","street","black","woman","colleagues","stereotype","speak","firstly","look","hair","natural","hair","deemed","corporate","world","limited","express","myself","stuck","short","twisted","braids","neat","tidy","look","threatening","work","afro","friday","extremely","nervous","reactions","boss","colleagues","expected","talk","office","white","colleagues","wanted","touch","hair","people","hair","went","throughout","duration","shift","caucasian","woman","though","highlights","trim","hair","completely","different","colour","gives","grief","speak","comes","fire","clients","major","companies","predominantly","southern","accents","grew","south","london","speak","higher","pitch","order","sound","threatening","ghetto","street","sometimes","slip","talk","normal","pitch","faces","fear","cold","lost","voice","someone","complained","attitude","boss","talk","black","person","woman","entire","workplace","identify","comes","culture","caribbean","someone","relate","black","someone","discuss","black","shows","talk","slang","phrases","means","ideal","world","person","colour","hired","home","friends","family","feel","dani","advertising","senior","account","manager","reveal","full","name","sounds","foreign","colleagues","muslim","drink","alcohol","find","myself","constantly","having","excuses","join","work","drinks","less","effort","decline","drinking","tonight","stems","wanting","different","wanting","people","feel","awkward","wanting","muslim","revealing","faith","hamper","career","progression","feel","surely","thinks","good","observed","ramadan","workplace","fear","judged","muslim","fasting","staff","team","talk","islam","sound","barbaric","allowing","water","fast","friends","different","company","complained","colleagues","breath","suggested","stupid","fasting","summer","deep","down","environment","fast","definitely","worked","malaysia","leave","early","lunch","hour","adopted","name","young","reveal","full","name","sounds","islamic","foreign","suspect","percent","negatively","affect","search","interview","opportunities","definitely","played","role","named","wouldn","deal","prejudice","younger","wear","contacts","lighten","hair","look","caucasian","though","longer","find","workplace","less","different","appear","accepted","marketing","assistant","freelance","writer","watering","down","faith","best","shot","climbing","career","ladder","feel","muslims","myself","feel","watering","down","faith","workplace","best","shot","climbing","career","ladder","shame","surprising","woman","colour","already","difficult","enough","navigate","workplace","alone","visibly","muslim","taking","prayer","break","minutes","eating","food","fasting","work","seen","religious","times","lied","needed","toilet","whenever","pray","often","receive","look","comment","instead","nearest","storage","room","hoping","equipment","next","minutes","felt","lasted","hours","shouldn","nerve","wracking","situation","remember","praying","fellow","colleague","kept","loud","enough","bloody","pray","home","felt","crushed","prayer","position","completely","lost","focus","walking","room","awkward","couldn","bring","myself","anything","started","plan","prayer","schedules","delay","taking","lunch","people","office","colleagues","angry","structural","barriers","hold","women","believe","different","compromised","faith","probably","glad","confident","myself","starting","though","business","given","speaking","racist","jokes","work","small","family","business","members","staff","white","british","background","turkish","background","company","large","turnaround","office","temporary","staff","majority","always","subjected","racial","banter","permanent","staff","giving","nicknames","terry","terrorist","mocking","accents","phone","racist","jokes","thrown","office","quite","often","regard","affect","apply","family","especially","accents","part","given","speaking","joke","affects","happened","summer","mentioned","black","pride","girlfriend","permanent","members","staff","mentioned","early","pride","finish","good","black","people","wouldn","stuff","stare","funny","makes","feel","ashamed","work","shortened","name","easier","everyone","repeat","hundred","times","recently","appeared","game","show","full","name","knew","family","watching","appeared","show","mentioned","colleagues","tweets","making","name","nickname","name","shouldn","exist","difficult","find","disappointing","started","working","workplace","advocacy","lgbtq","rights","founders","support","pride","seems","best","worlds","either","hide","relationship","turkish","heritage","heritage","accepted","queer","woman","work","sales","assistant","colleague","lifted","braids","work","cosmetics","brand","black","woman","feel","shop","floor","white","colleagues","discussing","colleagues","nowhere","pretty","black","girl","colleague","intervened","confronted","compliment","shocked","incident","caught","completely","guard","black","girl","listening","conversation","supposed","feel","pretty","white","girl","irritating","always","judged","european","standards","beauty","standard","colleague","lifted","braids","claimed","seen","black","person","braids","trying","understand","attached","asked","violating","experience","touch","without","permission","poked","understand","curious","fine","line","extremely","exhausting","navigating","micro","worrying","report","management","head","making","mentioned","separate","incident","white","male","manager","head","didn","look","jess","marketing","manager","head","black","descent","british","moved","amsterdam","march","2016","started","good","gets","landed","respected","creative","agency","thought","finally","didn","turn","hell","premise","amsterdam","positions","itself","world","progressive","accepting","cities","white","numerous","occasions","pulled","meetings","token","clients","explicitly","requested","diverse","teams","meetings","assigned","role","whatsoever","questioned","didn","quite","conflicted","call","perceived","team","player","question","value","company","whether","good","tick","raised","agency","focus","efforts","diversity","inclusion","down","happen","black","alone","bear","burden","having","someone","head","accusing","aggressive","addressed","micro","lasted","advice","ahead","moving","abroad","seek","communities","identify","become","support","system","luckily","found","facebook","group","amsterdam","black","women","amsterdam","people","seem","quite","happy","live","annual","practice","white","people","faces","strong","comparatively","quite","honest","conversation","often","problems","pretends","less","interviews","edited","length","clarity","names","changed"]}
