{"authors":["Jessica Booth"],"date_download":"2018-10-31 00:23:12","date_modify":"2018-10-31 00:23:12","date_publish":"2018-10-05 20:36:21","description":"One of the most popular Halloween costume choices is a Disney princess. You see at least one Disney princess costume out and about every single year — but more likely almost all of them, in various forms. There's the classic take on the look, which…","filename":"6ZombieDisneyPrincessHalloweenCostumeIdeasToPutACreepySpinOnYourFaveFairytale_229.json","image_url":"https://imgix.bustle.com/uploads/image/2018/10/5/e653a753-d5b1-4b50-bdda-73abae27c2d6-mermaid.jpg?w=1200&h=630&q=70&fit=crop&crop=faces&fm=jpg","language":"en","localpath":"6ZombieDisneyPrincessHalloweenCostumeIdeasToPutACreepySpinOnYourFaveFairytale_229.json","title":"6 Zombie Disney Princess Halloween Costume Ideas To Put A Creepy Spin On Your Fave Fairytale","title_page":"6 Zombie Disney Princess Halloween Costume Ideas To Put A Creepy Spin On Your Fave Fairytale","title_rss":"NULL","source_domain":"bustle.com","text":"popular halloween costume choices disney princess least disney princess costume single likely almost various forms classic look includes authentic costume simple makeup sexy version princesses usually means shorter dress resemble disney princess outfit always halloween classic dress disney princess look stand easily turning princess zombie princess creepy perfect spooky vibes difficult making zombie disney princess halloween costume definitely something look standard costume princess choice pretty easy find costume ready basically destroy adding rips splattering fake blood maybe creating burn marks important part look though makeup turn face something looks dead creepy together disney princess costumes shown exactly zombie certainly costume unique ariel mermaid amazon adult mermaid costume amazon ariel costumes always turn zombie standard ariel costume fake blood maybe rips tail makes look authentic though makeup below tutorial shows ariel zombie makeup complete hook mouth glam gore youtube princess aurora sleeping beauty walmart disney princess aurora costume walmart sleeping beauty innocent costume until turn bloody zombie below makeup sleepless sleeping beauty zombie look creepy kind relatable glam gore youtube snow white snow white seven dwarfs disney snow white costume adults disguise disney snow white popular disney princess costume young women yours stand looking dead below makeup tutorial turns super creepy snow white zombie quite elaborate tutorials nice spend hours upon hours makeup fake blood maybe poison apple accessory melanie hardy youtube cinderella cinderella halloween express women cinderella prestige costume halloween express turn sweet cinderella spooky cinderella lots fake blood gore below makeup tutorial faint heart pull definitely worth zombie cinderella famous heel sticking face amazing shonagh scott youtube belle beauty beast party city adult belle costume party city belle costume sweet innocent change zombie version princess rips tears below makeup tutorial sense zombie belle super creepy glam gore youtube","url":"https://www.bustle.com/p/6-zombie-disney-princess-halloween-costume-ideas-to-put-a-creepy-spin-on-your-fave-fairytale-12122821","polarityScore":{"sourceTitle":"Bustle","allSidesBias":"left-center","communityAgree":"564","communityDisagree":"566","sourceUrl":"http://www.bustle.com/ "},"processedText":["popular","halloween","costume","choices","disney","princess","least","disney","princess","costume","single","likely","almost","various","forms","classic","look","includes","authentic","costume","simple","makeup","sexy","version","princesses","usually","means","shorter","dress","resemble","disney","princess","outfit","always","halloween","classic","dress","disney","princess","look","stand","easily","turning","princess","zombie","princess","creepy","perfect","spooky","vibes","difficult","making","zombie","disney","princess","halloween","costume","definitely","something","look","standard","costume","princess","choice","pretty","easy","find","costume","ready","basically","destroy","adding","fake","blood","maybe","creating","burn","marks","important","part","look","though","makeup","turn","face","something","looks","dead","creepy","together","disney","princess","costumes","shown","exactly","zombie","certainly","costume","unique","ariel","mermaid","amazon","adult","mermaid","costume","amazon","ariel","costumes","always","turn","zombie","standard","ariel","costume","fake","blood","maybe","tail","makes","look","authentic","though","makeup","below","tutorial","shows","ariel","zombie","makeup","complete","hook","mouth","glam","gore","youtube","princess","aurora","sleeping","beauty","walmart","disney","princess","aurora","costume","walmart","sleeping","beauty","innocent","costume","until","turn","bloody","zombie","below","makeup","sleepless","sleeping","beauty","zombie","look","creepy","kind","relatable","glam","gore","youtube","snow","white","snow","white","seven","disney","snow","white","costume","adults","disguise","disney","snow","white","popular","disney","princess","costume","young","women","yours","stand","looking","dead","below","makeup","tutorial","turns","super","creepy","snow","white","zombie","quite","elaborate","tutorials","nice","spend","hours","upon","hours","makeup","fake","blood","maybe","poison","apple","accessory","melanie","hardy","youtube","cinderella","cinderella","halloween","express","women","cinderella","prestige","costume","halloween","express","turn","sweet","cinderella","spooky","cinderella","lots","fake","blood","gore","below","makeup","tutorial","faint","heart","pull","definitely","worth","zombie","cinderella","famous","heel","sticking","face","amazing","scott","youtube","belle","beauty","beast","party","city","adult","belle","costume","party","city","belle","costume","sweet","innocent","change","zombie","version","princess","tears","below","makeup","tutorial","sense","zombie","belle","super","creepy","glam","gore","youtube"]}
