{"authors":["Erin Kelly"],"date_download":"2018-10-31 00:33:17","date_modify":"2018-10-31 00:33:17","date_publish":"2018-10-01 21:51:03","description":"Let’s be real: The archetype of a bridal shower is not super exciting. No matter how much you love someone, watching them open up gifts for hours at a time just isn’t all that fun. At times, it can even be a bit awkward—especially when duplicate…","filename":"7BridalShowerIdeasThatArentSuperDone_231.json","image_url":"https://imgix.bustle.com/uploads/image/2018/9/26/6d25d0a3-5588-4fa3-b77f-388e5f07e7f9-offset_comp_489406.jpg?w=1200&h=630&q=70&fit=crop&crop=faces&fm=jpg","language":"en","localpath":"7BridalShowerIdeasThatArentSuperDone_231.json","title":"7 Bridal Shower Ideas That Aren't Super Done","title_page":"7 Bridal Shower Ideas That Aren't Super Done","title_rss":"NULL","source_domain":"bustle.com","text":"real archetype bridal shower super exciting matter love someone watching open gifts hours times awkward especially duplicate gifts start getting unboxed supposed happy gracious couple asks donate favorite charity lieu bringing presents good news bridal showers events beyond opening gifts ambiance activities food drinks bridal showers align bride personal interests provide unique opportunity family members friends couple getting hitched ahead main event wedding reunion meet greet skeptical okay fact expected help anyone looking unique personalized experience seven bridal shower ideas aren mill super done decorate succulents flowers beautiful course using collection tiny succulents table centerpieces instead flowers decor guest choose favorite home choose lawn games clich typical bridal shower games feel forced honestly sometimes inspire nervous giggles real guffaws keep casual offer lawn games cornhole bocci ball giant jenga guests able mingle naturally bride break spotlight offer cupcake decorating station interactive mention delicious spin dessert cupcake decorating station literal treat sure sweet success guests pick variety different toppings frostings choose crafty vanilla desire stock several cupcake decorating kits bride favorite candy options toppings guests town host hashtag competition bridal shower games feel tiny interrogations someone knows future life partner shouldn committed instead host wedding hashtag contest guests infuse healthy competition event super helpful bride determining best share social media invite everyone bridal showers needed women events anyway consider expanding guest list merrier concoct signature drinks special occasion calls champagne concoct signature drink occasion mimosa display chic mason pitcher interactive element asking guests guess exact ingredients whoever gets takes home prize something totally different comes bridal shower traditional route ditch typical catering hall something personalized maybe bridal shower involves aerial yoga flow followed brunch mimosas interactive pizza making class professional chef options endless","url":"https://www.bustle.com/p/7-bridal-shower-ideas-that-arent-super-done-12054525","polarityScore":{"sourceTitle":"Bustle","allSidesBias":"left-center","communityAgree":"564","communityDisagree":"566","sourceUrl":"http://www.bustle.com/ "},"processedText":["real","bridal","shower","super","exciting","matter","love","someone","watching","open","gifts","hours","times","awkward","especially","duplicate","gifts","start","getting","supposed","happy","gracious","couple","asks","donate","favorite","charity","lieu","bringing","presents","good","news","bridal","showers","events","beyond","opening","gifts","activities","food","drinks","bridal","showers","align","bride","personal","interests","provide","unique","opportunity","family","members","friends","couple","getting","hitched","ahead","main","event","wedding","reunion","meet","greet","skeptical","okay","fact","expected","help","anyone","looking","unique","personalized","experience","seven","bridal","shower","ideas","aren","mill","super","done","decorate","flowers","beautiful","course","using","collection","tiny","table","instead","flowers","decor","guest","choose","favorite","home","choose","lawn","games","clich","typical","bridal","shower","games","feel","forced","honestly","sometimes","inspire","nervous","real","keep","casual","offer","lawn","games","ball","giant","guests","able","mingle","naturally","bride","break","spotlight","offer","cupcake","decorating","station","interactive","mention","delicious","spin","dessert","cupcake","decorating","station","literal","treat","sure","sweet","success","guests","pick","variety","different","toppings","choose","crafty","vanilla","desire","stock","several","cupcake","decorating","kits","bride","favorite","candy","options","toppings","guests","town","host","hashtag","competition","bridal","shower","games","feel","tiny","someone","knows","future","life","partner","shouldn","committed","instead","host","wedding","hashtag","contest","guests","healthy","competition","event","super","helpful","bride","determining","best","share","social","media","invite","everyone","bridal","showers","needed","women","events","anyway","consider","expanding","guest","list","concoct","signature","drinks","special","occasion","calls","champagne","concoct","signature","drink","occasion","display","chic","mason","pitcher","interactive","element","asking","guests","guess","exact","ingredients","whoever","gets","takes","home","prize","something","totally","different","comes","bridal","shower","traditional","route","ditch","typical","catering","hall","something","personalized","maybe","bridal","shower","involves","aerial","yoga","flow","followed","brunch","interactive","pizza","making","class","professional","chef","options","endless"]}
