{"authors":["Brandi Neal"],"date_download":"2018-10-31 00:18:55","date_modify":"2018-10-31 00:18:55","date_publish":"2018-10-15 21:54:19","description":"If you followed the Dear David saga on Twitter, or you've seen any paranormal-themed movie, then the idea of being haunted probably terrifies you and intrigues you at the same time. Despite the scare factor, many people are curious about what it's…","filename":"7CreepySignsYoureBeingHauntedByAnActualGhostWhatToDoAboutIt_234.json","image_url":"https://imgix.bustle.com/uploads/image/2018/10/12/c0449dbd-840d-42c9-b805-23c0ffa0bb9d-fotolia_60687131_subscription_monthly_m.jpg?w=1200&h=630&q=70&fit=crop&crop=faces&fm=jpg","language":"en","localpath":"7CreepySignsYoureBeingHauntedByAnActualGhostWhatToDoAboutIt_234.json","title":"7 Creepy Signs You’re Being Haunted By An Actual Ghost & What To Do About It","title_page":"7 Creepy Signs You’re Being Haunted By An Actual Ghost & What To Do About It","title_rss":"NULL","source_domain":"bustle.com","text":"followed dear david saga twitter seen paranormal themed movie idea haunted probably terrifies intrigues despite scare factor people curious encounter supernatural creepiest signs haunted include unexplained sights sounds temperature changes objects moving unexplained physical injuries short ghost friendly sounds pretty unnerving especially live alone maybe haunting movie poltergeist kitchen chairs start rearranging themselves however stops funny carol anne gets sucked movie franchise rumored cursed number actors meeting early demise haunting experiences believer pretty content shut myself ghost world sometimes ghostly hauntings intense believers believers sometimes ghosts faint adept tune psychic pick energy waves kitty fields paranormal writer explained exemplore whether feel probably ghost hanging fear ghost haunting lookout creepy signs objects moving giphy signs haunting easily explained believers point causing strange experiences however unless someone playing scary joke objects house aren move seen books thrown invisible force watched grown camera hand drop camera ground something strangling ghost hunter greg newkirk reader digest happens call ghostbusters asap strange sights giphy totally happened woke middle night nights barking shadowy figure hovering bedroom fields shadows peripheral vision flickering lights electronics objects seeming switch places positions turned figures dark clear signs haunting hands feelings watched giphy watched someone experience intense feeling causes look sights starts happening regular alone worth investigating history home anything creepy happened feel alone home cold chills move throughout room newkirk noted feeling watched sometimes whispers awoken middle night feeling somebody standing phantom mania giphy creepiest sign haunting hands means ghost friendly fields phantom mania refers feeling someone holding down sleep waking unexplained bites scratches bruises body happens asap persistent electrical problems giphy ghost wants presence known decide mess electricity website author paranormal investigator joni mayan explained disruption electronics ghost powering itself however added sometimes actual electrical problems identified allow investigators debunk haunting call ghostbusters consult electrician unexplained sounds giphy joel sutherland author haunted canada volume strange sounds commonly reported sign haunting yahoo news canada noted unexplained sounds attributed supernatural always case people often report hearing voices rooms sometimes sounds person speaking moaning crying times people report hearing seems conversation perhaps spirits room nobody","url":"https://www.bustle.com/p/7-creepy-signs-youre-being-haunted-by-actual-ghost-what-to-do-about-it-12234082","polarityScore":{"sourceTitle":"Bustle","allSidesBias":"left-center","communityAgree":"564","communityDisagree":"566","sourceUrl":"http://www.bustle.com/ "},"processedText":["followed","dear","david","saga","twitter","seen","paranormal","themed","movie","idea","haunted","probably","terrifies","despite","scare","factor","people","curious","encounter","supernatural","creepiest","signs","haunted","include","unexplained","sights","sounds","temperature","changes","objects","moving","unexplained","physical","injuries","short","ghost","friendly","sounds","pretty","especially","live","alone","maybe","haunting","movie","poltergeist","kitchen","chairs","start","themselves","however","stops","funny","carol","anne","gets","sucked","movie","franchise","rumored","cursed","number","actors","meeting","early","demise","haunting","experiences","believer","pretty","content","shut","myself","ghost","world","sometimes","ghostly","hauntings","intense","believers","believers","sometimes","ghosts","faint","adept","tune","psychic","pick","energy","waves","kitty","fields","paranormal","writer","explained","whether","feel","probably","ghost","hanging","fear","ghost","haunting","lookout","creepy","signs","objects","moving","giphy","signs","haunting","easily","explained","believers","point","causing","strange","experiences","however","unless","someone","playing","scary","joke","objects","house","aren","move","seen","books","thrown","invisible","force","watched","grown","camera","hand","drop","camera","ground","something","ghost","hunter","greg","reader","digest","happens","call","asap","strange","sights","giphy","totally","happened","woke","middle","night","nights","barking","shadowy","figure","hovering","bedroom","fields","shadows","peripheral","vision","lights","electronics","objects","seeming","switch","places","positions","turned","figures","dark","clear","signs","haunting","hands","feelings","watched","giphy","watched","someone","experience","intense","feeling","causes","look","sights","starts","happening","regular","alone","worth","investigating","history","home","anything","creepy","happened","feel","alone","home","cold","chills","move","throughout","room","noted","feeling","watched","sometimes","whispers","middle","night","feeling","somebody","standing","phantom","mania","giphy","creepiest","sign","haunting","hands","means","ghost","friendly","fields","phantom","mania","refers","feeling","someone","holding","down","sleep","waking","unexplained","bites","body","happens","asap","persistent","electrical","problems","giphy","ghost","wants","presence","known","decide","mess","electricity","website","author","paranormal","investigator","explained","disruption","electronics","ghost","powering","itself","however","added","sometimes","actual","electrical","problems","identified","allow","investigators","haunting","call","consult","unexplained","sounds","giphy","joel","sutherland","author","haunted","canada","volume","strange","sounds","commonly","reported","sign","haunting","yahoo","news","canada","noted","unexplained","sounds","attributed","supernatural","always","case","people","often","report","hearing","voices","rooms","sometimes","sounds","person","speaking","crying","times","people","report","hearing","seems","conversation","perhaps","spirits","room","nobody"]}
