{"authors":["Kyli Rodriguez-Cayro"],"date_download":"2018-10-31 01:31:41","date_modify":"2018-10-31 01:31:41","date_publish":"2018-10-07 18:35:29","description":"It's the beginning of October, which means two seasons are quickly approaching: The holiday season, and unfortunately, the beginning of the 2018-2019 flu season. Though many people do not understand the safety and efficacy of the flu shot, it is the…","filename":"7FluShotMythsThatNeedToBeDebunkedASAP_239.json","image_url":"https://imgix.bustle.com/uploads/getty/2018/10/4/25428c9f-6bf5-48e3-b536-8a153431ecf2-getty-460693002.jpg?w=1200&h=630&q=70&fit=crop&crop=faces&fm=jpg","language":"en","localpath":"7FluShotMythsThatNeedToBeDebunkedASAP_239.json","title":"7 Flu Shot Myths That Need To Be Debunked ASAP","title_page":"7 Flu Shot Myths That Need To Be Debunked ASAP","title_rss":"NULL","source_domain":"bustle.com","text":"beginning october means seasons quickly approaching holiday season unfortunately beginning 2018 2019 season though people understand safety efficacy shot best protection against dangerous infection fact rumored side effects probably heard vaccine shot cause true shot myths contribute misinformation leading people shot dangerous people vulnerable worse people already immunocompromised unable shot relying others shot prevent spread disease fellow bustler mercado reported week discovered people united states died 2017 highest mortality rate recorded four decades meaning prepping ahead protecting yourself vaccine crucial staying healthy season experts predicted season begin peak until december window shot coworkers friends family start calling sick days course vaccine sneak until december concerns shot seven myths debunk vaccine shot ineffective justin sullivan getty images news getty images viral infection virus constantly mutates creates strains illness meaning vaccine protect against strain however mean vaccine vaccination prevented estimated million influenza illnesses million influenza associated medical visits influenza associated hospitalizations 2016 2017 influenza season healthy people shot people assume typically healthy shot unfortunately true immune getting shot always best towards protected furthermore people immunocompomised vaccine depend healthy people shot avoid spreading infection people cannot protected justin sullivan getty images news getty images simply important stay date latest vaccine means getting single virus multitude different strains scientists researchers constantly updating vaccination effective against strain predicted common coming season shot give pervasive myths shot getting cause mayo clinic explains vaccine give develop symptoms despite getting vaccine variety reasons includes exposed virus shot takes effect contracting different strain virus having adverse side effects vaccine important note however studies shown percent people shot experience negative reaction salmonella vaccine boyle getty images news getty images common vaccines using based manufacturing process despite produced eggs cannot salmonella poisoning shot wall street journal reported 2010 eggs vaccines commercial food farms tested vigorously pathogens reported study published december determine shot safe people allergies mess muscle people claim shot mess muscle myth cause temporary muscle pain tenderness necessarily thing university pittsburgh professor director pittvax richard zimmerman explained popular science 2017 pain means vaccine doing shot poisonous spencer platt getty images news getty images controversial beliefs vaccine ingredients poisonous sick does contain small traces ingredients poisonous large doses formaldehyde preservatives thimerosal healthline reported studies overwhelmingly found shot safe","url":"https://www.bustle.com/p/7-flu-shot-myths-that-need-to-be-debunked-asap-12149935","polarityScore":{"sourceTitle":"Bustle","allSidesBias":"left-center","communityAgree":"564","communityDisagree":"566","sourceUrl":"http://www.bustle.com/ "},"processedText":["beginning","october","means","seasons","quickly","approaching","holiday","season","unfortunately","beginning","2018","2019","season","though","people","understand","safety","efficacy","shot","best","protection","against","dangerous","infection","fact","rumored","side","effects","probably","heard","vaccine","shot","cause","true","shot","myths","contribute","misinformation","leading","people","shot","dangerous","people","vulnerable","worse","people","already","unable","shot","relying","others","shot","prevent","spread","disease","fellow","reported","week","discovered","people","united","states","died","2017","highest","mortality","rate","recorded","four","decades","meaning","prepping","ahead","protecting","yourself","vaccine","crucial","staying","healthy","season","experts","predicted","season","begin","peak","until","december","window","shot","coworkers","friends","family","start","calling","sick","days","course","vaccine","sneak","until","december","concerns","shot","seven","myths","vaccine","shot","ineffective","justin","sullivan","getty","images","news","getty","images","viral","infection","virus","constantly","creates","strains","illness","meaning","vaccine","protect","against","strain","however","mean","vaccine","vaccination","prevented","estimated","million","illnesses","million","associated","medical","visits","associated","2016","2017","season","healthy","people","shot","people","assume","typically","healthy","shot","unfortunately","true","immune","getting","shot","always","best","towards","protected","furthermore","people","vaccine","depend","healthy","people","shot","avoid","spreading","infection","people","cannot","protected","justin","sullivan","getty","images","news","getty","images","simply","important","stay","date","latest","vaccine","means","getting","single","virus","multitude","different","strains","scientists","researchers","constantly","updating","vaccination","effective","against","strain","predicted","common","coming","season","shot","give","pervasive","myths","shot","getting","cause","mayo","clinic","explains","vaccine","give","develop","symptoms","despite","getting","vaccine","variety","reasons","includes","exposed","virus","shot","takes","effect","contracting","different","strain","virus","having","adverse","side","effects","vaccine","important","note","however","studies","shown","percent","people","shot","experience","negative","reaction","salmonella","vaccine","boyle","getty","images","news","getty","images","common","vaccines","using","based","manufacturing","process","despite","produced","eggs","cannot","salmonella","poisoning","shot","wall","street","journal","reported","2010","eggs","vaccines","commercial","food","farms","tested","vigorously","reported","study","published","december","determine","shot","safe","people","allergies","mess","muscle","people","claim","shot","mess","muscle","myth","cause","temporary","muscle","pain","tenderness","necessarily","thing","university","pittsburgh","professor","director","richard","zimmerman","explained","popular","science","2017","pain","means","vaccine","doing","shot","poisonous","spencer","platt","getty","images","news","getty","images","controversial","beliefs","vaccine","ingredients","poisonous","sick","does","contain","small","traces","ingredients","poisonous","large","doses","healthline","reported","studies","overwhelmingly","found","shot","safe"]}
