{"authors":["Carolyn Steber"],"date_download":"2018-10-31 01:11:52","date_modify":"2018-10-31 01:11:52","date_publish":"2018-10-17 19:24:17","description":"In many ways, high-functioning anxiety is the same as any other type of anxiety, in terms of the way it feels. But one of the key differences is that sufferers are able to tamp it down, hide it, or find a way to use it to their advantage. In the…","filename":"7ImportantThingsTherapistsWishEveryoneKnewAboutHighFunctioningAnxiety_244.json","image_url":"https://imgix.bustle.com/uploads/image/2018/10/17/8ce70947-e733-4df5-b985-82faa1d35b3e-zaeh_bustle_apr2016-129.jpg?w=1200&h=630&q=70&fit=crop&crop=faces&fm=jpg","language":"en","localpath":"7ImportantThingsTherapistsWishEveryoneKnewAboutHighFunctioningAnxiety_244.json","title":"7 Important Things Therapists Wish Everyone Knew About High-Functioning Anxiety","title_page":"7 Important Things Therapists Wish Everyone Knew About High-Functioning Anxiety","title_rss":"NULL","source_domain":"bustle.com","text":"ways high functioning anxiety type anxiety terms feels differences sufferers able tamp down hide find advantage process start feel problem therapists high functioning anxiety mental health issue distress causing individual despite seeming lack readily identifiable negative impacts ability function real clinical psychotherapist jeremy montemarano tells bustle real individual suffering high functioning anxiety individual suffering normal anxiety literally experiencing symptoms significant complications ability function daily life words though cause feel completely incapacitated anxiety disorder consider making healthy lifestyle changes order better manage along lines exercising doing yoga getting sleep seeing therapist asking anxiety medication therapists wish everyone knew high functioning anxiety including looks ways impact seem beneficial andrew zaeh bustle people high functioning anxiety strive prepared prepared times order control outcomes primary manage anxiety jennifer guttman author path sustainable life satisfaction tells bustle example meticulously plot work hold yourself impossible standard sign differs course simply enjoying organized calendar wanting done timely fashion high functioning anxiety hyper strict schedule becomes coping feelings ways creates anxiety thus healthiest cope others likely view highly confident andrew zaeh bustle high functioning anxiety cause structured highly organized turn friends coworkers assume supremely confident together stemming anxiety people high functioning anxiety mask effectively feel anxiety room guttman feel confident person attendance everyone different comes reasons hide anxiety often maintaining appearances doing whatever hiding exhausting ashley batz bustle whether downplaying symptoms purpose without realizing constantly ignoring exhausting mental physical physiological effects wearing feeling though wear mask wellness trying manage hidden anxiety depletes functional resources montemarano important acknowledge feeling anxious able necessary steps feel better include adding self care routine getting sleep seeing therapist start crave hannah burton bustle always thought yourself achiever someone fueled anxiety note something people high functioning anxiety common people high functioning anxiety often anxiety advance careers towards personal goal worrying incessantly project work belief earn promotion therapist julie williamson tells bustle sustainable healthy live appear struggling outside eventually internal symptoms catch kind negative impact physical health relationships feeling burned williamson important find healthier outlets manage form anxiety anxiety anxiety hannah burton bustle found despite fact feel anxious important remember symptoms real dealt asap williamson struggle high functioning anxiety typically experience similar symptoms struggle functioning anxiety including racing thoughts ruminating incessant worry tempting continue ignoring afraid reach help speaking therapist learn healthier ways cope anxiety burn thing stress hannah burton bustle everyone occasionally feels stressed work overwhelmed busy schedule difference everyday stress actual anxiety anxiety obvious physical symptoms clammy palms meeting important call desire call sick upset stomach racing heart difficulty breathing regularly maria shifrin clinical psychologist tells bustle spiral despite able function people functional anxiety seem find satisfaction lives start blame themselves people culprit likely something treatable shifrin almost always living perpetually anxious easily irritable state leads problems loved ones coworkers course eventually dissolves ones self confidence sure speak help","url":"https://www.bustle.com/p/7-important-things-therapists-wish-everyone-knew-about-high-functioning-anxiety-12264017","polarityScore":{"sourceTitle":"Bustle","allSidesBias":"left-center","communityAgree":"564","communityDisagree":"566","sourceUrl":"http://www.bustle.com/ "},"processedText":["ways","high","functioning","anxiety","type","anxiety","terms","feels","differences","sufferers","able","down","hide","find","advantage","process","start","feel","problem","therapists","high","functioning","anxiety","mental","health","issue","distress","causing","individual","despite","seeming","lack","readily","identifiable","negative","impacts","ability","function","real","clinical","psychotherapist","jeremy","tells","bustle","real","individual","suffering","high","functioning","anxiety","individual","suffering","normal","anxiety","literally","experiencing","symptoms","significant","complications","ability","function","daily","life","words","though","cause","feel","completely","incapacitated","anxiety","disorder","consider","making","healthy","lifestyle","changes","order","better","manage","along","lines","exercising","doing","yoga","getting","sleep","seeing","therapist","asking","anxiety","medication","therapists","wish","everyone","knew","high","functioning","anxiety","including","looks","ways","impact","seem","beneficial","andrew","zaeh","bustle","people","high","functioning","anxiety","strive","prepared","prepared","times","order","control","outcomes","primary","manage","anxiety","jennifer","author","path","sustainable","life","satisfaction","tells","bustle","example","meticulously","plot","work","hold","yourself","impossible","standard","sign","differs","course","simply","enjoying","organized","calendar","wanting","done","timely","fashion","high","functioning","anxiety","hyper","strict","schedule","becomes","coping","feelings","ways","creates","anxiety","thus","healthiest","cope","others","likely","view","highly","confident","andrew","zaeh","bustle","high","functioning","anxiety","cause","structured","highly","organized","turn","friends","coworkers","assume","supremely","confident","together","stemming","anxiety","people","high","functioning","anxiety","mask","effectively","feel","anxiety","room","feel","confident","person","attendance","everyone","different","comes","reasons","hide","anxiety","often","maintaining","appearances","doing","whatever","hiding","exhausting","ashley","batz","bustle","whether","downplaying","symptoms","purpose","without","realizing","constantly","ignoring","exhausting","mental","physical","physiological","effects","wearing","feeling","though","wear","mask","wellness","trying","manage","hidden","anxiety","functional","resources","important","acknowledge","feeling","anxious","able","necessary","steps","feel","better","include","adding","self","care","routine","getting","sleep","seeing","therapist","start","crave","hannah","burton","bustle","always","thought","yourself","someone","fueled","anxiety","note","something","people","high","functioning","anxiety","common","people","high","functioning","anxiety","often","anxiety","advance","careers","towards","personal","goal","worrying","incessantly","project","work","belief","earn","promotion","therapist","julie","williamson","tells","bustle","sustainable","healthy","live","appear","struggling","outside","eventually","internal","symptoms","catch","kind","negative","impact","physical","health","relationships","feeling","burned","williamson","important","find","healthier","outlets","manage","form","anxiety","anxiety","anxiety","hannah","burton","bustle","found","despite","fact","feel","anxious","important","remember","symptoms","real","dealt","asap","williamson","struggle","high","functioning","anxiety","typically","experience","similar","symptoms","struggle","functioning","anxiety","including","racing","thoughts","incessant","worry","tempting","continue","ignoring","afraid","reach","help","speaking","therapist","learn","healthier","ways","cope","anxiety","burn","thing","stress","hannah","burton","bustle","everyone","occasionally","feels","stressed","work","overwhelmed","busy","schedule","difference","everyday","stress","actual","anxiety","anxiety","obvious","physical","symptoms","palms","meeting","important","call","desire","call","sick","upset","stomach","racing","heart","difficulty","breathing","regularly","maria","clinical","psychologist","tells","bustle","spiral","despite","able","function","people","functional","anxiety","seem","find","satisfaction","lives","start","blame","themselves","people","culprit","likely","something","treatable","almost","always","living","perpetually","anxious","easily","irritable","state","leads","problems","loved","ones","coworkers","course","eventually","ones","self","confidence","sure","speak","help"]}
