{"authors":["Jr Thorpe"],"date_download":"2018-10-31 00:58:48","date_modify":"2018-10-31 00:58:48","date_publish":"2018-10-12 17:30:09","description":"The new season of This Is Us is getting praise for tackling the subject of IVF, as Kate (Chrissy Metz) and Toby (Chris Sullivan) start the process of in-vitro fertilization to try to have a family. The show brings much-needed awareness around the…","filename":"7MythsAboutIVFThatNeedToBeShutDownASAP_246.json","image_url":"https://imgix.bustle.com/uploads/image/2018/10/12/c153a766-69c0-4ecb-83e0-e7f4b940ce12-nup_183778_3682.JPG?w=1200&h=630&q=70&fit=crop&crop=faces&fm=jpg","language":"en","localpath":"7MythsAboutIVFThatNeedToBeShutDownASAP_246.json","title":"7 Myths About IVF That Need To Be Shut Down ASAP","title_page":"7 Myths About IVF That Need To Be Shut Down ASAP","title_rss":"NULL","source_domain":"bustle.com","text":"season getting praise tackling subject kate chrissy metz toby chris sullivan start process vitro fertilization family show brings needed awareness topic critics suggesting show promoting certain myths major plotlines resonating viewers suggestion show kate weight makes process difficult impossible plenty myths process abound harder people informed choice procedure process complicated person whose eggs procedure takes course fertility boosting drugs eggs harvested fertilized sperm healthiest resulting embryos person body hope producing pregnancy planned parenthood center disease control records 2016 assisted fertility cycles across united states vast majority resulting live births people explore possibility starting family important clear myths works discuss aspects aren black white appear screen seven myths talk watching weight mean work giphy kate doctor initially balks undergoing weight changing mind allowing procedure episode happen real life study journal women health 2015 looked procedure outcomes cycles women younger wide range bmis body mass index though none classified underweight body mass index scientists showed apparent effect cycles pregnancy rates eggs retrieved number suitable embryos fertilized eggs pregnancy rates essentially across women study study 2018 bigger sample size across involving women found results complicated study women labelled overweight obese likely levels usable embryos different factors consider particularly fact obesity often defined term factors affecting fertility including polycystic ovary syndrome kate close relationship weight doctors australia fighting change guidelines currently recommend clinics offer procedure women considered obese denied obese christine greves health necessarily fair doctors perform procedure women average weight health issues everything risk benefit alternative freezing eggs weaker chrissy teigen husband john legend open fact children born miles born frozen embryo early round thawed implanted successfully body later freezing leftover embryos option couples cycle evidence causes embryos harm fertility expert caitlin dunne wrote huffington post 2017 freezing does harm embryos freezer burn noted almost healthy embryos survive freezing warming process research suggests babies born frozen embryos higher rate birth defects compared fresh embryos children produced different kids giphy babies subject studies sure process safe results pretty clear conceived seem affect substantial evidence babies conceived fresh embryo transfer born smaller spontaneously conceived babies professor nick macklon london women clinic group wrote however differences appear significant term consequences babies healthy parents naturally conceived children study 2017 found effect future heath born baby automatically multiples definitely likely multiple births twins triplets instance pregnancy decide multiple embryos implanted hope least however guarantee victoria walker fertility clinic institut marqu evening standard 2017 cent natural pregnancies result birth twins cent however pointed common fertility clinics single embryo transfer rather recommending multiple ones result twins rarer hormone treatments guarantee moody unstable giphy crazy prone mood swings response shifting hormones natural menstrual cycle produce feelings irritability sadness reason fertility drugs given boost production impact estrogen levels estrogen levels lead feelings depression anxiety irritability bloating nausea breast soreness occur caitlin dunne huffington post raise risk cancer studies 2013 2016 busted myth pretty positively followed women undergone fertility treatments diagnoses ovarian breast cancer found provided apparent rise risk developing either study 2018 women clearly breast gynecological cancer risk women undergone minimal myth supported science help pregnant stephen lovekin getty images entertainment getty images hollywood appears abound women successfully pregnant halle berry brigitte neilsen janet jackson women does lower success rate woman percent miscarriage rate declining quality quantity women health expert sherry ross bustle earlier 2018 women doing eggs study percent success rate however donor eggs eggs frozen younger chances better though guaranteed","url":"https://www.bustle.com/p/7-myths-about-ivf-that-need-to-be-shut-down-asap-12226481","polarityScore":{"sourceTitle":"Bustle","allSidesBias":"left-center","communityAgree":"564","communityDisagree":"566","sourceUrl":"http://www.bustle.com/ "},"processedText":["season","getting","praise","tackling","subject","kate","chrissy","metz","toby","chris","sullivan","start","process","family","show","brings","needed","awareness","topic","critics","suggesting","show","promoting","certain","myths","major","viewers","suggestion","show","kate","weight","makes","process","difficult","impossible","plenty","myths","process","abound","harder","people","informed","choice","procedure","process","complicated","person","whose","eggs","procedure","takes","course","fertility","boosting","drugs","eggs","harvested","healthiest","resulting","embryos","person","body","hope","producing","pregnancy","planned","parenthood","center","disease","control","records","2016","assisted","fertility","cycles","across","united","states","vast","majority","resulting","live","births","people","explore","possibility","starting","family","important","clear","myths","works","discuss","aspects","aren","black","white","appear","screen","seven","myths","talk","watching","weight","mean","work","giphy","kate","doctor","initially","undergoing","weight","changing","mind","allowing","procedure","episode","happen","real","life","study","journal","women","health","2015","looked","procedure","outcomes","cycles","women","younger","wide","range","body","mass","index","though","none","classified","body","mass","index","scientists","showed","apparent","effect","cycles","pregnancy","rates","eggs","number","suitable","embryos","eggs","pregnancy","rates","essentially","across","women","study","study","2018","bigger","sample","size","across","involving","women","found","results","complicated","study","women","overweight","obese","likely","levels","usable","embryos","different","factors","consider","particularly","fact","obesity","often","defined","term","factors","affecting","fertility","including","ovary","syndrome","kate","close","relationship","weight","doctors","australia","fighting","change","guidelines","currently","recommend","clinics","offer","procedure","women","considered","obese","denied","obese","christine","health","necessarily","fair","doctors","perform","procedure","women","average","weight","health","issues","everything","risk","benefit","alternative","freezing","eggs","weaker","chrissy","teigen","husband","john","legend","open","fact","children","born","miles","born","frozen","early","round","successfully","body","later","freezing","leftover","embryos","option","couples","cycle","evidence","causes","embryos","harm","fertility","expert","caitlin","wrote","huffington","post","2017","freezing","does","harm","embryos","freezer","burn","noted","almost","healthy","embryos","survive","freezing","warming","process","research","suggests","babies","born","frozen","embryos","higher","rate","birth","defects","compared","fresh","embryos","children","produced","different","kids","giphy","babies","subject","studies","sure","process","safe","results","pretty","clear","conceived","seem","affect","substantial","evidence","babies","conceived","fresh","transfer","born","smaller","spontaneously","conceived","babies","professor","nick","london","women","clinic","group","wrote","however","differences","appear","significant","term","consequences","babies","healthy","parents","naturally","conceived","children","study","2017","found","effect","future","heath","born","baby","automatically","definitely","likely","multiple","births","twins","instance","pregnancy","decide","multiple","embryos","hope","least","however","guarantee","victoria","walker","fertility","clinic","evening","standard","2017","cent","natural","pregnancies","result","birth","twins","cent","however","pointed","common","fertility","clinics","single","transfer","rather","recommending","multiple","ones","result","twins","hormone","treatments","guarantee","moody","unstable","giphy","crazy","prone","mood","swings","response","shifting","hormones","natural","menstrual","cycle","produce","feelings","irritability","sadness","reason","fertility","drugs","given","boost","production","impact","estrogen","levels","estrogen","levels","lead","feelings","depression","anxiety","irritability","nausea","breast","soreness","occur","caitlin","huffington","post","raise","risk","cancer","studies","2013","2016","busted","myth","pretty","positively","followed","women","undergone","fertility","treatments","diagnoses","ovarian","breast","cancer","found","provided","apparent","rise","risk","developing","either","study","2018","women","clearly","breast","cancer","risk","women","undergone","minimal","myth","supported","science","help","pregnant","stephen","getty","images","entertainment","getty","images","hollywood","appears","abound","women","successfully","pregnant","berry","brigitte","janet","jackson","women","does","lower","success","rate","woman","percent","miscarriage","rate","declining","quality","quantity","women","health","expert","sherry","ross","bustle","earlier","2018","women","doing","eggs","study","percent","success","rate","however","donor","eggs","eggs","frozen","younger","chances","better","though","guaranteed"]}
