{"authors":["Lea Rose Emery"],"date_download":"2018-10-31 00:46:12","date_modify":"2018-10-31 00:46:12","date_publish":"2018-10-10 15:51:33","description":"Even though planning a modern wedding allows for plenty of opportunities to think outside the box, many weddings still feel heavily weighed down by outdated traditions that just don't make any sense today. But Modern Rebel, an alternative event…","filename":"7OutdatedWeddingTraditionsAndHowToHaveAnInclusivePartyInstead_248.json","image_url":"https://imgix.bustle.com/uploads/image/2018/10/10/1923bdbf-a18a-4e4f-9a98-8845f6cf22f3-fotolia_192595273_subscription_monthly_m.jpg?w=1200&h=630&q=70&fit=crop&crop=faces&fm=jpg","language":"en","localpath":"7OutdatedWeddingTraditionsAndHowToHaveAnInclusivePartyInstead_248.json","title":"7 Outdated Wedding Traditions - And How To Have An Inclusive Party Instead","title_page":"7 Outdated Wedding Traditions — And How To Have An Inclusive Party Instead","title_rss":"NULL","source_domain":"bustle.com","text":"though planning modern wedding allows plenty opportunities outside weddings feel heavily weighed down outdated traditions sense today modern rebel alternative event planning company helping couples throw outdated wedding ideas favor modern inclusive celebrations weddings inclusive throw idea wedding ainsley blattel lead planner shackelford founder modern rebel tell bustle assumptions approach planning process means couples identify love party look lots problematic aspects traditional wedding female perspective women traditionally objectified wedding process down language biggest changes seen modern couples change language ceremony blattel shackelford wedding traditions stem women literally property language framed transfer ownership woman involved 2018 women aren down instead couples embracing personalization weddings finding ways inclusive throwing rule book point side inclusivity coin wedding industry often dominated white christian leaning vendors modern rebel tries balance sourcing diverse vendors bring views ideas wedding planning process outdated trends ditch inclusive party instead bride does work andrew zaeh bustle planning wedding afraid friends help totally acceptable expect partner split task wedding planning becoming collaboration partners instead something bride expected handle solo blattel shackelford mindset does planning tells show thankfully gone instead couples approaching event team taking equal responsibly planning couple darunechka fotolia although modern weddings less narcissistic days give wedding modern feel guests shift focus blattel shackelford marriage people love parties bring couple family friends loved ones space magical night celebration noticing people putting focus party better experience communities pitting single women against dmyto fotolia negative images women painted weddings desperate married nice hear couples moving away traditions uncomfortable feel free throw window reception seeing less bouquet garter tosses blattel shackelford making spectacle single women room couples priority lists thankfully neither sexually objectifying woman publicly removing article clothing tossing crowd guys lined eagerly waiting sorry archaic language ruslan1117 fotolia language ceremony getting swapped modern interpretation marriage ceremony people ditching kiss bride pronounce husband wife seal vows kiss pronounce married blattel shackelford update language however feel stick script father giveaway halfpoint fotolia idea father giving away bride creepiest wedding traditions passed allowing luckily changing people likely walk down aisle parents days including groom blattel shackelford guys start ceremony standing altar waiting essentially woman delivery taking moment spotlight stand parents partner enter stage relationship solid ground start building relationship feel free parents involved someone else entirely walk down aisle give yourself away bride groom language andrii fotolia people ditch bride groom terminology altogether inclusive ourselves revamped forms earlier allowing person pick word feels best whether bride groom individual wedding femme swiffe legit rebels identified recently playing broom combo bride groom didn feel comfortable either term blattel shackelford always pronouns straight couples plenty women feel bride baggage comes feel free inventive","url":"https://www.bustle.com/p/7-outdated-wedding-traditions-how-to-have-inclusive-party-instead-12193407","polarityScore":{"sourceTitle":"Bustle","allSidesBias":"left-center","communityAgree":"564","communityDisagree":"566","sourceUrl":"http://www.bustle.com/ "},"processedText":["though","planning","modern","wedding","allows","plenty","opportunities","outside","weddings","feel","heavily","weighed","down","outdated","traditions","sense","today","modern","rebel","alternative","event","planning","company","helping","couples","throw","outdated","wedding","ideas","favor","modern","inclusive","celebrations","weddings","inclusive","throw","idea","wedding","blattel","lead","planner","shackelford","founder","modern","rebel","tell","bustle","assumptions","approach","planning","process","means","couples","identify","love","party","look","lots","problematic","aspects","traditional","wedding","female","perspective","women","traditionally","wedding","process","down","language","biggest","changes","seen","modern","couples","change","language","ceremony","blattel","shackelford","wedding","traditions","stem","women","literally","property","language","framed","transfer","ownership","woman","involved","2018","women","aren","down","instead","couples","embracing","weddings","finding","ways","inclusive","throwing","rule","book","point","side","inclusivity","coin","wedding","industry","often","dominated","white","christian","leaning","vendors","modern","rebel","tries","balance","sourcing","diverse","vendors","bring","views","ideas","wedding","planning","process","outdated","trends","ditch","inclusive","party","instead","bride","does","work","andrew","zaeh","bustle","planning","wedding","afraid","friends","help","totally","acceptable","expect","partner","split","task","wedding","planning","becoming","collaboration","partners","instead","something","bride","expected","handle","solo","blattel","shackelford","mindset","does","planning","tells","show","thankfully","gone","instead","couples","approaching","event","team","taking","equal","responsibly","planning","couple","fotolia","although","modern","weddings","less","narcissistic","days","give","wedding","modern","feel","guests","shift","focus","blattel","shackelford","marriage","people","love","parties","bring","couple","family","friends","loved","ones","space","magical","night","celebration","noticing","people","putting","focus","party","better","experience","communities","pitting","single","women","against","fotolia","negative","images","women","painted","weddings","desperate","married","nice","hear","couples","moving","away","traditions","uncomfortable","feel","free","throw","window","reception","seeing","less","bouquet","blattel","shackelford","making","spectacle","single","women","room","couples","priority","lists","thankfully","neither","sexually","woman","publicly","removing","article","clothing","tossing","crowd","guys","lined","eagerly","waiting","sorry","archaic","language","fotolia","language","ceremony","getting","swapped","modern","interpretation","marriage","ceremony","people","ditching","kiss","bride","husband","wife","seal","vows","kiss","married","blattel","shackelford","update","language","however","feel","stick","script","father","giveaway","fotolia","idea","father","giving","away","bride","creepiest","wedding","traditions","passed","allowing","luckily","changing","people","likely","walk","down","aisle","parents","days","including","groom","blattel","shackelford","guys","start","ceremony","standing","altar","waiting","essentially","woman","delivery","taking","moment","spotlight","stand","parents","partner","enter","stage","relationship","solid","ground","start","building","relationship","feel","free","parents","involved","someone","else","entirely","walk","down","aisle","give","yourself","away","bride","groom","language","fotolia","people","ditch","bride","groom","terminology","altogether","inclusive","ourselves","revamped","forms","earlier","allowing","person","pick","word","feels","best","whether","bride","groom","individual","wedding","legit","rebels","identified","recently","playing","combo","bride","groom","didn","feel","comfortable","either","term","blattel","shackelford","always","pronouns","straight","couples","plenty","women","feel","bride","baggage","comes","feel","free","inventive"]}
