{"authors":["John Hayward"],"date_download":"2018-10-30 20:12:00","date_modify":"2018-10-30 20:12:00","date_publish":"2017-07-07 01:42:42","description":"7 cautionary tales of people who were arrested for social media posts in countries across the world for a variety of reasons.","filename":"7PeopleWhoGotArrestedforSocialMediaPostsAroundtheWorld_249.json","image_url":"https://media.breitbart.com/media/2017/07/VariousArrestedSocialMedia.jpg","language":"en","localpath":"7PeopleWhoGotArrestedforSocialMediaPostsAroundtheWorld_249.json","title":"7 People Who Got Arrested for Social Media Posts Around the World","title_page":"7 People Who Got Arrested for Social Media Posts Around the World | Breitbart","title_rss":"NULL","source_domain":"breitbart.com","text":"contemplate fallout effort hunt down intimidate creator second comedy video note people jailed world social media posts happens governments cyber vigilantes start deciding certain hateful individuals longer deserve privilege online anonymity note elastic definition hate speech become hands authoritarians turkish doctor notices president erdogan looks gollum bilgin ciftci posted photo collage comparing turkish president recep tayyip erdogan gollum lord rings outraging erdogan government tolkien fans everywhere unlike tolkien fans erdogan power throw ciftci jail offense insulting president considered actionable hate speech turkey obama rodeo clown sense ciftci escape expenses paid trip mordor turkish prison hinged arguing gollum tragic hero finds redemption story followed moments later incineration probably detail defense team linger upon team lord rings experts brought assess literary merits claim comparing erdogan gollum felony insult less expert director blockbuster lord rings films peter jackson chipped arguing erdogan gollum facial expressions corresponded ruined hobbit joyful sweet alter smeagol defense tried arguing erdogan president controversial image posted merely prime minister ciftci lost hospital trial began ultimately acquitted charges avoiding jail sentence however compared erdogan gollum rifat cetin convicted offense given suspended prison sentence accompanied loss parental rights ciftci cetin among people accused prosecutors insulting erdogan political career cyberbullying indonesia indonesia online speech codes give prosecutors broad powers pursue post texts pictures videos memes deemed incite fear cause embarrassment somehow concept cyberbullying stretched include criticism public officials complaining lousy service hospital possible bully entire town student florence sihombing discovered magazine reported april 2015 given month jail sentence months probation fine calling town yogyakarta poor stupid uncultured advising friends avoid place apologizing profusely government citizens town gained nothing social media prosecutions described case mother wisni yetty friend facebook chat husband abusing five months prison fine defaming husband knew remarks hacked facebook account thing indonesia prides itself having constitutional guarantee free speech country draconian electronic information transaction wholeheartedly embraces idea beloved american leftists repeated times apologists days hate speech protected free speech resulting legal regime land jail days hatefully accusing politician corruption blogging dangerously burma blogger phone latt burma myanmar arrested 2008 disrupting security stability restoration order influential website praise world speaking truth power 2007 military crackdown offenses included publishing satirical cartoons junta chief shwe possessing recording banned comedy show given total twenty jail utterly horrid jail released broad presidential amnesty order 2012 sentencing named list 2010 turned halfway prison sentence salute jailed activist written salman rushdie myanmar jailing people frisky exercises free speech military junta mostly replaced elected government 2015 activist arrested posting photo someone else stepping photo military commander chief online wiseguy arrested posting facebook opposition leader aung wearing clothes color military uniform aung went lead myanmar government phone latt seat parliament week considering amendments draconian speech code theory criminalizes telecommunications systems extort threaten obstruct defame disturb inappropriately influence intimidate probably sounds reasonable americans falling love free speech recent youtube video puts singapore teen behind bars amos prosecuted 2015 criticizing deceased politician founding prime minister kuan criticisms leveled seven minute video broadside people afraid criticize government wasted justifying criticism prosecuting sedition busted hate speech offenses utterances against christians deliberate intent wound religious feelings lawyer filed complaint against utterance question accused kuan followers worshipping jesus limit freedom speech line separating freedom offence crossed person face consequences lawyer explained sentiment applause distressing number americans amendment sort invisible exception hateful words amos discovered hate speech laws handy government wants clobber politically inconvenient gadflies ended fleeing world great redoubt free expression united states seek asylum country oppressive laws immigration judge granted asylum request decision pending appeal dismay human rights activists singapore country boasts constitutional free speech guarantee adds restrictions freedom expression interests maintaining social harmony chinese blogger jailed spreading fake news course nobody mistake china bastion free speech useful consider cautionary tale ostensibly reasonable limitations free speech 2014 china began jailing people spreading rumors impact society seriously harm social order words threw blogger named zhihui jail spreading fake news china version twitter reports earned prison sentence claim beijing paid millions dollars hush money foreigner died train crash claim chinese civil servants forced cross donations help china look charitable groveling apology duress crossed line seriously damaged honor reputation others claimed didn information circulated allegedly libelous tweets false good hundreds bloggers detained alongside critics nakedly political reasons having pride communist party preserving social order civilized justification using tweets throw somebody jail individual jailed rumor crackdown chinese american blogger charles released bail poor health exceptionally moving public apology chinese state television russian pokemon enthusiast narrowly avoids slammer russia colorful free speech disasters involved cheeky atheist blogger named ruslan sokolovsky posted youtube video playing pokemon church mocking christianity among described jesus rarest pokemons regretted inability catch wound half suspended sentence plus hours community service jailed members girl band pussy riot 2012 staging protest cathedral defended prosecution sokolovsky arguing behaved rudely church aggressively violating understood perfectly however charges against sokolovsky expressly video uploaded blog posts wrote mocking russian orthodox religion sentence included order remove nine videos youtube channel avoid mass gatherings entirety suspended sentence human rights watch notes sokolovsky specifically prosecuted insulting religious feelings russian orthodox believers removed evolving american idea certain groups cannot insulted russian government extensive surveillance powers carry insult prosecutions moscow definitely teach thing doxxing russian social media users learned suggesting crimea part ukraine hurts feelings people throw jail pakistan hands down death sentence online blasphemy finish noting muslim countries often harsh blasphemy laws cover tweets facebook posts pakistan took next level june sentencing taimoor raza death using cell phone show objectionable material people stop raza mistake getting sectarian debate someone facebook turned government official sort derogatory remark religious personalities netted prison sentence discovered mohammed religious personalities derogatory remarks death penalty table amnesty international verdict pakistan harshest cyber offense pakistan gone blasphemy execution vigilantes often handle dirty work sentence handed down usually attention appeals acquittals islam acknowledged world leader online blasphemy prosecutions islam russian orthodox church blasphemy laws rage door hate speech free speech gets cracked open ready aggressive interests roaring free expression adversaries convinced censorship vital maintaining social harmony different ideas needs censored","url":"https://www.breitbart.com/national-security/2017/07/06/7-people-got-arrested-social-media-posts-around-world/","polarityScore":{"sourceTitle":"Breitbart News","allSidesBias":"right","communityAgree":"11345","communityDisagree":"6286","sourceUrl":"http://www.breitbart.com/ "},"processedText":["contemplate","fallout","effort","hunt","down","intimidate","creator","second","comedy","video","note","people","jailed","world","social","media","posts","happens","governments","cyber","start","deciding","certain","hateful","individuals","longer","deserve","privilege","online","anonymity","note","elastic","definition","hate","speech","become","hands","turkish","doctor","notices","president","erdogan","looks","posted","photo","collage","comparing","turkish","president","recep","tayyip","erdogan","lord","rings","erdogan","government","fans","everywhere","unlike","fans","erdogan","power","throw","jail","offense","insulting","president","considered","actionable","hate","speech","turkey","obama","rodeo","clown","sense","escape","expenses","paid","trip","turkish","prison","arguing","tragic","hero","finds","redemption","story","followed","moments","later","probably","detail","defense","team","linger","upon","team","lord","rings","experts","brought","assess","literary","merits","claim","comparing","erdogan","felony","insult","less","expert","director","blockbuster","lord","rings","films","peter","jackson","chipped","arguing","erdogan","facial","expressions","ruined","joyful","sweet","alter","defense","tried","arguing","erdogan","president","controversial","image","posted","merely","prime","minister","lost","hospital","trial","began","ultimately","acquitted","charges","avoiding","jail","sentence","however","compared","erdogan","convicted","offense","given","suspended","prison","sentence","accompanied","loss","parental","rights","among","people","accused","prosecutors","insulting","erdogan","political","career","cyberbullying","indonesia","indonesia","online","speech","codes","give","prosecutors","broad","powers","pursue","post","texts","pictures","videos","memes","deemed","incite","fear","cause","embarrassment","somehow","concept","cyberbullying","stretched","include","criticism","public","officials","complaining","lousy","service","hospital","possible","bully","entire","town","student","florence","discovered","magazine","reported","april","2015","given","month","jail","sentence","months","probation","fine","calling","town","poor","stupid","advising","friends","avoid","place","apologizing","government","citizens","town","gained","nothing","social","media","prosecutions","described","case","mother","friend","facebook","chat","husband","abusing","five","months","prison","fine","husband","knew","remarks","hacked","facebook","account","thing","indonesia","prides","itself","having","constitutional","guarantee","free","speech","country","draconian","electronic","information","transaction","wholeheartedly","embraces","idea","beloved","american","leftists","repeated","times","apologists","days","hate","speech","protected","free","speech","resulting","legal","regime","land","jail","days","accusing","politician","corruption","dangerously","blogger","phone","myanmar","arrested","2008","disrupting","security","stability","restoration","order","influential","website","praise","world","speaking","truth","power","2007","military","crackdown","offenses","included","publishing","satirical","cartoons","chief","possessing","recording","banned","comedy","show","given","total","twenty","jail","utterly","horrid","jail","released","broad","presidential","amnesty","order","2012","sentencing","named","list","2010","turned","halfway","prison","sentence","salute","jailed","activist","written","salman","myanmar","jailing","people","exercises","free","speech","military","mostly","replaced","elected","government","2015","activist","arrested","posting","photo","someone","else","stepping","photo","military","commander","chief","online","arrested","posting","facebook","opposition","leader","wearing","clothes","color","military","uniform","went","lead","myanmar","government","phone","seat","parliament","week","considering","amendments","draconian","speech","code","theory","systems","threaten","obstruct","defame","disturb","inappropriately","influence","intimidate","probably","sounds","reasonable","americans","falling","love","free","speech","recent","youtube","video","puts","singapore","teen","behind","bars","amos","prosecuted","2015","criticizing","deceased","politician","founding","prime","minister","criticisms","leveled","seven","minute","video","broadside","people","afraid","criticize","government","wasted","justifying","criticism","prosecuting","sedition","busted","hate","speech","offenses","against","christians","deliberate","intent","wound","religious","feelings","lawyer","filed","complaint","against","question","accused","followers","worshipping","jesus","limit","freedom","speech","line","separating","freedom","offence","crossed","person","face","consequences","lawyer","explained","sentiment","applause","distressing","number","americans","amendment","sort","invisible","exception","hateful","words","amos","discovered","hate","speech","laws","handy","government","wants","politically","inconvenient","ended","fleeing","world","great","free","expression","united","states","seek","asylum","country","oppressive","laws","immigration","judge","granted","asylum","request","decision","pending","appeal","dismay","human","rights","activists","singapore","country","boasts","constitutional","free","speech","guarantee","adds","restrictions","freedom","expression","interests","maintaining","social","harmony","chinese","blogger","jailed","spreading","fake","news","course","nobody","mistake","china","bastion","free","speech","useful","consider","cautionary","tale","ostensibly","reasonable","limitations","free","speech","2014","china","began","jailing","people","spreading","rumors","impact","society","seriously","harm","social","order","words","threw","blogger","named","jail","spreading","fake","news","china","version","twitter","reports","earned","prison","sentence","claim","beijing","paid","millions","dollars","hush","money","died","train","crash","claim","chinese","civil","servants","forced","cross","donations","help","china","look","charitable","apology","crossed","line","seriously","damaged","honor","reputation","others","claimed","didn","information","circulated","allegedly","tweets","false","good","hundreds","bloggers","detained","alongside","critics","political","reasons","having","pride","communist","party","preserving","social","order","civilized","justification","using","tweets","throw","somebody","jail","individual","jailed","rumor","crackdown","chinese","american","blogger","charles","released","bail","poor","health","exceptionally","moving","public","apology","chinese","state","television","russian","pokemon","enthusiast","narrowly","avoids","russia","colorful","free","speech","disasters","involved","cheeky","atheist","blogger","named","posted","youtube","video","playing","pokemon","church","mocking","christianity","among","described","jesus","regretted","inability","catch","wound","half","suspended","sentence","plus","hours","community","service","jailed","members","girl","band","pussy","riot","2012","staging","protest","cathedral","defended","prosecution","arguing","behaved","church","aggressively","violating","understood","perfectly","however","charges","against","expressly","video","uploaded","blog","posts","wrote","mocking","russian","orthodox","religion","sentence","included","order","remove","nine","videos","youtube","channel","avoid","mass","gatherings","entirety","suspended","sentence","human","rights","watch","notes","specifically","prosecuted","insulting","religious","feelings","russian","orthodox","believers","removed","evolving","american","idea","certain","groups","cannot","insulted","russian","government","extensive","surveillance","powers","carry","insult","prosecutions","moscow","definitely","teach","thing","russian","social","media","users","learned","suggesting","crimea","part","ukraine","hurts","feelings","people","throw","jail","pakistan","hands","down","death","sentence","online","blasphemy","finish","noting","muslim","countries","often","harsh","blasphemy","laws","cover","tweets","facebook","posts","pakistan","took","next","level","june","sentencing","raza","death","using","cell","phone","show","material","people","stop","raza","mistake","getting","sectarian","debate","someone","facebook","turned","government","official","sort","derogatory","remark","religious","personalities","prison","sentence","discovered","mohammed","religious","personalities","derogatory","remarks","death","penalty","table","amnesty","international","verdict","pakistan","cyber","offense","pakistan","gone","blasphemy","execution","often","handle","dirty","work","sentence","handed","down","usually","attention","appeals","islam","acknowledged","world","leader","online","blasphemy","prosecutions","islam","russian","orthodox","church","blasphemy","laws","rage","door","hate","speech","free","speech","gets","cracked","open","ready","aggressive","interests","roaring","free","expression","adversaries","convinced","censorship","vital","maintaining","social","harmony","different","ideas","needs","censored"]}
