{"authors":["Kaitlyn Wylde"],"date_download":"2018-10-31 00:15:27","date_modify":"2018-10-31 00:15:27","date_publish":"2018-10-05 21:12:20","description":"While everyone else is dressing up as the things that scare them most this Halloween, why not try something different and dress up as something you love the most... like pickles? Yes, I am really suggesting that you dress up as a pickle for…","filename":"7PickleHalloweenCostumeIdeasThatOnlyTruePickleLoversWillAppreciate_251.json","image_url":"https://imgix.bustle.com/uploads/image/2018/10/5/5acbd95c-fd3e-472e-961d-7d05b582c6fe-picklecostume.jpg?w=1200&h=630&q=70&fit=crop&crop=faces&fm=jpg","language":"en","localpath":"7PickleHalloweenCostumeIdeasThatOnlyTruePickleLoversWillAppreciate_251.json","title":"7 Pickle Halloween Costume Ideas That Only True Pickle Lovers Will Appreciate","title_page":"7 Pickle Halloween Costume Ideas That Only True Pickle Lovers Will Appreciate","title_rss":"NULL","source_domain":"bustle.com","text":"everyone else dressing scare halloween something different dress something love pickles suggesting dress pickle halloween delicious easy costume together prove together list pickle costume ideas process dressing pickled cucumber necessarily intuitive taken creative liberties list includes literal pickle costumes costumes inspired pickles perhaps best reason dress pickle great excuse bring pickles edible prop halloween keep mind pickle great asset group costume partner wants dress sandwich squad wants dress whole picnic lunch perfect complement pickle lean sour salty side halloween weird dressing seriously tasty cucumber pull realistic pickle adult pickle costume party city pickle costume technically tunic super weird realistically looks pickled cucumber prime pickle rick pickle rick tutorial smashinbeauty youtube extra love rick morty pickle rick face paint look sure allot enough wash start times woman professional artist definitely makes process look easier athleisure pickle dill pickle halloween sweatshirt etsy dark green joggers dress pickle wear costume hides atheisure look comfortable person halloween party pickle inspired hair curly monroe youtube jerome russell wild color spray target abstract pickle inspiration consider temporarily dying hair green wanted excuse hair crazy color meta pickled human costume pickle halloween costume shirt chamber love pickles real believe pickles spirit vegetables love meta costume costume glam pickle sexy forest green dress lulus velvet beret urban outfitters dress pickle fashion dress beret combo give best worlds light green goddess context gorgeous pickle","url":"https://www.bustle.com/p/7-pickle-halloween-costume-ideas-that-only-true-pickle-lovers-will-appreciate-12128233","polarityScore":{"sourceTitle":"Bustle","allSidesBias":"left-center","communityAgree":"564","communityDisagree":"566","sourceUrl":"http://www.bustle.com/ "},"processedText":["everyone","else","dressing","scare","halloween","something","different","dress","something","love","pickles","suggesting","dress","pickle","halloween","delicious","easy","costume","together","prove","together","list","pickle","costume","ideas","process","dressing","pickled","cucumber","necessarily","intuitive","taken","creative","liberties","list","includes","literal","pickle","costumes","costumes","inspired","pickles","perhaps","best","reason","dress","pickle","great","excuse","bring","pickles","edible","prop","halloween","keep","mind","pickle","great","asset","group","costume","partner","wants","dress","sandwich","squad","wants","dress","whole","picnic","lunch","perfect","complement","pickle","lean","sour","salty","side","halloween","weird","dressing","seriously","tasty","cucumber","pull","realistic","pickle","adult","pickle","costume","party","city","pickle","costume","technically","super","weird","realistically","looks","pickled","cucumber","prime","pickle","rick","pickle","rick","tutorial","youtube","extra","love","rick","pickle","rick","face","paint","look","sure","enough","wash","start","times","woman","professional","artist","definitely","makes","process","look","easier","pickle","pickle","halloween","sweatshirt","etsy","dark","green","dress","pickle","wear","costume","hides","look","comfortable","person","halloween","party","pickle","inspired","hair","curly","monroe","youtube","jerome","russell","wild","color","spray","target","abstract","pickle","inspiration","consider","temporarily","dying","hair","green","wanted","excuse","hair","crazy","color","meta","pickled","human","costume","pickle","halloween","costume","shirt","chamber","love","pickles","real","believe","pickles","spirit","vegetables","love","meta","costume","costume","glam","pickle","sexy","forest","green","dress","velvet","beret","urban","outfitters","dress","pickle","fashion","dress","beret","combo","give","best","worlds","light","green","goddess","context","gorgeous","pickle"]}
