{"authors":["Eva Taylor Grant"],"date_download":"2018-10-31 00:37:36","date_modify":"2018-10-31 00:37:36","date_publish":"2018-10-01 19:55:43","description":"While no one wants a date to feel like an interview, getting to know someone you're seeing will involve some questions and answers, even as time goes by. And to strengthen your relationship over time, it is important not to avoid asking important.…","filename":"7QuestionsToAskYourPartnerEvenIfYouDontWantToKnowTheAnswer_253.json","image_url":"https://imgix.bustle.com/uploads/image/2018/9/26/f3950875-6632-42bf-8a14-a24982d26018-zaeh_bustle_apr2016-480.jpg?w=1200&h=630&q=70&fit=crop&crop=faces&fm=jpg","language":"en","localpath":"7QuestionsToAskYourPartnerEvenIfYouDontWantToKnowTheAnswer_253.json","title":"7 Questions To Ask Your Partner, Even If You Don’t Want To Know The Answer","title_page":"7 Questions To Ask Your Partner, Even If You Don’t Want To Know The Answer","title_rss":"NULL","source_domain":"bustle.com","text":"wants date feel interview getting someone seeing involve questions answers goes strengthen relationship important avoid asking important especially ones afraid answer curious tough questions significant good place start broaching topics seem difficult important keep relationship healthy able talk uncomfortable talk able grow couple solid foundation rori sassoon relationship expert platinum poire tells bustle responses until talking relationships baggage future plans uncomfortable better aware person stands sooner rather later licensed psychologist raichbach psyd lcsw ambrosia treatment center tells bustle important questions inevitably anyway save relationship grief asking cause problems finding good moment alone talking good step towards next stage relationship seven questions partner answer experts love andrew zaeh bustle whether someone fallen love pure coincidence respond question regardless partner love dated people course life sign commit raichbach flip side significant claims fallen love times indicate pattern codependency falling love takes courage answers question give sense kind courage possess possible learn question great partner better relationship goals andrew zaeh bustle early aren quite sure whether exclusive questions help point direction headed asking relationship goals rushing establishing realistic expectations raichbach clear relationship goals communicate goals find partner shares vision room compromise always either able informed decision scary hear answer exactly best partner page practice safe andrew zaeh bustle question rooted practical scary stigma subsequent fear stis real mean avoid conversation safe altogether feel talk partner having safe life rori sassoon feel matter tell partner anything safe space judge vice versa important safe space open discussing safe practices partner tested help healthier life debt ashley batz bustle debt pretty common days especially among dealing student debt college important talk finances dealing money situations getting deep someone debt necessary ahead college debt debt strain relationship especially gets serious david bennett certified counselor relationship expert tells bustle asking question hard financial situation partner finances stressful opening subject good relationship marriage future plans ashley batz bustle future goals getting married having kids living close family close heart feel scary bring fear partner agree issue part plan sure part plan getting married getting married sassoon page comes future overcoming dealbreakers possible usually begins open conversation friends exes andrew zaeh bustle friends possible important discuss often current partner communicates ones maybe especially answer partner extremely close indicator haven moved raichbach unresolved feelings almost always turn problems down road hard pill swallow getting someone gives opportunity address issue hurt flip side partner antagonizes exes flag whatever response learn valuable information relationship","url":"https://www.bustle.com/p/7-questions-to-ask-your-partner-even-if-you-dont-want-to-know-the-answer-12057592","polarityScore":{"sourceTitle":"Bustle","allSidesBias":"left-center","communityAgree":"564","communityDisagree":"566","sourceUrl":"http://www.bustle.com/ "},"processedText":["wants","date","feel","interview","getting","someone","seeing","involve","questions","answers","goes","strengthen","relationship","important","avoid","asking","important","especially","ones","afraid","answer","curious","tough","questions","significant","good","place","start","topics","seem","difficult","important","keep","relationship","healthy","able","talk","uncomfortable","talk","able","grow","couple","solid","foundation","relationship","expert","platinum","tells","bustle","responses","until","talking","relationships","baggage","future","plans","uncomfortable","better","aware","person","stands","sooner","rather","later","licensed","psychologist","lcsw","treatment","center","tells","bustle","important","questions","inevitably","anyway","save","relationship","grief","asking","cause","problems","finding","good","moment","alone","talking","good","step","towards","next","stage","relationship","seven","questions","partner","answer","experts","love","andrew","zaeh","bustle","whether","someone","fallen","love","pure","coincidence","respond","question","regardless","partner","love","dated","people","course","life","sign","commit","flip","side","significant","claims","fallen","love","times","indicate","pattern","falling","love","takes","courage","answers","question","give","sense","kind","courage","possess","possible","learn","question","great","partner","better","relationship","goals","andrew","zaeh","bustle","early","aren","quite","sure","whether","exclusive","questions","help","point","direction","headed","asking","relationship","goals","rushing","establishing","realistic","expectations","clear","relationship","goals","communicate","goals","find","partner","shares","vision","room","compromise","always","either","able","informed","decision","scary","hear","answer","exactly","best","partner","page","practice","safe","andrew","zaeh","bustle","question","rooted","practical","scary","stigma","subsequent","fear","stis","real","mean","avoid","conversation","safe","altogether","feel","talk","partner","having","safe","life","feel","matter","tell","partner","anything","safe","space","judge","vice","versa","important","safe","space","open","discussing","safe","practices","partner","tested","help","healthier","life","debt","ashley","batz","bustle","debt","pretty","common","days","especially","among","dealing","student","debt","college","important","talk","finances","dealing","money","situations","getting","deep","someone","debt","necessary","ahead","college","debt","debt","strain","relationship","especially","gets","serious","david","bennett","certified","counselor","relationship","expert","tells","bustle","asking","question","hard","financial","situation","partner","finances","stressful","opening","subject","good","relationship","marriage","future","plans","ashley","batz","bustle","future","goals","getting","married","having","kids","living","close","family","close","heart","feel","scary","bring","fear","partner","agree","issue","part","plan","sure","part","plan","getting","married","getting","married","page","comes","future","overcoming","possible","usually","begins","open","conversation","friends","exes","andrew","zaeh","bustle","friends","possible","important","discuss","often","current","partner","communicates","ones","maybe","especially","answer","partner","extremely","close","indicator","haven","moved","unresolved","feelings","almost","always","turn","problems","down","road","hard","pill","swallow","getting","someone","gives","opportunity","address","issue","hurt","flip","side","partner","exes","flag","whatever","response","learn","valuable","information","relationship"]}
