{"authors":["Carolyn Steber"],"date_download":"2018-10-31 01:02:48","date_modify":"2018-10-31 01:02:48","date_publish":"2018-10-09 19:44:51","description":"It's common to experience ups and downs with your partner. And as long as you love and support each other through it all, you'll likely be able to work on your differences, developing healthy boundaries, and learning how to compromise. It's only…","filename":"7RelationshipMistakesThatShouldntHappenMoreThanOnce_255.json","image_url":"https://imgix.bustle.com/uploads/image/2018/10/9/33c05947-5ead-414e-8196-393cf38dc2b4-zaeh_bustle_apr2016-154.jpg?w=1200&h=630&q=70&fit=crop&crop=faces&fm=jpg","language":"en","localpath":"7RelationshipMistakesThatShouldntHappenMoreThanOnce_255.json","title":"7 Relationship Mistakes That Shouldn't Happen More Than Once","title_page":"7 Relationship Mistakes That Shouldn't Happen More Than Once","title_rss":"NULL","source_domain":"bustle.com","text":"common experience downs partner love support likely able work differences developing healthy boundaries learning compromise toxic problems keep happening relationship despite fact tried problem hands sometimes people mistakes ignorance weak moment point love person dealbreaker acceptable forgive move jonathan bennett relationship dating expert double trust dating tells bustle however partner makes mistakes constantly becomes flag dating toxic person seek outside help breakup choice comes feels dealbreaker certain relationship problems keep happening pattern toxicity lack trust boundary issues affect relationship issues below happen experts sign bigger problem relationship simply sign meant work relying emotional support ashley batz bustle nothing wrong friends exes partner page everything agreed upon friends text hang problem notice partner reaching exes emotional support instead turning sign problem begin looking support outside relationship sign needs current partner psychotherapist jennifer silvershein lcsw tells bustle mean partner hung something behind silvershein realization prompt conversation current health relationship talking partner boundaries figure ways provide better support involve leaning heavily keeping secret ashley batz bustle fine takes point feel safe opening deepest darkest secrets develop habit keeping thoughts worries anxieties yourselves create problems down road tell partner detail life important open issues bennett able away keeping secret agreed open transparent couple keeping major secret sign underlying toxicity point lack trust relationship something begin working asap keep relationship forgetting important date andrew zaeh bustle totally forgivable partner forgets date anniversary accidentally misses date planned everyone ironclad memory sometimes busy schedule gets keep happening sign invested relationship everyone forgetful bound memory lapse occasion bennett forget twice proves happiness priority needing break andrew zaeh bustle order relationship fresh eyes sometimes necessary break spend apart completely fine breaks break sign relationship unhealthy bennett keep separating probably best break move acknowledging relationship public andrew zaeh bustle relationship early stages able forgive downplaying status example night group friends partner introduce friend amica graber relationship expert background checking site truthfinder tells bustle feel great understandable talk making commitment shouldn happen acceptable someone muddle words start relationship graber someone wants keep relationship secret something wrong teasing unhealthy degree ashley batz bustle cases nothing wrong occasionally poking cracking jokes partner expense definitely problem note though constantly butt partner jokes partner makes hurtful comment teasing important explain comment graber accidentally nerve friendly banter someone listen partner continues tease area defined limits","url":"https://www.bustle.com/p/7-relationship-mistakes-that-shouldnt-happen-more-than-once-12167857","polarityScore":{"sourceTitle":"Bustle","allSidesBias":"left-center","communityAgree":"564","communityDisagree":"566","sourceUrl":"http://www.bustle.com/ "},"processedText":["common","experience","downs","partner","love","support","likely","able","work","differences","developing","healthy","boundaries","learning","compromise","toxic","problems","keep","happening","relationship","despite","fact","tried","problem","hands","sometimes","people","mistakes","ignorance","weak","moment","point","love","person","acceptable","forgive","move","jonathan","bennett","relationship","dating","expert","double","trust","dating","tells","bustle","however","partner","makes","mistakes","constantly","becomes","flag","dating","toxic","person","seek","outside","help","breakup","choice","comes","feels","certain","relationship","problems","keep","happening","pattern","lack","trust","boundary","issues","affect","relationship","issues","below","happen","experts","sign","bigger","problem","relationship","simply","sign","meant","work","relying","emotional","support","ashley","batz","bustle","nothing","wrong","friends","exes","partner","page","everything","agreed","upon","friends","text","hang","problem","notice","partner","reaching","exes","emotional","support","instead","turning","sign","problem","begin","looking","support","outside","relationship","sign","needs","current","partner","psychotherapist","jennifer","lcsw","tells","bustle","mean","partner","hung","something","behind","realization","prompt","conversation","current","health","relationship","talking","partner","boundaries","figure","ways","provide","better","support","involve","leaning","heavily","keeping","secret","ashley","batz","bustle","fine","takes","point","feel","safe","opening","deepest","darkest","secrets","develop","habit","keeping","thoughts","worries","anxieties","yourselves","create","problems","down","road","tell","partner","detail","life","important","open","issues","bennett","able","away","keeping","secret","agreed","open","transparent","couple","keeping","major","secret","sign","underlying","point","lack","trust","relationship","something","begin","working","asap","keep","relationship","forgetting","important","date","andrew","zaeh","bustle","totally","partner","date","anniversary","accidentally","misses","date","planned","everyone","memory","sometimes","busy","schedule","gets","keep","happening","sign","invested","relationship","everyone","bound","memory","lapse","occasion","bennett","forget","twice","proves","happiness","priority","needing","break","andrew","zaeh","bustle","order","relationship","fresh","eyes","sometimes","necessary","break","spend","apart","completely","fine","breaks","break","sign","relationship","unhealthy","bennett","keep","separating","probably","best","break","move","acknowledging","relationship","public","andrew","zaeh","bustle","relationship","early","stages","able","forgive","downplaying","status","example","night","group","friends","partner","introduce","friend","graber","relationship","expert","background","checking","site","tells","bustle","feel","great","understandable","talk","making","commitment","shouldn","happen","acceptable","someone","words","start","relationship","graber","someone","wants","keep","relationship","secret","something","wrong","teasing","unhealthy","degree","ashley","batz","bustle","cases","nothing","wrong","occasionally","poking","cracking","jokes","partner","expense","definitely","problem","note","though","constantly","butt","partner","jokes","partner","makes","hurtful","comment","teasing","important","explain","comment","graber","accidentally","nerve","friendly","banter","someone","listen","partner","continues","tease","area","defined","limits"]}
