{"authors":["Kristine Fellizar"],"date_download":"2018-10-31 01:17:44","date_modify":"2018-10-31 01:17:44","date_publish":"2018-10-17 15:33:21","description":"Exposure to toxins in your daily life is pretty unavoidable. Though not always immediately harmful, these substances can be found in a variety of places, from food to soaps to the environment. When toxins build up in your body, it can affect you in…","filename":"7SubtleSignsOfToxinOverloadInYourBody_261.json","image_url":"https://imgix.bustle.com/uploads/image/2018/10/3/cfe1543f-5f10-4d2b-9e52-af1fbcb0704d-stock_ab-8896.jpg?w=1200&h=630&q=70&fit=crop&crop=faces&fm=jpg","language":"en","localpath":"7SubtleSignsOfToxinOverloadInYourBody_261.json","title":"7 Subtle Signs Of Toxin Overload In Your Body","title_page":"7 Subtle Signs Of Toxin Overload In Your Body","title_rss":"NULL","source_domain":"bustle.com","text":"exposure toxins daily life pretty unavoidable though always immediately harmful substances found variety places food soaps environment toxins build body affect ways realize environmental protection agency toxics release inventory list currently contains chemicals known cause significant adverse health affects humans nasimeh yazdani founder seaside medical technologies tells bustle toxins harmful substances mess damage cellular function example formaldehyde commonly substance cosmetic products found cause birth defects recommended pregnant women avoid exposure possible toxins harmful nature feeling down sick pretty typical toxin overload leigh erin connealy author cancer revolution tells bustle toxins body possibly lead disease chemicals electromagnetic field radiation cell phones processed food autoimmune diseases contribute precursors stress part leads disease cancer toxins everywhere exposed probably subtle signs toxin overload body look doctors brain andrew zaeh bustle confusion memory loss inability stay focused signs brain result irritation caused chemicals toxins exposed series reactions toxins cause inflammation strip body essential vitamins minerals hormones necessary daily body function janette nesheiwat family medicine medical news correspondent tells bustle breaks down body filled toxins properly affect areas body including brain constipation andrew zaeh bustle consume processed foods consuming chemicals preservatives colorants artificial flavoring nesheiwat lead symptoms upset stomach constipation signs toxin overload body telling slow down care yourself eating organic possible limiting alcohol intake drinking plenty water help bowel movements consuming foods rich vitamins minerals strengthen body help eliminate toxins energy levels andrew zaeh bustle research found links chronic fatigue toxin exposure environment pesticides solvents metals toxins overload body cause kidneys liver work overtime order waste kidneys overdrive backed cause toxin buildup turn causes symptoms fatigue energy nesheiwat fatigue different causes important talk doctor becomes issue unusual smelling body odor ashley batz bustle major sign toxin overload abnormal smelling body odor nesheiwat body creates gases odors products metabolism breakdown everything inhale ingest exposed unusual smelling body odors urine breath signs body trying toxins chemical sensitivities ashley batz bustle amount toxins overload cause chemical sensitivities nesheiwat fact multiple chemical sensitivity result exposure levels common environmental contaminants chronic exposure doses result itching fatigue cognitive problems organ damaging inflammation experience physical aches pains ashley batz bustle easy resort fast food nesheiwat loaded chemicals always super stressed work habit often cause toxins build body fact recent george washington university study found burgers foods consumed fast food places increase number health harming chemicals pthlates body nesheiwat feeling down having aching joints muscles symptoms associated toxin overload","url":"https://www.bustle.com/p/7-subtle-signs-of-toxin-overload-in-your-body-12137633","polarityScore":{"sourceTitle":"Bustle","allSidesBias":"left-center","communityAgree":"564","communityDisagree":"566","sourceUrl":"http://www.bustle.com/ "},"processedText":["exposure","toxins","daily","life","pretty","unavoidable","though","always","immediately","harmful","substances","found","variety","places","food","environment","toxins","build","body","affect","ways","realize","environmental","protection","agency","release","inventory","list","currently","contains","chemicals","known","cause","significant","adverse","health","affects","humans","founder","medical","technologies","tells","bustle","toxins","harmful","substances","mess","damage","function","example","commonly","substance","cosmetic","products","found","cause","birth","defects","recommended","pregnant","women","avoid","exposure","possible","toxins","harmful","nature","feeling","down","sick","pretty","typical","overload","leigh","erin","author","cancer","revolution","tells","bustle","toxins","body","possibly","lead","disease","chemicals","electromagnetic","field","radiation","cell","phones","processed","food","diseases","contribute","stress","part","leads","disease","cancer","toxins","everywhere","exposed","probably","subtle","signs","overload","body","look","doctors","brain","andrew","zaeh","bustle","confusion","memory","loss","inability","stay","focused","signs","brain","result","irritation","caused","chemicals","toxins","exposed","series","reactions","toxins","cause","inflammation","strip","body","essential","vitamins","hormones","necessary","daily","body","function","nesheiwat","family","medicine","medical","news","correspondent","tells","bustle","breaks","down","body","filled","toxins","properly","affect","areas","body","including","brain","andrew","zaeh","bustle","consume","processed","foods","consuming","chemicals","artificial","nesheiwat","lead","symptoms","upset","stomach","signs","overload","body","telling","slow","down","care","yourself","eating","organic","possible","limiting","alcohol","intake","drinking","plenty","water","help","bowel","movements","consuming","foods","rich","vitamins","strengthen","body","help","eliminate","toxins","energy","levels","andrew","zaeh","bustle","research","found","links","chronic","fatigue","exposure","environment","pesticides","toxins","overload","body","cause","liver","work","overtime","order","waste","overdrive","backed","cause","buildup","turn","causes","symptoms","fatigue","energy","nesheiwat","fatigue","different","causes","important","talk","doctor","becomes","issue","unusual","smelling","body","odor","ashley","batz","bustle","major","sign","overload","abnormal","smelling","body","odor","nesheiwat","body","creates","gases","odors","products","breakdown","everything","exposed","unusual","smelling","body","odors","urine","breath","signs","body","trying","toxins","chemical","sensitivities","ashley","batz","bustle","amount","toxins","overload","cause","chemical","sensitivities","nesheiwat","fact","multiple","chemical","sensitivity","result","exposure","levels","common","environmental","contaminants","chronic","exposure","doses","result","itching","fatigue","cognitive","problems","organ","damaging","inflammation","experience","physical","pains","ashley","batz","bustle","easy","resort","fast","food","nesheiwat","loaded","chemicals","always","super","stressed","work","habit","often","cause","toxins","build","body","fact","recent","george","washington","university","study","found","burgers","foods","consumed","fast","food","places","increase","number","health","harming","chemicals","body","nesheiwat","feeling","down","having","joints","muscles","symptoms","associated","overload"]}
