{"authors":["Carina Wolff"],"date_download":"2018-10-31 01:06:16","date_modify":"2018-10-31 01:06:16","date_publish":"2018-10-09 18:05:40","description":"Nothing is worse than waking up in the morning feeling out of it and sleepy when you thought you got a decent night's rest. If you logged in enough hours, you should feel well rested, right? Unfortunately, there are a number of reasons you feel…","filename":"7SurprisingReasonsYoureGroggyInTheMorning_263.json","image_url":"https://imgix.bustle.com/uploads/image/2018/10/9/caa558dc-787d-471d-952f-9c81a91e06c3-fotolia_167400486_subscription_monthly_m-1.jpg?w=1200&h=630&q=70&fit=crop&crop=faces&fm=jpg","language":"en","localpath":"7SurprisingReasonsYoureGroggyInTheMorning_263.json","title":"7 Surprising Reasons You’re Groggy In The Morning","title_page":"7 Surprising Reasons You’re Groggy In The Morning","title_rss":"NULL","source_domain":"bustle.com","text":"nothing worse waking morning feeling sleepy thought decent night rest logged enough hours feel rested unfortunately number reasons feel groggy morning aware quality sleep matters quantity nighttime habits setting lethargic morning people feel groggy morning essentially sleep deprived david weissman primary care physician sees patients telehealth livehealth online tells bustle specifically grogginess doctors call sleep inertia feeling incomplete awakening sudden awakening sleep stands rapid movement four stages sleep associated dreaming suddenly woken middle sleep leads sleep inertia minutes four hours groggy period sleep inertia reduced capacity doing simple activities making sure enough good quality sleep avoiding waking middle cycle help morning seven surprising reasons feel groggy morning experts drink hannah burton bustle people enjoy having cocktail glass wine help fall asleep although alcohol help people fall asleep initially leads disruption sleep cycles specifically leads less spent sleep leads move deeper sleep lighter sleep second half night weisman overall effect person sleep eight hours feel rested someone amount sleep without alcohol beforehand took medication andrew zaeh bustle medications counter sleep meds antihistamines leave feeling next morning alcohol medications people feel drowsy help fall asleep easily weisman alcohol interfere normal sleep cycle often leave people feeling groggy morning bedroom light stockphotopro fotolia bedroom dark enough affect rested feel morning lightness room eyes closed affects body internal clock weisman light prevent spending sleep watched davidprado fotolia avid watcher reconsider watching feel tired morning applies falling asleep computer light screens rooms sleeping weisman binge watching favorite show light disruptive effects morning caffeine afternoon hannah burton bustle people coffee close bedtime having caffeine afternoon disrupt whole sleep cycle problem caffeine stay body hours consuming weisman avoid caffeinated beverages noon worked night andrew zaeh bustle proud workout exercising close bedtime mess sleep exercise night tends energize winding down sleep weissman although people exercising tired sleep tends keep people later night ultimately contributes sleep deprivation","url":"https://www.bustle.com/p/7-surprising-reasons-youre-groggy-in-the-morning-12194908","polarityScore":{"sourceTitle":"Bustle","allSidesBias":"left-center","communityAgree":"564","communityDisagree":"566","sourceUrl":"http://www.bustle.com/ "},"processedText":["nothing","worse","waking","morning","feeling","sleepy","thought","decent","night","rest","logged","enough","hours","feel","rested","unfortunately","number","reasons","feel","morning","aware","quality","sleep","matters","quantity","nighttime","habits","setting","morning","people","feel","morning","essentially","sleep","deprived","david","weissman","primary","care","physician","sees","patients","online","tells","bustle","specifically","doctors","call","sleep","inertia","feeling","incomplete","awakening","sudden","awakening","sleep","stands","rapid","movement","four","stages","sleep","associated","dreaming","suddenly","middle","sleep","leads","sleep","inertia","minutes","four","hours","period","sleep","inertia","reduced","capacity","doing","simple","activities","making","sure","enough","good","quality","sleep","avoiding","waking","middle","cycle","help","morning","seven","surprising","reasons","feel","morning","experts","drink","hannah","burton","bustle","people","enjoy","having","cocktail","glass","wine","help","fall","asleep","although","alcohol","help","people","fall","asleep","initially","leads","disruption","sleep","cycles","specifically","leads","less","spent","sleep","leads","move","deeper","sleep","lighter","sleep","second","half","night","weisman","overall","effect","person","sleep","eight","hours","feel","rested","someone","amount","sleep","without","alcohol","beforehand","took","medication","andrew","zaeh","bustle","medications","counter","sleep","meds","leave","feeling","next","morning","alcohol","medications","people","feel","help","fall","asleep","easily","weisman","alcohol","interfere","normal","sleep","cycle","often","leave","people","feeling","morning","bedroom","light","fotolia","bedroom","dark","enough","affect","rested","feel","morning","room","eyes","closed","affects","body","internal","clock","weisman","light","prevent","spending","sleep","watched","fotolia","avid","reconsider","watching","feel","tired","morning","applies","falling","asleep","computer","light","screens","rooms","sleeping","weisman","binge","watching","favorite","show","light","disruptive","effects","morning","caffeine","afternoon","hannah","burton","bustle","people","coffee","close","bedtime","having","caffeine","afternoon","disrupt","whole","sleep","cycle","problem","caffeine","stay","body","hours","consuming","weisman","avoid","beverages","noon","worked","night","andrew","zaeh","bustle","proud","workout","exercising","close","bedtime","mess","sleep","exercise","night","tends","energize","winding","down","sleep","weissman","although","people","exercising","tired","sleep","tends","keep","people","later","night","ultimately","contributes","sleep","deprivation"]}
