{"authors":["Carina Wolff"],"date_download":"2018-10-31 01:28:15","date_modify":"2018-10-31 01:28:15","date_publish":"2018-10-08 13:58:03","description":"Most people know that if they have a thyroid issue, it could mess with aspects of their health like their energy levels. But there are also some other side effects of thyroid issues, and they might come as more of a surprise to you. Because your…","filename":"7SymptomsToLookOutForIfYouHaveThyroidIssues_264.json","image_url":"https://imgix.bustle.com/uploads/image/2018/10/8/bf2236af-cc16-4621-8280-e20d4816d7b0-zaeh_bustle_apr2016-444.jpg?w=1200&h=630&q=70&fit=crop&crop=faces&fm=jpg","language":"en","localpath":"7SymptomsToLookOutForIfYouHaveThyroidIssues_264.json","title":"7 Symptoms To Look Out For If You Have Thyroid Issues","title_page":"7 Symptoms To Look Out For If You Have Thyroid Issues","title_rss":"NULL","source_domain":"bustle.com","text":"people thyroid issue mess aspects health energy levels side effects thyroid issues surprise thyroid function affect areas body number look thyroid issues engaging habits seem risky unhealthy thyroid regulates body metabolism family emergency medicine doctor janette nesheiwat tells bustle important vital gland body normal function critical almost aspect life regulating heart beat mood temperature sensation diagnosed hypo common hyperthyroidism important doctor regularly check thyroid levels everyone experiences different responses thyroid issues body knowing keep help keep health check sure nothing slipping cracks seven unexpected look thyroid issues high cholesterol ashley batz bustle someone thyroid issues find prone high cholesterol levels untreated thyroid disorder cause high cholesterol body break down cholesterol nesheiwat tends happen hypothyroidism without proper levels thyroid hormones body cholesterol healthline hyperthyroidism cholesterol levels drop diagnosed either disorders speak doctor best ways balance cholesterol levels heart palpitations andrew zaeh bustle body metabolic processes disrupted heart beat irregularly thyroid hormones increase heart rate nesheiwat develop whats tachycardia result life threatening heart rhythm causing strokes heart attacks active thyroid cause blood pressure problems result headache dizziness weakness experiencing symptoms sure doctor asap fluctuations body temperature misskaterina fotolia thyroid regulates body temperature find sensitive environmental temperature oftentimes feeling cold people hypothyroidism tend cold hyperthyroidism people feel weak nails waranyu fotolia having trouble brittle broken nails thyroid blame nails become cracked easily tyrosine selenium levels commonly seen hypothyroidism neheiwat slowed metabolism lead dryness body likely nails become brittle harvard health troubles cruciferous vegetables trendsetter fotolia research suggested large amounts cruciferous vegetables negative effect thyroid health specifically slowing down thyroid function internist holly phillips tells bustle however thyroid patients avoid avoid foods altogether sure overdo veggies especially leafy greens spinach kale saut instead cooking veggies releases enzymes potentially harm thyroid dairy interfence pavkis fotolia thyroid replacement therapy best taken morning happens coffee drinkers best indulge coffee milk cream calcium dairy products interfere thyroid hormone absorption though taking medicine getting full effect phillips wait least hour coffee medicine","url":"https://www.bustle.com/p/7-symptoms-to-look-out-for-if-you-have-thyroid-issues-12170003","polarityScore":{"sourceTitle":"Bustle","allSidesBias":"left-center","communityAgree":"564","communityDisagree":"566","sourceUrl":"http://www.bustle.com/ "},"processedText":["people","thyroid","issue","mess","aspects","health","energy","levels","side","effects","thyroid","issues","surprise","thyroid","function","affect","areas","body","number","look","thyroid","issues","engaging","habits","seem","risky","unhealthy","thyroid","regulates","body","family","emergency","medicine","doctor","nesheiwat","tells","bustle","important","vital","body","normal","function","critical","almost","aspect","life","regulating","heart","beat","mood","temperature","sensation","diagnosed","common","important","doctor","regularly","check","thyroid","levels","everyone","experiences","different","responses","thyroid","issues","body","knowing","keep","help","keep","health","check","sure","nothing","slipping","cracks","seven","unexpected","look","thyroid","issues","high","cholesterol","ashley","batz","bustle","someone","thyroid","issues","find","prone","high","cholesterol","levels","untreated","thyroid","disorder","cause","high","cholesterol","body","break","down","cholesterol","nesheiwat","tends","happen","without","proper","levels","thyroid","hormones","body","cholesterol","healthline","cholesterol","levels","drop","diagnosed","either","disorders","speak","doctor","best","ways","balance","cholesterol","levels","heart","andrew","zaeh","bustle","body","processes","disrupted","heart","beat","thyroid","hormones","increase","heart","rate","nesheiwat","develop","result","life","threatening","heart","rhythm","causing","strokes","heart","attacks","active","thyroid","cause","blood","pressure","problems","result","headache","weakness","experiencing","symptoms","sure","doctor","asap","body","temperature","fotolia","thyroid","regulates","body","temperature","find","sensitive","environmental","temperature","oftentimes","feeling","cold","people","tend","cold","people","feel","weak","nails","fotolia","having","trouble","broken","nails","thyroid","blame","nails","become","cracked","easily","levels","commonly","seen","slowed","lead","body","likely","nails","become","harvard","health","troubles","vegetables","fotolia","research","suggested","large","amounts","vegetables","negative","effect","thyroid","health","specifically","slowing","down","thyroid","function","holly","phillips","tells","bustle","however","thyroid","patients","avoid","avoid","foods","altogether","sure","veggies","especially","leafy","greens","spinach","kale","instead","cooking","veggies","releases","potentially","harm","thyroid","dairy","fotolia","thyroid","replacement","therapy","best","taken","morning","happens","coffee","drinkers","best","indulge","coffee","milk","cream","dairy","products","interfere","thyroid","hormone","absorption","though","taking","medicine","getting","full","effect","phillips","wait","least","hour","coffee","medicine"]}
