{"authors":["Eva Taylor Grant"],"date_download":"2018-10-31 00:37:56","date_modify":"2018-10-31 00:37:56","date_publish":"2018-10-10 18:52:49","description":"Getting a tattoo should be an all-around positive experience, but it isn't without its risks. You are getting tiny abrasions in your skin, after all. So, before getting a tattoo, it's important to understand the risks of possible tattoo…","filename":"7TattooComplicationsThatAreSurprisinglyCommonAccordingToExperts_265.json","image_url":"https://imgix.bustle.com/uploads/image/2018/10/10/7a00a178-0cd7-4de1-afa7-c9714816beb8-fotolia_164692732_subscription_monthly_m-2.jpg?w=1200&h=630&q=70&fit=crop&crop=faces&fm=jpg","language":"en","localpath":"7TattooComplicationsThatAreSurprisinglyCommonAccordingToExperts_265.json","title":"7 Tattoo Complications That Are Surprisingly Common, According To Experts","title_page":"7 Tattoo Complications That Are Surprisingly Common, According To Experts","title_rss":"NULL","source_domain":"bustle.com","text":"getting tattoo positive experience without risks getting tiny abrasions skin getting tattoo important understand risks possible tattoo complications study journal contact dermatitis percent people surveyed experienced short term complications tattoos pretty common development complications occur based individual body reacts trauma tattooing susan bard manhattan dermatology specialists tells bustle depends cleanliness sterility tattoo artist vital follow instructions tattoo artist gives aftercare seems friends family strangers internet suggestions aftercare listen tyson weed custom tattoo artist divinity tattoo phoenix tells bustle instead keep track artists doctor anything looks seriously wrong complications occur tattoo board certified dermatologist immediately bard return tattoo artist seeking medical advice left untreated complications lead permanent scarring ruin body problems soon arise proactive help seven tattoo complications surprisingly common experts infections andrew zaeh bustle common complications tattoo artists dermatologists alike fresh tattoos infection dermatologist tsippora shainhouse faad dermatology institute skin care center common infection staph aureus cause weeping blistered pustular rash single painful abscess shainhouse treated local sometimes oral antibiotics seen doctor away treating skin tattoo proper aftercare afterward help careful particular pets fastest staph infection against fresh tattoo jason ackerman resident artist soho tells bustle listening carefully tattoo artist help avoid kinds slip allergies topical lotion andrew zaeh bustle turns tattoo aftercare lotions created equal careful tattoo order avoid allergic reaction contact allergic dermatitis occur topical antibiotic ointment applied tattoo process shainhouse best keep area clean soap water apply plain petroleum jelly until healed using ointments dangerous antibacterial ointments horrible healing tattoo smother causing redness irritation ackerman using topical solutions experiencing reaction check dermatologist allergic reactions george dolgikh fotolia itself culprit tattoo complications aware having metal allergies important talk artist beforehand always important exactly skin contact allergic dermatitis occur actual tattoo shainhouse yellow common ones cause reaction cobalt blue tattoos cause skin manifestation usually itchy raised pink bumps scaly pink eczematous patches within color section tattoo itchy rash getting tattoo reason doctor skin inflammation ashley batz bustle important aspect keep getting tattoo order avoid potential complications preexisting medical conditions autoimmune inflammatory conditions particular aware potential hiccups healing process people conditions tattooing trigger lump inflammation skin granuloma shainhouse firm single multiple sometimes itchy often follows specific line shading specific color foreign body reaction trauma tattoo triggers reaction usually managed injected topical steroids knowing body meaning health conditions allergies help manage risks firm raised scar yakobchukolena fotolia thing getting tattoo skin healed complications scars healing issue tattoo look firm raised scar experts patients predisposition towards keloiding develop keloids site tattoo trauma bard talking dermatologist help deal complication properly safely inflamed scaly skin drobot dean fotolia existing skin condition getting tattoo potentially exacerbate avoid complication discuss risks dermatologist tattoo artist inflamed scaly skin area tattoo potential complication bard prone psoriasis trauma tattoo trigger flare area worried skin condition good idea consult doctor deciding tattoo","url":"https://www.bustle.com/p/7-tattoo-complications-that-are-surprisingly-common-according-to-experts-12202545","polarityScore":{"sourceTitle":"Bustle","allSidesBias":"left-center","communityAgree":"564","communityDisagree":"566","sourceUrl":"http://www.bustle.com/ "},"processedText":["getting","tattoo","positive","experience","without","risks","getting","tiny","skin","getting","tattoo","important","understand","risks","possible","tattoo","complications","study","journal","contact","percent","people","surveyed","experienced","short","term","complications","tattoos","pretty","common","development","complications","occur","based","individual","body","reacts","trauma","susan","bard","manhattan","specialists","tells","bustle","depends","tattoo","artist","vital","follow","instructions","tattoo","artist","gives","seems","friends","family","strangers","internet","suggestions","listen","tyson","weed","custom","tattoo","artist","tattoo","phoenix","tells","bustle","instead","keep","track","artists","doctor","anything","looks","seriously","wrong","complications","occur","tattoo","board","certified","dermatologist","immediately","bard","return","tattoo","artist","seeking","medical","advice","left","untreated","complications","lead","permanent","ruin","body","problems","soon","arise","proactive","help","seven","tattoo","complications","surprisingly","common","experts","infections","andrew","zaeh","bustle","common","complications","tattoo","artists","alike","fresh","tattoos","infection","dermatologist","institute","skin","care","center","common","infection","cause","weeping","rash","single","painful","treated","local","sometimes","oral","seen","doctor","away","treating","skin","tattoo","proper","afterward","help","careful","particular","pets","fastest","infection","against","fresh","tattoo","jason","ackerman","resident","artist","soho","tells","bustle","listening","carefully","tattoo","artist","help","avoid","kinds","slip","allergies","topical","lotion","andrew","zaeh","bustle","turns","tattoo","created","equal","careful","tattoo","order","avoid","allergic","reaction","contact","allergic","occur","topical","applied","tattoo","process","best","keep","area","clean","soap","water","apply","plain","petroleum","jelly","until","healed","using","dangerous","horrible","healing","tattoo","causing","redness","irritation","ackerman","using","topical","solutions","experiencing","reaction","check","dermatologist","allergic","reactions","george","fotolia","itself","culprit","tattoo","complications","aware","having","metal","allergies","important","talk","artist","beforehand","always","important","exactly","skin","contact","allergic","occur","actual","tattoo","yellow","common","ones","cause","reaction","blue","tattoos","cause","skin","manifestation","usually","raised","pink","bumps","pink","patches","within","color","section","tattoo","rash","getting","tattoo","reason","doctor","skin","inflammation","ashley","batz","bustle","important","aspect","keep","getting","tattoo","order","avoid","potential","complications","preexisting","medical","conditions","inflammatory","conditions","particular","aware","potential","healing","process","people","conditions","trigger","lump","inflammation","skin","firm","single","multiple","sometimes","often","follows","specific","line","specific","color","foreign","body","reaction","trauma","tattoo","triggers","reaction","usually","managed","injected","topical","steroids","knowing","body","meaning","health","conditions","allergies","help","manage","risks","firm","raised","scar","fotolia","thing","getting","tattoo","skin","healed","complications","scars","healing","issue","tattoo","look","firm","raised","scar","experts","patients","predisposition","towards","develop","site","tattoo","trauma","bard","talking","dermatologist","help","deal","complication","properly","safely","inflamed","skin","dean","fotolia","existing","skin","condition","getting","tattoo","potentially","exacerbate","avoid","complication","discuss","risks","dermatologist","tattoo","artist","inflamed","skin","area","tattoo","potential","complication","bard","prone","trauma","tattoo","trigger","flare","area","worried","skin","condition","good","idea","consult","doctor","deciding","tattoo"]}
