{"authors":[],"date_download":"2018-10-30 01:22:26","date_modify":"2018-10-30 01:22:26","date_publish":"2017-08-09 20:48:08","description":"The New York Times published major findings from a draft copy of a federal climate report...","filename":"7thingstoknowkeytakeaways_272.json","image_url":"https://www.ajc.com/rf/image_large/Pub/p8/CmgSharedContent/2017/06/01/Videos/4074346.vpx.jpg","language":"en","localpath":"7thingstoknowkeytakeaways_272.json","title":"7 things to know, key takeaways","title_page":"Climate change report: 7 things to know, key takeaways","title_rss":"NULL","source_domain":"ajc.com","text":"york times published major findings draft copy federal climate report monday contradict climate change claims previously white house related officials warn local impacts climate change report publicized comprehensive climate science special report part national climate assessment cites human activity primary culprit climate change members trump administration including environmental protection agency chief scott pruitt dismissed impact climate change related paris climate agreement earlier president donald trump announced withdrawal paris agreement pact sponsored united nations bring nearly nations together reduce impact climate change latest draft prepared government agencies sign final copy friday seven takeaways federal climate change report copy evidence claims human caused climate change scientists noted humans dominant cause observed changes climate lines evidence demonstrate human activities especially emissions greenhouse heat trapping gases primarily responsible recent observed climate change report authors wrote related split climate change opens georgia special election additionally draft extremely likely half global average temperature increase worldwide 1951 linked human impact corner impacted climate change average annual temperatures expected continue rising depending future emissions levels authors estimate increases degrees fahrenheit late century related atlanta mayor reed dismayed reports trump plans withdraw climate agreement alaska arctic temperatures rising twice fast global average western southwestern southeast regions continent getting dryer southern plains midwest getting wetter authors wrote possible extreme weather attributed climate change report breaks ground comes referred attribution science draws possible links climate change specific weather events related georgia impacted paris climate deal previously scientists hesitant link authors behind federal report drew connections specific weather events including europe 2003 heat waves hurricane sandy 2012 hurricanes eastern projected wetter potentially destructive pointing evidence hurricane sandy authors concluded confidence climate change intensified effects extreme weather events related atlanta ranks third nation environmentally friendly green offices warming temperatures connected rising levels rising levels storm cause wind weather conditions move water onto shore phenomenon known storm surge national oceanic atmospheric administration findings echo previous claims academic community humans stop emitting greenhouse gasses today temperatures climb climate surprises compared today temperatures global temperatures least degrees fahrenheit warmer century humans immediately stopped emitting greenhouse gasses atmosphere study authors wrote fact scientists projected actual rise degrees farenheit related easy ways green atlanta save money climate models aren able comprehend earth complex climate elements scientists warned significant possibility future climate surprises noting risk surprises greater emissions continue increase flooding rising levels already problem scientists concluded tidal flooding already happening coasts including miami florida norfolk virginia century example parts charleston flood high tide nearly york times reported parts francisco highly susceptible frequent tidal flooding report scientists worried trump administration suppress report findings manmade climate change katharine hayhoe lead author texas tech university climate scientist politico alternative credible explanation sharp increase temperatures aside human activity related atlanta companies among greenest nation hayhoe along scientists involved concerned report findings suppressed trump administration york times reported white house press secretary sarah huckabee administration comment draft report until scheduled release date full report below browser does support pdfs please download view download 2016 report form yale program climate change communication nearly percent georgians believe global warming real percent concerned impact federal report findings southeastern georgia reflect scientists previously found true urban areas state likely experience extreme heat floods rural parts georgia susceptible drought marshall shepherd meteorologist director university georgia atmospheric sciences program atlanta journal constitution read full story capelouto myajc","url":"https://www.ajc.com/news/national/what-the-federal-climate-report-key-takeaways/UPiL06ZkaSXKRV6hymTmHP/","polarityScore":{"sourceTitle":"Atlanta Journal-Constitution","allSidesBias":"left-center","communityAgree":"561","communityDisagree":"580","sourceUrl":"http://www.ajc.com/ "},"processedText":["york","times","published","major","findings","draft","copy","federal","climate","report","monday","contradict","climate","change","claims","previously","white","house","related","officials","warn","local","impacts","climate","change","report","publicized","comprehensive","climate","science","special","report","part","national","climate","assessment","cites","human","activity","primary","culprit","climate","change","members","trump","administration","including","environmental","protection","agency","chief","scott","pruitt","dismissed","impact","climate","change","related","paris","climate","agreement","earlier","president","donald","trump","announced","withdrawal","paris","agreement","pact","sponsored","united","nations","bring","nearly","nations","together","reduce","impact","climate","change","latest","draft","prepared","government","agencies","sign","final","copy","friday","seven","takeaways","federal","climate","change","report","copy","evidence","claims","human","caused","climate","change","scientists","noted","humans","dominant","cause","observed","changes","climate","lines","evidence","demonstrate","human","activities","especially","emissions","greenhouse","heat","trapping","gases","primarily","responsible","recent","observed","climate","change","report","authors","wrote","related","split","climate","change","opens","georgia","special","election","additionally","draft","extremely","likely","half","global","average","temperature","increase","worldwide","1951","linked","human","impact","corner","impacted","climate","change","average","annual","temperatures","expected","continue","rising","depending","future","emissions","levels","authors","estimate","increases","degrees","fahrenheit","late","century","related","atlanta","mayor","reed","dismayed","reports","trump","plans","withdraw","climate","agreement","alaska","arctic","temperatures","rising","twice","fast","global","average","western","southwestern","southeast","regions","continent","getting","dryer","southern","plains","midwest","getting","authors","wrote","possible","extreme","weather","attributed","climate","change","report","breaks","ground","comes","referred","science","draws","possible","links","climate","change","specific","weather","events","related","georgia","impacted","paris","climate","deal","previously","scientists","hesitant","link","authors","behind","federal","report","drew","connections","specific","weather","events","including","europe","2003","heat","waves","hurricane","sandy","2012","hurricanes","eastern","projected","potentially","destructive","pointing","evidence","hurricane","sandy","authors","concluded","confidence","climate","change","intensified","effects","extreme","weather","events","related","atlanta","ranks","third","nation","environmentally","friendly","green","offices","warming","temperatures","connected","rising","levels","rising","levels","storm","cause","wind","weather","conditions","move","water","onto","shore","phenomenon","known","storm","surge","national","oceanic","atmospheric","administration","findings","echo","previous","claims","academic","community","humans","stop","emitting","greenhouse","today","temperatures","climb","climate","surprises","compared","today","temperatures","global","temperatures","least","degrees","fahrenheit","warmer","century","humans","immediately","stopped","emitting","greenhouse","atmosphere","study","authors","wrote","fact","scientists","projected","actual","rise","degrees","related","easy","ways","green","atlanta","save","money","climate","models","aren","able","comprehend","earth","complex","climate","elements","scientists","warned","significant","possibility","future","climate","surprises","noting","risk","surprises","greater","emissions","continue","increase","flooding","rising","levels","already","problem","scientists","concluded","tidal","flooding","already","happening","coasts","including","miami","florida","norfolk","virginia","century","example","parts","charleston","flood","high","tide","nearly","york","times","reported","parts","francisco","highly","susceptible","frequent","tidal","flooding","report","scientists","worried","trump","administration","suppress","report","findings","manmade","climate","change","lead","author","texas","tech","university","climate","scientist","politico","alternative","credible","explanation","sharp","increase","temperatures","aside","human","activity","related","atlanta","companies","among","nation","along","scientists","involved","concerned","report","findings","suppressed","trump","administration","york","times","reported","white","house","press","secretary","sarah","huckabee","administration","comment","draft","report","until","scheduled","release","date","full","report","below","browser","does","support","please","download","view","download","2016","report","form","yale","program","climate","change","communication","nearly","percent","georgians","believe","global","warming","real","percent","concerned","impact","federal","report","findings","southeastern","georgia","reflect","scientists","previously","found","true","urban","areas","state","likely","experience","extreme","heat","floods","rural","parts","georgia","susceptible","drought","marshall","shepherd","meteorologist","director","university","georgia","atmospheric","sciences","program","atlanta","journal","constitution","read","full","story","myajc"]}
