{"authors":["Lea Rose Emery"],"date_download":"2018-10-31 01:29:02","date_modify":"2018-10-31 01:29:02","date_publish":"2018-10-08 13:00:31","description":"Living by yourself for the first time is a milestone for many of us. And even though it's often an exciting time that can feel really ~adult~, living alone for the first time can also be challenging life change.\n\"If you're living alone for the first…","filename":"7ThingsNoOneTellsYouAboutLivingAloneForTheFirstTime_267.json","image_url":"https://imgix.bustle.com/uploads/image/2018/10/4/c4f0d5dd-8748-46d8-a92a-5de82938d255-fotolia_103308750_subscription_monthly_m-1.jpg?w=1200&h=630&q=70&fit=crop&crop=faces&fm=jpg","language":"en","localpath":"7ThingsNoOneTellsYouAboutLivingAloneForTheFirstTime_267.json","title":"7 Things No One Tells You About Living Alone For The First Time","title_page":"7 Things No One Tells You About Living Alone For The First Time","title_rss":"NULL","source_domain":"bustle.com","text":"living yourself milestone though often exciting feel adult living alone challenging life change living alone whether moving saying housemates getting relationship having yourself yourself choice despite downs joanna townsend life coach washington based psychotherapist blush online life coaching tells bustle living alone comes responsibility choices alone people worth dream people love idea living friends partner others imagine anything better able walk naked bath surrounded whole quiet living alone helps aware hidden challenges hidden benefits renting buying place tells living alone experts start making decisions neighborhood matters andrew zaeh bustle living alone expense tempted wherever afford studio bedroom attention areas looking browse neighborhoods feel connected vibe townsend consider commute look realistic prices idealizing quaint trendy living alone great isolated leave home growing experience hannah burton bustle someone naturally does living great exercise though always easy someone feels anxious alone unable calm thoughts good thing engage self understanding introspection order comfortable alone townsend expect growing pains find style hannah burton bustle spent hating roommate pink cushions sick parents house live alone suddenly realize style living alone finally space embrace yours townsend experiment colors styles different vibes find works worth making effort hannah burton bustle someone thought style design matter worth taking home comfortable warm place homes play large role self care townsend wherever sure intentional mindful home feels successful predictor satisfaction home lives feel homes effort making safe restorative comfortable space authentically ourselves plans expect hannah burton bustle worried feeling lonely alone negative thoughts practicing mindfulness good coping mechanism sure planning enough social events outside home having night mind busy friends family soothing night occupied focus return home sleep behavioral scientist clarissa silva tells bustle occupation negative thinking alone budgeting tricky hannah burton bustle living alone often expensive planned covering rent bills single person easy forget costs handling groceries laundry detergent blanket chair start budget great budgeting hack keep yourself overspending embrace envelope system jill caponera consumer savings expert promocodes tells bustle figured monthly budget aside specific amount money individual envelopes cover different categories budget ensure overspend example budgeted month groceries amount bank account beginning month cash envelope labeled groceries using envelope system helps keep spending check quickly build savings account","url":"https://www.bustle.com/p/7-things-no-one-tells-you-about-living-alone-for-the-first-time-12152098","polarityScore":{"sourceTitle":"Bustle","allSidesBias":"left-center","communityAgree":"564","communityDisagree":"566","sourceUrl":"http://www.bustle.com/ "},"processedText":["living","yourself","milestone","though","often","exciting","feel","adult","living","alone","challenging","life","change","living","alone","whether","moving","saying","housemates","getting","relationship","having","yourself","yourself","choice","despite","downs","joanna","townsend","life","coach","washington","based","psychotherapist","blush","online","life","coaching","tells","bustle","living","alone","comes","responsibility","choices","alone","people","worth","dream","people","love","idea","living","friends","partner","others","imagine","anything","better","able","walk","naked","bath","surrounded","whole","quiet","living","alone","helps","aware","hidden","challenges","hidden","benefits","renting","buying","place","tells","living","alone","experts","start","making","decisions","neighborhood","matters","andrew","zaeh","bustle","living","alone","expense","tempted","wherever","afford","studio","bedroom","attention","areas","looking","neighborhoods","feel","connected","vibe","townsend","consider","commute","look","realistic","prices","quaint","trendy","living","alone","great","isolated","leave","home","growing","experience","hannah","burton","bustle","someone","naturally","does","living","great","exercise","though","always","easy","someone","feels","anxious","alone","unable","calm","thoughts","good","thing","engage","self","understanding","order","comfortable","alone","townsend","expect","growing","pains","find","style","hannah","burton","bustle","spent","hating","roommate","pink","sick","parents","house","live","alone","suddenly","realize","style","living","alone","finally","space","embrace","yours","townsend","experiment","colors","styles","different","vibes","find","works","worth","making","effort","hannah","burton","bustle","someone","thought","style","design","matter","worth","taking","home","comfortable","warm","place","homes","play","large","role","self","care","townsend","wherever","sure","intentional","mindful","home","feels","successful","predictor","satisfaction","home","lives","feel","homes","effort","making","safe","comfortable","space","ourselves","plans","expect","hannah","burton","bustle","worried","feeling","lonely","alone","negative","thoughts","practicing","mindfulness","good","coping","mechanism","sure","planning","enough","social","events","outside","home","having","night","mind","busy","friends","family","soothing","night","occupied","focus","return","home","sleep","behavioral","scientist","silva","tells","bustle","occupation","negative","thinking","alone","budgeting","tricky","hannah","burton","bustle","living","alone","often","expensive","planned","covering","rent","bills","single","person","easy","forget","costs","handling","groceries","laundry","blanket","chair","start","budget","great","budgeting","hack","keep","yourself","embrace","envelope","system","jill","consumer","savings","expert","tells","bustle","figured","monthly","budget","aside","specific","amount","money","individual","cover","different","categories","budget","ensure","example","month","groceries","amount","bank","account","beginning","month","cash","envelope","labeled","groceries","using","envelope","system","helps","keep","spending","check","quickly","build","savings","account"]}
