{"authors":["Kristine Fellizar"],"date_download":"2018-10-31 00:37:25","date_modify":"2018-10-31 00:37:25","date_publish":"2018-10-01 20:20:12","description":"Making it to your first anniversary is something you and your partner should be super proud of. After all, not every new relationship will hit that point. But if you're hoping to have many more anniversaries to come, experts say there are a few very…","filename":"7ThingsYouShouldDoAfterYourFirstAnniversaryToEnsureYourRelationshipLasts_273.json","image_url":"https://imgix.bustle.com/uploads/image/2018/10/1/d9368492-0bff-43f7-b70e-c0e799edc36d-2t4a9896.JPG?w=1200&h=630&q=70&fit=crop&crop=faces&fm=jpg","language":"en","localpath":"7ThingsYouShouldDoAfterYourFirstAnniversaryToEnsureYourRelationshipLasts_273.json","title":"7 Things You Should Do After Your First Anniversary To Ensure Your Relationship Lasts","title_page":"7 Things You Should Do After Your First Anniversary To Ensure Your Relationship Lasts","title_rss":"NULL","source_domain":"bustle.com","text":"making anniversary something partner super proud relationship point hoping anniversaries experts important doing help relationship important mark celebrate seem obvious failing least recognize importance pretty mistake ignore downplay anniversary relationship expert author april masini tells bustle couples cool deal having feat worth celebrating masini celebrating feat shows respect relationship grateful couples celebration look forward future relationship anniversary experts keep dating andrew zaeh bustle ensure relationship lasts beyond anniversary couple date licensed marriage family therapist lori whatley tells bustle aside night week dinners start stale shake adding activities whatever stop dating matter work conflict resolution skills andrew zaeh bustle relationship problems prevented solved open communication couples dont communicate connection becomes compromised whatley whenever misunderstanding arises habit work away sweep lead resentment healthy ways communicate fights sure learn stop holding onto ashley batz bustle honeymoon period starts wane start seeing partner truly sometimes quirks sometimes irritate regardless short memory whatley anniversary important learn includes drudging offense harmful wellbeing partnership blockages connection hold onto keep laughing together ashley batz bustle laughter bonding people together laughter deepen connection find ways smile whatley truly best medicine increase goodwill relationship profoundly plan something together shake routine andrew zaeh bustle important shake mundane work weeks months something extraordinary andrea amour founder update coaching tells bustle instance planning exciting trip together give something look forward give chance help refresh relationship lose momentum people complacent relationships makes fire although comfortable keep acting youthful daters sexy show gratitude andrew zaeh bustle biggest mistakes couples anniversary partner relationship granted reach point comfort forget partner feel special appreciated wanted couples fall routine magic begins evaporate relationship counselor young tells bustle creative thought relationship remain vibrant exciting full beginning","url":"https://www.bustle.com/p/7-things-you-should-do-after-your-first-anniversary-to-ensure-your-relationship-lasts-12108970","polarityScore":{"sourceTitle":"Bustle","allSidesBias":"left-center","communityAgree":"564","communityDisagree":"566","sourceUrl":"http://www.bustle.com/ "},"processedText":["making","anniversary","something","partner","super","proud","relationship","point","hoping","experts","important","doing","help","relationship","important","mark","celebrate","seem","obvious","failing","least","recognize","importance","pretty","mistake","ignore","downplay","anniversary","relationship","expert","author","april","masini","tells","bustle","couples","cool","deal","having","feat","worth","celebrating","masini","celebrating","feat","shows","respect","relationship","grateful","couples","celebration","look","forward","future","relationship","anniversary","experts","keep","dating","andrew","zaeh","bustle","ensure","relationship","lasts","beyond","anniversary","couple","date","licensed","marriage","family","therapist","lori","tells","bustle","aside","night","week","dinners","start","stale","shake","adding","activities","whatever","stop","dating","matter","work","conflict","resolution","skills","andrew","zaeh","bustle","relationship","problems","prevented","solved","open","communication","couples","communicate","connection","becomes","compromised","whenever","misunderstanding","arises","habit","work","away","sweep","lead","resentment","healthy","ways","communicate","fights","sure","learn","stop","holding","onto","ashley","batz","bustle","honeymoon","period","starts","start","seeing","partner","truly","sometimes","quirks","sometimes","irritate","regardless","short","memory","anniversary","important","learn","includes","offense","harmful","wellbeing","partnership","connection","hold","onto","keep","laughing","together","ashley","batz","bustle","laughter","bonding","people","together","laughter","deepen","connection","find","ways","smile","truly","best","medicine","increase","goodwill","relationship","profoundly","plan","something","together","shake","routine","andrew","zaeh","bustle","important","shake","mundane","work","weeks","months","something","extraordinary","andrea","amour","founder","update","coaching","tells","bustle","instance","planning","exciting","trip","together","give","something","look","forward","give","chance","help","refresh","relationship","lose","momentum","people","complacent","relationships","makes","fire","although","comfortable","keep","acting","youthful","sexy","show","gratitude","andrew","zaeh","bustle","biggest","mistakes","couples","anniversary","partner","relationship","granted","reach","point","comfort","forget","partner","feel","special","appreciated","wanted","couples","fall","routine","magic","begins","relationship","counselor","young","tells","bustle","creative","thought","relationship","remain","vibrant","exciting","full","beginning"]}
