{"authors":[],"date_download":"2018-11-01 21:53:50","date_modify":"2018-11-01 21:53:50","date_publish":"2018-10-10 03:28:00","description":"A review of Georgia Tech coach Paul Johnson’s Tuesday news conference in advance of the Yellow...","filename":"7thingsPaulJohnsonsaidathisTuesdaynewsconference_268.json","image_url":"https://www.ajc.com/rf/image_large/Pub/p9/AJC/2018/09/29/Images/IMG_3269.JPG","language":"en","localpath":"7thingsPaulJohnsonsaidathisTuesdaynewsconference_268.json","title":"7 things Paul Johnson said at his Tuesday news conference","title_page":"7 things Paul Johnson said at his Tuesday news conference","title_rss":"NULL","source_domain":"ajc.com","text":"review georgia tech coach paul johnson tuesday news conference advance yellow jackets game against duke saturday bobby dodd stadium johnson planned start five offensive linemen started louisville game left tackle zach quinney left guard parker braun center jahaziel guard connor hansen tackle andrew marshall offered caveat hold true none injured practice week always question game saturday johnson johnson rotating linemen matter prior start season preferred linemen play keep players fresh yellow jackets played lower snap numbers weeks likely making rest less factor depends number plays johnson guards tackles something happens rotate game trying rotate jimmy gets plays gets plays kind play aside center kenny cooper held quarter tech stuck starting four quarters louisville cooper rotated johnson hinted playing coming freshman safety juanyeh thomas free safety thomas playing behind malik rivera highly valuable member defense played similar scheme seasons wofford coming tech graduate transfer malik places juanyeh comes along johnson matured gotten understands better especially packages kind thing juanyeh thomas play friday returning interception yards touchdown late thomas monday playing behind rivera johnson expressed admiration duke progress seasons blue devils coach david cutcliffe leading teams saying duke leaps bounds progress johnson arrival tech playing bowl games 1961 2011 cutcliffe fourth season duke five bowl games seasons johnson noted duke coaching staff second third largest conference poured resources program stadium stuff johnson johnson noted duke starting defense players nine different states none players defensive depth chart total players state north carolina tells huge base huge recruiting office johnson johnson tech gaining recruiting staff went five gaining trying athletic director todd stansbury understands trying thing takes johnson opposed having broader recruiting base large majority tech players georgia florida tennessee alabama south carolina broader cast people find play without kids georgia football good wouldn mind having good player california york somewhere find great johnson defensive line depth group played starting line anree saint amour desmond branch ends kyle cerge henderson nose tackle probably dropoff behind group position certainly something continue work continue build depth johnson offense better scoring points against bowling green touchdowns eight nine drives counting final clock killing possession against louisville eight touchdowns field goal nine possessions including final possession game missed assignments plays went nothing miscalled formation play wasn perfect kick field goal done better johnson acknowledged unit playing pretty high rate efficiency possessions calling pretty remarkable johnson asked patience team starts second half season tech consecutive losses fans uproar wins bowling green louisville along play happen jump hell least ought main road thing johnson quarterback taquon marshall early struggles sometimes tried trying plays sometimes force frustrated adage works looked life best worry control focus control noise stuff control worry hard especially hard guys younger play","url":"https://www.ajc.com/sports/college/things-paul-johnson-said-his-tuesday-news-conference/hGfNoKs0eTC2QoTtpcBgHL/","polarityScore":{"sourceTitle":"Atlanta Journal-Constitution","allSidesBias":"left-center","communityAgree":"561","communityDisagree":"580","sourceUrl":"http://www.ajc.com/ "},"processedText":["review","georgia","tech","coach","paul","johnson","tuesday","news","conference","advance","yellow","jackets","game","against","duke","saturday","bobby","dodd","stadium","johnson","planned","start","five","offensive","started","louisville","game","left","tackle","zach","left","guard","parker","braun","center","guard","connor","hansen","tackle","andrew","marshall","offered","caveat","hold","true","none","injured","practice","week","always","question","game","saturday","johnson","johnson","rotating","matter","prior","start","season","preferred","play","keep","players","fresh","yellow","jackets","played","lower","snap","numbers","weeks","likely","making","rest","less","factor","depends","number","plays","johnson","guards","tackles","something","happens","rotate","game","trying","rotate","jimmy","gets","plays","gets","plays","kind","play","aside","center","kenny","cooper","held","quarter","tech","stuck","starting","four","quarters","louisville","cooper","johnson","hinted","playing","coming","freshman","safety","thomas","free","safety","thomas","playing","behind","malik","rivera","highly","valuable","member","defense","played","similar","scheme","seasons","wofford","coming","tech","graduate","transfer","malik","places","comes","along","johnson","matured","gotten","understands","better","especially","packages","kind","thing","thomas","play","friday","returning","interception","yards","touchdown","late","thomas","monday","playing","behind","rivera","johnson","expressed","admiration","duke","progress","seasons","blue","devils","coach","david","cutcliffe","leading","teams","saying","duke","leaps","bounds","progress","johnson","arrival","tech","playing","bowl","games","1961","2011","cutcliffe","fourth","season","duke","five","bowl","games","seasons","johnson","noted","duke","coaching","staff","second","third","largest","conference","poured","resources","program","stadium","stuff","johnson","johnson","noted","duke","starting","defense","players","nine","different","states","none","players","defensive","depth","chart","total","players","state","north","carolina","tells","huge","base","huge","recruiting","office","johnson","johnson","tech","gaining","recruiting","staff","went","five","gaining","trying","athletic","director","todd","understands","trying","thing","takes","johnson","opposed","having","broader","recruiting","base","large","majority","tech","players","georgia","florida","tennessee","alabama","south","carolina","broader","cast","people","find","play","without","kids","georgia","football","good","wouldn","mind","having","good","player","california","york","somewhere","find","great","johnson","defensive","line","depth","group","played","starting","line","saint","amour","desmond","branch","ends","kyle","henderson","nose","tackle","probably","behind","group","position","certainly","something","continue","work","continue","build","depth","johnson","offense","better","scoring","points","against","bowling","green","touchdowns","eight","nine","drives","counting","final","clock","killing","possession","against","louisville","eight","touchdowns","field","goal","nine","possessions","including","final","possession","game","missed","assignments","plays","went","nothing","formation","play","wasn","perfect","kick","field","goal","done","better","johnson","acknowledged","unit","playing","pretty","high","rate","efficiency","possessions","calling","pretty","remarkable","johnson","asked","patience","team","starts","second","half","season","tech","consecutive","losses","fans","uproar","wins","bowling","green","louisville","along","play","happen","jump","hell","least","ought","main","road","thing","johnson","quarterback","marshall","early","struggles","sometimes","tried","trying","plays","sometimes","force","frustrated","adage","works","looked","life","best","worry","control","focus","control","noise","stuff","control","worry","hard","especially","hard","guys","younger","play"]}
