{"authors":[],"date_download":"2018-11-03 01:22:23","date_modify":"2018-11-03 01:22:23","date_publish":"2017-07-12 14:05:00","description":"One of the world’s most massive icebergs has officially broken from Antarctica’s Larsen C ice shelf.","filename":"7thingstoknowaboutLarsenCiceshelf_269.json","image_url":"https://www.ajc.com/rf/image_large/Pub/p8/CmgSharedContent/2017/06/02/Videos/4074902.vpx.jpg","language":"en","localpath":"7thingstoknowaboutLarsenCiceshelf_269.json","title":"7 things to know about Larsen C ice shelf","title_page":"Antarctica iceberg: 7 things to know about Larsen C ice shelf","title_rss":"NULL","source_domain":"ajc.com","text":"story updated massive iceberg size delaware lake ontario broke antarctica massive larsen shelf monday wednesday scientists announced wednesday european space agency issued press release wednesday announcing behemoth iceberg expected named finally broke changing outline antarctic peninsula forever event witnessed copernicus sentinel mission satellite part natural cycle iceberg calving seven cracking larsen shelf antarctica larsen shelf largest shelves region spanning approximately square miles recent shelf experienced rapid rift growth widening feet june satellite images impact melt shelf dynamics stability project project midas showed shelf rift split turned north begun making toward southern ocean related huge iceberg newfoundland drawing large crowds crack larsen shelf deep crack extended course miles miles separated larsen crack open water week shelf calve give colossal iceberg june project midas experts iceberg outer moving highest speed massive iceberg officially broke monday wednesday witnessed sentinel satellite provided high resolution look breaking larsen shelf related climate disaster shows georgia second apocalyptic state larsen iceberg huge square mile iceberg weighs trillion twice volume lake erie nearly size delaware climatecentral week iceberg expected enough fill million olympic swimming pools enough cover states inches allowing skate coast coast victory laps hawaii alaska iceberg breaking iceberg begin southern ocean weddell escape shallow waters heads antarctic circumpolar current south atlantic whole pieces iceberg reach falkland islands miles away larsen shelf does iceberg breaking larsen shelf harmful anyway previous events further north larsen shelves captured envisat satellites indicate large portion shelf lost flow glaciers behind accelerate contributing level rise announced addition colossal iceberg pose hazard maritime traffic iceberg breaks smaller pieces ocean currents drag iceberg north posing hazard ships anna hogg university leeds week earlier news release does event impact climate change uncommon icebergs calve antarctica scientists colossal iceberg event mean high temperatures melting antarctica causing fall apart eric rignot nasa university california irvine expert antarctica washington post event certainly climate warning citing larsen next line collapse larsen 1995 larsen 2002 situated north larsen antarctic scientist helen amana fricker wrote guardian enormous larsen rift ordinary housekeeping part antarctica saying size match size entire sheet larsen next line fricker washington post instead getting thinner sign melting shelf gotten thicker recent press panic button larsen fricker professor scripps institute oceanography wrote fracturing surface melting sound signs climate change action antarctica part background against look real change read fricker full remarks guardian","url":"https://www.ajc.com/news/national/behemoth-iceberg-officially-breaks-from-antarctica-larsen-ice-shelf-things-know/PfC6tKOPWtxkb7T7C39X5L/","polarityScore":{"sourceTitle":"Atlanta Journal-Constitution","allSidesBias":"left-center","communityAgree":"561","communityDisagree":"580","sourceUrl":"http://www.ajc.com/ "},"processedText":["story","updated","massive","iceberg","size","delaware","lake","ontario","broke","antarctica","massive","larsen","shelf","monday","wednesday","scientists","announced","wednesday","european","space","agency","issued","press","release","wednesday","announcing","behemoth","iceberg","expected","named","finally","broke","changing","outline","peninsula","forever","event","witnessed","sentinel","mission","satellite","part","natural","cycle","iceberg","seven","cracking","larsen","shelf","antarctica","larsen","shelf","largest","shelves","region","spanning","approximately","square","miles","recent","shelf","experienced","rapid","rift","growth","widening","feet","june","satellite","images","impact","melt","shelf","dynamics","stability","project","project","showed","shelf","rift","split","turned","north","begun","making","toward","southern","ocean","related","huge","iceberg","drawing","large","crowds","crack","larsen","shelf","deep","crack","extended","course","miles","miles","separated","larsen","crack","open","water","week","shelf","give","colossal","iceberg","june","project","experts","iceberg","outer","moving","highest","speed","massive","iceberg","officially","broke","monday","wednesday","witnessed","sentinel","satellite","provided","high","resolution","look","breaking","larsen","shelf","related","climate","disaster","shows","georgia","second","apocalyptic","state","larsen","iceberg","huge","square","mile","iceberg","weighs","trillion","twice","volume","lake","nearly","size","delaware","week","iceberg","expected","enough","fill","million","olympic","swimming","pools","enough","cover","states","inches","allowing","skate","coast","coast","victory","laps","hawaii","alaska","iceberg","breaking","iceberg","begin","southern","ocean","escape","shallow","waters","heads","current","south","atlantic","whole","pieces","iceberg","reach","islands","miles","away","larsen","shelf","does","iceberg","breaking","larsen","shelf","harmful","anyway","previous","events","further","north","larsen","shelves","captured","satellites","indicate","large","portion","shelf","lost","flow","behind","accelerate","contributing","level","rise","announced","addition","colossal","iceberg","pose","hazard","maritime","traffic","iceberg","breaks","smaller","pieces","ocean","currents","drag","iceberg","north","posing","hazard","ships","anna","university","leeds","week","earlier","news","release","does","event","impact","climate","change","uncommon","antarctica","scientists","colossal","iceberg","event","mean","high","temperatures","melting","antarctica","causing","fall","apart","eric","nasa","university","california","irvine","expert","antarctica","washington","post","event","certainly","climate","warning","citing","larsen","next","line","collapse","larsen","1995","larsen","2002","situated","north","larsen","scientist","helen","wrote","guardian","enormous","larsen","rift","ordinary","housekeeping","part","antarctica","saying","size","match","size","entire","sheet","larsen","next","line","washington","post","instead","getting","thinner","sign","melting","shelf","gotten","thicker","recent","press","panic","button","larsen","professor","institute","wrote","fracturing","surface","melting","sound","signs","climate","change","action","antarctica","part","background","against","look","real","change","read","full","remarks","guardian"]}
