{"authors":["Charlotte Ahlin"],"date_download":"2018-10-31 00:18:10","date_modify":"2018-10-31 00:18:10","date_publish":"2018-10-15 22:00:30","description":"Most of the time, it is not a good idea to make travel plans based on books. If you see a white rabbit, for instance, it is inadvisable to follow him into his hole and then proceed to drink the unknown substances you find therein. If you discover a…","filename":"7TripsFromBooksThatYouCanActuallyTakeIfYoureFeelingAdventurous_276.json","image_url":"https://imgix.bustle.com/uploads/image/2018/10/15/02ede79e-eb16-4d70-b135-f38e73338cda-screen-shot-2018-10-15-at-20243-pm.png?w=1200&h=630&q=70&fit=crop&crop=faces&fm=jpg","language":"en","localpath":"7TripsFromBooksThatYouCanActuallyTakeIfYoureFeelingAdventurous_276.json","title":"7 Trips From Books That You Can Actually Take, If You're Feeling Adventurous","title_page":"7 Trips From Books That You Can Actually Take, If You're Feeling Adventurous","title_rss":"NULL","source_domain":"bustle.com","text":"good idea travel plans based books white rabbit instance inadvisable follow hole proceed drink unknown substances find therein discover hidden kingdom wardrobe almost certainly shouldn proceed conquer name yourself sovereign ruler generally speaking probably travel world find yourself unless financially stable across book pretty solid travel itinerary weird wild beautiful trips books real life course travel stories fictional fictional list covers trips without leaving north america start road tripping across continent list includes books excellent travel advice dreadful life advice careful avoid metaphysical wars super flus disillusionment american dream follow books across country hike pacific crest trail wild wild cheryl strayed powerful breathtaking memoir hitting rock bottom subsequently deciding hike thousand miles pacific crest trail training whatsoever rock bottom part definitely trek completely inexperienced hiker enjoy outdoors sleeping stars living moments favorite books follow strayed path mojave desert california oregon washington state smaller part visit house rock american gods trips american gods quite replicate difficult find driving djinni visit underworld bizarre roadside attraction near spring green wisconsin known house rock impressive confusing building filled monsters mannequins giant carousel strange exhibits described novel probably gods moment travel michigan coast station eleven wait apocalypse follow trail traveling symphony station eleven book band performers travels down michigan coast bringing music shakespeare plays remnants human civilization real life travel enjoy scenery without worrying catching super chase american dream wangs world road trip book list complete without classic hilarious dysfunctional family journeys across country story wangs world formerly wealthy wangs lost everything financial crash traveling upstate york orleans north carolina collect wayward children start anew california york trip though leave family drama behind check avonlea anne green gables anne green gables kicks beloved children series anne plucky headed orphan arriving beautiful community avonlea prince edward island canada sure exactly road tripping seeking refuge abusive foster parents visit replica anne idyllic avonlea real life investigate historical murder sites assassination vacation nothing family vacation site political assassination allow hysterical historian assassination vacation author sarah vowell guide america grisly patriotic places upsetting journey buffalo alaska enjoy history true crime ideal trip several spots steer clear","url":"https://www.bustle.com/p/7-trips-from-books-that-you-can-actually-take-if-youre-feeling-adventurous-12251914","polarityScore":{"sourceTitle":"Bustle","allSidesBias":"left-center","communityAgree":"564","communityDisagree":"566","sourceUrl":"http://www.bustle.com/ "},"processedText":["good","idea","travel","plans","based","books","white","rabbit","instance","follow","hole","proceed","drink","unknown","substances","find","therein","discover","hidden","kingdom","wardrobe","almost","certainly","shouldn","proceed","conquer","name","yourself","sovereign","ruler","generally","speaking","probably","travel","world","find","yourself","unless","financially","stable","across","book","pretty","solid","travel","itinerary","weird","wild","beautiful","trips","books","real","life","course","travel","stories","fictional","fictional","list","covers","trips","without","leaving","north","america","start","road","tripping","across","continent","list","includes","books","excellent","travel","advice","dreadful","life","advice","careful","avoid","wars","super","american","dream","follow","books","across","country","hike","pacific","crest","trail","wild","wild","cheryl","powerful","breathtaking","memoir","hitting","rock","bottom","subsequently","deciding","hike","thousand","miles","pacific","crest","trail","training","whatsoever","rock","bottom","part","definitely","trek","completely","inexperienced","enjoy","outdoors","sleeping","stars","living","moments","favorite","books","follow","path","mojave","desert","california","oregon","washington","state","smaller","part","visit","house","rock","american","gods","trips","american","gods","quite","replicate","difficult","find","driving","visit","bizarre","roadside","attraction","near","spring","green","wisconsin","known","house","rock","impressive","confusing","building","filled","monsters","giant","strange","exhibits","described","novel","probably","gods","moment","travel","michigan","coast","station","eleven","wait","apocalypse","follow","trail","traveling","symphony","station","eleven","book","band","performers","travels","down","michigan","coast","bringing","music","shakespeare","plays","remnants","human","civilization","real","life","travel","enjoy","scenery","without","worrying","catching","super","chase","american","dream","world","road","trip","book","list","complete","without","classic","hilarious","dysfunctional","family","journeys","across","country","story","world","formerly","wealthy","lost","everything","financial","crash","traveling","upstate","york","orleans","north","carolina","collect","wayward","children","start","anew","california","york","trip","though","leave","family","drama","behind","check","anne","green","gables","anne","green","gables","kicks","beloved","children","series","anne","headed","arriving","beautiful","community","prince","edward","island","canada","sure","exactly","road","tripping","seeking","refuge","abusive","foster","parents","visit","replica","anne","real","life","investigate","historical","murder","sites","assassination","vacation","nothing","family","vacation","site","political","assassination","allow","hysterical","historian","assassination","vacation","author","sarah","guide","america","grisly","patriotic","places","upsetting","journey","buffalo","alaska","enjoy","history","true","crime","ideal","trip","several","spots","steer","clear"]}
