{"authors":["Eva Taylor Grant"],"date_download":"2018-10-31 00:42:07","date_modify":"2018-10-31 00:42:07","date_publish":"2018-10-10 17:46:36","description":"For those with a variety of medical disorders or injuries, inflammation is a common thread. And while it can be frustrating to deal with inflammation in your daily life, you may not realize that this issue may be the reason your nights are hard as…","filename":"7WaysInflammationIsAffectingYourSleep_279.json","image_url":"https://imgix.bustle.com/uploads/image/2018/10/10/17d1c2c6-4a0d-4000-9efe-49f27cd788de-woman-confused-bed.jpg?w=1200&h=630&q=70&fit=crop&crop=faces&fm=jpg","language":"en","localpath":"7WaysInflammationIsAffectingYourSleep_279.json","title":"7 Ways Inflammation Is Affecting Your Sleep","title_page":"7 Ways Inflammation Is Affecting Your Sleep","title_rss":"NULL","source_domain":"bustle.com","text":"variety medical disorders injuries inflammation common thread frustrating deal inflammation daily life realize issue reason nights hard effects inflammation sleep plentiful unfortunately understanding inflammation difficult umbrella term variety physical reactions experiencing inflammation body responding either real perceived threat illness injury inflammation body natural defense against damaged cells viruses bacteria josh founder ancient nutrition draxe tells bustle occurs naturally remove harmful foreign invaders body attempt heal itself inflammation always fact acute inflammation starts quickly disappears within days necessary chronic inflammation lasts months means body eliminate trigger happens sleep disrupted seven ways inflammation affect sleep experts causes pain andrew zaeh bustle inflammation body able draw line issue issue having trouble sleeping pain excessive inflammation causing pain interferes sleep sleep expert jacob teitelbaum tells bustle example somebody arthritis find joint pain keeps sleeping treating cause inflammation sleeping easier speak doctor experiencing symptoms makes stressed bedtime ashley batz bustle feelings experience especially bedtime aren always head hormones chemicals inflammation play lying awake teitelbaum stress hormone cortisol higher levels morning lower levels night else hard fall asleep unfortunately excessive inflammation increase levels cortisol night issue feel wide awake early morning hours directly affect sleep center brain andrew zaeh bustle certain conditions associated chronic inflammation affect sleep symptomatic level conditions fibromyalgia affect brain sleep center itself sleep center brain hypothalamus suppressed chronic inflammation elsewhere body issue especially present fibromyalgia causes widespread pain brain teitelbaum believe case seeing doctor important next step trouble moving sleep andrew zaeh bustle inflammation related sleep problems related situations chronic inflammation short term inflammation doctors become problem acute inflammation includes pain swelling cause difficulties falling asleep waking movement limb sleep orthopedic cosmetic plastic surgeon john cory tells bustle kind discomfort away injury illness heals incredibly difficult deal moment less sleep andrew zaeh bustle inflammation find yourself able sleep quite deeply condition present aren getting enough rapid movement sleep part sleep cycle dream inflammation lead decreased sleep cory sleep vital body release endorphins pain relief growth hormone testosterone healing feel tired host side effects inadequate rest snore ashley batz bustle inflammation always caused major illness injury sometimes caused inhaled allergies pollens molds allergies inflammation cause become issue comes sleeping quietly allergies lead snoring become severe obstruct airways kathleen riley tells bustle brain enough oxygen triggers wake response jolted awake snoring invest allergy treatment","url":"https://www.bustle.com/p/7-ways-inflammation-is-affecting-your-sleep-12198583","polarityScore":{"sourceTitle":"Bustle","allSidesBias":"left-center","communityAgree":"564","communityDisagree":"566","sourceUrl":"http://www.bustle.com/ "},"processedText":["variety","medical","disorders","injuries","inflammation","common","thread","frustrating","deal","inflammation","daily","life","realize","issue","reason","nights","hard","effects","inflammation","sleep","plentiful","unfortunately","understanding","inflammation","difficult","umbrella","term","variety","physical","reactions","experiencing","inflammation","body","responding","either","real","perceived","threat","illness","injury","inflammation","body","natural","defense","against","damaged","cells","viruses","bacteria","josh","founder","ancient","nutrition","tells","bustle","occurs","naturally","remove","harmful","foreign","invaders","body","attempt","heal","itself","inflammation","always","fact","acute","inflammation","starts","quickly","disappears","within","days","necessary","chronic","inflammation","lasts","months","means","body","eliminate","trigger","happens","sleep","disrupted","seven","ways","inflammation","affect","sleep","experts","causes","pain","andrew","zaeh","bustle","inflammation","body","able","draw","line","issue","issue","having","trouble","sleeping","pain","excessive","inflammation","causing","pain","sleep","sleep","expert","jacob","tells","bustle","example","somebody","find","joint","pain","keeps","sleeping","treating","cause","inflammation","sleeping","easier","speak","doctor","experiencing","symptoms","makes","stressed","bedtime","ashley","batz","bustle","feelings","experience","especially","bedtime","aren","always","head","hormones","chemicals","inflammation","play","lying","awake","stress","hormone","higher","levels","morning","lower","levels","night","else","hard","fall","asleep","unfortunately","excessive","inflammation","increase","levels","night","issue","feel","wide","awake","early","morning","hours","directly","affect","sleep","center","brain","andrew","zaeh","bustle","certain","conditions","associated","chronic","inflammation","affect","sleep","level","conditions","affect","brain","sleep","center","itself","sleep","center","brain","suppressed","chronic","inflammation","elsewhere","body","issue","especially","present","causes","widespread","pain","brain","believe","case","seeing","doctor","important","next","step","trouble","moving","sleep","andrew","zaeh","bustle","inflammation","related","sleep","problems","related","situations","chronic","inflammation","short","term","inflammation","doctors","become","problem","acute","inflammation","includes","pain","swelling","cause","difficulties","falling","asleep","waking","movement","limb","sleep","orthopedic","cosmetic","plastic","surgeon","john","cory","tells","bustle","kind","discomfort","away","injury","illness","incredibly","difficult","deal","moment","less","sleep","andrew","zaeh","bustle","inflammation","find","yourself","able","sleep","quite","deeply","condition","present","aren","getting","enough","rapid","movement","sleep","part","sleep","cycle","dream","inflammation","lead","decreased","sleep","cory","sleep","vital","body","release","pain","relief","growth","hormone","testosterone","healing","feel","tired","host","side","effects","inadequate","rest","ashley","batz","bustle","inflammation","always","caused","major","illness","injury","sometimes","caused","allergies","allergies","inflammation","cause","become","issue","comes","sleeping","quietly","allergies","lead","become","severe","obstruct","airways","kathleen","riley","tells","bustle","brain","enough","oxygen","triggers","wake","response","awake","invest","allergy","treatment"]}
