{"authors":["Amanda Chatel"],"date_download":"2018-10-31 00:40:40","date_modify":"2018-10-31 00:40:40","date_publish":"2018-10-14 15:00:30","description":"You're in a rut. Every day of your life you do the same thing, so much so that you're starting to think you're starring in your own version of Groundhog Day. You flip through issues of AFAR magazine or scour the Internet for apartments in other…","filename":"7WaysToKnowIfYoureReadyToMoveToANewCity_283.json","image_url":"https://imgix.bustle.com/uploads/image/2018/10/11/e56c747f-2601-4b28-b06a-1a48d98d2806-fotolia_109670575_subscription_monthly_m.jpg?w=1200&h=630&q=70&fit=crop&crop=faces&fm=jpg","language":"en","localpath":"7WaysToKnowIfYoureReadyToMoveToANewCity_283.json","title":"7 Ways To Know If You're Ready To Move To A New City","title_page":"7 Ways To Know If You're Ready To Move To A New City","title_rss":"NULL","source_domain":"bustle.com","text":"life thing starting starring version groundhog flip issues afar magazine scour internet apartments cities maybe cities considered change scenery sure begin always suggest writing down list ideal features home realtor coldwell banker residential real estate april kozlowski palomino tells bustle decide items absolute haves items nice necessary great importance home didn shopping seamless less frustrating experience decided next step figure afford ready move sometimes wiggle lease having person instead person jumps city looks seven ways ready move city feel stuck routine andrew zaeh bustle move city doing week month jenn dewall millennial life career coach tells bustle essentially created personal bubble motions love friends awhile become monotonous stagnant life author jack london wrote proper function live exist shall waste days trying prolong shall exist live challenge yourself hannah burton bustle dewall grow experiences learn world learn yourself jump comfort zone explore longer keep booming rents current city hannah burton bustle priced current city move ready move city current city affordable struggling keep dewall afford life live paycheck paycheck real reason stay ashley batz bustle maybe nothing keeping city sticking waiting perhaps friends moved away dewall nothing keeping aren loving change sure easy start scratch city friends friends yourself looking better quality life andrew zaeh bustle higher quality life dewall live city focuses health wellness help grow areas shorter commute spending less trying work cities smog cities trash cities relax cities feel race city downsides done particular downsides change quality life shouldn afterthought lived anywhere else hannah burton bustle lived anywhere else city dewall gone experience writing chapter meeting people exploring city trying something known unknown seem scary settled city love wonder didn move sooner","url":"https://www.bustle.com/p/7-ways-to-know-if-youre-ready-to-move-to-a-new-city-12218427","polarityScore":{"sourceTitle":"Bustle","allSidesBias":"left-center","communityAgree":"564","communityDisagree":"566","sourceUrl":"http://www.bustle.com/ "},"processedText":["life","thing","starting","starring","version","flip","issues","afar","magazine","internet","apartments","cities","maybe","cities","considered","change","scenery","sure","begin","always","suggest","writing","down","list","ideal","features","home","banker","residential","real","estate","april","palomino","tells","bustle","decide","items","absolute","haves","items","nice","necessary","great","importance","home","didn","shopping","seamless","less","frustrating","experience","decided","next","step","figure","afford","ready","move","sometimes","wiggle","lease","having","person","instead","person","jumps","city","looks","seven","ways","ready","move","city","feel","stuck","routine","andrew","zaeh","bustle","move","city","doing","week","month","dewall","millennial","life","career","coach","tells","bustle","essentially","created","personal","bubble","motions","love","friends","awhile","become","stagnant","life","author","jack","london","wrote","proper","function","live","exist","shall","waste","days","trying","shall","exist","live","challenge","yourself","hannah","burton","bustle","dewall","grow","experiences","learn","world","learn","yourself","jump","comfort","zone","explore","longer","keep","booming","rents","current","city","hannah","burton","bustle","priced","current","city","move","ready","move","city","current","city","affordable","struggling","keep","dewall","afford","life","live","paycheck","paycheck","real","reason","stay","ashley","batz","bustle","maybe","nothing","keeping","city","sticking","waiting","perhaps","friends","moved","away","dewall","nothing","keeping","aren","loving","change","sure","easy","start","scratch","city","friends","friends","yourself","looking","better","quality","life","andrew","zaeh","bustle","higher","quality","life","dewall","live","city","focuses","health","wellness","help","grow","areas","shorter","commute","spending","less","trying","work","cities","smog","cities","trash","cities","relax","cities","feel","race","city","downsides","done","particular","downsides","change","quality","life","shouldn","afterthought","lived","anywhere","else","hannah","burton","bustle","lived","anywhere","else","city","dewall","gone","experience","writing","chapter","meeting","people","exploring","city","trying","something","known","unknown","seem","scary","settled","city","love","wonder","didn","move","sooner"]}
