{"authors":["Amanda Chatel"],"date_download":"2018-10-31 00:35:13","date_modify":"2018-10-31 00:35:13","date_publish":"2018-10-01 20:51:26","description":"If you sleep eight hours a night like sleep experts suggest you do, you will sleep roughly one-third of your life. From nights where you don't sleep much at all, to the nights where you sleep more than enough, if you live to be 75, you will have…","filename":"7WaysVacationMessesWithYourSleepAndWhatToDoAboutIt_285.json","image_url":"https://imgix.bustle.com/uploads/image/2018/10/1/a65d1f5d-0f96-4b4b-a16c-86490b1b16da-zaeh_bustle_aug2015-50.jpg?w=1200&h=630&q=70&fit=crop&crop=faces&fm=jpg","language":"en","localpath":"7WaysVacationMessesWithYourSleepAndWhatToDoAboutIt_285.json","title":"7 Ways Vacation Messes With Your Sleep - And What To Do About It","title_page":"7 Ways Vacation Messes With Your Sleep — And What To Do About It","title_rss":"NULL","source_domain":"bustle.com","text":"sleep eight hours night sleep experts suggest sleep roughly third life nights sleep nights sleep enough live slept least attempted sleep getting good night sleep difficult changes lives schedule difficult bodies minds respond routine mike kisch sleep expert founder beddr tells bustle consistent wake train bodies circadian rhythms bodies routine especially comes sleep everything changes different sounds different beds throw sleep loop course vacation rested enjoy trip without exhausted entire seven ways vacation messes sleep challenges sound ashley batz bustle country person city trip sounds completely foreign loud keep city person vacationing country silence absolutely keep white noise machine drown noise certified sleep consultant good night sleep site julia walsh tells bustle turn radio hotel room station white noise perfect lull yourself sleep matter blocking sound trying sound early morning flights ashley batz bustle getting early flying crack dawn good start vacation flying zone best leave night ideally sleep plane plan flight early morning possible sure start vacation sleep deprived helm sleep expert founder shleep tells bustle result lack sleep starting vacation already sleep deprived worse changes andrew zaeh bustle course changes mess sleep greater difference started difficult track short trip weekend short business trip stay home zone instead switching body zone traveled possible walsh switch zones trip longer days commitments switch zone soon arrive destination schedule asap ashley batz bustle eating breakfast morning place vacationing leap difference least body standards walsh switching meals sleep soon body adjusting schedule soon possible transition home zone soon return walsh body adjust quickly correct zone minimized dehydration andrew zaeh bustle healthy body needs hydrated surprise dehydrated affect ability sleep sleep stay without water travel especially flying stay hydrated cannot stress enough tania elliott board certified allergist internist chief medical officer tells bustle bring least liter water flight pick aisle seat small bladder lack hydration reasons headaches feel lack luster devoid energy plane elliot stay away alcohol caffeine work disrupt sleep contribute dehydrating different beds ashley batz bustle comfortable world mess vacation walsh suggests bringing pillow feel home traveling kids bringing sheet help sleep better sleep familiarity","url":"https://www.bustle.com/p/7-ways-vacation-messes-with-your-sleep-what-to-do-about-it-12110872","polarityScore":{"sourceTitle":"Bustle","allSidesBias":"left-center","communityAgree":"564","communityDisagree":"566","sourceUrl":"http://www.bustle.com/ "},"processedText":["sleep","eight","hours","night","sleep","experts","suggest","sleep","roughly","third","life","nights","sleep","nights","sleep","enough","live","slept","least","attempted","sleep","getting","good","night","sleep","difficult","changes","lives","schedule","difficult","bodies","minds","respond","routine","mike","sleep","expert","founder","tells","bustle","consistent","wake","train","bodies","circadian","rhythms","bodies","routine","especially","comes","sleep","everything","changes","different","sounds","different","beds","throw","sleep","loop","course","vacation","rested","enjoy","trip","without","exhausted","entire","seven","ways","vacation","messes","sleep","challenges","sound","ashley","batz","bustle","country","person","city","trip","sounds","completely","foreign","loud","keep","city","person","vacationing","country","silence","absolutely","keep","white","noise","machine","drown","noise","certified","sleep","consultant","good","night","sleep","site","julia","walsh","tells","bustle","turn","radio","hotel","room","station","white","noise","perfect","yourself","sleep","matter","blocking","sound","trying","sound","early","morning","flights","ashley","batz","bustle","getting","early","flying","crack","dawn","good","start","vacation","flying","zone","best","leave","night","ideally","sleep","plane","plan","flight","early","morning","possible","sure","start","vacation","sleep","deprived","helm","sleep","expert","founder","tells","bustle","result","lack","sleep","starting","vacation","already","sleep","deprived","worse","changes","andrew","zaeh","bustle","course","changes","mess","sleep","greater","difference","started","difficult","track","short","trip","weekend","short","business","trip","stay","home","zone","instead","switching","body","zone","traveled","possible","walsh","switch","zones","trip","longer","days","commitments","switch","zone","soon","arrive","destination","schedule","asap","ashley","batz","bustle","eating","breakfast","morning","place","vacationing","leap","difference","least","body","standards","walsh","switching","meals","sleep","soon","body","adjusting","schedule","soon","possible","transition","home","zone","soon","return","walsh","body","adjust","quickly","correct","zone","minimized","andrew","zaeh","bustle","healthy","body","needs","hydrated","surprise","affect","ability","sleep","sleep","stay","without","water","travel","especially","flying","stay","hydrated","cannot","stress","enough","elliott","board","certified","chief","medical","officer","tells","bustle","bring","least","liter","water","flight","pick","aisle","seat","small","lack","hydration","reasons","headaches","feel","lack","devoid","energy","plane","elliot","stay","away","alcohol","caffeine","work","disrupt","sleep","contribute","different","beds","ashley","batz","bustle","comfortable","world","mess","vacation","walsh","suggests","bringing","pillow","feel","home","traveling","kids","bringing","sheet","help","sleep","better","sleep","familiarity"]}
