{"authors":["Kristine Fellizar"],"date_download":"2018-10-31 01:18:08","date_modify":"2018-10-31 01:18:08","date_publish":"2018-10-11 20:34:43","description":"Communication is one of the most important things you need to have in your relationship if you want it to succeed. But the reality is, not everyone is good at it, and sometimes miscommunications on the side of one partner can seem like disinterest…","filename":"7WaysToTellIfYourPartnerIsNoLongerInterestedVsJustBadAtCommunication_284.json","image_url":"https://imgix.bustle.com/uploads/image/2018/10/10/9a5ff351-a080-4846-8a3c-0ca0ba30629f-2t4a0213.JPG?w=1200&h=630&q=70&fit=crop&crop=faces&fm=jpg","language":"en","localpath":"7WaysToTellIfYourPartnerIsNoLongerInterestedVsJustBadAtCommunication_284.json","title":"7 Ways To Tell If Your Partner Is No Longer Interested Vs. Just Bad At Communication","title_page":"7 Ways To Tell If Your Partner Is No Longer Interested Vs. Just Bad At Communication","title_rss":"NULL","source_domain":"bustle.com","text":"communication important relationship succeed reality everyone good sometimes miscommunications side partner seem disinterest tell partner interested relationship communication andrea amour founder update coaching tells bustle good communication means something different couple person perfectly content partner responds texts worded answers quick respond consistent partner always prefer thoughtful answers short quick ones important partner communication style prefer needs relationship partner great communicator amour definitely room turn slow respond texts forget respond overwhelmed work talk partner committed ownership plan change sure stay positive patient progress always slow asking someone change hand partner longer interested behave ways different someone communicating ways tell difference experts apologize ashley batz bustle early stages relationship notice partner unapologetic interested pursuing something term everyone different people busy spacey super outgoing amour someone communication usually acknowledge fact apologize someone notice problem care indicate aren super interested defensive resistant change ashley batz bustle people communicators relationship willing work themselves relationship better amour someone resistant changing communication behaviors sign devoted relationship apathetic suggestions andrew zaeh bustle sometimes differentiating poor communication skills lack interest require close attention subtle queues partner relationship coach nicole lynn tells bustle important notice partner apathetic accepting suggestions planning date night wanting talk hard work does partner react look tuning trying stay focused present reactions seem similar surface close attention hold deeper indicator true emotions lynn conversations become awkward ashley batz bustle aren willing keep communication relationship doomed julia mccurley professional matchmaker founder something tells bustle stay emotionally connected willing talk beyond surface level partner best communicating something attempt work show interest deeper problem express emotions ashley batz bustle good thing partner express emotions sadness anger mean feelings towards mccurley something fighting good indicator relationship track partner longer interested care fight likely checked relationship partner communication shut down haven learned proper conflict resolution skills open communication partner interested learn open express themselves stop asking ashley batz bustle feel planning everything partner stopped initiating dates losing interest note beginning suddenly stopped important sign attention relationship expert sarah rose marcus tells bustle communicator effort person declaring feelings actions otherwise","url":"https://www.bustle.com/p/7-ways-to-tell-if-your-partner-is-no-longer-interested-vs-just-bad-at-communication-12213623","polarityScore":{"sourceTitle":"Bustle","allSidesBias":"left-center","communityAgree":"564","communityDisagree":"566","sourceUrl":"http://www.bustle.com/ "},"processedText":["communication","important","relationship","succeed","reality","everyone","good","sometimes","side","partner","seem","tell","partner","interested","relationship","communication","andrea","amour","founder","update","coaching","tells","bustle","good","communication","means","something","different","couple","person","perfectly","content","partner","responds","texts","worded","answers","quick","respond","consistent","partner","always","prefer","thoughtful","answers","short","quick","ones","important","partner","communication","style","prefer","needs","relationship","partner","great","communicator","amour","definitely","room","turn","slow","respond","texts","forget","respond","overwhelmed","work","talk","partner","committed","ownership","plan","change","sure","stay","positive","patient","progress","always","slow","asking","someone","change","hand","partner","longer","interested","behave","ways","different","someone","communicating","ways","tell","difference","experts","apologize","ashley","batz","bustle","early","stages","relationship","notice","partner","unapologetic","interested","pursuing","something","term","everyone","different","people","busy","spacey","super","outgoing","amour","someone","communication","usually","acknowledge","fact","apologize","someone","notice","problem","care","indicate","aren","super","interested","defensive","resistant","change","ashley","batz","bustle","people","relationship","willing","work","themselves","relationship","better","amour","someone","resistant","changing","communication","behaviors","sign","devoted","relationship","suggestions","andrew","zaeh","bustle","sometimes","poor","communication","skills","lack","interest","require","close","attention","subtle","queues","partner","relationship","coach","nicole","lynn","tells","bustle","important","notice","partner","accepting","suggestions","planning","date","night","wanting","talk","hard","work","does","partner","react","look","tuning","trying","stay","focused","present","reactions","seem","similar","surface","close","attention","hold","deeper","indicator","true","emotions","lynn","conversations","become","awkward","ashley","batz","bustle","aren","willing","keep","communication","relationship","doomed","julia","professional","matchmaker","founder","something","tells","bustle","stay","emotionally","connected","willing","talk","beyond","surface","level","partner","best","communicating","something","attempt","work","show","interest","deeper","problem","express","emotions","ashley","batz","bustle","good","thing","partner","express","emotions","sadness","anger","mean","feelings","towards","something","fighting","good","indicator","relationship","track","partner","longer","interested","care","fight","likely","checked","relationship","partner","communication","shut","down","haven","learned","proper","conflict","resolution","skills","open","communication","partner","interested","learn","open","express","themselves","stop","asking","ashley","batz","bustle","feel","planning","everything","partner","stopped","initiating","dates","losing","interest","note","beginning","suddenly","stopped","important","sign","attention","relationship","expert","sarah","rose","marcus","tells","bustle","communicator","effort","person","declaring","feelings","actions","otherwise"]}
