{"authors":["Eva Taylor Grant"],"date_download":"2018-10-31 01:00:42","date_modify":"2018-10-31 01:00:42","date_publish":"2018-10-09 20:06:16","description":"Anxiety starts in your brain, but it affects every part of your body when it's at it's strongest. But fighting anxiety often comes back to engaging with your brain, and the science at play when you're feeling super-stressed. Brain hacks for anxiety…","filename":"7WaysToHackYourBrainToFeelLessAnxiety_281.json","image_url":"https://imgix.bustle.com/uploads/image/2018/10/9/acc232bb-21fc-4631-8028-05b024e2e894-zaeh_bustle_apr2016-264.jpg?w=1200&h=630&q=70&fit=crop&crop=faces&fm=jpg","language":"en","localpath":"7WaysToHackYourBrainToFeelLessAnxiety_281.json","title":"7 Ways To Hack Your Brain To Feel Less Anxiety","title_page":"7 Ways To Hack Your Brain To Feel Less Anxiety","title_rss":"NULL","source_domain":"bustle.com","text":"anxiety starts brain affects part body strongest fighting anxiety often comes engaging brain science play feeling super stressed brain hacks anxiety possible fancy apps gadgets anxiety body oldest coping mechanisms responding feeling danger fight flight mode overtakes body systems brought specific hormones neurologically speaking anxiety occurs activation cortisol adrenaline pumping nervous system licensed clinical social worker lcsw psychotherapist robyn gold tells bustle bodies innate stress response designed protect danger produce hormones response perceived emotional physical threat something serious impending physical attack something physically threatening loud noise upcoming public presentation switch body danger mode important understand work brain feel less anxiety situations seven ways hack brain feel less anxious experts learn deep breathing techniques andrew zaeh bustle brain experiencing anxious response bound feel body using body systems sort jump start trick brain calm state best ways deal anxiety critical everyone learn manage physiological responses stress joshua klapow clinical psychologist host kurre klapow show tells bustle fastest easiest often effective ways learn slow deep breaths deep breaths diaphragm help oxygen slow heart rate down relax muscles physiologically reduce stress response brain works conjunction rest body great advantage talk thoughts ashley batz bustle dealing brain feel inaccessible talking thoughts easy deal anxiety simple level kind brain hack different general talking yourself targeting specific thoughts against anxious ones learning self talk critical feel anxious klapow remind yourself anxious emotions feeling anxiety situation anxiety talking reality coaching yourself situation self talk critical learning combat negative self talk positive self talk wonders anxiety change physical situation hannah burton bustle feeling anxious brain responding different stimuli changing surroundings help brain reset itself anxiety takes toll body mind klapow sure feeling anxious work reducing physiological response arrange environment manage reactions create environment anxiety provoking easier keep anxiety control walk rearrange space leave place feeling uneasy brain begin readjust meditate andrew zaeh bustle meditation hobby skill critical bring brain edge feeling particularly anxious meditating good reduce feelings anxiety chirag shah medical reviewer pollmed tells bustle deep breathing meditation stimulates vagus nerve help stimulate parts nervous system decrease physiological effects anxiety exactly clear meditation opposed forms breathing techniques particularly helpful combatting anxiety research prove helps drink less caffeine ashley batz bustle coffee great anxiety herbal better least until symptoms control down caffeine shah people love regular coffee coffee stimulant increase feelings anxiety having symptoms anxiety backing coffee intake decaf coffee anxious find caffeine free alternative coffee works brain stop responding everyday situations anxious response reframe thoughts ashley batz bustle interacting thoughts biggest keys brain hacking anxiety listen thoughts speak restructure thoughts cognitive restructuring basically retraining brains productive manner licensed psychotherapist whitney goodman owner collaborative counseling center tells bustle involves paying attention thoughts recognizing irrational thoughts challenging learning replacement thoughts behaviors thinking positively learning realistic engaged thoughts reframing ways brain lies healthier thoughts great feel better","url":"https://www.bustle.com/p/7-ways-to-hack-your-brain-to-feel-less-anxiety-12195738","polarityScore":{"sourceTitle":"Bustle","allSidesBias":"left-center","communityAgree":"564","communityDisagree":"566","sourceUrl":"http://www.bustle.com/ "},"processedText":["anxiety","starts","brain","affects","part","body","strongest","fighting","anxiety","often","comes","engaging","brain","science","play","feeling","super","stressed","brain","hacks","anxiety","possible","fancy","apps","gadgets","anxiety","body","oldest","coping","mechanisms","responding","feeling","danger","fight","flight","mode","body","systems","brought","specific","hormones","speaking","anxiety","occurs","adrenaline","pumping","nervous","system","licensed","clinical","social","worker","lcsw","psychotherapist","robyn","gold","tells","bustle","bodies","innate","stress","response","designed","protect","danger","produce","hormones","response","perceived","emotional","physical","threat","something","serious","impending","physical","attack","something","physically","threatening","loud","noise","upcoming","public","presentation","switch","body","danger","mode","important","understand","work","brain","feel","less","anxiety","situations","seven","ways","hack","brain","feel","less","anxious","experts","learn","deep","breathing","techniques","andrew","zaeh","bustle","brain","experiencing","anxious","response","bound","feel","body","using","body","systems","sort","jump","start","trick","brain","calm","state","best","ways","deal","anxiety","critical","everyone","learn","manage","physiological","responses","stress","joshua","klapow","clinical","psychologist","host","kurre","klapow","show","tells","bustle","fastest","easiest","often","effective","ways","learn","slow","deep","breaths","deep","breaths","help","oxygen","slow","heart","rate","down","relax","muscles","reduce","stress","response","brain","works","conjunction","rest","body","great","advantage","talk","thoughts","ashley","batz","bustle","dealing","brain","feel","inaccessible","talking","thoughts","easy","deal","anxiety","simple","level","kind","brain","hack","different","general","talking","yourself","targeting","specific","thoughts","against","anxious","ones","learning","self","talk","critical","feel","anxious","klapow","remind","yourself","anxious","emotions","feeling","anxiety","situation","anxiety","talking","reality","coaching","yourself","situation","self","talk","critical","learning","combat","negative","self","talk","positive","self","talk","wonders","anxiety","change","physical","situation","hannah","burton","bustle","feeling","anxious","brain","responding","different","changing","surroundings","help","brain","reset","itself","anxiety","takes","toll","body","mind","klapow","sure","feeling","anxious","work","reducing","physiological","response","arrange","environment","manage","reactions","create","environment","anxiety","provoking","easier","keep","anxiety","control","walk","space","leave","place","feeling","uneasy","brain","begin","andrew","zaeh","bustle","meditation","hobby","skill","critical","bring","brain","edge","feeling","particularly","anxious","good","reduce","feelings","anxiety","shah","medical","reviewer","tells","bustle","deep","breathing","meditation","nerve","help","stimulate","parts","nervous","system","decrease","physiological","effects","anxiety","exactly","clear","meditation","opposed","forms","breathing","techniques","particularly","helpful","anxiety","research","prove","helps","drink","less","caffeine","ashley","batz","bustle","coffee","great","anxiety","herbal","better","least","until","symptoms","control","down","caffeine","shah","people","love","regular","coffee","coffee","increase","feelings","anxiety","having","symptoms","anxiety","backing","coffee","intake","coffee","anxious","find","caffeine","free","alternative","coffee","works","brain","stop","responding","everyday","situations","anxious","response","thoughts","ashley","batz","bustle","interacting","thoughts","biggest","keys","brain","hacking","anxiety","listen","thoughts","speak","thoughts","cognitive","restructuring","basically","brains","productive","manner","licensed","psychotherapist","whitney","goodman","owner","collaborative","counseling","center","tells","bustle","involves","paying","attention","thoughts","recognizing","irrational","thoughts","challenging","learning","replacement","thoughts","behaviors","thinking","positively","learning","realistic","engaged","thoughts","ways","brain","lies","healthier","thoughts","great","feel","better"]}
