{"authors":["Jr Thorpe"],"date_download":"2018-10-31 00:26:55","date_modify":"2018-10-31 00:26:55","date_publish":"2018-10-02 14:33:01","description":"Nostalgia, the feeling of longing and wistfulness for times gone by, is a very common sensation; a study in 2017 found that nostalgia is one of the 27 \"main\" emotions that humans feel. It's been recorded as a unique emotion for at least 300 years,…","filename":"7WaysNostalgiaChangesYourBrainAccordingToScience_280.json","image_url":"https://imgix.bustle.com/uploads/image/2018/10/2/f2562a4e-2def-4c2d-bc11-8cdcfb72e53f-bustle_102416_018.jpg?w=1200&h=630&q=70&fit=crop&crop=faces&fm=jpg","language":"en","localpath":"7WaysNostalgiaChangesYourBrainAccordingToScience_280.json","title":"7 Ways Nostalgia Changes Your Brain, According To Science","title_page":"7 Ways Nostalgia Changes Your Brain, According To Science","title_rss":"NULL","source_domain":"bustle.com","text":"nostalgia feeling longing wistfulness times gone common sensation study 2017 found nostalgia main emotions humans feel recorded unique emotion least days often find plucking heartstrings campaigns nostalgia click film heroine quizzes enjoy smells remind grandma house christmas connects pleasurably elements turns feeling nostalgia change brain interesting complicated ways evolutionary purpose nostalgia pretty complex researchers york times 2013 powerful nostalgic memories help cope transition lives give comfort help sense identity noted nostalgia found children young seven look happy events previous brain modern scientists found tendency emotional connection humans leads kinds intriguing neurological patterns feeling hankering heady days 2002 does brain combines memory reward system giphy encounter thing meaningful memory place happy experience certain neurons fire brain devoted emotional processing study 2017 memory emotion unique nostalgia 2016 researchers conducted scans brains feeling nostalgia found nostalgic memories depend chronological remoteness emotional personal significance nostalgia triggered brains people scanned showed activity memory areas parts give rewards positive feelings sensations systems worked tandem nostalgia people felt makes optimistic study 2013 found nostalgia increase resilience positivity future cause spikes self esteem turn explain seek good emotional resonance listening hits high school days refueling sense positivity makes feel warmer giphy feel nostalgia colder months candy apples halloween christmas trees holidays gone study 2012 found people feel nostalgia colder months experience warmth subjects study nostalgic feelings cold rooms rated surroundings warmer comfortable meaning nostalgia help feel physically comfortable inhospitable cold surroundings researchers entirely sure works brain likely product brain reward system interprets stimuli change decision making across nostalgia advertising political campaigning reason harkening good days known effective strategy influencing decision making study 2014 confirmed feel nostalgia bigger purchasing decisions spending money entering store reminds favorite childhood christmases appears influence rational ability conservative spending result lots shopping related capacity sadness giphy nostalgia always positive though often represented neurology times reported 2016 likely experience nostalgia high marks particular scale designed measure capacity sadness affective neuroscience personality scales track peoples tendency play curiosity caring fear anger sadness show great tendency sadness likely experience strong nostalgia regularly likely emotional centers brain active blocks negative emotion scientists 2018 fascinated effects donald trump america great campaign slogan look america nostalgia despite problematic history found united states nostalgia helps people avoid feeling guilt shame problems nation history works individual level further studies several hundred individuals found nostalgic people less likely express guilt crimes problems nostalgia serves kind defence against feelings resource raise coherence moral standing group press release dark side shift habits giphy nostalgia deeply powerful motivational force reshaping world study 2017 found change brain addiction patterns helping people quit smoking exposed psas evoked nostalgia life cigarettes rather ones emphasized dangers habit people study motivated quit negative smoking general emotions powerful internal reward system means push direction","url":"https://www.bustle.com/p/7-ways-nostalgia-changes-your-brain-according-to-science-12062453","polarityScore":{"sourceTitle":"Bustle","allSidesBias":"left-center","communityAgree":"564","communityDisagree":"566","sourceUrl":"http://www.bustle.com/ "},"processedText":["nostalgia","feeling","longing","times","gone","common","sensation","study","2017","found","nostalgia","main","emotions","humans","feel","recorded","unique","emotion","least","days","often","find","campaigns","nostalgia","click","film","heroine","enjoy","smells","remind","grandma","house","christmas","connects","elements","turns","feeling","nostalgia","change","brain","interesting","complicated","ways","evolutionary","purpose","nostalgia","pretty","complex","researchers","york","times","2013","powerful","nostalgic","memories","help","cope","transition","lives","give","comfort","help","sense","identity","noted","nostalgia","found","children","young","seven","look","happy","events","previous","brain","modern","scientists","found","tendency","emotional","connection","humans","leads","kinds","intriguing","neurological","patterns","feeling","heady","days","2002","does","brain","combines","memory","reward","system","giphy","encounter","thing","meaningful","memory","place","happy","experience","certain","neurons","fire","brain","devoted","emotional","processing","study","2017","memory","emotion","unique","nostalgia","2016","researchers","conducted","scans","brains","feeling","nostalgia","found","nostalgic","memories","depend","emotional","personal","significance","nostalgia","triggered","brains","people","showed","activity","memory","areas","parts","give","rewards","positive","feelings","sensations","systems","worked","tandem","nostalgia","people","felt","makes","optimistic","study","2013","found","nostalgia","increase","resilience","positivity","future","cause","spikes","self","esteem","turn","explain","seek","good","emotional","listening","hits","high","school","days","sense","positivity","makes","feel","warmer","giphy","feel","nostalgia","colder","months","candy","apples","halloween","christmas","trees","holidays","gone","study","2012","found","people","feel","nostalgia","colder","months","experience","warmth","subjects","study","nostalgic","feelings","cold","rooms","rated","surroundings","warmer","comfortable","meaning","nostalgia","help","feel","physically","comfortable","cold","surroundings","researchers","entirely","sure","works","brain","likely","product","brain","reward","system","change","decision","making","across","nostalgia","advertising","political","campaigning","reason","good","days","known","effective","strategy","influencing","decision","making","study","2014","confirmed","feel","nostalgia","bigger","purchasing","decisions","spending","money","entering","store","reminds","favorite","childhood","appears","influence","rational","ability","conservative","spending","result","lots","shopping","related","capacity","sadness","giphy","nostalgia","always","positive","though","often","represented","times","reported","2016","likely","experience","nostalgia","high","marks","particular","scale","designed","measure","capacity","sadness","personality","scales","track","peoples","tendency","play","curiosity","caring","fear","anger","sadness","show","great","tendency","sadness","likely","experience","strong","nostalgia","regularly","likely","emotional","centers","brain","active","blocks","negative","emotion","scientists","2018","fascinated","effects","donald","trump","america","great","campaign","slogan","look","america","nostalgia","despite","problematic","history","found","united","states","nostalgia","helps","people","avoid","feeling","guilt","shame","problems","nation","history","works","individual","level","further","studies","several","hundred","individuals","found","nostalgic","people","less","likely","express","guilt","crimes","problems","nostalgia","serves","kind","defence","against","feelings","resource","raise","moral","standing","group","press","release","dark","side","shift","habits","giphy","nostalgia","deeply","powerful","motivational","force","reshaping","world","study","2017","found","change","brain","addiction","patterns","helping","people","quit","smoking","exposed","evoked","nostalgia","life","cigarettes","rather","ones","emphasized","dangers","habit","people","study","motivated","quit","negative","smoking","general","emotions","powerful","internal","reward","system","means","push","direction"]}
