{"authors":["Carina Wolff"],"date_download":"2018-10-31 00:14:06","date_modify":"2018-10-31 00:14:06","date_publish":"2018-10-02 21:47:08","description":"Bodies are complicated, and if we just rely on chats with our friends or what we see on the internet, we're inevitably going to get it wrong sometimes. There are a number of health myths that OB/GYNs hear the most, and although some are harmless,…","filename":"7WomensHealthMisconceptionsOBGYNsHearTheMost_286.json","image_url":"https://imgix.bustle.com/uploads/image/2018/10/2/30373d8a-dcbb-4b2c-96df-372956ed7c0d-a8d99383-ea2d-4af2-b3da-b81acff370e8-fotolia_185761001_subscription_monthly_m.jpg?w=1200&h=630&q=70&fit=crop&crop=faces&fm=jpg","language":"en","localpath":"7WomensHealthMisconceptionsOBGYNsHearTheMost_286.json","title":"7 Women’s Health Misconceptions OB/GYNs Hear The Most","title_page":"7 Women’s Health Misconceptions OB/GYNs Hear The Most","title_rss":"NULL","source_domain":"bustle.com","text":"bodies complicated rely chats friends internet inevitably wrong sometimes number health myths gyns hear although harmless others prevent taking care yourself properly hard keep true wives tale doubt doctor always separate fact fiction live culture knowledge based quick snippets information call overhearing elevator conversation michael cackovic ohio state university wexner medical center tells bustle busy lives instead rely methods gain information beliefs learn health school doctors twice surprise mystery misinformation comes best care ourselves luckily gyns looking record straight seven women health misconceptions hear something clean vagina andrew zaeh bustle whether using douche scrubbing soap cleansing vagina vulva necessary cause harm vaginal environment relatively stable ecosystem anything inside disrupt balance healthy bacteria cackovic vagina self cleaning using soaps products lead possible infections toilet seat andrew zaeh bustle although toilet seats gross prone germs thankfully stis cannot passed organisms cause stds exposed real self contributor courtenay poucher tells bustle passed bodily fluid bodily fluid however mean shouldn clean protection seat unclear overall ways stis spread sources planned parenthood help birth control causes infertility andrew zaeh bustle women fear getting birth control pill believe infertile truth urban legend mere fact missed pill result pregnancy tells fertility temporarily halted return promptly langdon parentingpod tells bustle countless benefits taking pill including preservation fertility decreasing endometriosis proliferation reducing chance ovarian cysts rupture lead surgery scarring less scarring means less chance infertility ectopic pregnancies shouldn work pregnancy andrew zaeh bustle pregnant mean press pause life although percent doctors utilize rest practice study supported cackovic fact evidence shows women rest deliver earlier woman active obviously specific circumstances require rest unless doctor otherwise decrease risk premature birth cervical cancer hereditary andrew zaeh bustle unlike types cancers cervical cancer considered hereditary instead caused certain risk factors specifically human papilloma virus breast cancer cackovic risk factors mostly environmental smoking unprotected although cervical cancer families researchers suspect inherited condition makes harder fight infection american cancer society visit gynecologist includes smear rh2010 fotolia getting vaginal exam does necessarily mean automatically getting smear smear specific test done test cancer cancerous changes cervix requires pelvic vaginal exam poucher however vaginal exams done different reasons involve smear test smear visit sure","url":"https://www.bustle.com/p/7-womens-health-misconceptions-obgyns-hear-the-most-12132335","polarityScore":{"sourceTitle":"Bustle","allSidesBias":"left-center","communityAgree":"564","communityDisagree":"566","sourceUrl":"http://www.bustle.com/ "},"processedText":["bodies","complicated","rely","friends","internet","inevitably","wrong","sometimes","number","health","myths","hear","although","harmless","others","prevent","taking","care","yourself","properly","hard","keep","true","wives","tale","doubt","doctor","always","separate","fact","fiction","live","culture","knowledge","based","quick","snippets","information","call","elevator","conversation","michael","ohio","state","university","medical","center","tells","bustle","busy","lives","instead","rely","methods","gain","information","beliefs","learn","health","school","doctors","twice","surprise","mystery","misinformation","comes","best","care","ourselves","luckily","looking","record","straight","seven","women","health","misconceptions","hear","something","clean","vagina","andrew","zaeh","bustle","whether","using","soap","cleansing","vagina","necessary","cause","harm","vaginal","environment","relatively","stable","ecosystem","anything","inside","disrupt","balance","healthy","bacteria","vagina","self","cleaning","using","products","lead","possible","infections","toilet","seat","andrew","zaeh","bustle","although","toilet","seats","gross","prone","germs","thankfully","stis","cannot","passed","cause","exposed","real","self","contributor","tells","bustle","passed","bodily","fluid","bodily","fluid","however","mean","shouldn","clean","protection","seat","unclear","overall","ways","stis","spread","sources","planned","parenthood","help","birth","control","causes","infertility","andrew","zaeh","bustle","women","fear","getting","birth","control","pill","believe","truth","urban","legend","mere","fact","missed","pill","result","pregnancy","tells","fertility","temporarily","halted","return","promptly","langdon","tells","bustle","countless","benefits","taking","pill","including","preservation","fertility","decreasing","proliferation","reducing","chance","ovarian","lead","surgery","less","means","less","chance","infertility","pregnancies","shouldn","work","pregnancy","andrew","zaeh","bustle","pregnant","mean","press","pause","life","although","percent","doctors","utilize","rest","practice","study","supported","fact","evidence","shows","women","rest","deliver","earlier","woman","active","obviously","specific","circumstances","require","rest","unless","doctor","otherwise","decrease","risk","premature","birth","cervical","cancer","hereditary","andrew","zaeh","bustle","unlike","types","cancers","cervical","cancer","considered","hereditary","instead","caused","certain","risk","factors","specifically","human","virus","breast","cancer","risk","factors","mostly","environmental","smoking","unprotected","although","cervical","cancer","families","researchers","suspect","inherited","condition","makes","harder","fight","infection","american","cancer","society","visit","gynecologist","includes","smear","fotolia","getting","vaginal","exam","does","necessarily","mean","automatically","getting","smear","smear","specific","test","done","test","cancer","changes","requires","vaginal","exam","however","vaginal","exams","done","different","reasons","involve","smear","test","smear","visit","sure"]}
