{"authors":["Caitlin Morrison"],"date_download":"2018-10-31 00:25:24","date_modify":"2018-10-31 00:25:24","date_publish":"2018-10-15 16:53:25","description":"So, your best friend (or future sister-in-law or cousin or former college roommate, etc.) is getting married and has appointed you Maid of Honor. Congratulations! You earned it. But you know you have your work cut out for you, right? Being a part of…","filename":"8BachelorettePartyMustHavesThatGetThePartyStartedRight_288.json","image_url":"https://imgix.bustle.com/uploads/image/2018/10/15/effc057e-fe32-409a-a42b-6b1b1aa2c5bf-fotolia_206281811_subscription_monthly_m.jpg?w=1200&h=630&q=70&fit=crop&crop=faces&fm=jpg","language":"en","localpath":"8BachelorettePartyMustHavesThatGetThePartyStartedRight_288.json","title":"8 Bachelorette Party Must-Haves That Get The Party Started Right","title_page":"8 Bachelorette Party Must-Haves That Get The Party Started Right","title_rss":"NULL","source_domain":"bustle.com","text":"best friend future sister cousin former college roommate getting married appointed maid honor congratulations earned work part bridal party bride tribe comes responsibility least planning bachelorette party upon bachelorette parties night celebration send bride married life style involved cute outfits sash tiara maybe limo ride feeling real fancy recent bachelorette parties become excuse head town full weekend affair sounds sure means logistical planning corralling group friends weekend revelry preparation stamina strategically scheduled down expects anyone party hours straight worth trust help bachelorette party supplies hand games test bride etsy party guests bound bride different areas life work college family friends breaker games great whole group start weekend choose games test everyone knowledge bride bond thing everyone common skincare essentials session sephora girls weekend away complete without pampering plan blissed hour sheet masks least messy travel friendly route bring basic manicure supplies clippers cuticle trimmer course selection festive nail polish glass markers keep track drinks amazon safe plenty beverages floating festivities glass markers charming keeping track whose drink belongs polaroid camera spontaneous documentation target arguably worst part smartphone cameras group picture taking people becoming super critical look took terrible polaroids snap pictures print down develop forget until next morning polaroid pics great scrapbook material filled party sustenance etsy people instant party mood fill yours starchy snacks soak adult beverages pretzels potato chips accessories perfect photo etsy saying goes happens bachelorette party ends gram bring props commemorate upcoming nuptials pose pictures portable speaker nonstop dancing renting large house stay portable speaker lets bring party wherever living room deck","url":"https://www.bustle.com/p/8-bachelorette-party-must-haves-that-get-the-party-started-right-12263330","polarityScore":{"sourceTitle":"Bustle","allSidesBias":"left-center","communityAgree":"564","communityDisagree":"566","sourceUrl":"http://www.bustle.com/ "},"processedText":["best","friend","future","sister","cousin","former","college","roommate","getting","married","appointed","maid","honor","congratulations","earned","work","part","bridal","party","bride","tribe","comes","responsibility","least","planning","bachelorette","party","upon","bachelorette","parties","night","celebration","send","bride","married","life","style","involved","cute","outfits","tiara","maybe","limo","ride","feeling","real","fancy","recent","bachelorette","parties","become","excuse","head","town","full","weekend","affair","sounds","sure","means","logistical","planning","group","friends","weekend","preparation","strategically","scheduled","down","expects","anyone","party","hours","straight","worth","trust","help","bachelorette","party","supplies","hand","games","test","bride","etsy","party","guests","bound","bride","different","areas","life","work","college","family","friends","breaker","games","great","whole","group","start","weekend","choose","games","test","everyone","knowledge","bride","bond","thing","everyone","common","skincare","essentials","session","sephora","girls","weekend","away","complete","without","plan","hour","sheet","masks","least","messy","travel","friendly","route","bring","basic","supplies","course","selection","festive","nail","polish","glass","markers","keep","track","drinks","amazon","safe","plenty","beverages","floating","festivities","glass","markers","charming","keeping","track","whose","drink","belongs","polaroid","camera","spontaneous","documentation","target","arguably","worst","part","smartphone","cameras","group","picture","taking","people","becoming","super","critical","look","took","terrible","snap","pictures","print","down","develop","forget","until","next","morning","polaroid","pics","great","material","filled","party","etsy","people","instant","party","mood","fill","yours","snacks","soak","adult","beverages","potato","chips","accessories","perfect","photo","etsy","saying","goes","happens","bachelorette","party","ends","gram","bring","props","commemorate","upcoming","nuptials","pose","pictures","portable","speaker","nonstop","dancing","renting","large","house","stay","portable","speaker","lets","bring","party","wherever","living","room","deck"]}
