{"authors":["Sophie Mcevoy"],"date_download":"2018-10-31 01:14:14","date_modify":"2018-10-31 01:14:14","date_publish":"2018-10-09 10:54:00","description":"Can you believe it? It's only three days until Princess Eugenie and Jack Brooksbank's big day, and it's been five months since the last royal wedding. 2018 has certainly been the year for all things royal, and I don't think it's going to stop soon.…","filename":"8DifferencesBetweenPrincessEugeniesWeddingMeghanMarklesWeddingToPrinceHarry_291.json","image_url":"https://imgix.bustle.com/uploads/getty/2018/10/9/77fc6e32-2f83-488c-ab7c-90b87b0ee812-getty-978842554.jpg?w=1200&h=630&q=70&fit=crop&crop=faces&fm=jpg","language":"en","localpath":"8DifferencesBetweenPrincessEugeniesWeddingMeghanMarklesWeddingToPrinceHarry_291.json","title":"8 Differences Between Princess Eugenie's Wedding & Meghan Markle's Wedding To Prince Harry","title_page":"8 Differences Between Princess Eugenie's Wedding & Meghan Markle's Wedding To Prince Harry","title_rss":"NULL","source_domain":"bustle.com","text":"believe days until princess eugenie jack brooksbank five months royal wedding 2018 certainly royal stop soon anyway channel excitement eugenie jack tying knot friday interested differences princess eugenie wedding meghan markle obviously royal weddings bound numerous similarities starters venue george chapel windsor exactly looks eugenie jack taking similar procession route venue telegraph reports exactly attending ceremony until imagine pretty star studded affair judging eugenie jack pool close friends though amal george clooney reportedly attending wedding hello holding hope enough similarities dive differences found eugenie wedding compared meghan markle guest list pool getty images entertainment getty images whilst exact number close friends family eugenie jack inviting wedding vanity fair sent invites couple decided down amount public guests attendance telegraph eugenie jack invited members public celebrate marriage include members windsor community representatives favourite charities residents castle royal household staff children local schools princess eugenie attended comparison harry meghan invited members public wedding earlier cosmopolitan reports dress code tristan fewings getty images entertainment getty images major difference vanity fair hands invite male guests attending wedding wear morning coat case duke duchess sussex wedding instead opted lounge suits necessity morning coat deal town country points full morning coat various components traditionally british wear weddings report ceremony pool getty images entertainment getty images compared cousin wedding eugenie special quieter affair didn already ceremony taking place weekday instead weekend begin rather wedding itself broadcast special hour broadcast morning presented eamonn holmes ruth langsford reported express bridal party chris jackson getty images entertainment getty images though maid honour necessity royal wedding pretty damn clear eugenie sister princess beatrice eugenie revealed news september issue vogue people adorably close cannot wait repeat harry reaction brother getting married 2011 timing pool getty images entertainment getty images eugenie jack reception follow tradition wedding royal lodge less mean party stop friday apparently wedding affair reception planned following saturday fair themed sunday times heard totally crash party down eugenie reportedly calling party planner peregrine armstrong jones planned david victoria beckham wedding reception 1999 times reports dress chris jackson getty images entertainment getty images goes without saying haven hints eugenie wedding dress look definitely meringue shoulders pointed interview show january however eugenie reveal though telling anyone making british based designer interview vogue stella mccartney anyone especially telegraph points mccartney known environment friendly designs eugenie striving event plastic free cake pool getty images entertainment getty images harry meghan opted light lemon elderflower cake wedding created london based baker claire ptak town country reports sounds mouthwatering however eugenie jack instead opted velvet route theirs sounds pretty delish velvet wonder crafted london based cake designer sophie calbot telegraph described special unique velvet cake autumn calling","url":"https://www.bustle.com/p/8-differences-between-princess-eugenies-wedding-meghan-markles-wedding-to-prince-harry-12190756","polarityScore":{"sourceTitle":"Bustle","allSidesBias":"left-center","communityAgree":"564","communityDisagree":"566","sourceUrl":"http://www.bustle.com/ "},"processedText":["believe","days","until","princess","eugenie","jack","brooksbank","five","months","royal","wedding","2018","certainly","royal","stop","soon","anyway","channel","excitement","eugenie","jack","tying","knot","friday","interested","differences","princess","eugenie","wedding","meghan","markle","obviously","royal","weddings","bound","numerous","similarities","starters","venue","george","chapel","windsor","exactly","looks","eugenie","jack","taking","similar","procession","route","venue","telegraph","reports","exactly","attending","ceremony","until","imagine","pretty","star","studded","affair","judging","eugenie","jack","pool","close","friends","though","george","clooney","reportedly","attending","wedding","hello","holding","hope","enough","similarities","dive","differences","found","eugenie","wedding","compared","meghan","markle","guest","list","pool","getty","images","entertainment","getty","images","whilst","exact","number","close","friends","family","eugenie","jack","inviting","wedding","vanity","fair","sent","invites","couple","decided","down","amount","public","guests","attendance","telegraph","eugenie","jack","invited","members","public","celebrate","marriage","include","members","windsor","community","representatives","favourite","charities","residents","castle","royal","household","staff","children","local","schools","princess","eugenie","attended","comparison","harry","meghan","invited","members","public","wedding","earlier","cosmopolitan","reports","dress","code","tristan","fewings","getty","images","entertainment","getty","images","major","difference","vanity","fair","hands","invite","male","guests","attending","wedding","wear","morning","coat","case","duke","duchess","sussex","wedding","instead","opted","lounge","suits","necessity","morning","coat","deal","town","country","points","full","morning","coat","various","components","traditionally","british","wear","weddings","report","ceremony","pool","getty","images","entertainment","getty","images","compared","cousin","wedding","eugenie","special","quieter","affair","didn","already","ceremony","taking","place","weekday","instead","weekend","begin","rather","wedding","itself","broadcast","special","hour","broadcast","morning","presented","eamonn","holmes","ruth","langsford","reported","express","bridal","party","chris","jackson","getty","images","entertainment","getty","images","though","maid","honour","necessity","royal","wedding","pretty","damn","clear","eugenie","sister","princess","beatrice","eugenie","revealed","news","september","issue","vogue","people","adorably","close","cannot","wait","repeat","harry","reaction","brother","getting","married","2011","timing","pool","getty","images","entertainment","getty","images","eugenie","jack","reception","follow","tradition","wedding","royal","lodge","less","mean","party","stop","friday","apparently","wedding","affair","reception","planned","following","saturday","fair","themed","sunday","times","heard","totally","crash","party","down","eugenie","reportedly","calling","party","planner","armstrong","jones","planned","david","victoria","beckham","wedding","reception","1999","times","reports","dress","chris","jackson","getty","images","entertainment","getty","images","goes","without","saying","haven","hints","eugenie","wedding","dress","look","definitely","shoulders","pointed","interview","show","january","however","eugenie","reveal","though","telling","anyone","making","british","based","designer","interview","vogue","stella","mccartney","anyone","especially","telegraph","points","mccartney","known","environment","friendly","designs","eugenie","striving","event","plastic","free","cake","pool","getty","images","entertainment","getty","images","harry","meghan","opted","light","lemon","cake","wedding","created","london","based","baker","claire","town","country","reports","sounds","however","eugenie","jack","instead","opted","velvet","route","theirs","sounds","pretty","velvet","wonder","crafted","london","based","cake","designer","sophie","telegraph","described","special","unique","velvet","cake","autumn","calling"]}
