{"authors":[],"date_download":"2018-11-02 01:38:53","date_modify":"2018-11-02 01:38:53","date_publish":"2017-11-06 21:02:00","description":"Deaundrae Ballard, Wendell Carter, Noah Dickerson and Avi Toomer lead the list of players from intown Atlanta to watch in college basketball this year.","filename":"8fromAtlantatowatchthisyear_293.json","image_url":"https://www.ajc.com/rf/image_large/Pub/p8/AJC/2017/11/06/Images/Florida_Jacksonville_Ba(2)_2708x1695_20171106154414.JPG","language":"en","localpath":"8fromAtlantatowatchthisyear_293.json","title":"8 from Atlanta to watch this year","title_page":"College basketball 2017: 8 from Atlanta to watch this year","title_rss":"NULL","source_domain":"ajc.com","text":"several stars college basketball claim atlanta home attended schools cobb gwinnett dekalb counties least outside city perimeter schools intown plenty brag 2017 college basketball season tips wendell carter noah dickerson pair players lead teams power conferences deep march watching college hoops season handful atlanta natives look deaundrae ballard freshman florida southwest atlanta christian foot shooting guard ballard ranked 65th best player nation espn touted scouts four star prospect picked gators interest georgia alabama harvard stanford ballard averaged points eight rebounds game high school scoring points career southwest atlanta christian wendell carter freshman duke pace academy carter highly rated recruits country espn dubbed best player georgia fifth best player country giving five star ranking named morgan wooten boys basketball player award previously shane battier lebron james dwight howard kevin love lonzo ball foot pounds carter likely start power forward blue devils mcdonald american played jordan brand classic player carter basketball blood played miss father played professionally dominican republic picked duke georgia georgia tech harvard several high major programs maxwell chester sophomore elon woodward earning region honors woodward chester left atlanta burlington north carolina signing elon phoenix elon finished chester play minutes team look bigger role sophomore noah dickerson junior washington lovett north atlanta sophomore season dickerson played alongside overall draft pick markelle fultz averaged points rebounds game starts change head coach huskies offseason dickerson considered transferring louisiana tech florida ultimately elected stay seattle dickerson transferred twice high school spending lovett north atlanta high schools finishing montverde academy florida recruit offers verbally committed florida georgetown signing huskies game against ucla foot forward tallied points rebounds steal transferring troy christian harrison provide bulldogs scoring bench curtis compton ccompton christian harrison junior georgia woodward harrison earned scholarship play basketball troy high school transferred spending seasons trojans received medical redshirt harrison eligible contribute bulldogs season foot guard already impressed coaches teammates dunking abilities harrison played games troy freshman scored eight zach kaminsky sophomore penn pace academy foot guard kamisky rated star prospect coming pace academy picked quakers offers interest orleans umbc columbia princeton duke played four games penn freshman high school highlight tape showed ability drive slash dunk shoot behind addison owen sophomore rice padeia school star prospect coming high school owen walked team rice played handful games freshman game against delaware state owen knocked down pointer collegiate points owen father glen played basketball 1989 1991 foot owen defensive averaged points nine rebounds game high school senior toomer sophomore bucknell grady toomer contributed bucknell away rookie playing game scoring foot guard helped bison patriot league tallying nine rebounds assists steals points title game playing bucknell ncaa tournament loss west virginia toomer ranked star prospect coming grady picked bison wofford hampshire furman jacksonville kennesaw state toomer shot percent behind season highest scoring game against army notching points outside perimeter jules erving freshman california holy inncocents danny lewis freshman central florida westlake chuma okeke freshman auburn westlake darryl stewart junior hampshire holy innocents raquan wilkins sophomore east carolina westlake sort guys college basketball claim atlanta hometown played high school ball somewhere else ross young foot forward mount mary played high school hoops washington sidwell friends school shawntrez davis shot percent point range bethune cookman season claims atlanta hometown prepped sound doctrine christian acadmey lagrange damon wilson calls atlanta hometown played high school ball savior american york wilson started college career pittsburgh returned atlanta playing georgia state intown atlanta news facebook follow twitter basketball","url":"https://www.ajc.com/news/local/from-atlanta-watch-college-basketball-this-year/XxWyzVtvUya3KekoPPtWlJ/","polarityScore":{"sourceTitle":"Atlanta Journal-Constitution","allSidesBias":"left-center","communityAgree":"561","communityDisagree":"580","sourceUrl":"http://www.ajc.com/ "},"processedText":["several","stars","college","basketball","claim","atlanta","home","attended","schools","cobb","gwinnett","dekalb","counties","least","outside","city","perimeter","schools","intown","plenty","brag","2017","college","basketball","season","tips","wendell","carter","noah","dickerson","pair","players","lead","teams","power","conferences","deep","march","watching","college","hoops","season","handful","atlanta","natives","look","ballard","freshman","florida","southwest","atlanta","christian","foot","shooting","guard","ballard","ranked","best","player","nation","espn","touted","scouts","four","star","prospect","picked","gators","interest","georgia","alabama","harvard","stanford","ballard","averaged","points","eight","rebounds","game","high","school","scoring","points","career","southwest","atlanta","christian","wendell","carter","freshman","duke","pace","academy","carter","highly","rated","recruits","country","espn","dubbed","best","player","georgia","fifth","best","player","country","giving","five","star","ranking","named","morgan","boys","basketball","player","award","previously","shane","lebron","james","dwight","howard","kevin","love","ball","foot","pounds","carter","likely","start","power","forward","blue","devils","mcdonald","american","played","jordan","brand","classic","player","carter","basketball","blood","played","miss","father","played","professionally","dominican","republic","picked","duke","georgia","georgia","tech","harvard","several","high","major","programs","maxwell","sophomore","elon","woodward","earning","region","honors","woodward","left","atlanta","north","carolina","signing","elon","phoenix","elon","finished","play","minutes","team","look","bigger","role","sophomore","noah","dickerson","junior","washington","north","atlanta","sophomore","season","dickerson","played","alongside","overall","draft","pick","averaged","points","rebounds","game","starts","change","head","coach","offseason","dickerson","considered","transferring","louisiana","tech","florida","ultimately","elected","stay","seattle","dickerson","transferred","twice","high","school","spending","north","atlanta","high","schools","finishing","academy","florida","recruit","offers","verbally","committed","florida","georgetown","signing","game","against","ucla","foot","forward","tallied","points","rebounds","steal","transferring","troy","christian","harrison","provide","bulldogs","scoring","bench","curtis","compton","ccompton","christian","harrison","junior","georgia","woodward","harrison","earned","scholarship","play","basketball","troy","high","school","transferred","spending","seasons","received","medical","redshirt","harrison","eligible","contribute","bulldogs","season","foot","guard","already","impressed","coaches","teammates","abilities","harrison","played","games","troy","freshman","scored","eight","zach","sophomore","penn","pace","academy","foot","guard","rated","star","prospect","coming","pace","academy","picked","offers","interest","orleans","columbia","princeton","duke","played","four","games","penn","freshman","high","school","highlight","tape","showed","ability","drive","slash","dunk","shoot","behind","addison","owen","sophomore","rice","school","star","prospect","coming","high","school","owen","walked","team","rice","played","handful","games","freshman","game","against","delaware","state","owen","knocked","down","pointer","collegiate","points","owen","father","glen","played","basketball","1989","1991","foot","owen","defensive","averaged","points","nine","rebounds","game","high","school","senior","sophomore","grady","contributed","away","rookie","playing","game","scoring","foot","guard","helped","patriot","league","nine","rebounds","assists","steals","points","title","game","playing","ncaa","tournament","loss","west","virginia","ranked","star","prospect","coming","grady","picked","wofford","hampshire","jacksonville","kennesaw","state","shot","percent","behind","season","highest","scoring","game","against","army","points","outside","perimeter","jules","freshman","california","holy","danny","lewis","freshman","central","florida","freshman","auburn","stewart","junior","hampshire","holy","innocents","wilkins","sophomore","east","carolina","sort","guys","college","basketball","claim","atlanta","hometown","played","high","school","ball","somewhere","else","ross","young","foot","forward","mount","mary","played","high","school","hoops","washington","friends","school","davis","shot","percent","point","range","season","claims","atlanta","hometown","sound","doctrine","christian","damon","wilson","calls","atlanta","hometown","played","high","school","ball","savior","american","york","wilson","started","college","career","pittsburgh","returned","atlanta","playing","georgia","state","intown","atlanta","news","facebook","follow","twitter","basketball"]}
