{"authors":["Jessica Booth"],"date_download":"2018-10-31 00:43:58","date_modify":"2018-10-31 00:43:58","date_publish":"2018-10-13 20:00:29","description":"Even though it's something a lot of people complain about (for valid reasons!), there are lots of great things about living with roommates. You have someone to hang out with whenever you're feeling lonely, you might be able to afford a place in a…","filename":"8GeniusAppsForSplittingBillsWithRoommatesEliminatingAnyMathDrama_294.json","image_url":"https://imgix.bustle.com/uploads/image/2018/10/11/bc4d0bb2-5d0f-436a-8e32-2acd09b23565-shutterstock_1050973406.jpg?w=1200&h=630&q=70&fit=crop&crop=faces&fm=jpg","language":"en","localpath":"8GeniusAppsForSplittingBillsWithRoommatesEliminatingAnyMathDrama_294.json","title":"8 Genius Apps For Splitting Bills With Roommates & Eliminating Any Math Drama","title_page":"8 Genius Apps For Splitting Bills With Roommates & Eliminating Any Math Drama","title_rss":"NULL","source_domain":"bustle.com","text":"though something people complain valid reasons lots great living roommates someone hang whenever feeling lonely able afford place neighborhood couldn live experience something different maybe good friend deal nice someone share bills annoying split bills someone math luckily live 21st century genius apps help split bills roommates painless trick apps getting roomies download regularly people weird stuff board life easier allow payments transferred quickly easily math point using yourself below best apps splitting bills roomies regret downloading splitwise store splitwise probably best sharing expenses ridiculously easy free work rent bills vacations allows keep running owes money without having immediately different features worth pointing great groups various friends divide person owes shared expenses ious organized place everyone best thing works until ready settle balance down borrow money splitwise sends reminders settle easily venmo paypal directly genius settle store settleup excellent similar splitwise free costs android users works different situations split payments evenly based amounts lets select individual amounts person share functions send expenses mail social media whatsapp expenses backed synced everyone group advantage using settleup traveling internationally friends living abroad local exchange rate transaction upload photos receipts customize groups color divvy store divvy suitable times roomies friends guys purchase something together comes receipt something house costs available android picture receipt upload divvy automatically splits including cool drag drop feature allows drag item receipt person paying ideal people nitpicky splitting checks store debt manager costs allows keep track debts roomies upload expenses share roomies needed send email reminders payments recurring ious monthly bills create payment plans someone smaller increments makes super easy manage payments debts without awkwardness talking zently store zently basically anyone roommates helps manage household expenses sure bills always paid keeps track rent groceries utilities allowing split cost among roomies custom split roommate owes less able connect credit debit card settle balances month either roommate landlord directly check electronic transfer free rentpayment store free aims help everyone rent awkward conversations happen rentpayment allows automate rent payments forget reminders avoid late fees scan credit cards checks rent phone venmo store haven already downloaded venmo waiting anyone especially useful roommates borrow venmo free allows people phone connect bank account send payments friends send reminders transfer balance account keep balance others super easy","url":"https://www.bustle.com/p/8-genius-apps-for-splitting-bills-with-roommates-eliminating-any-math-drama-12231735","polarityScore":{"sourceTitle":"Bustle","allSidesBias":"left-center","communityAgree":"564","communityDisagree":"566","sourceUrl":"http://www.bustle.com/ "},"processedText":["though","something","people","complain","valid","reasons","lots","great","living","roommates","someone","hang","whenever","feeling","lonely","able","afford","place","neighborhood","couldn","live","experience","something","different","maybe","good","friend","deal","nice","someone","share","bills","annoying","split","bills","someone","math","luckily","live","21st","century","genius","apps","help","split","bills","roommates","painless","trick","apps","getting","download","regularly","people","weird","stuff","board","life","easier","allow","payments","transferred","quickly","easily","math","point","using","yourself","below","best","apps","splitting","bills","regret","store","probably","best","sharing","expenses","ridiculously","easy","free","work","rent","bills","vacations","allows","keep","running","owes","money","without","having","immediately","different","features","worth","pointing","great","groups","various","friends","divide","person","owes","shared","expenses","organized","place","everyone","best","thing","works","until","ready","settle","balance","down","borrow","money","sends","reminders","settle","easily","paypal","directly","genius","settle","store","excellent","similar","free","costs","android","users","works","different","situations","split","payments","evenly","based","amounts","lets","select","individual","amounts","person","share","functions","send","expenses","mail","social","media","whatsapp","expenses","backed","everyone","group","advantage","using","traveling","internationally","friends","living","abroad","local","exchange","rate","transaction","photos","receipts","customize","groups","color","divvy","store","divvy","suitable","times","friends","guys","purchase","something","together","comes","receipt","something","house","costs","available","android","picture","receipt","divvy","automatically","splits","including","cool","drag","drop","feature","allows","drag","item","receipt","person","paying","ideal","people","splitting","checks","store","debt","manager","costs","allows","keep","track","debts","expenses","share","needed","send","email","reminders","payments","recurring","monthly","bills","create","payment","plans","someone","smaller","makes","super","easy","manage","payments","debts","without","talking","store","basically","anyone","roommates","helps","manage","household","expenses","sure","bills","always","paid","keeps","track","rent","groceries","utilities","allowing","split","cost","among","custom","split","roommate","owes","less","able","connect","credit","debit","card","settle","balances","month","either","roommate","landlord","directly","check","electronic","transfer","free","store","free","aims","help","everyone","rent","awkward","conversations","happen","allows","rent","payments","forget","reminders","avoid","late","fees","scan","credit","cards","checks","rent","phone","store","haven","already","downloaded","waiting","anyone","especially","useful","roommates","borrow","free","allows","people","phone","connect","bank","account","send","payments","friends","send","reminders","transfer","balance","account","keep","balance","others","super","easy"]}
