{"authors":["Aoife Hanna"],"date_download":"2018-10-31 01:30:50","date_modify":"2018-10-31 01:30:50","date_publish":"2018-10-11 10:58:57","description":"Tacky decorations on sale in your local Pound shop, charity shops laden with last year's sexy whatever costumes, really lit limited edition confectionaries, and of course, spooky special events. Yes, it's Halloween again and you know a part of you…","filename":"8Halloween2018AttractionsInTheUKThatLookFunAF_296.json","image_url":"https://imgix.bustle.com/uploads/image/2018/10/11/e671a9aa-d2c6-49a7-a944-9ea767eda317-screen-shot-2018-10-11-at-114941.png?w=1200&h=630&q=70&fit=crop&crop=faces&fm=jpg","language":"en","localpath":"8Halloween2018AttractionsInTheUKThatLookFunAF_296.json","title":"8 Halloween 2018 Attractions In The UK That Look Fun AF","title_page":"8 Halloween 2018 Attractions In The UK That Look Fun AF","title_rss":"NULL","source_domain":"bustle.com","text":"tacky decorations sale local pound shop charity shops laden sexy whatever costumes limited edition confectionaries course spooky special events halloween part wants spend screaming butt recent definitely terms halloween celebrations welcome treat opposed trick irish misses irish style halloweens grew halloween 2018 attractions offer sure warning people heart problems merely doing research eerie events gave heebie jeebies maybe huge chicken real bravest witch warlock potentially peeing pants particular creepy venues something halloween addicts modern american style productions historical attractions capitalising gory spend fright night fact fright week scared poopless shortlisted personal favourite halloween attractions check fright nights thorpe park surrey thejacksilkstone youtube guys huge honestly thorpe park provide enough regular thrills ahead provide heaps insane chills gone next level attractions horrifying vampire filled prom night terror amity high murderous actions alive blair witch sounds terrifying mention zombies lots tickets shocktober fest scream park tulleys farm west sussex mrford4210 youtube guys seriously scare pretty known repeatedly title numero halloween attraction keeping fans coming pretty spooktacular nine halloween haunts including seriously terrifying attractions twisted clowns circus horrors spooky creepy cottage roll roll ready scream life tickets haunted castle warwick castle warwick warwick castle youtube historic warwick castle opens spooky gates host whole load creepy family friendly events include dead centre stage witches tower horrible histories maze haunted hollow along actual flying beasts flight eagles promises especially spooky billed biggest haunted castle ages disappoint tickets scare kingdom scream park lancashire atmoshorror youtube apparently officially number scream park best halloween attraction featuring multi award winning scare mazes scare attractions haunted attractions attention stop shaking boots apparently best scary special props holding scary events round valenterror lovely valentine scare living daylights romantic tickets screamland dreamland margate thanet news youtube billed kent biggest scare festival seriously absolutely faint hearted series seven spooky mazes seven days halloween season actual socks blown special warning actual immersive theatre vibes creepy ghouls scary people jumping constantly recommended aged trust totally understand tickets frights halloween nights earls barton northamptonshire gray youtube pretty special largest indoor scare experience vital rapidly dropping temperature particular nugget extreme terror plays sorts scary concepts clowns cannibal hillbillies cinematic classics lots spooky mazes seriously danders tickets scream upon rhondda heritage park pontypridd student vloggers university south wales youtube playing fairy ales taking original dark tales making darker scarier please website gives deliciously creepy blurb fairy tales didn finish happily already dead sleeping beauty woke blood sucking zombie pigs rabid wild boars tore wolf limb limb whut yeah tickets house horror essex disruptive social youtube live near essex down house horror creepy event horror bonanza drive halloween website promises dragged rooms sheer horror described real life horror movie actors twist turn maze puzzles psychological pain sounds post hangovers tickets","url":"https://www.bustle.com/p/8-halloween-2018-attractions-in-the-uk-that-look-fun-af-12226046","polarityScore":{"sourceTitle":"Bustle","allSidesBias":"left-center","communityAgree":"564","communityDisagree":"566","sourceUrl":"http://www.bustle.com/ "},"processedText":["tacky","decorations","sale","local","pound","shop","charity","shops","laden","sexy","whatever","costumes","limited","edition","course","spooky","special","events","halloween","part","wants","spend","screaming","butt","recent","definitely","terms","halloween","celebrations","welcome","treat","opposed","trick","irish","misses","irish","style","grew","halloween","2018","attractions","offer","sure","warning","people","heart","problems","merely","doing","research","eerie","events","gave","maybe","huge","chicken","real","witch","warlock","potentially","pants","particular","creepy","venues","something","halloween","addicts","modern","american","style","productions","historical","attractions","gory","spend","fright","night","fact","fright","week","scared","personal","favourite","halloween","attractions","check","fright","nights","park","youtube","guys","huge","honestly","park","provide","enough","regular","thrills","ahead","provide","heaps","insane","chills","gone","next","level","attractions","horrifying","vampire","filled","prom","night","terror","high","murderous","actions","alive","blair","witch","sounds","terrifying","mention","zombies","lots","tickets","fest","scream","park","farm","west","sussex","youtube","guys","seriously","scare","pretty","known","repeatedly","title","halloween","attraction","keeping","fans","coming","pretty","nine","halloween","haunts","including","seriously","terrifying","attractions","twisted","clowns","circus","horrors","spooky","creepy","cottage","roll","roll","ready","scream","life","tickets","haunted","castle","castle","castle","youtube","historic","castle","opens","spooky","gates","host","whole","load","creepy","family","friendly","events","include","dead","centre","stage","witches","tower","horrible","histories","maze","haunted","hollow","along","actual","flying","beasts","flight","eagles","promises","especially","spooky","billed","biggest","haunted","castle","ages","disappoint","tickets","scare","kingdom","scream","park","youtube","apparently","officially","number","scream","park","best","halloween","attraction","featuring","multi","award","winning","scare","scare","attractions","haunted","attractions","attention","stop","shaking","boots","apparently","best","scary","special","props","holding","scary","events","round","lovely","valentine","scare","living","romantic","tickets","news","youtube","billed","kent","biggest","scare","festival","seriously","absolutely","faint","hearted","series","seven","spooky","seven","days","halloween","season","actual","socks","blown","special","warning","actual","immersive","theatre","vibes","creepy","scary","people","jumping","constantly","recommended","aged","trust","totally","understand","tickets","halloween","nights","barton","gray","youtube","pretty","special","largest","indoor","scare","experience","vital","rapidly","dropping","temperature","particular","extreme","terror","plays","sorts","scary","concepts","clowns","cinematic","classics","lots","spooky","seriously","tickets","scream","upon","heritage","park","student","university","south","wales","youtube","playing","fairy","ales","taking","original","dark","tales","making","darker","scarier","please","website","gives","deliciously","creepy","blurb","fairy","tales","didn","finish","happily","already","dead","sleeping","beauty","woke","blood","sucking","zombie","pigs","rabid","wild","tore","wolf","limb","limb","yeah","tickets","house","horror","essex","disruptive","social","youtube","live","near","essex","down","house","horror","creepy","event","horror","bonanza","drive","halloween","website","promises","dragged","rooms","sheer","horror","described","real","life","horror","movie","actors","twist","turn","maze","psychological","pain","sounds","post","tickets"]}
