{"authors":["Jessica Booth"],"date_download":"2018-10-31 01:05:30","date_modify":"2018-10-31 01:05:30","date_publish":"2018-10-03 16:23:33","description":"What day is it? It's Oct. 3, which means one thing: it's Mean Girls Day. If at this point you aren't familiar with the iconic line from the movie that inspired this day, allow me to remind you: Lindsay Lohan's character, Cady, is talking about her…","filename":"8MeanGirlsDay2018DealsAndFreebiesForFansThatAreSoFetch_298.json","image_url":"https://imgix.bustle.com/uploads/image/2018/10/3/06bd8126-8ad3-4fdb-ad55-a9b2c30f424b-23bb400d-64f7-4484-824f-1c29f6d8cd57-meangirls_press-920x584.jpg?w=1200&h=630&q=70&fit=crop&crop=faces&fm=jpg","language":"en","localpath":"8MeanGirlsDay2018DealsAndFreebiesForFansThatAreSoFetch_298.json","title":"8 ‘Mean Girls’ Day 2018 Deals And Freebies For Fans That Are So Fetch","title_page":"8 ‘Mean Girls’ Day 2018 Deals And Freebies For Fans That Are So Fetch","title_rss":"NULL","source_domain":"bustle.com","text":"means thing mean girls point aren familiar iconic line movie inspired allow remind lindsay lohan character cady talking crush queen regina george boyfriend aaron samuels point recalled october asked flash scene aaron asking cady responding october sounds silly forever known mean girls holiday mean girls deals freebies taking advantage mean girls slightly ridiculous realize incredible movie rest perfect excuse watch film movies gets matter times holiday caught brands taking notice great deals happening inspired mean girls allow free stuff least awesome discounts argue check deals available advantage thank tina poehler lindsay lohan rachel mcadams everyone else involved film making happen york hotel package stepping offering package october dedicated mean girls fans worry available dates package overnight stay people includes concierge assistance booking tickets mean girls broadway musical welcome package features bottle pink champagne candy dylan candy mean girls collection mask juice drop able signature cocktails mean girls menu names gossip regina snaps opportunity book getaway best friends mean girls crazyshake black craft burgers beer blacktapnyc instagram dying milkshakes black mean girls crazyshake available limited quantities black locations york milkshake includes burn book cookie fetch shirt cookie strawberry shake vanilla frosted coated sour watermelon gummies topped giant marshmallow whipped cream strawberry rocks cherry plus cookies worth instagram photo alone mean girls latt gregorys coffee gregoryscoffee instagram spend milkshake gregorys coffee location theater district mean girls inspired latte donut wear pink percent order free popcorn dylan candy dylan candy locations offering mean girls freebie union square union square west upper east side 1011 third snap picture pretty selfie station grab free butter carb popcorn wear pink percent discount goods mean girls surprises drybar thedrybar instagram mean girls special reads hair done drybar enough entice sure mean girls taking bryant park location watching movie blowout mean girls surprises including possibility special guest locations feature mean girls surprises discount bulletin bulletin instagram visit bulletin flagship location union square check mean girls section store includes pink candy surprises save percent code mean girls makeovers girls together times square flagship store mean girls inspired minute demo makeup artist","url":"https://www.bustle.com/p/8-mean-girls-day-2018-deals-freebies-for-fans-that-are-so-fetch-12137327","polarityScore":{"sourceTitle":"Bustle","allSidesBias":"left-center","communityAgree":"564","communityDisagree":"566","sourceUrl":"http://www.bustle.com/ "},"processedText":["means","thing","mean","girls","point","aren","familiar","iconic","line","movie","inspired","allow","remind","lindsay","lohan","character","cady","talking","crush","queen","regina","george","boyfriend","aaron","point","recalled","october","asked","flash","scene","aaron","asking","cady","responding","october","sounds","silly","forever","known","mean","girls","holiday","mean","girls","deals","taking","advantage","mean","girls","slightly","ridiculous","realize","incredible","movie","rest","perfect","excuse","watch","film","movies","gets","matter","times","holiday","caught","brands","taking","notice","great","deals","happening","inspired","mean","girls","allow","free","stuff","least","awesome","discounts","argue","check","deals","available","advantage","thank","tina","lindsay","lohan","rachel","everyone","else","involved","film","making","happen","york","hotel","package","stepping","offering","package","october","dedicated","mean","girls","fans","worry","available","dates","package","overnight","stay","people","includes","assistance","booking","tickets","mean","girls","broadway","musical","welcome","package","features","bottle","pink","champagne","candy","dylan","candy","mean","girls","collection","mask","juice","drop","able","signature","cocktails","mean","girls","menu","names","gossip","regina","snaps","opportunity","book","getaway","best","friends","mean","girls","black","craft","burgers","beer","instagram","dying","black","mean","girls","available","limited","quantities","black","locations","york","includes","burn","book","cookie","fetch","shirt","cookie","strawberry","shake","vanilla","frosted","coated","sour","watermelon","topped","giant","marshmallow","whipped","cream","strawberry","rocks","cherry","plus","cookies","worth","instagram","photo","alone","mean","girls","coffee","instagram","spend","coffee","location","theater","district","mean","girls","inspired","latte","donut","wear","pink","percent","order","free","popcorn","dylan","candy","dylan","candy","locations","offering","mean","girls","union","square","union","square","west","upper","east","side","third","snap","picture","pretty","selfie","station","grab","free","butter","popcorn","wear","pink","percent","discount","goods","mean","girls","surprises","instagram","mean","girls","special","reads","hair","done","enough","entice","sure","mean","girls","taking","bryant","park","location","watching","movie","blowout","mean","girls","surprises","including","possibility","special","guest","locations","feature","mean","girls","surprises","discount","bulletin","bulletin","instagram","visit","bulletin","flagship","location","union","square","check","mean","girls","section","store","includes","pink","candy","surprises","save","percent","code","mean","girls","girls","together","times","square","flagship","store","mean","girls","inspired","minute","demo","makeup","artist"]}
