{"authors":["Kristian Wilson"],"date_download":"2018-10-31 00:56:19","date_modify":"2018-10-31 00:56:19","date_publish":"2018-10-18 14:00:30","description":"'Tis the season to get spooky, book nerds, and I've got eight great thriller audiobooks for every level of scary listening. No matter if you're a horror veteran or a total chicken, the books on this list, curated by Audiobooks.com, are sure to have…","filename":"8ThrillerAudiobooksForEveryLevelOfScaryListening_300.json","image_url":"https://imgix.bustle.com/uploads/image/2018/10/18/521964a1-3c92-427b-9928-87556a7acc52-unwantedguest.png?w=1200&h=630&q=70&fit=crop&crop=faces&fm=jpg","language":"en","localpath":"8ThrillerAudiobooksForEveryLevelOfScaryListening_300.json","title":"8 Thriller Audiobooks For Every Level Of Scary Listening","title_page":"8 Thriller Audiobooks For Every Level Of Scary Listening","title_rss":"NULL","source_domain":"bustle.com","text":"season spooky book nerds eight great thriller audiobooks level scary listening matter horror veteran total chicken books list curated audiobooks sure covered goosebumps comes enjoying scary novels stories october everyone favorite anytime good great horror thriller novel summer heat spooky story send chills down spine watching hitcher summer afraid driving home night serial killers vengeful spirits abound listening scary audiobooks drive home great capitalize residual trauma childhood horror movie experiences ultimate frightfest eight thriller audiobooks list below aren buckets bones blood something weenies horror buffs alike keep scrolling find favorite scary story audiobooks available free audible customers lose good night sleep mean unwanted guest shari lapena narrated hillary huber classic story travelers wind snowed together catskills hotel find themselves targeted malicious entity guests drop holiday turns fight stay alive click promise katerina diamond narrated stevie lacey fourth novel katerina diamond imogen gray series finds detective sergeant putting herself line fire attempting locate mystery dates victims murders click gilly macmillan narrated steve west imogen church steven brand twenty children found murdered bristol third body turns sparking murder investigation town filmmaker police investigator case reopens wounds click pieces karin slaughter narrated kathleen early traumatic event shopping mall brings seen side mother andrea becomes bearer secret destroy click skin lisa unger narrated vivienne leheny husband murder poppy continues memory lapses horrific nightmares terror becomes real starts feel followed sets learn responsible husband death click truth lies caroline mitchell narrated elizabeth knowelden daughter veteran officer detective inspector winter dreams respected force father letter notorious serial killer reveals truth biological mother worse plunges high stakes game innocent lives line british investigator mettle memories truly tested click baby teeth zoje stage narrated gabra zackman hanna loves father hates mother least suzette sees alex thinks wife suffering stress motherhood suzette sees hanna looks click","url":"https://www.bustle.com/p/8-thriller-audiobooks-for-every-level-of-scary-listening-12265524","polarityScore":{"sourceTitle":"Bustle","allSidesBias":"left-center","communityAgree":"564","communityDisagree":"566","sourceUrl":"http://www.bustle.com/ "},"processedText":["season","spooky","book","nerds","eight","great","thriller","level","scary","listening","matter","horror","veteran","total","chicken","books","list","curated","sure","covered","goosebumps","comes","enjoying","scary","novels","stories","october","everyone","favorite","anytime","good","great","horror","thriller","novel","summer","heat","spooky","story","send","chills","down","spine","watching","summer","afraid","driving","home","night","serial","killers","vengeful","spirits","abound","listening","scary","drive","home","great","capitalize","trauma","childhood","horror","movie","experiences","ultimate","eight","thriller","list","below","aren","buckets","bones","blood","something","horror","buffs","alike","keep","scrolling","find","favorite","scary","story","available","free","audible","customers","lose","good","night","sleep","mean","unwanted","guest","narrated","hillary","huber","classic","story","travelers","wind","together","hotel","find","themselves","targeted","malicious","entity","guests","drop","holiday","turns","fight","stay","alive","click","promise","diamond","narrated","stevie","lacey","fourth","novel","diamond","gray","series","finds","detective","sergeant","putting","herself","line","fire","attempting","locate","mystery","dates","victims","murders","click","narrated","steve","west","church","steven","brand","twenty","children","found","murdered","bristol","third","body","turns","sparking","murder","investigation","town","filmmaker","police","investigator","case","wounds","click","pieces","slaughter","narrated","kathleen","early","traumatic","event","shopping","mall","brings","seen","side","mother","andrea","becomes","bearer","secret","destroy","click","skin","lisa","narrated","husband","murder","poppy","continues","memory","lapses","horrific","nightmares","terror","becomes","real","starts","feel","followed","sets","learn","responsible","husband","death","click","truth","lies","caroline","mitchell","narrated","elizabeth","daughter","veteran","officer","detective","inspector","winter","dreams","respected","force","father","letter","notorious","serial","killer","reveals","truth","biological","mother","worse","high","stakes","game","innocent","lives","line","british","investigator","mettle","memories","truly","tested","click","baby","teeth","stage","narrated","hanna","loves","father","hates","mother","least","sees","alex","thinks","wife","suffering","stress","motherhood","sees","hanna","looks","click"]}
