{"authors":["Maddy Foley"],"date_download":"2018-10-31 00:28:56","date_modify":"2018-10-31 00:28:56","date_publish":"2018-10-05 14:20:53","description":"There's something about the calendar turning from September to October that makes us inexplicably into getting really, really, really scared. Like, hide under the covers, sleep with the lights on, jump at the slightest floor creak scared. And we've…","filename":"9BooksLikeIKnowWhatYouDidLastSummerToReadIfYoureObsessedWithTeenageHorror_303.json","image_url":"https://imgix.bustle.com/uploads/image/2018/10/4/912e15ee-79dd-4f60-9d9c-9a927d46f7de-iknow.png?w=1200&h=630&q=70&fit=crop&crop=faces&fm=jpg","language":"en","localpath":"9BooksLikeIKnowWhatYouDidLastSummerToReadIfYoureObsessedWithTeenageHorror_303.json","title":"9 Books Like 'I Know What You Did Last Summer' To Read If You're Obsessed With Teenage Horror","title_page":"9 Books Like 'I Know What You Did Last Summer' To Read If You're Obsessed With Teenage Horror","title_rss":"NULL","source_domain":"bustle.com","text":"something calendar turning september october makes inexplicably getting scared hide covers sleep lights jump slightest floor creak scared movies list return watched favorites campy slasher films defined 1990s times scare tactics check nine books read loved summer loosely based 1973 novel name lois duncan summer theaters october 1997 quickly became cultural touchstone along scream summer refer ikwydls henceforth typing full name times exhausting poster child revitalized slasher genre fourth july beach party four friends accidentally pedestrian decide dump body water next summer scattered friend group reunited mysterious figure begins stalking letters summer hook sounds vaguely urban legend killer hook intentional terror murder mystery slightly campy language ensues books list mirror ikwydls officer leader sense mystery threat death intoxicating overwhelming lives high school college converge truly young adults trying keep heads above water always lived castle shirley jackson amazon four family members killed arsenic incident remaining blackwoods merricat agoraphobic older sister constance wheelchair bound uncle julian built isolated life family mansion dictated idiosyncratic rules protective magic cousin appears increasingly desperate attempts keep life together merricat spurs wave crisis tragedy click none agatha christie amazon strangers appear isolated island mansion lured mysterious letter dinner night recording plays accusing harboring guilty secret morning guest dead cycle begins killer revealed late click carrie stephen king carrie white leads life filled bullying school home harbors secret power ability move mind unexpected kindness coincides classmate cruelty humiliation carrie snaps power takes life vengeance click dark places gillian flynn amazon sole survivor satan sacrifice kinnakee kansas libby grown terrified seven testified older brother responsible brutal murders sisters mother bitter isolated something strapped cash libby reluctantly agrees meet kill club true crime club kill club evidence perhaps brother wasn blame begins haunt libby sets record straight click girls fire robin wasserman halloween 1991 star athlete small conservative town goes missing days later found bullet head hand death sends waves panic town already edge threats satanic worship meanwhile drawn deeply intoxicating friendship local girl lacey click pretty devils nancy holder amazon teens hazel wants popular hottest clique school invites nobody lister table swept tide newfound fame everybody happy hazel jealousy become deadly serious click chain letter christopher pike amazon caretaker sends alison chain letter thinks joke caretaker gets closer begins stalking alison friend group bound unspeakable crime committed months figure caretaker becomes increasingly matter life death click merciless danielle vega amazon sofia flores meant dank basement flanked popular girls riley alexis grace facing classmate brooklyn sits gagged bound bloody riley alexis grace performing exorcism though sofia looks torture house sofia confront whether lies evil begging click","url":"https://www.bustle.com/p/9-books-like-i-know-what-you-did-last-summer-to-read-if-youre-obsessed-with-teenage-horror-12160686","polarityScore":{"sourceTitle":"Bustle","allSidesBias":"left-center","communityAgree":"564","communityDisagree":"566","sourceUrl":"http://www.bustle.com/ "},"processedText":["something","calendar","turning","september","october","makes","inexplicably","getting","scared","hide","covers","sleep","lights","jump","slightest","floor","scared","movies","list","return","watched","favorites","slasher","films","defined","1990s","times","scare","tactics","check","nine","books","read","loved","summer","loosely","based","1973","novel","name","lois","duncan","summer","theaters","october","1997","quickly","became","cultural","along","scream","summer","refer","full","name","times","exhausting","poster","child","slasher","genre","fourth","july","beach","party","four","friends","accidentally","pedestrian","decide","dump","body","water","next","summer","scattered","friend","group","reunited","mysterious","figure","begins","stalking","letters","summer","hook","sounds","vaguely","urban","legend","killer","hook","intentional","terror","murder","mystery","slightly","language","ensues","books","list","mirror","officer","leader","sense","mystery","threat","death","intoxicating","overwhelming","lives","high","school","college","converge","truly","young","adults","trying","keep","heads","above","water","always","lived","castle","shirley","jackson","amazon","four","family","members","killed","incident","remaining","older","sister","constance","wheelchair","bound","uncle","julian","built","isolated","life","family","mansion","dictated","rules","protective","magic","cousin","appears","increasingly","desperate","attempts","keep","life","together","spurs","wave","crisis","tragedy","click","none","christie","amazon","strangers","appear","isolated","island","mansion","lured","mysterious","letter","dinner","night","recording","plays","accusing","harboring","guilty","secret","morning","guest","dead","cycle","begins","killer","revealed","late","click","carrie","stephen","king","carrie","white","leads","life","filled","bullying","school","home","harbors","secret","power","ability","move","mind","unexpected","kindness","coincides","classmate","cruelty","humiliation","carrie","snaps","power","takes","life","vengeance","click","dark","places","gillian","flynn","amazon","sole","survivor","satan","sacrifice","kansas","libby","grown","terrified","seven","testified","older","brother","responsible","brutal","murders","sisters","mother","bitter","isolated","something","strapped","cash","libby","reluctantly","agrees","meet","kill","club","true","crime","club","kill","club","evidence","perhaps","brother","wasn","blame","begins","haunt","libby","sets","record","straight","click","girls","fire","robin","wasserman","halloween","1991","star","athlete","small","conservative","town","goes","missing","days","later","found","bullet","head","hand","death","sends","waves","panic","town","already","edge","threats","satanic","worship","meanwhile","drawn","deeply","intoxicating","friendship","local","girl","lacey","click","pretty","devils","nancy","holder","amazon","teens","wants","popular","hottest","school","invites","nobody","table","swept","tide","newfound","fame","everybody","happy","jealousy","become","deadly","serious","click","chain","letter","christopher","pike","amazon","caretaker","sends","alison","chain","letter","thinks","joke","caretaker","gets","closer","begins","stalking","alison","friend","group","bound","unspeakable","crime","committed","months","figure","caretaker","becomes","increasingly","matter","life","death","click","danielle","vega","amazon","flores","meant","basement","flanked","popular","girls","riley","alexis","grace","facing","classmate","brooklyn","sits","bound","bloody","riley","alexis","grace","performing","though","looks","torture","house","confront","whether","lies","evil","begging","click"]}
