{"authors":["Natalia Lusinski"],"date_download":"2018-10-31 01:17:52","date_modify":"2018-10-31 01:17:52","date_publish":"2018-10-17 14:52:18","description":"Although it may be fun to become friendly with your co-workers, it's still important to make sure there are certain boundaries in place. After all, you may vent to your best friend about your latest date, but does your supervisor really need every…","filename":"9BoundariesYouNeedWithYourFriendsAtWorkAccordingToExperts_304.json","image_url":"https://imgix.bustle.com/uploads/image/2018/10/17/f426ab3b-f074-4c71-89e7-e6d22d3b0633-fotolia_223009058_subscription_monthly_m-1.jpg?w=1200&h=630&q=70&fit=crop&crop=faces&fm=jpg","language":"en","localpath":"9BoundariesYouNeedWithYourFriendsAtWorkAccordingToExperts_304.json","title":"9 Boundaries You Need With Your Friends At Work, According To Experts","title_page":"9 Boundaries You Need With Your Friends At Work, According To Experts","title_rss":"NULL","source_domain":"bustle.com","text":"although become friendly workers important sure certain boundaries place vent best friend latest date does supervisor detail asks weekend course goes colleagues level readily disclose details life discerning case case basis people tells everyone everything worry setting boundaries friends work difficult late instill best parts jobs opportunity form lasting friendships teague simoncic career coach vida tells bustle natural occurrence people passionate spending together however simoncic suggests proceeding caution friendships intertwined professional life important exercise appropriate boundaries sure representing yourself best light work looking ideas boundaries workplace friends experts weigh below start slow andrew zaeh bustle though worker bond instantaneously true immediately reveal innermost thoughts learn gossipy type careful comes work friendships advise starting slower someone outside workplace simoncic takes someone revealing acting inappropriately backfire wouldn happen friendship blossoming outside work consequences higher especially true comes urge gossip slack warns behaviors supervisor affect professional reputation focus work friendship second hannah burton bustle sometimes lines work goals work friendship goals become blurred easy solution truly focused career boundary relationship core work john crossman crossman company tells bustle share goals work committed keep accountable overshare workers andrew zaeh bustle worker super close important remember gossip easily spread office sure overshare personal wouldn workers nicole sbordone lcsw author surviving female friendships good ugly tells bustle instance includes details life making people talk gossip especially work sure share information wouldn boss anyone else matter caleb backe health wellness expert maple holistics agrees comes personal topics love life keep inside speak outside tells bustle probably wouldn someone else hear anyway best avoid work practice neutrality leadership position hannah burton bustle supervise others work talk certain employees others michelle gomez business professional author success coach advises against leadership role avoid spending employee others lead others feel aside tells bustle neutral allow space individual relationships person avoid forming cliques hannah burton bustle similar maintaining neutrality leadership position work avoiding temptation form cliques natural form close relationships colleagues simoncic however careful friendships affect workplace behavior aren excluding colleagues aren bffs adds avoid inviting people grab coffee versus usual working project simoncic stay objective consider everyone input ones favorite colleagues andrew rawson chief learning officer traliant compliance training company adds angle clique topic important boundary workplace friends inviting employees socializing outside work tells bustle instance supervisor socialization outside work strengthen team dynamics however team members invited across favoritism avoid overlapping personal professional free andrew zaeh bustle offices social others seems though post work activity night however attend avoid overlapping personal professional gomez occasional lunches together maybe friday night happy hour visit events weddings overdo office functions skew working relationship cautious physical contact workers andrew zaeh bustle naturally touchy feely type person work environment best idea attention handshake becomes hello hand shoulder heads together moments looking screen backe overstep boundaries human resources significant ramifications beyond physical contact workers mathison cautions workplace friendships turn romantic romance people different levels organization particularly boss direct report raise cultural legal concerns employers employees therefore important follow employer policy good idea employees inform employer unwelcome conduct experience work secret conversations office andrew zaeh bustle closer workers others confide highly sensitive topic possibly leaving outside office worker particular extremely trusted professional personal relationship looking perspective someone intimately familiar situation helpful colleen star koch career coach founder rowan coaching tells bustle enter conversation open mind ready listen consider advice different angles having talk outside office avoid worker hearing potentially center gossip having boss unexpectedly learn issue hand","url":"https://www.bustle.com/p/9-boundaries-you-need-with-your-friends-at-work-according-to-experts-9412259","polarityScore":{"sourceTitle":"Bustle","allSidesBias":"left-center","communityAgree":"564","communityDisagree":"566","sourceUrl":"http://www.bustle.com/ "},"processedText":["although","become","friendly","workers","important","sure","certain","boundaries","place","vent","best","friend","latest","date","does","supervisor","detail","asks","weekend","course","goes","colleagues","level","readily","disclose","details","life","discerning","case","case","basis","people","tells","everyone","everything","worry","setting","boundaries","friends","work","difficult","late","best","parts","jobs","opportunity","form","lasting","friendships","teague","career","coach","tells","bustle","natural","occurrence","people","passionate","spending","together","however","suggests","proceeding","caution","friendships","intertwined","professional","life","important","exercise","appropriate","boundaries","sure","representing","yourself","best","light","work","looking","ideas","boundaries","workplace","friends","experts","weigh","below","start","slow","andrew","zaeh","bustle","though","worker","bond","true","immediately","reveal","thoughts","learn","type","careful","comes","work","friendships","advise","starting","slower","someone","outside","workplace","takes","someone","revealing","acting","inappropriately","backfire","wouldn","happen","friendship","blossoming","outside","work","consequences","higher","especially","true","comes","urge","gossip","slack","warns","behaviors","supervisor","affect","professional","reputation","focus","work","friendship","second","hannah","burton","bustle","sometimes","lines","work","goals","work","friendship","goals","become","blurred","easy","solution","truly","focused","career","boundary","relationship","core","work","john","company","tells","bustle","share","goals","work","committed","keep","accountable","workers","andrew","zaeh","bustle","worker","super","close","important","remember","gossip","easily","spread","office","sure","personal","wouldn","workers","nicole","lcsw","author","surviving","female","friendships","good","ugly","tells","bustle","instance","includes","details","life","making","people","talk","gossip","especially","work","sure","share","information","wouldn","boss","anyone","else","matter","caleb","health","wellness","expert","maple","agrees","comes","personal","topics","love","life","keep","inside","speak","outside","tells","bustle","probably","wouldn","someone","else","hear","anyway","best","avoid","work","practice","neutrality","leadership","position","hannah","burton","bustle","supervise","others","work","talk","certain","employees","others","michelle","gomez","business","professional","author","success","coach","advises","against","leadership","role","avoid","spending","employee","others","lead","others","feel","aside","tells","bustle","neutral","allow","space","individual","relationships","person","avoid","forming","hannah","burton","bustle","similar","maintaining","neutrality","leadership","position","work","avoiding","temptation","form","natural","form","close","relationships","colleagues","however","careful","friendships","affect","workplace","behavior","aren","excluding","colleagues","aren","bffs","adds","avoid","inviting","people","grab","coffee","versus","usual","working","project","stay","objective","consider","everyone","input","ones","favorite","colleagues","andrew","chief","learning","officer","compliance","training","company","adds","angle","topic","important","boundary","workplace","friends","inviting","employees","socializing","outside","work","tells","bustle","instance","supervisor","outside","work","strengthen","team","dynamics","however","team","members","invited","across","favoritism","avoid","overlapping","personal","professional","free","andrew","zaeh","bustle","offices","social","others","seems","though","post","work","activity","night","however","attend","avoid","overlapping","personal","professional","gomez","occasional","lunches","together","maybe","friday","night","happy","hour","visit","events","weddings","office","functions","skew","working","relationship","cautious","physical","contact","workers","andrew","zaeh","bustle","naturally","touchy","type","person","work","environment","best","idea","attention","handshake","becomes","hello","hand","shoulder","heads","together","moments","looking","screen","boundaries","human","resources","significant","ramifications","beyond","physical","contact","workers","cautions","workplace","friendships","turn","romantic","romance","people","different","levels","organization","particularly","boss","direct","report","raise","cultural","legal","concerns","employers","employees","therefore","important","follow","employer","policy","good","idea","employees","inform","employer","unwelcome","conduct","experience","work","secret","conversations","office","andrew","zaeh","bustle","closer","workers","others","highly","sensitive","topic","possibly","leaving","outside","office","worker","particular","extremely","trusted","professional","personal","relationship","looking","perspective","someone","intimately","familiar","situation","helpful","colleen","star","koch","career","coach","founder","coaching","tells","bustle","enter","conversation","open","mind","ready","listen","consider","advice","different","angles","having","talk","outside","office","avoid","worker","hearing","potentially","center","gossip","having","boss","unexpectedly","learn","issue","hand"]}
