{"authors":["Carolyn Steber"],"date_download":"2018-10-31 00:26:18","date_modify":"2018-10-31 00:26:18","date_publish":"2018-10-05 16:19:39","description":"One of the biggest considerations, when it comes to getting a tattoo, is how meaningful you want it to be. Sometimes it's fun to get a tattoo just for the heck of it, or to choose a design based solely on how it looks. But if you want your ink to…","filename":"9BrilliantTattoosForPeopleWhoLoveTheirMoms_305.json","image_url":"https://imgix.bustle.com/uploads/image/2018/10/5/5e83c51d-0407-4669-a76e-dd78ba9df640-fotolia_164076272_subscription_monthly_m-5.jpg?w=1200&h=630&q=70&fit=crop&crop=faces&fm=jpg","language":"en","localpath":"9BrilliantTattoosForPeopleWhoLoveTheirMoms_305.json","title":"9 Brilliant Tattoos For People Who Love Their Moms","title_page":"9 Brilliant Tattoos For People Who Love Their Moms","title_rss":"NULL","source_domain":"bustle.com","text":"biggest considerations comes getting tattoo meaningful sometimes tattoo heck choose design based solely looks extra dose meaning best ways tattoo honors whether life denying sweet tattoo help remind whenever knows specifically prove beautiful bonding moment wherever tattoo honor someone love great hold onto wonderful memories serve tribute unbreakable bond palomino tattoo artist atomic tattoos orlando tells bustle people lost mother loved great memorialize heal grieving remember good times shared brilliant tattoo ideas honor consider experts image something loves memorable tattoo ideas honor mother representative something passionate palomino does love plants beach motorcycles whatever getting tattoo alludes something enjoys mean motherly symbol throughout history symbols represent mothers femininity moon flowers certain animals draw inspiration sometimes symbol words author astrologer lisa barretta tells bustle popular symbols often moon showing feminine aspect life mother bear showing protection mandala representing expansion center point mother symbol choose body speaks volumes classic tattoo twist something sweet classic tattoo often surrounded hearts ribbons palomino design folks getting definitely done specifications give modern look signature name nickname people choose name tattooed fancy script palomino extra meaning sample handwriting photo signature copied exactly sweet note handwriting idea scour drawers sweet notes birthday cards messages left tattoo artist copy idea incredibly unique shows connection something unique reminds tattoo nothing directly tastes preferences show love getting something makes type tattoo location meaning wrist whenever glance down legs whole world palomino choice meaningful date subtle tribute consider small meaningful date birthday best days life dates mark important date something together trip abroad favorite painting nothing meaningful replica favorite piece beautiful look means special","url":"https://www.bustle.com/p/9-brilliant-tattoos-for-people-who-love-their-moms-12073290","polarityScore":{"sourceTitle":"Bustle","allSidesBias":"left-center","communityAgree":"564","communityDisagree":"566","sourceUrl":"http://www.bustle.com/ "},"processedText":["biggest","considerations","comes","getting","tattoo","meaningful","sometimes","tattoo","heck","choose","design","based","solely","looks","extra","dose","meaning","best","ways","tattoo","honors","whether","life","denying","sweet","tattoo","help","remind","whenever","knows","specifically","prove","beautiful","bonding","moment","wherever","tattoo","honor","someone","love","great","hold","onto","wonderful","memories","serve","tribute","unbreakable","bond","palomino","tattoo","artist","atomic","tattoos","orlando","tells","bustle","people","lost","mother","loved","great","heal","grieving","remember","good","times","shared","brilliant","tattoo","ideas","honor","consider","experts","image","something","loves","memorable","tattoo","ideas","honor","mother","representative","something","passionate","palomino","does","love","plants","beach","whatever","getting","tattoo","alludes","something","enjoys","mean","symbol","throughout","history","symbols","represent","mothers","femininity","moon","flowers","certain","animals","draw","inspiration","sometimes","symbol","words","author","astrologer","lisa","barretta","tells","bustle","popular","symbols","often","moon","showing","feminine","aspect","life","mother","bear","showing","protection","representing","expansion","center","point","mother","symbol","choose","body","speaks","volumes","classic","tattoo","twist","something","sweet","classic","tattoo","often","surrounded","hearts","palomino","design","folks","getting","definitely","done","give","modern","look","signature","name","nickname","people","choose","name","tattooed","fancy","script","palomino","extra","meaning","sample","handwriting","photo","signature","copied","exactly","sweet","note","handwriting","idea","sweet","notes","birthday","cards","messages","left","tattoo","artist","copy","idea","incredibly","unique","shows","connection","something","unique","reminds","tattoo","nothing","directly","tastes","preferences","show","love","getting","something","makes","type","tattoo","location","meaning","wrist","whenever","glance","down","legs","whole","world","palomino","choice","meaningful","date","subtle","tribute","consider","small","meaningful","date","birthday","best","days","life","dates","mark","important","date","something","together","trip","abroad","favorite","painting","nothing","meaningful","replica","favorite","piece","beautiful","look","means","special"]}
