{"authors":["Eva Taylor Grant"],"date_download":"2018-10-31 00:21:59","date_modify":"2018-10-31 00:21:59","date_publish":"2018-10-02 17:48:14","description":"Anxiety can feel undetectable because it's so hard to pin down. But if you're ever feeling like something is not-quite-right, there's a pretty good chance it's anxiety. Whether you're experiencing a feeling of uneasiness or a physical sensation you…","filename":"9CreepyFeelingsYoureExperiencingThatMightActuallyBeExplainedByAnxiety_306.json","image_url":"https://imgix.bustle.com/uploads/image/2018/10/2/588f7a4b-e51d-46c8-b386-8682b9762610-bustle_102416_503.jpg?w=1200&h=630&q=70&fit=crop&crop=faces&fm=jpg","language":"en","localpath":"9CreepyFeelingsYoureExperiencingThatMightActuallyBeExplainedByAnxiety_306.json","title":"9 Creepy Feelings You’re Experiencing That Might Actually Be Explained By Anxiety","title_page":"9 Creepy Feelings You’re Experiencing That Might Actually Be Explained By Anxiety","title_rss":"NULL","source_domain":"bustle.com","text":"anxiety feel undetectable hard down feeling something quite pretty good chance anxiety whether experiencing feeling uneasiness physical sensation quite place possible symptom anxiety rearing head whether diagnosable anxiety disorder good chance feel slightly untraceably body natural response fear anxiety foremost fear response licensed psychologist giulia suro ceds tells bustle brains developed became complex organs earliest humans experienced less half dozen emotions anxiety development critical promote survival extreme situations known fight flight response today human brains perceive threats often milder place feel overtly anxious body ways tell stressed anxiety symptoms aren always obvious anxiety symptoms whisper communicating message vocabulary discomfort licensed clinical psychologist alicia clark psyd pllc tells bustle whispers form creepy sensations nine creepy feelings feeling explained anxiety experts general heebie jeebies hannah burton bustle heebie jeebies epitome creepy feeling sometimes sensation response serious threat brain reaction anxiety general constantly receiving information environment senses owner clinical director elevate counseling jamie dana tells bustle sometimes feeling something cognizant problem good news knowing feelings coming help person pause enough assess situation determine whether creepy feelings addressed ignored having anxiety heebie jeebies less legitimate genuine fear addressed variety anxiety relief techniques weird physical sensations ashley batz bustle anxiety mental experience manifests variety physical ways feel creepy aren sure causing anxiety frequently manifests physical ways feel walking haunted house suro feel hairs standing neck goosebumps arms racing heart stomach increased adrenaline bloodstream signal body preparing bolt doing grounding exercises stress relief techniques helps feel better creepy sensations likely anxiety symptom feeling detached ashley batz bustle feel creepy sensation floating above yourself moving without feeling quite connected possible experiencing anxiety symptom call dissociation sometimes anxiety manifest dissociative experience feel disconnected detached reality suro look weird wrong experience certainly creepy normal awhile result brain protecting itself nervous system becomes overloaded likely occur periods high stress anxiety course particularly concerned happens frequently talking mental health professional help feeling sense foreboding hannah burton bustle feeling something happen soon definitely creepy luckily necessarily mean anything happen thoughts shift become foreboding paranoid suro world dark read warning signs neutral interactions uncomfortable experience help recognize primitive brain doing does best early humans rewarded worriers likely stay alive compared others early human ancestors thank uncomfortable feeling seek solace knowing likely pass jumpiness andrew zaeh bustle occasionally someone walk room unexpected jump couple hours whole feeling sense physical distress experiencing symptom anxiety feeling unease given situation sure sign suffering anxiety health wellness coach caleb backe tells bustle hardest describe explain yourself body edge impossible shake fight flight existence ironically heightens anxiety primitive brain trying protect less helpful dread andrew zaeh bustle live anxiety general feeling dread pretty known symptom having unexplained feeling comforting happens brains processing emotion people suffer anxiety familiar constant state dread backe emotional complexity carrying feeling reason sometimes distressing emotion itself shake feeling seeing mental health professional work underlying causes help spooky dreams nightmares creepiest experiences human brain sometimes feel waking personal horror movie often thing spooky dreams brain processing daily anxieties sleep waking thinking something unsettling dreaming uncomfortable dream leave feeling clark dreams often subject conflicts dynamics uncomfortable fully aware imagination ability spin disconcerting scenarios events leave feeling uncomfortable ultimately bring attention anxieties concerns matter deeply finding common dreams mean bring relief heartbeat throat unsettling feeling trace ancestor danger response weird heartbeat throat sometimes feel character scary movie likely experiencing symptom anxiety expression fight flight response heart palpitations licensed marriage family therapist lmft lauren mccown tells bustle fact cardiologists anxiety therapist best referral sources feel heart palpitations throat neck chest unsettling anxiety sufferers heart palpitations important check doctor attention become good understand makes anxious","url":"https://www.bustle.com/p/9-creepy-feelings-youre-experiencing-that-might-actually-be-explained-by-anxiety-12112158","polarityScore":{"sourceTitle":"Bustle","allSidesBias":"left-center","communityAgree":"564","communityDisagree":"566","sourceUrl":"http://www.bustle.com/ "},"processedText":["anxiety","feel","hard","down","feeling","something","quite","pretty","good","chance","anxiety","whether","experiencing","feeling","physical","sensation","quite","place","possible","symptom","anxiety","rearing","head","whether","anxiety","disorder","good","chance","feel","slightly","body","natural","response","fear","anxiety","foremost","fear","response","licensed","psychologist","tells","bustle","brains","developed","became","complex","organs","earliest","humans","experienced","less","half","dozen","emotions","anxiety","development","critical","promote","survival","extreme","situations","known","fight","flight","response","today","human","brains","perceive","threats","often","place","feel","overtly","anxious","body","ways","tell","stressed","anxiety","symptoms","aren","always","obvious","anxiety","symptoms","whisper","communicating","message","vocabulary","discomfort","licensed","clinical","psychologist","alicia","clark","tells","bustle","whispers","form","creepy","sensations","nine","creepy","feelings","feeling","explained","anxiety","experts","general","hannah","burton","bustle","epitome","creepy","feeling","sometimes","sensation","response","serious","threat","brain","reaction","anxiety","general","constantly","receiving","information","environment","senses","owner","clinical","director","elevate","counseling","jamie","dana","tells","bustle","sometimes","feeling","something","problem","good","news","knowing","feelings","coming","help","person","pause","enough","assess","situation","determine","whether","creepy","feelings","addressed","ignored","having","anxiety","less","legitimate","genuine","fear","addressed","variety","anxiety","relief","techniques","weird","physical","sensations","ashley","batz","bustle","anxiety","mental","experience","manifests","variety","physical","ways","feel","creepy","aren","sure","causing","anxiety","frequently","manifests","physical","ways","feel","walking","haunted","house","feel","hairs","standing","neck","goosebumps","arms","racing","heart","stomach","increased","adrenaline","bloodstream","signal","body","preparing","doing","grounding","exercises","stress","relief","techniques","helps","feel","better","creepy","sensations","likely","anxiety","symptom","feeling","detached","ashley","batz","bustle","feel","creepy","sensation","floating","above","yourself","moving","without","feeling","quite","connected","possible","experiencing","anxiety","symptom","call","sometimes","anxiety","manifest","experience","feel","disconnected","detached","reality","look","weird","wrong","experience","certainly","creepy","normal","awhile","result","brain","protecting","itself","nervous","system","becomes","likely","occur","periods","high","stress","anxiety","course","particularly","concerned","happens","frequently","talking","mental","health","professional","help","feeling","sense","hannah","burton","bustle","feeling","something","happen","soon","definitely","creepy","luckily","necessarily","mean","anything","happen","thoughts","shift","become","paranoid","world","dark","read","warning","signs","neutral","interactions","uncomfortable","experience","help","recognize","primitive","brain","doing","does","best","early","humans","rewarded","likely","stay","alive","compared","others","early","human","ancestors","thank","uncomfortable","feeling","seek","solace","knowing","likely","pass","andrew","zaeh","bustle","occasionally","someone","walk","room","unexpected","jump","couple","hours","whole","feeling","sense","physical","distress","experiencing","symptom","anxiety","feeling","unease","given","situation","sure","sign","suffering","anxiety","health","wellness","coach","caleb","tells","bustle","hardest","describe","explain","yourself","body","edge","impossible","shake","fight","flight","existence","ironically","anxiety","primitive","brain","trying","protect","less","helpful","dread","andrew","zaeh","bustle","live","anxiety","general","feeling","dread","pretty","known","symptom","having","unexplained","feeling","comforting","happens","brains","processing","emotion","people","suffer","anxiety","familiar","constant","state","dread","emotional","complexity","carrying","feeling","reason","sometimes","distressing","emotion","itself","shake","feeling","seeing","mental","health","professional","work","underlying","causes","help","spooky","dreams","nightmares","creepiest","experiences","human","brain","sometimes","feel","waking","personal","horror","movie","often","thing","spooky","dreams","brain","processing","daily","anxieties","sleep","waking","thinking","something","unsettling","dreaming","uncomfortable","dream","leave","feeling","clark","dreams","often","subject","conflicts","dynamics","uncomfortable","fully","aware","imagination","ability","spin","disconcerting","scenarios","events","leave","feeling","uncomfortable","ultimately","bring","attention","anxieties","concerns","matter","deeply","finding","common","dreams","mean","bring","relief","heartbeat","throat","unsettling","feeling","trace","ancestor","danger","response","weird","heartbeat","throat","sometimes","feel","character","scary","movie","likely","experiencing","symptom","anxiety","expression","fight","flight","response","heart","licensed","marriage","family","therapist","lauren","tells","bustle","fact","anxiety","therapist","best","referral","sources","feel","heart","throat","neck","chest","unsettling","anxiety","sufferers","heart","important","check","doctor","attention","become","good","understand","makes","anxious"]}
