{"authors":["Carolyn Steber"],"date_download":"2018-10-31 00:59:39","date_modify":"2018-10-31 00:59:39","date_publish":"2018-10-03 19:48:47","description":"One of the biggest milestones for any committed relationship is that moment when you finally feel comfortable enough to be gross with your partner. While you may not ditch all your boundaries, or lose all sense of privacy, you know it's the real…","filename":"9GrossNighttimeHabitsAllGrownAssCouplesHave_312.json","image_url":"https://imgix.bustle.com/uploads/image/2018/10/3/62fa8af9-1941-4fa4-bfbe-3dbff47078db-zaeh_bustle_oct2015-241.jpg?w=1200&h=630&q=70&fit=crop&crop=faces&fm=jpg","language":"en","localpath":"9GrossNighttimeHabitsAllGrownAssCouplesHave_312.json","title":"9 Gross Nighttime Habits All Grown-Ass Couples Have","title_page":"9 Gross Nighttime Habits All Grown-Ass Couples Have","title_rss":"NULL","source_domain":"bustle.com","text":"biggest milestones committed relationship moment finally feel comfortable enough gross partner ditch boundaries lose sense privacy real deal feels officially relax real behind closed doors grossest habits likely occur evening hours settling night assume truest forms cream comes ratty pajamas comfy physically mentally truly beautiful thing fall deeply love develop higher level comfort gross awkward aspects partner jonathan bennett relationship dating expert double trust dating tells bustle usually happens greater trust level comfortable feel less constantly impress partner definitely deep nature fully relaxing front sign mature happy relationship gross couples home alone experts using bathroom front gmstockstudio fotolia inevitable point relationship give start using bathroom front especially getting ready habit continuing conversations whilst pees brushing teeth partner uses toilet perfectly fine part practical part comfort fondness caleb backe health wellness expert maple holistics tells bustle common nothing wrong applying various creams ointments dragonimages fotolia part grown relationship means letting guard down accepting neither wake flawless often means letting partner cream loving slather something medicinal getting ready usually involves putting creams face body bennett couples covered type cream smelling various ointments sexy something pretty mature term couples sharing intimate details ashley batz bustle sometimes difficult uninterrupted conversation work hobbies conflicts bennett however healthy couples discuss capacity sure sometimes surface level stuff lunch times conversations incredibly intimate share wouldn discuss anyone else cuddling sweaty ashley batz bustle sweaty workout smelly outside term relationship partner aren likely notice care people sweaty smelly morning shower person mean night cuddles gross bennett mature couples comfortable grossness bedtime cuddle giving massages andrew zaeh bustel part sweaty cuddling include getting close personal form giving massages playing hair rubbing feet aren freshest show significant love affection action justin lavelle relationship expert chief communications officer beenverified tells bustle simple stroking fingers hair massaging sore muscles grueling work whatever action couples decide upon effort doing five minutes distractions connecting physically bring closer together help evening hours eating plates andrew zaeh bustle people view habit gross incredibly intimate loving feed partner gracious enough plate honest sharing food true love habit happen home public couple decides pick restaurant share meals eating plate comfortable davida rappaport psychic spiritual counselor tells bustle turn notch feed doing whatever feels loving moment having date night couch hannah burton bustle reach certain stage term relationship becomes completely forgo fancy date nights favor staying rather movie theatre stay home binge watch series stream movie spend evening together cuddling sofa rappaport often pajamas term relationships wear anything front name comfy grooming andrew zaeh bustle moment partner leans wipe food face moment grown relationship rappaport couples comfortable asking partner popping zits combing brushing hair clipping toenails personal nature comfortable partner loose boundaries area sign comfortable care enough help means doing something gross","url":"https://www.bustle.com/p/9-gross-nighttime-habits-all-grown-ass-couples-have-12073321","polarityScore":{"sourceTitle":"Bustle","allSidesBias":"left-center","communityAgree":"564","communityDisagree":"566","sourceUrl":"http://www.bustle.com/ "},"processedText":["biggest","milestones","committed","relationship","moment","finally","feel","comfortable","enough","gross","partner","ditch","boundaries","lose","sense","privacy","real","deal","feels","officially","relax","real","behind","closed","doors","habits","likely","occur","evening","hours","settling","night","assume","forms","cream","comes","pajamas","comfy","physically","mentally","truly","beautiful","thing","fall","deeply","love","develop","higher","level","comfort","gross","awkward","aspects","partner","jonathan","bennett","relationship","dating","expert","double","trust","dating","tells","bustle","usually","happens","greater","trust","level","comfortable","feel","less","constantly","impress","partner","definitely","deep","nature","fully","relaxing","front","sign","mature","happy","relationship","gross","couples","home","alone","experts","using","bathroom","front","fotolia","inevitable","point","relationship","give","start","using","bathroom","front","especially","getting","ready","habit","continuing","conversations","whilst","brushing","teeth","partner","uses","toilet","perfectly","fine","part","practical","part","comfort","fondness","caleb","health","wellness","expert","maple","tells","bustle","common","nothing","wrong","applying","various","creams","fotolia","part","grown","relationship","means","letting","guard","down","accepting","neither","wake","flawless","often","means","letting","partner","cream","loving","something","getting","ready","usually","involves","putting","creams","face","body","bennett","couples","covered","type","cream","smelling","various","sexy","something","pretty","mature","term","couples","sharing","intimate","details","ashley","batz","bustle","sometimes","difficult","uninterrupted","conversation","work","hobbies","conflicts","bennett","however","healthy","couples","discuss","capacity","sure","sometimes","surface","level","stuff","lunch","times","conversations","incredibly","intimate","share","wouldn","discuss","anyone","else","cuddling","sweaty","ashley","batz","bustle","sweaty","workout","outside","term","relationship","partner","aren","likely","notice","care","people","sweaty","morning","shower","person","mean","night","gross","bennett","mature","couples","comfortable","bedtime","giving","andrew","zaeh","part","sweaty","cuddling","include","getting","close","personal","form","giving","playing","hair","rubbing","feet","aren","show","significant","love","affection","action","justin","relationship","expert","chief","communications","officer","tells","bustle","simple","fingers","hair","sore","muscles","grueling","work","whatever","action","couples","decide","upon","effort","doing","five","minutes","distractions","connecting","physically","bring","closer","together","help","evening","hours","eating","plates","andrew","zaeh","bustle","people","view","habit","gross","incredibly","intimate","loving","feed","partner","gracious","enough","plate","honest","sharing","food","true","love","habit","happen","home","public","couple","decides","pick","restaurant","share","meals","eating","plate","comfortable","rappaport","psychic","spiritual","counselor","tells","bustle","turn","notch","feed","doing","whatever","feels","loving","moment","having","date","night","couch","hannah","burton","bustle","reach","certain","stage","term","relationship","becomes","completely","forgo","fancy","date","nights","favor","staying","rather","movie","theatre","stay","home","binge","watch","series","stream","movie","spend","evening","together","cuddling","sofa","rappaport","often","pajamas","term","relationships","wear","anything","front","name","comfy","grooming","andrew","zaeh","bustle","moment","partner","leans","wipe","food","face","moment","grown","relationship","rappaport","couples","comfortable","asking","partner","popping","brushing","hair","personal","nature","comfortable","partner","loose","boundaries","area","sign","comfortable","care","enough","help","means","doing","something","gross"]}
