{"authors":["Sadie Trombetta"],"date_download":"2018-10-31 00:26:11","date_modify":"2018-10-31 00:26:11","date_publish":"2018-10-05 17:00:31","description":"The temperature has begun to drop, the leaves have started to change color, and everywhere you look, there's a pumpkin spice flavored or scented something beckoning you. That's right, fall is officially here, and if you want to welcome the season…","filename":"9NewBooksAboutTransformationThatMakeForPerfectFallReading_313.json","image_url":"https://imgix.bustle.com/uploads/image/2018/10/5/3f12bfe5-bbe7-4a09-a292-1e3724b8ff0c-pjimage-2.jpg?w=1200&h=630&q=70&fit=crop&crop=faces&fm=jpg","language":"en","localpath":"9NewBooksAboutTransformationThatMakeForPerfectFallReading_313.json","title":"9 New Books About Transformation That Make For Perfect Fall Reading","title_page":"9 New Books About Transformation That Make For Perfect Fall Reading","title_rss":"NULL","source_domain":"bustle.com","text":"temperature begun drop leaves started change color everywhere look pumpkin spice flavored scented something beckoning fall officially welcome season properly grab chunky sweaters flannel scarves curl fiction books change though read kind book throughout book lovers consider myself seasonal reader winter hunker down classic novels cozy mysteries spring pull poetry collections inspirational memoirs summertime filled heart pumping thrillers sexy romances fall fill bookshelves ghost stories horror novels books change season significance people fall significance change transformation leaves change colors fall season traditionally marks beginning people whether school home role husband wife father mother roommate friend whether change fall enjoy seasonal reading people pick nine books transformation transition metamorphosis clock dance anne tyler anne tyler moving novel clock dance tells story willa drake woman makes impulsive unexpected decision across country look young woman woman nine daughter willa finds hope happiness found least expect click absolutely remarkable thing hank green april person discover carls tall strange mysterious figures began appearing cities world viral video turned overnight sensation april struggles figure handle found fame perks problems searches answers carls humans captivating debut talented novelist brother john green absolutely remarkable thing asks happens life changes completely overnight handle transformation modern culture click bucket list georgia clark lacey whitman finds brca1 gene mutation otherwise breast cancer gene decides boob bucket list includes everything wants breasts possibly gets preventative double mastectomy begins journey self discovery sexual exploration total transformation author georgia clark masterfully chronicles hilarious heartwarming novel click lido libby page rosemary peterson lived entire life brixton london community always known changing fast library closing grocery store becoming lido outdoor pool swum daily opened risk kate matthews promising struggling writer assigned cover lido closing discovers pool story rosemary life meets charming story community friendship aging change lido inspirational read perfect fall list click late bloomers club louise miller nora loves simple predictable life serving regulars diner owns routine changes completely learns free spirited younger sister inherit home land town beloved citizens thrilled hear news happier finds land process sold developer people community less pleased idea development torn feelings desires needs sisters decide land risk losing sweet novel louise miller click found home susan mallery callie didn life certainly didn expect lead brother sister knew chance live grand family home siblings grandfather course starting anything simple especially means learning part family touching story love connection beginnings found home uplifting read start finish click goodbye paris anstey harris traumatic event music college grace lived quiet predictable life herself repairing instruments carrying affair david promises leave loveless marriage soon kids enough until david saves woman life paris metro resulting fame illuminates truth life relationships devastated grace loses hope finding love happiness achieving dreams winning violin making competition friends refuse give sweet quirky novel learning start click intermission elyssa friedland jonathan thought good marriage wife cass requests marital intermission month separation explore whether life built completely shocked although apart jonathan cass find apart forces face face secrets spent trying avoid smart funny incisive intermission gripping story love keep together lies drive apart click","url":"https://www.bustle.com/p/9-new-books-about-transformation-that-make-for-perfect-fall-reading-12108266","polarityScore":{"sourceTitle":"Bustle","allSidesBias":"left-center","communityAgree":"564","communityDisagree":"566","sourceUrl":"http://www.bustle.com/ "},"processedText":["temperature","begun","drop","leaves","started","change","color","everywhere","look","pumpkin","spice","flavored","scented","something","fall","officially","welcome","season","properly","grab","chunky","sweaters","flannel","scarves","curl","fiction","books","change","though","read","kind","book","throughout","book","lovers","consider","myself","seasonal","reader","winter","down","classic","novels","cozy","mysteries","spring","pull","poetry","collections","inspirational","memoirs","summertime","filled","heart","pumping","thrillers","sexy","romances","fall","fill","ghost","stories","horror","novels","books","change","season","significance","people","fall","significance","change","transformation","leaves","change","colors","fall","season","traditionally","marks","beginning","people","whether","school","home","role","husband","wife","father","mother","roommate","friend","whether","change","fall","enjoy","seasonal","reading","people","pick","nine","books","transformation","transition","clock","dance","anne","tyler","anne","tyler","moving","novel","clock","dance","tells","story","willa","drake","woman","makes","impulsive","unexpected","decision","across","country","look","young","woman","woman","nine","daughter","willa","finds","hope","happiness","found","least","expect","click","absolutely","remarkable","thing","hank","green","april","person","discover","tall","strange","mysterious","figures","began","appearing","cities","world","viral","video","turned","overnight","sensation","april","struggles","figure","handle","found","fame","perks","problems","searches","answers","humans","captivating","debut","talented","novelist","brother","john","green","absolutely","remarkable","thing","asks","happens","life","changes","completely","overnight","handle","transformation","modern","culture","click","bucket","list","georgia","clark","lacey","finds","gene","mutation","otherwise","breast","cancer","gene","decides","bucket","list","includes","everything","wants","breasts","possibly","gets","preventative","double","mastectomy","begins","journey","self","discovery","sexual","exploration","total","transformation","author","georgia","clark","chronicles","hilarious","heartwarming","novel","click","libby","page","rosemary","peterson","lived","entire","life","london","community","always","known","changing","fast","library","closing","grocery","store","becoming","outdoor","pool","daily","opened","risk","kate","matthews","promising","struggling","writer","assigned","cover","closing","discovers","pool","story","rosemary","life","meets","charming","story","community","friendship","aging","change","inspirational","read","perfect","fall","list","click","late","club","louise","miller","nora","loves","simple","predictable","life","serving","regulars","diner","owns","routine","changes","completely","learns","free","spirited","younger","sister","inherit","home","land","town","beloved","citizens","thrilled","hear","news","happier","finds","land","process","sold","developer","people","community","less","pleased","idea","development","torn","feelings","desires","needs","sisters","decide","land","risk","losing","sweet","novel","louise","miller","click","found","home","susan","didn","life","certainly","didn","expect","lead","brother","sister","knew","chance","live","grand","family","home","siblings","grandfather","course","starting","anything","simple","especially","means","learning","part","family","touching","story","love","connection","beginnings","found","home","uplifting","read","start","finish","click","goodbye","paris","harris","traumatic","event","music","college","grace","lived","quiet","predictable","life","herself","repairing","instruments","carrying","affair","david","promises","leave","marriage","soon","kids","enough","until","david","saves","woman","life","paris","metro","resulting","fame","illuminates","truth","life","relationships","devastated","grace","loses","hope","finding","love","happiness","achieving","dreams","winning","violin","making","competition","friends","refuse","give","sweet","quirky","novel","learning","start","click","jonathan","thought","good","marriage","wife","requests","marital","month","separation","explore","whether","life","built","completely","shocked","although","apart","jonathan","find","apart","forces","face","face","secrets","spent","trying","avoid","smart","funny","gripping","story","love","keep","together","lies","drive","apart","click"]}
