{"authors":["Jr Thorpe"],"date_download":"2018-10-31 00:45:22","date_modify":"2018-10-31 00:45:22","date_publish":"2018-10-01 16:09:17","description":"The beginning of colder weather is a lovely time for many of us — so many new sweaters to wear and pumpkins to buy! — but it's also the start of sniffles, sore throats, and coughs. Yep, cold season is coming. The common cold has been a part of…","filename":"9OldFashionedColdCuresFromHistoryThatWeProbablyShouldntBringBack_314.json","image_url":"https://imgix.bustle.com/uploads/image/2018/10/1/1d56791d-f6f9-4c1e-9052-63d3c8129be2-7dbadd88-c1de-4d07-96d2-b234e3a79e41-getty-960499906.jpg?w=1200&h=630&q=70&fit=crop&crop=faces&fm=jpg","language":"en","localpath":"9OldFashionedColdCuresFromHistoryThatWeProbablyShouldntBringBack_314.json","title":"9 Old-Fashioned Cold Cures From History That We Probably Shouldn’t Bring Back","title_page":"9 Old-Fashioned Cold Cures From History That We Probably Shouldn’t Bring Back","title_rss":"NULL","source_domain":"bustle.com","text":"beginning colder weather lovely sweaters wear pumpkins start sniffles sore throats coughs cold season coming common cold part recorded human history thousands closer curing cold virus pretty cure course staying hydrated marathoning netflix people anything stop virus tracks probably good fashioned cold cures history aren thing anymore logic behind fashioned cold medicine understandable based science medieval system cold seems comes cool body stands reason foods substances cause cure unfortunately viruses work anybody sauna steamy bath feeling particularly unwell testify idea heat pretty nice execution though fashioned remedies rather mark grab toddy prepare disgusted wolf liver wine frog legs juices visanello wikimedia commons ancient roman physician pliny elder natural history pretty skeptical record folk medicine find interesting ideas cure cold symptoms coughs noted supposed relieved wolf liver administered mulled wine complete spices palatable didn work always frog legs stewed liquor drink horse saliva days notes practical ideas honey soothing medicine something modern science supports poor sniffling romans relief vomiting excess phlegm wellcome collection wikimedia commons ancient greece late renaissance europe ideas colds drew bigger theories body general health believed depended balance four humors body yellow bile black bile blood phlegm phlegm meant cold pretty fair observation considering mucus cold produce body balance though thought needed excess phlegm purge ideally vomiting charming concentrated wine library congress wikimedia commons late middle ages italy physician taddeo alderotti advocated magnificent cure aqua vite claimed marvellous against cold affections took best wine distilled multiple times until incredibly concentrated times four distillations suitable cure cold process pretty similar makes homemade brandy probably people felt better drinking fried food frans mieris elder wikimedia commons diet important curing diseases medieval period foods classified cold prompt suppress different levels humors body battle cooling effects phlegm medieval physicians recommended change food text advises avoiding moist watery fruits oils fish broths yolk bones opting instead diet purely fried food sounds tasty probably medicinally helpful huge quantities mustard horseradish national library medicine wikimedia commons renaissance various foodstuffs believed create effects body related temperature cold humors narrowed bodily passages belief went ones expanded stood reason phlegm seriously foods open yourself mustard horseradish menu liquorice strong artichokes started sweating coughing better roasted mouse royal museums fine belgium wikimedia commons collection fashioned superstitions united kingdom notes mouse seemed feature pretty strongly cold cures several centuries children served fried roasted baked mouse regional version mouse skinned flesh fried sick milk onions gerrit wikimedia commons southern appalachia fashioned folk remedies colds apparently often relied onions people turned coughs sneezes encouraged balked reasonably enough given glass milk slice onion variations remedy date centuries including having sliced onions socks shoes protection against catching cold place goose grease molasses national library medicine wikimedia commons rubbing camphorated chest common encourage coughing help subdue colds though longer legally sold however replacement local butcher likely help various places north america including newfoundland remedy rubbing yourself goose grease layer brown paper flannel grease cooked goose ideally meant fresh warm saved specifically purpose commonly rubbed chests people stricken colds 20th century unwashed lamb hair brandy imperial museums american folk medicine colds compendium 1980 sweet least pretty inoffensive wearing nutmeg neck prevent catching instance digging hole rusty nail feet house symptoms away however book records cure utah 1932 raises questions wearing unwashed lamb hair dunked brandy neck help sore throat assume dirty wool brandy harm good","url":"https://www.bustle.com/p/9-old-fashioned-cold-cures-from-history-that-we-probably-shouldnt-bring-back-12046351","polarityScore":{"sourceTitle":"Bustle","allSidesBias":"left-center","communityAgree":"564","communityDisagree":"566","sourceUrl":"http://www.bustle.com/ "},"processedText":["beginning","colder","weather","lovely","sweaters","wear","pumpkins","start","sore","throats","cold","season","coming","common","cold","part","recorded","human","history","thousands","closer","curing","cold","virus","pretty","cure","course","staying","hydrated","netflix","people","anything","stop","virus","tracks","probably","good","fashioned","cold","cures","history","aren","thing","anymore","logic","behind","fashioned","cold","medicine","understandable","based","science","medieval","system","cold","seems","comes","cool","body","stands","reason","foods","substances","cause","cure","unfortunately","viruses","work","anybody","steamy","bath","feeling","particularly","testify","idea","heat","pretty","nice","execution","though","fashioned","remedies","rather","mark","grab","prepare","disgusted","wolf","liver","wine","frog","legs","juices","wikimedia","commons","ancient","roman","physician","elder","natural","history","pretty","skeptical","record","folk","medicine","find","interesting","ideas","cure","cold","symptoms","noted","supposed","relieved","wolf","liver","administered","wine","complete","spices","palatable","didn","work","always","frog","legs","liquor","drink","horse","days","notes","practical","ideas","honey","soothing","medicine","something","modern","science","supports","poor","romans","relief","vomiting","excess","collection","wikimedia","commons","ancient","greece","late","renaissance","europe","ideas","colds","drew","bigger","theories","body","general","health","believed","depended","balance","four","body","yellow","black","blood","meant","cold","pretty","fair","observation","considering","cold","produce","body","balance","though","thought","needed","excess","purge","ideally","vomiting","charming","concentrated","wine","library","congress","wikimedia","commons","late","middle","ages","italy","physician","advocated","magnificent","cure","aqua","claimed","against","cold","affections","took","best","wine","distilled","multiple","times","until","incredibly","concentrated","times","four","suitable","cure","cold","process","pretty","similar","makes","homemade","brandy","probably","people","felt","better","drinking","fried","food","elder","wikimedia","commons","diet","important","curing","diseases","medieval","period","foods","classified","cold","prompt","suppress","different","levels","body","battle","cooling","effects","medieval","physicians","recommended","change","food","text","advises","avoiding","moist","watery","fruits","oils","fish","bones","opting","instead","diet","purely","fried","food","sounds","tasty","probably","helpful","huge","quantities","mustard","national","library","medicine","wikimedia","commons","renaissance","various","believed","create","effects","body","related","temperature","cold","narrowed","bodily","passages","belief","went","ones","expanded","stood","reason","seriously","foods","open","yourself","mustard","menu","strong","started","sweating","better","roasted","mouse","royal","museums","fine","belgium","wikimedia","commons","collection","fashioned","superstitions","united","kingdom","notes","mouse","seemed","feature","pretty","strongly","cold","cures","several","centuries","children","served","fried","roasted","baked","mouse","regional","version","mouse","skinned","flesh","fried","sick","milk","onions","wikimedia","commons","southern","fashioned","folk","remedies","colds","apparently","often","relied","onions","people","turned","encouraged","balked","reasonably","enough","given","glass","milk","slice","onion","variations","remedy","date","centuries","including","having","sliced","onions","socks","shoes","protection","against","catching","cold","place","goose","grease","national","library","medicine","wikimedia","commons","rubbing","chest","common","encourage","help","subdue","colds","though","longer","legally","sold","however","replacement","local","butcher","likely","help","various","places","north","america","including","remedy","rubbing","yourself","goose","grease","layer","brown","paper","flannel","grease","cooked","goose","ideally","meant","fresh","warm","saved","specifically","purpose","commonly","people","stricken","colds","20th","century","lamb","hair","brandy","imperial","museums","american","folk","medicine","colds","1980","sweet","least","pretty","wearing","neck","prevent","catching","instance","digging","hole","rusty","nail","feet","house","symptoms","away","however","book","records","cure","utah","1932","raises","questions","wearing","lamb","hair","brandy","neck","help","sore","throat","assume","dirty","wool","brandy","harm","good"]}
