{"authors":["Kyli Rodriguez-Cayro"],"date_download":"2018-10-31 00:55:46","date_modify":"2018-10-31 00:55:46","date_publish":"2018-09-30 15:00:29","description":"It always seems restlessness and stress tend to strike the hardest at the most inconvenient moments. For many people, that means feeling wired and worried at night, just as you’re trying to unwind and settle down after a long day. Maybe you have a…","filename":"9ProductsToHelpYouCalmDownAtNight_316.json","image_url":"https://imgix.bustle.com/uploads/image/2018/9/26/ef4b40c3-6bc6-43a2-811a-86e412e89483-stock_ab-9921.jpg?w=1200&h=630&q=70&fit=crop&crop=faces&fm=jpg","language":"en","localpath":"9ProductsToHelpYouCalmDownAtNight_316.json","title":"9 Products To Help You Calm Down At Night","title_page":"9 Products To Help You Calm Down At Night","title_rss":"NULL","source_domain":"bustle.com","text":"always seems restlessness stress tend strike hardest inconvenient moments people means feeling wired worried night trying unwind settle down maybe case sunday scaries anticipating upcoming work deadlines maybe night took close bedtime whatever underlying reason struggle calm down night alone 2007 stress anxiety disorders survey conducted anxiety depression association america adaa revealed seven adults united states routinely trouble sleeping majority citing stress anxiety cause sleep issues fact despite vital role sleep plays mental physical health reported 2016 american adults enough sleep least seven hours regular basis incorporating science approved self care hacks routine stretching deep breathing listening music feel relaxed prepared snooze however shaking nighttime activities necessary seem effective nine tried true products help feel calm contented night catch lavender hemp infused face mask kana skincare lavender hemp sleeping mask kana skincare mask definition beauty sleep does contain soothing lavender phytocannabinoid hemp seed extract power antioxidants known calming effects blue light blocking glasses swannies classic blue light blocking glasses swanwick sleep light phone computer screen mess sleep wake cycle keeping night investing pair nighttime sunnies helpful blue light glasses swanwick sleep registered created prevent sore eyes headaches fatigue blurred vision associated digital strain journal prompts anxiety journal corrine sweet hard chilling evening jotting down thoughts worries gratitude journal extremely therapeutic better journal calming prompts based real cognitive behavioral therapy practices mindfulness weighted comforter sensory weighted pound blanket amazon struggle chronic stress forking weighted comforter worth investment though costly people sleep issues anxiety disorders swear specialized blanket amazon reviewer special supplies blanket hugged sleep sold calming supplement nutrition chill supplements sephora nutrition chill supplements crafted rhodiola rosea herb clinically researched ability help body deal stress demanding conditions though supplements aren cure actual anxiety disorders adding supplement nighttime routine effective extra help coping restlessness aromatherapy diffuser sparoom puremist essential diffuser vitamin shoppe affordable diffuser steal less dollars fill calming lavender peppermint chamomile essential oils ultimate relaxation apartment basically feel private aromatherapy candles meyer clean basil candle bath beyond lighting candles home create calming atmosphere twinkling light prepares sensitive smell candle gentle scent basil better option diffuser benefits aromatherapy without senses overwhelmed sure blow falling asleep buddha board buddha board mini buddha board work staying grounded present letting worries fall wayside buddha board help website simply paint surface water creation life bold design water slowly evaporates magically disappear leaving clean slate clear mind bathtub caddy bamb bamboo luxury bathtub caddy amazon unwinding bath perfect self care hack buying bathtub caddy hold essentials ipad watch netflix spot candle room glass wine takes peaceful activity next level","url":"https://www.bustle.com/p/9-products-to-help-you-calm-down-at-night-12029688","polarityScore":{"sourceTitle":"Bustle","allSidesBias":"left-center","communityAgree":"564","communityDisagree":"566","sourceUrl":"http://www.bustle.com/ "},"processedText":["always","seems","stress","tend","strike","hardest","inconvenient","moments","people","means","feeling","wired","worried","night","trying","unwind","settle","down","maybe","case","sunday","anticipating","upcoming","work","deadlines","maybe","night","took","close","bedtime","whatever","underlying","reason","struggle","calm","down","night","alone","2007","stress","anxiety","disorders","survey","conducted","anxiety","depression","association","america","revealed","seven","adults","united","states","routinely","trouble","sleeping","majority","citing","stress","anxiety","cause","sleep","issues","fact","despite","vital","role","sleep","plays","mental","physical","health","reported","2016","american","adults","enough","sleep","least","seven","hours","regular","basis","incorporating","science","approved","self","care","hacks","routine","stretching","deep","breathing","listening","music","feel","relaxed","prepared","snooze","however","shaking","nighttime","activities","necessary","seem","effective","nine","tried","true","products","help","feel","calm","night","catch","lavender","hemp","infused","face","mask","skincare","lavender","hemp","sleeping","mask","skincare","mask","definition","beauty","sleep","does","contain","soothing","lavender","hemp","seed","extract","power","known","calming","effects","blue","light","blocking","glasses","classic","blue","light","blocking","glasses","sleep","light","phone","computer","screen","mess","sleep","wake","cycle","keeping","night","investing","pair","nighttime","helpful","blue","light","glasses","sleep","registered","created","prevent","sore","eyes","headaches","fatigue","blurred","vision","associated","digital","strain","journal","prompts","anxiety","journal","sweet","hard","chilling","evening","down","thoughts","worries","gratitude","journal","extremely","therapeutic","better","journal","calming","prompts","based","real","cognitive","behavioral","therapy","practices","mindfulness","weighted","sensory","weighted","pound","blanket","amazon","struggle","chronic","stress","weighted","worth","investment","though","costly","people","sleep","issues","anxiety","disorders","swear","specialized","blanket","amazon","reviewer","special","supplies","blanket","hugged","sleep","sold","calming","supplement","nutrition","chill","supplements","sephora","nutrition","chill","supplements","crafted","herb","researched","ability","help","body","deal","stress","demanding","conditions","though","supplements","aren","cure","actual","anxiety","disorders","adding","supplement","nighttime","routine","effective","extra","help","coping","diffuser","essential","diffuser","vitamin","affordable","diffuser","steal","less","dollars","fill","calming","lavender","peppermint","essential","oils","ultimate","relaxation","apartment","basically","feel","private","candles","meyer","clean","basil","candle","bath","beyond","lighting","candles","home","create","calming","atmosphere","light","prepares","sensitive","smell","candle","gentle","scent","basil","better","option","diffuser","benefits","without","senses","overwhelmed","sure","blow","falling","asleep","buddha","board","buddha","board","mini","buddha","board","work","staying","grounded","present","letting","worries","fall","buddha","board","help","website","simply","paint","surface","water","creation","life","bold","design","water","slowly","magically","disappear","leaving","clean","slate","clear","mind","bathtub","caddy","bamboo","luxury","bathtub","caddy","amazon","bath","perfect","self","care","hack","buying","bathtub","caddy","hold","essentials","ipad","watch","netflix","spot","candle","room","glass","wine","takes","peaceful","activity","next","level"]}
