{"authors":["Laken Howard"],"date_download":"2018-10-31 01:27:48","date_modify":"2018-10-31 01:27:48","date_publish":"2018-10-16 20:15:08","description":"When you're focused on getting out of your current job and landing a new one, it can be easy to forget that job interviews are a two-way street. Yes, your would-be employer should be asking all the right questions in order to get to know you as a…","filename":"9QuestionsToAlwaysAskBeforeYouAcceptANewJobAccordingToHRManagers_317.json","image_url":"https://imgix.bustle.com/uploads/image/2018/10/16/7984420c-c34d-4b48-8230-c954794c5d1b-fotolia_168790816_subscription_monthly_m-1.jpg?w=1200&h=630&q=70&fit=crop&crop=faces&fm=jpg","language":"en","localpath":"9QuestionsToAlwaysAskBeforeYouAcceptANewJobAccordingToHRManagers_317.json","title":"9 Questions To Always Ask Before You Accept A New Job, According To HR Managers","title_page":"9 Questions To Always Ask Before You Accept A New Job, According To HR Managers","title_rss":"NULL","source_domain":"bustle.com","text":"focused getting current landing easy forget interviews street employer asking questions order professional equally crucial potential employer best decision professional future hurt research figure best questions accepting transition career exciting intimidating although feel ready change pace mean blindly accept offer best feel asset company though hurts company employees beneficial personal professional growth market career change nine questions always accepting hiring managers recruiting experts accept offer andrew zaeh bustle comes something important career rush decision especially offers table couple days sleep decision ample figure accepting choice waiting offers companies give deadline information saleem jaffer career coach joblife south africa tells bustle core working hours andrew zaeh bustle jobs operate nine five schedule important expected office knows discover company work home fridays policy unaware answer question give idea current commitments jaffer kids picked school certain commute meaning office morning does salary package include benefits opolja fotolia fence offer asking benefits vacation paid leave insurance salary offer great decide companies offer additional perks aside base salary jaffer include health care dental stocks bonuses benefits important weight information comparing offers salary negotiable sfio cracho fotolia thought negotiating better salary nerve wracking especially done original offer hoping important feel comfortable yourself look online glassdoor salary people area paid position level function mikaila turman director people goodhire tells bustle accept salary accept salary higher market levels employer needs costs determines salary high lose find someone less impact andrew zaeh bustle view means paying bills feel exciting challenge eager asking boss best impact company good impression giving yourself tools succeed start people happiest work doing making impact turman consider whether believe company mission whether excited support products services unable fulfilled ultimately leave look something better opportunities growth hannah burton bustle best kind feel bored stuck opportunity learn grow company help asking growth opportunities front give idea expect role considering position growth opportunities career turman company offers training growth learning opportunities consider people culture company whether place supported grow company values mission opolja fotolia company mission statement company mission statement resonates personally commit trying yourself company sure find comfortable company values candidate recommend asking questions company values mission directly asking values implemented workplace jason gruenig people lead zulily tells bustle though seems obvious companies truly embody follow support values taped wall success employee evaluated hannah burton bustle landing thing keeping thing entirely extremely helpful idea performance role evaluated crucial employee success evaluated format reviews often happen sorts goals performance indicators role expected achieve gruenig","url":"https://www.bustle.com/p/9-questions-to-always-ask-before-you-accept-a-new-job-according-to-hr-managers-12575191","polarityScore":{"sourceTitle":"Bustle","allSidesBias":"left-center","communityAgree":"564","communityDisagree":"566","sourceUrl":"http://www.bustle.com/ "},"processedText":["focused","getting","current","landing","easy","forget","interviews","street","employer","asking","questions","order","professional","equally","crucial","potential","employer","best","decision","professional","future","hurt","research","figure","best","questions","accepting","transition","career","exciting","intimidating","although","feel","ready","change","pace","mean","accept","offer","best","feel","asset","company","though","hurts","company","employees","beneficial","personal","professional","growth","market","career","change","nine","questions","always","accepting","hiring","managers","recruiting","experts","accept","offer","andrew","zaeh","bustle","comes","something","important","career","rush","decision","especially","offers","table","couple","days","sleep","decision","ample","figure","accepting","choice","waiting","offers","companies","give","deadline","information","career","coach","south","africa","tells","bustle","core","working","hours","andrew","zaeh","bustle","jobs","operate","nine","five","schedule","important","expected","office","knows","discover","company","work","home","fridays","policy","unaware","answer","question","give","idea","current","commitments","kids","picked","school","certain","commute","meaning","office","morning","does","salary","package","include","benefits","fotolia","fence","offer","asking","benefits","vacation","paid","leave","insurance","salary","offer","great","decide","companies","offer","additional","perks","aside","base","salary","include","health","care","dental","stocks","bonuses","benefits","important","weight","information","comparing","offers","salary","negotiable","fotolia","thought","negotiating","better","salary","nerve","wracking","especially","done","original","offer","hoping","important","feel","comfortable","yourself","look","online","salary","people","area","paid","position","level","function","director","people","tells","bustle","accept","salary","accept","salary","higher","market","levels","employer","needs","costs","determines","salary","high","lose","find","someone","less","impact","andrew","zaeh","bustle","view","means","paying","bills","feel","exciting","challenge","eager","asking","boss","best","impact","company","good","impression","giving","yourself","tools","succeed","start","people","happiest","work","doing","making","impact","consider","whether","believe","company","mission","whether","excited","support","products","services","unable","fulfilled","ultimately","leave","look","something","better","opportunities","growth","hannah","burton","bustle","best","kind","feel","bored","stuck","opportunity","learn","grow","company","help","asking","growth","opportunities","front","give","idea","expect","role","considering","position","growth","opportunities","career","company","offers","training","growth","learning","opportunities","consider","people","culture","company","whether","place","supported","grow","company","values","mission","fotolia","company","mission","statement","company","mission","statement","resonates","personally","commit","trying","yourself","company","sure","find","comfortable","company","values","candidate","recommend","asking","questions","company","values","mission","directly","asking","values","implemented","workplace","jason","people","lead","tells","bustle","though","seems","obvious","companies","truly","embody","follow","support","values","taped","wall","success","employee","evaluated","hannah","burton","bustle","landing","thing","keeping","thing","entirely","extremely","helpful","idea","performance","role","evaluated","crucial","employee","success","evaluated","format","reviews","often","happen","sorts","goals","performance","indicators","role","expected","achieve"]}
