{"authors":["Julia Emmanuele"],"date_download":"2018-10-31 01:13:10","date_modify":"2018-10-31 01:13:10","date_publish":"2018-10-03 00:22:46","description":"Even seven years after One Tree Hill wrapped up its ninth and final season, the debate about which characters should have ended up together still rages on. And while all fans know that Nathan and Haley deserve to be happy forever and always, and…","filename":"9ReasonsWhyJakePeytonFromOneTreeHillWereDefinitelyMeantToBeTogether_318.json","image_url":"https://imgix.bustle.com/uploads/image/2018/9/8/91317dd7-3d57-45b9-97a2-9fcb760dd918-screen-shot-2018-09-08-at-35913-pm.png?w=1200&h=630&q=70&fit=crop&crop=faces&fm=jpg","language":"en","localpath":"9ReasonsWhyJakePeytonFromOneTreeHillWereDefinitelyMeantToBeTogether_318.json","title":"9 Reasons Why Jake & Peyton From 'One Tree Hill' Were Definitely Meant To Be Together","title_page":"9 Reasons Why Jake & Peyton From 'One Tree Hill' Were Definitely Meant To Be Together","title_rss":"NULL","source_domain":"bustle.com","text":"seven tree hill wrapped ninth final season debate characters ended together rages fans nathan haley deserve happy forever always lucas fans wish brooke rode sunset together controversial stance peyton jake ended together tree hill remember jake played adorably bryan greenberg nathan lucas friends teammates single father precious baby girl jenny show heartbreaking relationships peyton kept having away tree hill baby girl order avoid nikki gaining primary custody daughter abandoned birth despite obstacles mention various state lines kept apart jake peyton worthy true status hilarie burton played peyton show wishes jake knight shining armor reminiscing relationship twitter greenberg posted jake jail upset peyton wrote greenberg responded rain nowhere truly moment burned brains tree hill fans enough convince board jeyton train plenty reasons peyton true love dorky dreamboat single father dated high school perfect chemistry beginning tumblr jake major storyline struggle balance single fatherhood responsibilities teenager high school student player supposed north carolina high school basketball teams enter peyton often stepped help whenever jake struggling sure presented opportunity avoid drama brooke lucas relationship quickly turned genuine friendship based trust openness compare start peyton relationship lucas drama resulted various relationships nathan james lafferty brooke sophia bush wonder jake quickly easily peyton along jenny tumblr forget peyton realized sound keys rattling helped calm jenny down crying girl maternal instincts point jenny jake fall harder laugh midst drama thelk49 youtube life tree hill nothing drama important recognize moments characters unwind goof jake particularly goofy dude example mascot strip tease auction cutest appear teen drama peyton understood embraced weird side single father high school sometimes needs laugh constant brooke lucas craziness peyton found herself middle early seasons jake provided escape relax guard down enjoy goofy teenager fistfight nicki honor thelk49 youtube biggest obstacle jake peyton relationship jenny mother nicki emmanuelle vaugier skipped town shortly giving birth reappear often attempt fight custody daughter jake skip town order avoid handing jenny ended jail result running away despite orders give nicki partial custody life tree hill packed drama peyton faced against nicki house party defended jake jenny honor despite fact jake weren officially dating without longing glances late night cuddles couch fact willing spend money date auction peyton willingness defend honor against woman moment proved strongly felt jake jump always hard tumblr peyton helped jake tree hill avoid custody battle nicki though starting fall tree hill starting develop cocaine problem helped realize needed help stood went prison avoiding court date prevent nicki getting custody supported shot biological mother died needed town basically whenever either needed someone turn kosivalta youtube besides entrance stopped heart shot jake walking peyton parking season backlit movie gangster coming rescue answer record look looked sure lucas peyton moments anything compare jake stares peyton dressed uncle keith wedding looks longingly glass prison importantly light airport peyton comes visit savannah scene swoon dead inside always took relationship seriously tumblr considering fact neither jake peyton knew able stay together deal jake wanted slow peyton order show serious started dating show second season seems innocent quaint relationship something special something tried keep separate various dramas tree hill keep jake romantic monologues voaddict youtube tree hill built lucas quote filled voice overs everyone dramatic musings love loss growing episode greenberg delivered jake intensely romantic monologues peyton passion charm luke literary allusions example gushed falling love high school capsule video tells peyton thinks driving tree hill single remember sobbing savannah episodes frankly blame younger self swept feet jake jageilski","url":"https://www.bustle.com/p/9-reasons-why-jake-peyton-from-one-tree-hill-were-definitely-meant-to-be-together-11848992","polarityScore":{"sourceTitle":"Bustle","allSidesBias":"left-center","communityAgree":"564","communityDisagree":"566","sourceUrl":"http://www.bustle.com/ "},"processedText":["seven","tree","hill","wrapped","ninth","final","season","debate","characters","ended","together","rages","fans","nathan","haley","deserve","happy","forever","always","lucas","fans","wish","brooke","rode","sunset","together","controversial","stance","peyton","jake","ended","together","tree","hill","remember","jake","played","adorably","bryan","greenberg","nathan","lucas","friends","teammates","single","father","precious","baby","girl","jenny","show","heartbreaking","relationships","peyton","kept","having","away","tree","hill","baby","girl","order","avoid","nikki","gaining","primary","custody","daughter","abandoned","birth","despite","obstacles","mention","various","state","lines","kept","apart","jake","peyton","worthy","true","status","burton","played","peyton","show","wishes","jake","knight","shining","armor","relationship","twitter","greenberg","posted","jake","jail","upset","peyton","wrote","greenberg","responded","rain","nowhere","truly","moment","burned","brains","tree","hill","fans","enough","convince","board","train","plenty","reasons","peyton","true","love","single","father","dated","high","school","perfect","chemistry","beginning","tumblr","jake","major","storyline","struggle","balance","single","responsibilities","teenager","high","school","student","player","supposed","north","carolina","high","school","basketball","teams","enter","peyton","often","stepped","help","whenever","jake","struggling","sure","presented","opportunity","avoid","drama","brooke","lucas","relationship","quickly","turned","genuine","friendship","based","trust","openness","compare","start","peyton","relationship","lucas","drama","resulted","various","relationships","nathan","james","brooke","sophia","bush","wonder","jake","quickly","easily","peyton","along","jenny","tumblr","forget","peyton","realized","sound","keys","helped","calm","jenny","down","crying","girl","maternal","instincts","point","jenny","jake","fall","harder","laugh","midst","drama","youtube","life","tree","hill","nothing","drama","important","recognize","moments","characters","unwind","jake","particularly","goofy","dude","example","mascot","strip","tease","auction","cutest","appear","teen","drama","peyton","understood","embraced","weird","side","single","father","high","school","sometimes","needs","laugh","constant","brooke","lucas","craziness","peyton","found","herself","middle","early","seasons","jake","provided","escape","relax","guard","down","enjoy","goofy","teenager","fistfight","nicki","honor","youtube","biggest","obstacle","jake","peyton","relationship","jenny","mother","nicki","skipped","town","shortly","giving","birth","often","attempt","fight","custody","daughter","jake","skip","town","order","avoid","handing","jenny","ended","jail","result","running","away","despite","orders","give","nicki","partial","custody","life","tree","hill","packed","drama","peyton","faced","against","nicki","house","party","defended","jake","jenny","honor","despite","fact","jake","weren","officially","dating","without","longing","late","night","couch","fact","willing","spend","money","date","auction","peyton","willingness","defend","honor","against","woman","moment","proved","strongly","felt","jake","jump","always","hard","tumblr","peyton","helped","jake","tree","hill","avoid","custody","battle","nicki","though","starting","fall","tree","hill","starting","develop","cocaine","problem","helped","realize","needed","help","stood","went","prison","avoiding","court","date","prevent","nicki","getting","custody","supported","shot","biological","mother","died","needed","town","basically","whenever","either","needed","someone","turn","youtube","besides","entrance","stopped","heart","shot","jake","walking","peyton","parking","season","movie","gangster","coming","rescue","answer","record","look","looked","sure","lucas","peyton","moments","anything","compare","jake","stares","peyton","dressed","uncle","keith","wedding","looks","glass","prison","importantly","light","airport","peyton","comes","visit","savannah","scene","swoon","dead","inside","always","took","relationship","seriously","tumblr","considering","fact","neither","jake","peyton","knew","able","stay","together","deal","jake","wanted","slow","peyton","order","show","serious","started","dating","show","second","season","seems","innocent","quaint","relationship","something","special","something","tried","keep","separate","various","dramas","tree","hill","keep","jake","romantic","youtube","tree","hill","built","lucas","quote","filled","voice","everyone","dramatic","musings","love","loss","growing","episode","greenberg","delivered","jake","intensely","romantic","peyton","passion","charm","luke","literary","allusions","example","gushed","falling","love","high","school","capsule","video","tells","peyton","thinks","driving","tree","hill","single","remember","sobbing","savannah","episodes","frankly","blame","younger","self","swept","feet","jake"]}
