{"authors":["Carolyn Steber"],"date_download":"2018-10-31 00:36:43","date_modify":"2018-10-31 00:36:43","date_publish":"2018-10-14 20:46:29","description":"If you often feel tired or sluggish during the day, or often wake up feeling unrefreshed, it might mean you have some type of sleep disorder. But what you do and how you feel at night, can provide a few clues, too.\n\"Sleep disorders occur when you…","filename":"9SignsYouHaveASleepDisorderBasedOnYourBedtimeHabits_321.json","image_url":"https://imgix.bustle.com/uploads/image/2018/10/12/fac4be6f-8b4e-47ce-850b-6e2af34c3ce1-woman-confused-bed.jpg?w=1200&h=630&q=70&fit=crop&crop=faces&fm=jpg","language":"en","localpath":"9SignsYouHaveASleepDisorderBasedOnYourBedtimeHabits_321.json","title":"9 Signs You Have A Sleep Disorder, Based On Your Bedtime Habits","title_page":"9 Signs You Have A Sleep Disorder, Based On Your Bedtime Habits","title_rss":"NULL","source_domain":"bustle.com","text":"often feel tired sluggish often wake feeling unrefreshed mean type sleep disorder feel night provide clues sleep disorders occur trouble sleep quality timing duration chris brantner sleep expert founder sleepzoo tells bustle getting amount sleep sleep quality getting good quality sleep able fall asleep affects overall amount sleep occasional issues qualify sleep disorders become chronic sleep issues worth looking nights poor sleep entirely normal martin reed certified clinical sleep health expert founder insomnia coach tells bustle struggle sleep least nights week months speak doctor sleep tell sleep disorder insomnia sleep apnea restless legs syndrome begin feeling better finally solid seven nine hours rest desperately bedtime habits point doctor experts awake worrying thinking ashley batz bustle pretty everyone thinks moment falling asleep struggle shut brain lying awake worrying hours sign sleep disorder find heart races mind goes overdrive soon living insomnia reed reactions symptom body arousal system activated result repeated nights sleep people insomnia become stress wakefulness rather trigger relaxation sleep insomnia mere climbing trigger thoughts something difficult overcome without help professional sleep expert often extra early ashley batz bustle fine occasionally hour earlier normally especially sick recover particularly stressful become habit note compensating sleep difficulties people insomnia earlier normal stay later normal call sick work cancel plans reed behaviors sound familiar steps address risk making insomnia worse suddenly feel wide awake night andrew zaeh bustle tend sleepy evening goes climb suddenly feels drank cups coffee feeling sleepy suddenly feeling wakeful switch flipped sign sleep issue ginger houghton lmsw caadc therapist specializing sleep issues tells bustle namely insomnia often times spend doing reading binge watching activities train brain place wakefulness houghton down expect sleep brain supposed doing insomnia symptoms worse worse done night night start worried something wrong sleep force ourselves sleep spiral insomnia easily treatable cognitive behavioral therapy insomnia patients learn retrain brain limiting sleep addressing unhelpful thoughts sleep stop moving legs andrew zaeh bustle normal jostle moments find comfy spot settle legs feel itchy squirmy point stop moving sign sleep disorder restless legs syndrome doctor able help tell symptoms frequently change bedtime routine andrew zaeh bustle bedtime routine sign problem itself goes switching routine night night tricking yourself getting sleep regularly thinking sleep changing routine accommodate sleep common symptom habit among insomnia sufferers reed healthy sleepers sleep part hyper focused constantly adjusting life attempt better sleep good idea speak doctor partner snore andrew zaeh bustle someone snores throughout night sign sleep disorder especially snoring rattling window panes waking neighbors partner snore loudly breathing pauses night living sleep apnea reed symptoms include having sore throat mouth morning morning headaches waking feeling unrefreshed morning grogginess high levels daytime sleepiness fatigue fall asleep wake andrew zaeh bustle tend wake several times throughout night accept normal part life often sign body balance preventing getting restful night sleep waking multiple times early unrefreshed means body getting adequate deep sleep cortisol hormonal stress issues alyse snyder dipl tells bustle normal cycle humans rise consistent energy throughout leading progression relaxation night known circadian clock internal clock seems whack definitely doctor longer minutes fall asleep ashley batz bustle minutes fall asleep night definitely worth looking possible reasons takes average person minutes fall asleep head hits pillow close eyes night brantner taking longer half hour doze likely signifies problem course happens best occasion happens night night sign insomnia","url":"https://www.bustle.com/p/9-signs-you-have-a-sleep-disorder-based-on-your-bedtime-habits-12169230","polarityScore":{"sourceTitle":"Bustle","allSidesBias":"left-center","communityAgree":"564","communityDisagree":"566","sourceUrl":"http://www.bustle.com/ "},"processedText":["often","feel","tired","sluggish","often","wake","feeling","mean","type","sleep","disorder","feel","night","provide","clues","sleep","disorders","occur","trouble","sleep","quality","timing","duration","chris","sleep","expert","founder","tells","bustle","getting","amount","sleep","sleep","quality","getting","good","quality","sleep","able","fall","asleep","affects","overall","amount","sleep","occasional","issues","qualify","sleep","disorders","become","chronic","sleep","issues","worth","looking","nights","poor","sleep","entirely","normal","martin","reed","certified","clinical","sleep","health","expert","founder","insomnia","coach","tells","bustle","struggle","sleep","least","nights","week","months","speak","doctor","sleep","tell","sleep","disorder","insomnia","sleep","restless","legs","syndrome","begin","feeling","better","finally","solid","seven","nine","hours","rest","desperately","bedtime","habits","point","doctor","experts","awake","worrying","thinking","ashley","batz","bustle","pretty","everyone","thinks","moment","falling","asleep","struggle","shut","brain","lying","awake","worrying","hours","sign","sleep","disorder","find","heart","races","mind","goes","overdrive","soon","living","insomnia","reed","reactions","symptom","body","system","activated","result","repeated","nights","sleep","people","insomnia","become","stress","rather","trigger","relaxation","sleep","insomnia","mere","climbing","trigger","thoughts","something","difficult","overcome","without","help","professional","sleep","expert","often","extra","early","ashley","batz","bustle","fine","occasionally","hour","earlier","normally","especially","sick","recover","particularly","stressful","become","habit","note","sleep","difficulties","people","insomnia","earlier","normal","stay","later","normal","call","sick","work","cancel","plans","reed","behaviors","sound","familiar","steps","address","risk","making","insomnia","worse","suddenly","feel","wide","awake","night","andrew","zaeh","bustle","tend","sleepy","evening","goes","climb","suddenly","feels","drank","cups","coffee","feeling","sleepy","suddenly","feeling","switch","flipped","sign","sleep","issue","ginger","therapist","specializing","sleep","issues","tells","bustle","namely","insomnia","often","times","spend","doing","reading","binge","watching","activities","train","brain","place","down","expect","sleep","brain","supposed","doing","insomnia","symptoms","worse","worse","done","night","night","start","worried","something","wrong","sleep","force","ourselves","sleep","spiral","insomnia","easily","treatable","cognitive","behavioral","therapy","insomnia","patients","learn","brain","limiting","sleep","addressing","unhelpful","thoughts","sleep","stop","moving","legs","andrew","zaeh","bustle","normal","moments","find","comfy","spot","settle","legs","feel","point","stop","moving","sign","sleep","disorder","restless","legs","syndrome","doctor","able","help","tell","symptoms","frequently","change","bedtime","routine","andrew","zaeh","bustle","bedtime","routine","sign","problem","itself","goes","switching","routine","night","night","yourself","getting","sleep","regularly","thinking","sleep","changing","routine","accommodate","sleep","common","symptom","habit","among","insomnia","sufferers","reed","healthy","sleep","part","hyper","focused","constantly","adjusting","life","attempt","better","sleep","good","idea","speak","doctor","partner","andrew","zaeh","bustle","someone","throughout","night","sign","sleep","disorder","especially","window","waking","neighbors","partner","loudly","breathing","pauses","night","living","sleep","reed","symptoms","include","having","sore","throat","mouth","morning","morning","headaches","waking","feeling","morning","high","levels","daytime","fatigue","fall","asleep","wake","andrew","zaeh","bustle","tend","wake","several","times","throughout","night","accept","normal","part","life","often","sign","body","balance","preventing","getting","night","sleep","waking","multiple","times","early","means","body","getting","adequate","deep","sleep","hormonal","stress","issues","snyder","tells","bustle","normal","cycle","humans","rise","consistent","energy","throughout","leading","progression","relaxation","night","known","circadian","clock","internal","clock","seems","whack","definitely","doctor","longer","minutes","fall","asleep","ashley","batz","bustle","minutes","fall","asleep","night","definitely","worth","looking","possible","reasons","takes","average","person","minutes","fall","asleep","head","hits","pillow","close","eyes","night","taking","longer","half","hour","likely","signifies","problem","course","happens","best","occasion","happens","night","night","sign","insomnia"]}
