{"authors":["Lia Beck"],"date_download":"2018-10-31 00:20:38","date_modify":"2018-10-31 00:20:38","date_publish":"2018-10-15 20:16:21","description":"The idea of actually wanting a big dog is something that small dog people will never understand, but if you have the space, the time, the budget, and a giant dog-shaped hole in your heart (as opposed to a tiny chihuahua-shaped hole), it might be…","filename":"9ThingsToKnowBeforeGettingABigDog_324.json","image_url":"https://imgix.bustle.com/uploads/getty/2018/7/23/5ff65b28-b079-4f9a-b296-a4ec843061cc-getty-140920990.jpg?w=1200&h=630&q=70&fit=crop&crop=faces&fm=jpg","language":"en","localpath":"9ThingsToKnowBeforeGettingABigDog_324.json","title":"9 Things To Know Before Getting A Big Dog","title_page":"9 Things To Know Before Getting A Big Dog","title_rss":"NULL","source_domain":"bustle.com","text":"idea wanting something small people understand space budget giant shaped hole heart opposed tiny chihuahua shaped hole plunge getting knowing collar food water bowls getting sort afford allowed home happen vacation times able walk questions apply deciding whether specifics dogs space exercise ways bigger responsibility whether starting adopting almost ready nine consider live city suburbs rural drew angerer getty images news getty images live city factors account yard live near park public transport effect whether choice instance live york city saint bernard definitely fitting carry subway live rental owning jamie mccarthy getty images entertainment getty images rent home obviously landlord allows dogs size idea future looks someone moves good idea pretty common apartments allow home aren necessarily clear either live homeowner association restrictions size dogs types breeds allowed exercise scott barbour getty images news getty images large breeds exercise breeds petmd breeds hunting working herding groups labrador retrievers hounds collies shepherds exercise groups good health getting least minutes rigorous exercise along hours daily activity large breeds strenuous exercise everyday basically getting getting enough exercise affect aspects health wellbeing food jamie mccarthy getty images entertainment getty images bigger dogs food food means money petmd small calories pound talking pound versus pound pound eating whole health issues common jamie mccarthy getty images entertainment getty images health issues common large breeds smaller ones petmd lists issues common giant dogs including hypothyroidism elbow dysplasia shorter lifespans carl court getty images news getty images larger breeds shorter lifespans travel matt cardy getty images news getty images travel often trip instance bring fido airlines allow small dogs carried flights case dogs ride cargo area allowed left behind leaving behind added cost friend family member watch keeping kennel requires schedule looks stephanie keith getty images news getty images dogs outside exercise relieve themselves work full outside home home walk significant friend roommate help hire walker doggy daycare train pads thinking applies small dogs pads fill quicker financial situation pruchnie getty images news getty images anyone getting aware whether able handle costs along large dogs food shorter lifespans easily expensive small dogs wonderful convincing yourself instead thinking everything deciding care living creature everything sounds good","url":"https://www.bustle.com/p/9-things-to-know-before-getting-a-big-dog-9852078","polarityScore":{"sourceTitle":"Bustle","allSidesBias":"left-center","communityAgree":"564","communityDisagree":"566","sourceUrl":"http://www.bustle.com/ "},"processedText":["idea","wanting","something","small","people","understand","space","budget","giant","shaped","hole","heart","opposed","tiny","shaped","hole","plunge","getting","knowing","collar","food","water","bowls","getting","sort","afford","allowed","home","happen","vacation","times","able","walk","questions","apply","deciding","whether","specifics","dogs","space","exercise","ways","bigger","responsibility","whether","starting","adopting","almost","ready","nine","consider","live","city","suburbs","rural","drew","angerer","getty","images","news","getty","images","live","city","factors","account","yard","live","near","park","public","transport","effect","whether","choice","instance","live","york","city","saint","bernard","definitely","fitting","carry","subway","live","rental","owning","jamie","mccarthy","getty","images","entertainment","getty","images","rent","home","obviously","landlord","allows","dogs","size","idea","future","looks","someone","moves","good","idea","pretty","common","apartments","allow","home","aren","necessarily","clear","either","live","homeowner","association","restrictions","size","dogs","types","breeds","allowed","exercise","scott","getty","images","news","getty","images","large","breeds","exercise","breeds","breeds","hunting","working","groups","hounds","exercise","groups","good","health","getting","least","minutes","rigorous","exercise","along","hours","daily","activity","large","breeds","exercise","everyday","basically","getting","getting","enough","exercise","affect","aspects","health","wellbeing","food","jamie","mccarthy","getty","images","entertainment","getty","images","bigger","dogs","food","food","means","money","small","calories","pound","talking","pound","versus","pound","pound","eating","whole","health","issues","common","jamie","mccarthy","getty","images","entertainment","getty","images","health","issues","common","large","breeds","smaller","ones","lists","issues","common","giant","dogs","including","elbow","shorter","carl","court","getty","images","news","getty","images","larger","breeds","shorter","travel","matt","getty","images","news","getty","images","travel","often","trip","instance","bring","airlines","allow","small","dogs","carried","flights","case","dogs","ride","cargo","area","allowed","left","behind","leaving","behind","added","cost","friend","family","member","watch","keeping","requires","schedule","looks","stephanie","keith","getty","images","news","getty","images","dogs","outside","exercise","relieve","themselves","work","full","outside","home","home","walk","significant","friend","roommate","help","hire","walker","daycare","train","pads","thinking","applies","small","dogs","pads","fill","quicker","financial","situation","getty","images","news","getty","images","anyone","getting","aware","whether","able","handle","costs","along","large","dogs","food","shorter","easily","expensive","small","dogs","wonderful","convincing","yourself","instead","thinking","everything","deciding","care","living","creature","everything","sounds","good"]}
