{"authors":["Natalia Lusinski"],"date_download":"2018-10-31 01:24:57","date_modify":"2018-10-31 01:24:57","date_publish":"2018-10-08 18:00:31","description":"Polycystic ovary syndrome (PCOS) is a hormonal disorder among women that you may be familiar with — whether you have it or you know someone who has it. But sometimes the facts on PCOS get confusing. For example, PCOS was recently a storyline in This…","filename":"9ThingsNoOneTellsYouAboutPCOSAccordingToExperts_322.json","image_url":"https://imgix.bustle.com/uploads/image/2018/10/4/193d9b59-f964-4a2a-95d8-f6ae6f0b90fb-girl-not-happy-bed-ashley-batz.jpg?w=1200&h=630&q=70&fit=crop&crop=faces&fm=jpg","language":"en","localpath":"9ThingsNoOneTellsYouAboutPCOSAccordingToExperts_322.json","title":"9 Things No One Tells You About PCOS, According To Experts","title_page":"9 Things No One Tells You About PCOS, According To Experts","title_rss":"NULL","source_domain":"bustle.com","text":"polycystic ovary syndrome pcos hormonal disorder among women familiar whether someone sometimes facts pcos confusing example pcos recently storyline although great coverage pcos felt harmful stereotypes regarding fertility weight women often doctors pcos weight actuality issue hormone levels insulin penn medicine states correlation weight pcos body inability insulin properly lead weight gain pcos affects women shapes sizes oftentimes lifestyle changes recommended body uses insulin change thus better regulate hormone levels pcos endocrine disorder affecting women reproductive kecia gaither double board certified physician maternal fetal medicine tells bustle exact cause pcos unknown however genetic basis involved women affected close degree family members sister mother aunt disease centers disease control prevention pcos main causes infertility among women affecting percent five million women reproductive although pcos common woman reproductive particularly begin period usually main symptoms pcos irregular periods absence periods prolonged periods male hormones androgens cause excess facial body hair acne thinner scalp hair male pattern baldness multiple ovarian cysts states least pcos symptoms doctors pcos cause complications occur down line heart disease type diabetes best doctor exhibiting symptoms pcos however doctor finding pcos nobody tells below experts weigh alone andrew zaeh bustle feel alone diagnosed pcos fact matter often women realize common pcos armando hernandez miami fertility expert conceptions florida tells bustle affects women childbearing pcos symptoms vary person person andrew zaeh bustle although telltale signs pcos different women different symptoms pcos individual hernandez woman pcos unwanted hair everyone irregular periods pcos rarely proactively addressed ashley batz crystal clancy licensed marriage family therapist owner iris reproductive mental health services pcos played large role infertility pcos rarely proactively addressed tells bustle common people realize usually assessed until problem trying conceive often pcos progressed stage treatments needed solution women self advocate having symptoms normal lack menstrual cycles hair growth acne jawline weight gain without cause especially midline provider insists continue conceive without intervention seek care reproductive endocrinologist clancy wait women pcos hormonal birth control pregnant andrew zaeh bustle already benefits hormonal birth control less painful periods benefit suffer pcos irregular periods dangerous women pcos kara ehlers fellow american congress obstetricians gynecologists reproductive endocrinologist infertility specialist vios fertility institute tells bustle women pcos ovulate regularly produce progesterone regularly produce estrogen estrogen builds lining uterus body needs progesterone properly shed lining women pcos periods fully shed lining uterus lead cancer cancerous changes lining uterus endometrium ehlers important women pcos hormonal birth control attempting pregnancy discuss doctor options helping ovulate desire pregnancy women pcos become pregnant andrew zaeh bustle women pcos doctors chances having children slim none mean happen women pcos difficulty getting pregnant myth cannot pregnant ehlers pcos patients reason getting pregnant releasing ovulating month several medications available help pcos patients ovulate adds majority pcos patients able pregnant oral medications alone however unable conceive medications combined intrauterine inseminations injectable medications either inseminations vitro fertilization hernandez agrees silver lining pcos planning family women pcos tend higher ovarian reserve means longer reproductive life reach menopause later usual undergo treatment larger number eggs harvested pcos affect pregnancy ashley batz heard pcos difficult become pregnant affect pregnancy darian carrow consumer wellness investigator consumersafety tells bustle women pcos higher rates miscarriage preeclampsia gestational diabetes cesarean section section furthermore baby high risk spending neonatal intensive care unit gaither antihypertensive medications drug metformin help reduce pregnancy related risks conception occurs doctor knows history pcos preventative steps taken pcos does disappear menopause andrew zaeh bustle hope pcos goes away menopause case common question women pcos away menopause carrow unfortunately does symptoms polycystic ovary syndrome improve women having children anymore children pcos ignored hannah burton whether done having children choose important pcos seriously lead type diabetes heart risk menstrual concerns clancy especially important unable hormonal contraceptives line treatment pcos decided permanent sterilization mean endocrinologist medication dietary changes approaches manage pcos symptoms unfortunately cure pcos","url":"https://www.bustle.com/p/9-things-no-one-tells-you-about-pcos-according-to-experts-12149809","polarityScore":{"sourceTitle":"Bustle","allSidesBias":"left-center","communityAgree":"564","communityDisagree":"566","sourceUrl":"http://www.bustle.com/ "},"processedText":["ovary","syndrome","pcos","hormonal","disorder","among","women","familiar","whether","someone","sometimes","facts","pcos","confusing","example","pcos","recently","storyline","although","great","coverage","pcos","felt","harmful","stereotypes","regarding","fertility","weight","women","often","doctors","pcos","weight","actuality","issue","hormone","levels","insulin","penn","medicine","states","correlation","weight","pcos","body","inability","insulin","properly","lead","weight","gain","pcos","affects","women","shapes","sizes","oftentimes","lifestyle","changes","recommended","body","uses","insulin","change","thus","better","regulate","hormone","levels","pcos","disorder","affecting","women","reproductive","double","board","certified","physician","maternal","fetal","medicine","tells","bustle","exact","cause","pcos","unknown","however","genetic","basis","involved","women","affected","close","degree","family","members","sister","mother","aunt","disease","centers","disease","control","prevention","pcos","main","causes","infertility","among","women","affecting","percent","five","million","women","reproductive","although","pcos","common","woman","reproductive","particularly","begin","period","usually","main","symptoms","pcos","irregular","periods","absence","periods","prolonged","periods","male","hormones","cause","excess","facial","body","hair","acne","thinner","scalp","hair","male","pattern","multiple","ovarian","states","least","pcos","symptoms","doctors","pcos","cause","complications","occur","down","line","heart","disease","type","diabetes","best","doctor","exhibiting","symptoms","pcos","however","doctor","finding","pcos","nobody","tells","below","experts","weigh","alone","andrew","zaeh","bustle","feel","alone","diagnosed","pcos","fact","matter","often","women","realize","common","pcos","armando","hernandez","miami","fertility","expert","florida","tells","bustle","affects","women","pcos","symptoms","vary","person","person","andrew","zaeh","bustle","although","signs","pcos","different","women","different","symptoms","pcos","individual","hernandez","woman","pcos","unwanted","hair","everyone","irregular","periods","pcos","rarely","proactively","addressed","ashley","batz","crystal","clancy","licensed","marriage","family","therapist","owner","iris","reproductive","mental","health","services","pcos","played","large","role","infertility","pcos","rarely","proactively","addressed","tells","bustle","common","people","realize","usually","assessed","until","problem","trying","conceive","often","pcos","progressed","stage","treatments","needed","solution","women","self","advocate","having","symptoms","normal","lack","menstrual","cycles","hair","growth","acne","weight","gain","without","cause","especially","provider","insists","continue","conceive","without","intervention","seek","care","reproductive","clancy","wait","women","pcos","hormonal","birth","control","pregnant","andrew","zaeh","bustle","already","benefits","hormonal","birth","control","less","painful","periods","benefit","suffer","pcos","irregular","periods","dangerous","women","pcos","kara","fellow","american","congress","reproductive","infertility","specialist","fertility","institute","tells","bustle","women","pcos","regularly","produce","regularly","produce","estrogen","estrogen","builds","lining","uterus","body","needs","properly","shed","lining","women","pcos","periods","fully","shed","lining","uterus","lead","cancer","changes","lining","uterus","important","women","pcos","hormonal","birth","control","attempting","pregnancy","discuss","doctor","options","helping","desire","pregnancy","women","pcos","become","pregnant","andrew","zaeh","bustle","women","pcos","doctors","chances","having","children","slim","none","mean","happen","women","pcos","difficulty","getting","pregnant","myth","cannot","pregnant","pcos","patients","reason","getting","pregnant","releasing","month","several","medications","available","help","pcos","patients","adds","majority","pcos","patients","able","pregnant","oral","medications","alone","however","unable","conceive","medications","combined","medications","either","hernandez","agrees","silver","lining","pcos","planning","family","women","pcos","tend","higher","ovarian","reserve","means","longer","reproductive","life","reach","menopause","later","usual","undergo","treatment","larger","number","eggs","harvested","pcos","affect","pregnancy","ashley","batz","heard","pcos","difficult","become","pregnant","affect","pregnancy","consumer","wellness","investigator","tells","bustle","women","pcos","higher","rates","miscarriage","diabetes","section","section","furthermore","baby","high","risk","spending","intensive","care","unit","medications","drug","help","reduce","pregnancy","related","risks","conception","occurs","doctor","knows","history","pcos","preventative","steps","taken","pcos","does","disappear","menopause","andrew","zaeh","bustle","hope","pcos","goes","away","menopause","case","common","question","women","pcos","away","menopause","unfortunately","does","symptoms","ovary","syndrome","improve","women","having","children","anymore","children","pcos","ignored","hannah","burton","whether","done","having","children","choose","important","pcos","seriously","lead","type","diabetes","heart","risk","menstrual","concerns","clancy","especially","important","unable","hormonal","line","treatment","pcos","decided","permanent","mean","medication","dietary","changes","approaches","manage","pcos","symptoms","unfortunately","cure","pcos"]}
