{"authors":["Carolyn Steber"],"date_download":"2018-10-31 00:46:07","date_modify":"2018-10-31 00:46:07","date_publish":"2018-10-18 20:09:07","description":"When it comes to standing the test of time, there are quite a few factors that can determine how well a tattoo will age. So if you're concerned that your new ink might fade, blur, or stretch out over time, definitely ask your tattoo artist for their…","filename":"9TypesOfTattoosThatCanChangeAsYouGetOlderAccordingToTattooArtists_325.json","image_url":"https://imgix.bustle.com/uploads/image/2018/10/18/5d855e63-0bbf-43ee-b5f5-5f0935581813-fotolia_69975693_subscription_monthly_m.jpg?w=1200&h=630&q=70&fit=crop&crop=faces&fm=jpg","language":"en","localpath":"9TypesOfTattoosThatCanChangeAsYouGetOlderAccordingToTattooArtists_325.json","title":"9 Types Of Tattoos That Can Change As You Get Older, According To Tattoo Artists","title_page":"9 Types Of Tattoos That Can Change As You Get Older, According To Tattoo Artists","title_rss":"NULL","source_domain":"bustle.com","text":"comes standing test quite factors determine tattoo concerned fade blur stretch definitely tattoo artist advice likely suggest locations body tattoo designs less likely affected tattoo looks important factor consider places change palomino tattoo artist atomic tattoos orlando tells bustle collarbone good spot forearm neck skin elasticity change areas course tattoo wherever keep looking great plan ahead good care decrease exposure sunscreen avoid clothing causes friction longer tattoo look good palomino bold lines bold simple tattoo designs show distortion blurring caused skin regeneration good choices people concerned tattoo look mind tattoo designs locations avoid expert tattoos fine lines designs trendy thin minimalist tattoos tiny shapes floral designs careful tattoos super thin lines micro detailing likely blur especially true thin lettering tendency blend together fine writing letters close together possible become illegible palomino occurs natural cell regeneration changes skin elasticity tattoos tiny negative spaces true tattoo designs ultra delicate intricate details look sharp down line small intricate negative spaces palomino color small details blur eventually fill negative spaces tattoo color surrounding area depending small space distort detail fill completely hand finger tattoos hands fingers regardless design surprised eventually ends looking smudged area novelty percent palomino skin thick does hold tattoo wash hand constantly putting wear tear tattooed area tattoos near line tattoos near line look nice keep mind area changes throughout life friction caused area leads fading palomino worried tattoo rubbing tattoo artist best placement help prevent fading foot ankle tattoos ankles feet pretty popular spots tattoos hands eventually blur friction socks shoes palomino true high friction areas armpits thighs decide bothered tattoo changed folks avoid areas keeping looking fresher longer tattoos joints tattoos joints wrists elbows look cool constantly moving areas body palomino constant pulling stretching areas healing tattoos tend heal poorly reasons broken lines tattoo behind tattoos behind tattoos tend struggle healing process palomino tattoos area tend hold real fade quickly true neck change stretch older result looking warped faded inner upper tattoos people tattoos inner side upper cute location tattoo often easier hide area super susceptible skin stretching underside upper women become loose change tattoo looks palomino gaining losing muscle distort tattoo problem good idea choose different location tattoo","url":"https://www.bustle.com/p/9-types-of-tattoos-that-can-change-as-you-get-older-according-to-tattoo-artists-12264023","polarityScore":{"sourceTitle":"Bustle","allSidesBias":"left-center","communityAgree":"564","communityDisagree":"566","sourceUrl":"http://www.bustle.com/ "},"processedText":["comes","standing","test","quite","factors","determine","tattoo","concerned","fade","blur","stretch","definitely","tattoo","artist","advice","likely","suggest","locations","body","tattoo","designs","less","likely","affected","tattoo","looks","important","factor","consider","places","change","palomino","tattoo","artist","atomic","tattoos","orlando","tells","bustle","good","spot","neck","skin","change","areas","course","tattoo","wherever","keep","looking","great","plan","ahead","good","care","decrease","exposure","sunscreen","avoid","clothing","causes","friction","longer","tattoo","look","good","palomino","bold","lines","bold","simple","tattoo","designs","show","distortion","caused","skin","good","choices","people","concerned","tattoo","look","mind","tattoo","designs","locations","avoid","expert","tattoos","fine","lines","designs","trendy","thin","minimalist","tattoos","tiny","shapes","floral","designs","careful","tattoos","super","thin","lines","micro","detailing","likely","blur","especially","true","thin","tendency","blend","together","fine","writing","letters","close","together","possible","become","palomino","occurs","natural","cell","changes","skin","tattoos","tiny","negative","spaces","true","tattoo","designs","ultra","delicate","intricate","details","look","sharp","down","line","small","intricate","negative","spaces","palomino","color","small","details","blur","eventually","fill","negative","spaces","tattoo","color","surrounding","area","depending","small","space","distort","detail","fill","completely","hand","finger","tattoos","hands","fingers","regardless","design","surprised","eventually","ends","looking","area","novelty","percent","palomino","skin","thick","does","hold","tattoo","wash","hand","constantly","putting","wear","tear","tattooed","area","tattoos","near","line","tattoos","near","line","look","nice","keep","mind","area","changes","throughout","life","friction","caused","area","leads","fading","palomino","worried","tattoo","rubbing","tattoo","artist","best","placement","help","prevent","fading","foot","ankle","tattoos","ankles","feet","pretty","popular","spots","tattoos","hands","eventually","blur","friction","socks","shoes","palomino","true","high","friction","areas","decide","bothered","tattoo","changed","folks","avoid","areas","keeping","looking","longer","tattoos","joints","tattoos","joints","elbows","look","cool","constantly","moving","areas","body","palomino","constant","pulling","stretching","areas","healing","tattoos","tend","heal","poorly","reasons","broken","lines","tattoo","behind","tattoos","behind","tattoos","tend","struggle","healing","process","palomino","tattoos","area","tend","hold","real","fade","quickly","true","neck","change","stretch","older","result","looking","warped","faded","inner","upper","tattoos","people","tattoos","inner","side","upper","cute","location","tattoo","often","easier","hide","area","super","susceptible","skin","stretching","upper","women","become","loose","change","tattoo","looks","palomino","gaining","losing","muscle","distort","tattoo","problem","good","idea","choose","different","location","tattoo"]}
