{"authors":["Kaitlyn Wylde"],"date_download":"2018-10-31 00:31:40","date_modify":"2018-10-31 00:31:40","date_publish":"2018-10-10 22:09:59","description":"Adding a color or pattern to a wall is a simple way to change the entire vibe of a room. But, that said, not everyone wants to mess with painting their home, no matter how much they want to change up their space. Whether you're renting your home or…","filename":"9WaysToDecorateAWallWithoutPaintingIt_326.json","image_url":"https://imgix.bustle.com/uploads/image/2018/10/10/7e3860c5-b5f7-4293-9ad0-8758cb73cd05-screen_shot_2014-07-21_at_120737_pm_1024x1024.png?w=1200&h=630&q=70&fit=crop&crop=faces&fm=jpg","language":"en","localpath":"9WaysToDecorateAWallWithoutPaintingIt_326.json","title":"9 Ways To Decorate A Wall Without Painting It","title_page":"9 Ways To Decorate A Wall Without Painting It","title_rss":"NULL","source_domain":"bustle.com","text":"adding color pattern wall simple change entire vibe room everyone wants mess painting home matter change space whether renting home simply ready commit coats permanent paint ways decorate wall without painting power transform space fabrics plants sprawling gallery wall ways redo space without risking security deposit getting hands dirty rounded list paint alternatives easy install easy remove completely transformational interior design bites hard space without obsessing possibilities change change imminent space anymore becomes kinetic restless trust alternatives subtle anything offer change coats paint comps complete vibe overhaul pick method watch space stunning metamorphism break bank peel wallpaper chasing paper prices vary chasing paper traditional wall paper expensive requires complicated installation mention easy fact terms affect method wall itself wallpaper cumbersome paint wallpaper company chasing paper created expansive line wall coverings super affordable totally committal quick install removal landlord ease endless variety vibrant colors patterns murals images instantly transform room good luck picking kidding gallery wall artfully walls prices vary artfully walls holes easy fill caulk walls easy repaint change look room drastically able admire walls rather look consider mapping epic gallery wall overwhelmed prospect curating gallery wall dealing mounting framing luck company artfully walls online print frame shop curates extensive selection world provides wall design tool helps gallery wall accurately printed museum quality paper comes framed ready transform space fabric scarff getty images news getty images wall tapestries probably college dorm without matchy matchy wood furniture mini fridge stench beer stand alone tapestry help space look elegant textured medieval castles contemporary royal estates tapestries hung walls create artful luxurious design quite opposite dorm room give tapestry chance sure instal flush wall smooth decals dormify prices vary dormify interested covering whole wall color pattern decal dormify offers tons decals range shapes patterns images landscapes best thing decals totally committal stay wall decide down rearrange repurpose easily tape design cute tape prices vary cute tape crafty consider washi tape washi tape japanese paper tape slightly transparent tack great decorations ruin surfaces stuck heaps patterns colors prints available create modern faux moldings wallpaper esque designs book wall amazon teebooks bookshelves amazon book collection hefty turn storage system design method installing invisible shelves across walls books display adding color texture room enough books fill amount wall space cover trinkets succulents dried flowers paper weights balance amazon sells tons shelving options easily find budget collection shelving unit picture above teebooks magnetic tiles moonish prices vary moonish magnetic tiles real thing difficult invasive apply tiles surface special innovation tiles attach magnetic mount placed surface decorate company moonish eclectic selection tiles masterfully transform space without damaging moonish tiles certified wood sustainable lightweight super easy install living wall urban stems prices vary urban stems plant person consider plant wall sounds work promise shelves wall stagger plants display giving shorter plants height creative placement taller plants easily cover wall plants companies urban stems offer range plants already potted decorative planters half design aspect already taken care","url":"https://www.bustle.com/p/9-ways-to-decorate-a-wall-without-painting-it-12210248","polarityScore":{"sourceTitle":"Bustle","allSidesBias":"left-center","communityAgree":"564","communityDisagree":"566","sourceUrl":"http://www.bustle.com/ "},"processedText":["adding","color","pattern","wall","simple","change","entire","vibe","room","everyone","wants","mess","painting","home","matter","change","space","whether","renting","home","simply","ready","commit","coats","permanent","paint","ways","decorate","wall","without","painting","power","transform","space","fabrics","plants","sprawling","gallery","wall","ways","space","without","risking","security","deposit","getting","hands","dirty","rounded","list","paint","alternatives","easy","install","easy","remove","completely","transformational","interior","design","bites","hard","space","without","possibilities","change","change","imminent","space","anymore","becomes","restless","trust","alternatives","subtle","anything","offer","change","coats","paint","complete","vibe","overhaul","pick","method","watch","space","stunning","break","bank","peel","wallpaper","chasing","paper","prices","vary","chasing","paper","traditional","wall","paper","expensive","requires","complicated","installation","mention","easy","fact","terms","affect","method","wall","itself","wallpaper","cumbersome","paint","wallpaper","company","chasing","paper","created","expansive","line","wall","super","affordable","totally","quick","install","removal","landlord","ease","endless","variety","vibrant","colors","patterns","murals","images","instantly","transform","room","good","luck","picking","kidding","gallery","wall","artfully","walls","prices","vary","artfully","walls","holes","easy","fill","walls","easy","change","look","room","drastically","able","admire","walls","rather","look","consider","epic","gallery","wall","overwhelmed","prospect","gallery","wall","dealing","mounting","framing","luck","company","artfully","walls","online","print","frame","shop","extensive","selection","world","provides","wall","design","tool","helps","gallery","wall","accurately","printed","museum","quality","paper","comes","framed","ready","transform","space","fabric","getty","images","news","getty","images","wall","probably","college","dorm","without","wood","furniture","mini","fridge","stench","beer","stand","alone","help","space","look","elegant","textured","medieval","contemporary","royal","estates","hung","walls","create","luxurious","design","quite","opposite","dorm","room","give","chance","sure","flush","wall","smooth","prices","vary","interested","covering","whole","wall","color","pattern","offers","tons","range","shapes","patterns","images","landscapes","best","thing","totally","stay","wall","decide","down","repurpose","easily","tape","design","cute","tape","prices","vary","cute","tape","crafty","consider","tape","tape","japanese","paper","tape","slightly","transparent","tack","great","decorations","ruin","surfaces","stuck","heaps","patterns","colors","prints","available","create","modern","faux","wallpaper","esque","designs","book","wall","amazon","amazon","book","collection","hefty","turn","storage","system","design","method","installing","invisible","shelves","across","walls","books","display","adding","color","texture","room","enough","books","fill","amount","wall","space","cover","dried","flowers","paper","weights","balance","amazon","sells","tons","options","easily","find","budget","collection","unit","picture","above","magnetic","tiles","prices","vary","magnetic","tiles","real","thing","difficult","invasive","apply","tiles","surface","special","innovation","tiles","attach","magnetic","mount","placed","surface","decorate","company","eclectic","selection","tiles","transform","space","without","damaging","tiles","certified","wood","sustainable","lightweight","super","easy","install","living","wall","urban","stems","prices","vary","urban","stems","plant","person","consider","plant","wall","sounds","work","promise","shelves","wall","plants","display","giving","shorter","plants","height","creative","placement","taller","plants","easily","cover","wall","plants","companies","urban","stems","offer","range","plants","already","decorative","half","design","aspect","already","taken","care"]}
