{"authors":["Audrey Williams"],"date_download":"2018-10-31 00:50:13","date_modify":"2018-10-31 00:50:13","date_publish":"2018-10-12 22:59:27","description":"We all know that couple. You know, the couple who indulge in only the very best of everything, from whirlwind vacations to gold-plated silverware. And of course, when they get married the affair is no different. Whether it's a destination wedding in…","filename":"9WeddingGiftIdeasForTheFancyCoupleWhoHasItAll_327.json","image_url":"https://imgix.bustle.com/uploads/image/2018/10/11/e9a673e7-19aa-4674-88aa-22b8fb9b4521-wedding-gift.jpg?w=1200&h=630&q=70&fit=crop&crop=faces&fm=jpg","language":"en","localpath":"9WeddingGiftIdeasForTheFancyCoupleWhoHasItAll_327.json","title":"9 Wedding Gift Ideas For The Fancy Couple Who Has It All","title_page":"9 Wedding Gift Ideas For The Fancy Couple Who Has It All","title_rss":"NULL","source_domain":"bustle.com","text":"couple couple indulge best everything whirlwind vacations gold plated silverware course married affair different whether destination wedding bali traditional event ancient cathedral bound fancy shindig does leave comes find fitting wedding gift chances simple china hearts mill coffeemaker common taste creative couple always talking favorite meals trip europe look elevated european inspired cookware upgrade everyday meal prep inspire recipe loved something cozier home skip classic sheet cotton alpaca wool blend throw luxurious ultimately finding luxury gifts already full lives worry kinds gifts always cost feel luxe totally affordable remember goal friend cheer give something memorable help build life together special pasta maker crate barrel transport italy without splurging plane tickets gift pasta maker gives chance romantic meals together give bragging rights trust love saying pasta spaghetti night alpaca throw blanket sferra home couple cozy throw blankets couple elevated option blend cotton alpaca wool hand poured candle aspen fact candles couple though special look hand poured candles blend plus beautiful reuse robe slipper pottery barn setting couple luxuries hotel living thread count sheets room service demand course fancy hotel robes give feeling home matching monogrammed robe slipper lounge charcuterie subscription carnivore club pair foodies hand gift keeps giving charcuterie subscription genius idea couple game night saves trouble having create perfect spread marble cheese board west couple fancy spread something whenever entertaining marble cheese board collection ready guests special night together porcelain gold vase jonathan adler couple sure love fresh flowers home gift perfect vase blooms gift bouquet picked copper cookware mauviel heritage gourmet kitchen complete without fancy cookware copper inspired french cuisine improves dinnertime adds elevated touch kitchen","url":"https://www.bustle.com/p/9-wedding-gift-ideas-for-the-fancy-couple-who-has-it-all-12216056","polarityScore":{"sourceTitle":"Bustle","allSidesBias":"left-center","communityAgree":"564","communityDisagree":"566","sourceUrl":"http://www.bustle.com/ "},"processedText":["couple","couple","indulge","best","everything","whirlwind","vacations","gold","plated","course","married","affair","different","whether","destination","wedding","bali","traditional","event","ancient","cathedral","bound","fancy","does","leave","comes","find","fitting","wedding","gift","chances","simple","china","hearts","mill","common","taste","creative","couple","always","talking","favorite","meals","trip","europe","look","elevated","european","inspired","cookware","upgrade","everyday","meal","prep","inspire","recipe","loved","something","home","skip","classic","sheet","cotton","wool","blend","throw","luxurious","ultimately","finding","luxury","gifts","already","full","lives","worry","kinds","gifts","always","cost","feel","luxe","totally","affordable","remember","goal","friend","cheer","give","something","memorable","help","build","life","together","special","pasta","maker","barrel","transport","italy","without","plane","tickets","gift","pasta","maker","gives","chance","romantic","meals","together","give","bragging","rights","trust","love","saying","pasta","spaghetti","night","throw","blanket","home","couple","cozy","throw","blankets","couple","elevated","option","blend","cotton","wool","hand","poured","candle","fact","candles","couple","though","special","look","hand","poured","candles","blend","plus","beautiful","robe","pottery","barn","setting","couple","hotel","living","thread","count","sheets","room","service","demand","course","fancy","hotel","robes","give","feeling","home","matching","robe","lounge","subscription","club","pair","hand","gift","keeps","giving","subscription","genius","idea","couple","game","night","saves","trouble","having","create","perfect","spread","marble","cheese","board","west","couple","fancy","spread","something","whenever","entertaining","marble","cheese","board","collection","ready","guests","special","night","together","gold","jonathan","adler","couple","sure","love","fresh","flowers","home","gift","perfect","gift","bouquet","picked","copper","cookware","heritage","gourmet","kitchen","complete","without","fancy","cookware","copper","inspired","french","cuisine","improves","adds","elevated","touch","kitchen"]}
