{"authors":[],"date_download":"2018-11-02 20:19:50","date_modify":"2018-11-02 20:19:50","date_publish":"2018-10-20 00:00:00","description":null,"filename":"ABandofNunsCampaignsagainstTaxCutsandtheUnborn_328.json","image_url":"https://www.americanthinker.com/images/bucket/2018-10/209878.jpg","language":null,"localpath":"ABandofNunsCampaignsagainstTaxCutsandtheUnborn_328.json","title":"A Band of Nuns Campaigns against Tax Cuts...and the Unborn","title_page":"A Band of Nuns Campaigns against Tax Cuts...and the Unborn","title_rss":"NULL","source_domain":"americanthinker.com","text":"band nuns campaigns against cuts unborn full catholic nuns tootling country final destination lago fiesta common good spreading social justice gospel individualism unpatriotic detroit news columnist bankole thompson reports network catholic social justice group washington sister simone campbell answering call prophet amos widening rich poor sister simone nuns tour making states calling attention policies hurting poor including cuts benefiting wealthiest neediest nation words democrat publicity stunt sister simone thompson nuns stop detroit saturday partisanship anger running rampant nation nuns taking road challenge unpatriotic nation based individualism lift truth best nation constitutional obligation people sister simone anguish partisanship anger rings awfully hollow limits criticisms republicans unaware democrats party clearly rooting extreme partisanship living embodiment word anger november 2016 people togetherness offered congressional democrats leftist flash mobs comments taxes economy suggest bothered update opinions acquired great society sees republicans connection issues poverty families federal programs survive emphasis true republicans connection high taxes reducing poverty none republicans different connections lower taxes healthy economy increases number families sustained employment rather federal programs japanese soldiers marooned remote pacific islands ones fighting world decades sister simone fighting poverty invincibly ignorant catastrophically lost sister simone childlike eyes reason high taxes redistributed federal programs cure poverty current crop democrats bothered worn agenda talk ending poverty anymore figured better keep poverty subsidies exchange votes democrats today prefer promise middle class free everything socialism race bait poor threaten annihilation death republicans elected wonder someone sister simone flying viewpoint rates attention hardly shortage younger tuned social justice warriors spread earthly gospel therapeutic collectivism intersectional victimhood better alexandria ocasio cortez showing everywhere liberals care nuns rambling toward donald trump florida mansion nuns useful idiots meant convince democrats vast catholic constituency pope church board democrat platform people sister simone provide democrats double value assuaging consciences catholics better support abortion party anyway fooling catholics better speaks happen catholic kind christian hard aware left reserves venomous hatred christians obama insulted christians bitter clingers hillary surrounded anti catholics publicly took power deeply held christian beliefs changed obama secretary kathleen sebelius abortion catholic protected infant slaughtering george tiller kansas went needlessly persecute sisters poor obamacare mandate forcing offer contraception coverage millions catholics whom idea church teaches progressive drivel bishops priests religious sisters sister simone willfully blind behind democrats shameless posturing advocates poor supports demand killing unborn claiming advocate poor believe sister simone political especially talking points depthless clich prodded 2012 democratic convention comment abortion obamacare seemed genuinely inexcusably unacquainted fact obama absolute commitment unrestricted abortion extreme infanticide favor abortion seen impressed obama worked hard passing obamacare ensure federal funding abortion course true blind hope driving 2016 sister simone rationalized abortion views goodman shock nation claim claim life birth necessary support women carrying baby term providing paid child paid family leave providing maternity leave parental leave providing reasonable cost child care mean litany goes litany does endless lists false choices public policy matters hand assistance expectant mothers does sister crisis pregnancy centers doing taking human life went defend choice abortion itself saying challenge women striving care families urgent necessity able feed children means tough choices sometimes sister simone described religious sister lawyer director poet executive director public policy advocate genuinely cannot envision alternative impoverished mother children feed tough choice killing children unborn sibling child qualified making suggestions affect human lives sister simone possibly unaware abortion position gravely contradicts unambiguous church teaching mention gospel christ supposed committed judge spiritual state judge represents authentic catholic social teaching perceived representation reason democrats judging easy taken seriously clancy looks world dearborn michigan email trclancy yahoo","url":"https://www.americanthinker.com/articles/2018/10/a_band_of_nuns_campaigns_against_tax_cuts_and_the_unborn.html","polarityScore":{"sourceTitle":"American Thinker","allSidesBias":"right","communityAgree":"1076","communityDisagree":"614","sourceUrl":"http://www.americanthinker.com/ "},"processedText":["band","nuns","campaigns","against","cuts","unborn","full","catholic","nuns","country","final","destination","lago","fiesta","common","good","spreading","social","justice","gospel","individualism","unpatriotic","detroit","news","columnist","thompson","reports","network","catholic","social","justice","group","washington","sister","simone","campbell","answering","call","prophet","amos","widening","rich","poor","sister","simone","nuns","tour","making","states","calling","attention","policies","hurting","poor","including","cuts","benefiting","wealthiest","nation","words","democrat","publicity","stunt","sister","simone","thompson","nuns","stop","detroit","saturday","partisanship","anger","running","rampant","nation","nuns","taking","road","challenge","unpatriotic","nation","based","individualism","lift","truth","best","nation","constitutional","obligation","people","sister","simone","anguish","partisanship","anger","rings","awfully","hollow","limits","criticisms","republicans","unaware","democrats","party","clearly","rooting","extreme","partisanship","living","embodiment","word","anger","november","2016","people","offered","congressional","democrats","leftist","flash","mobs","comments","taxes","economy","suggest","bothered","update","opinions","acquired","great","society","sees","republicans","connection","issues","poverty","families","federal","programs","survive","emphasis","true","republicans","connection","high","taxes","reducing","poverty","none","republicans","different","connections","lower","taxes","healthy","economy","increases","number","families","sustained","employment","rather","federal","programs","japanese","soldiers","remote","pacific","islands","ones","fighting","world","decades","sister","simone","fighting","poverty","ignorant","lost","sister","simone","eyes","reason","high","taxes","redistributed","federal","programs","cure","poverty","current","crop","democrats","bothered","worn","agenda","talk","ending","poverty","anymore","figured","better","keep","poverty","subsidies","exchange","votes","democrats","today","prefer","promise","middle","class","free","everything","socialism","race","bait","poor","threaten","annihilation","death","republicans","elected","wonder","someone","sister","simone","flying","viewpoint","rates","attention","hardly","shortage","younger","tuned","social","justice","warriors","spread","gospel","therapeutic","collectivism","intersectional","victimhood","better","alexandria","ocasio","cortez","showing","everywhere","liberals","care","nuns","rambling","toward","donald","trump","florida","mansion","nuns","useful","idiots","meant","convince","democrats","vast","catholic","constituency","pope","church","board","democrat","platform","people","sister","simone","provide","democrats","double","value","catholics","better","support","abortion","party","anyway","fooling","catholics","better","speaks","happen","catholic","kind","christian","hard","aware","left","reserves","venomous","hatred","christians","obama","insulted","christians","bitter","hillary","surrounded","anti","catholics","publicly","took","power","deeply","held","christian","beliefs","changed","obama","secretary","kathleen","sebelius","abortion","catholic","protected","infant","george","kansas","went","needlessly","sisters","poor","obamacare","mandate","forcing","offer","contraception","coverage","millions","catholics","whom","idea","church","teaches","progressive","bishops","priests","religious","sisters","sister","simone","willfully","blind","behind","democrats","shameless","posturing","advocates","poor","supports","demand","killing","unborn","claiming","advocate","poor","believe","sister","simone","political","especially","talking","points","clich","2012","democratic","convention","comment","abortion","obamacare","seemed","genuinely","fact","obama","absolute","commitment","unrestricted","abortion","extreme","infanticide","favor","abortion","seen","impressed","obama","worked","hard","passing","obamacare","ensure","federal","funding","abortion","course","true","blind","hope","driving","2016","sister","simone","abortion","views","goodman","shock","nation","claim","claim","life","birth","necessary","support","women","carrying","baby","term","providing","paid","child","paid","family","leave","providing","maternity","leave","parental","leave","providing","reasonable","cost","child","care","mean","litany","goes","litany","does","endless","lists","false","choices","public","policy","matters","hand","assistance","mothers","does","sister","crisis","pregnancy","centers","doing","taking","human","life","went","defend","choice","abortion","itself","saying","challenge","women","striving","care","families","urgent","necessity","able","feed","children","means","tough","choices","sometimes","sister","simone","described","religious","sister","lawyer","director","poet","executive","director","public","policy","advocate","genuinely","cannot","envision","alternative","impoverished","mother","children","feed","tough","choice","killing","children","unborn","sibling","child","qualified","making","suggestions","affect","human","lives","sister","simone","possibly","unaware","abortion","position","gravely","contradicts","unambiguous","church","teaching","mention","gospel","christ","supposed","committed","judge","spiritual","state","judge","represents","authentic","catholic","social","teaching","perceived","representation","reason","democrats","judging","easy","taken","seriously","clancy","looks","world","michigan","email","yahoo"]}
