{"authors":[],"date_download":"2018-11-01 20:32:55","date_modify":"2018-11-01 20:32:55","date_publish":"2017-08-04 00:05:33","description":null,"filename":"ABoldWaytoReviveObamacareRepeal_332.json","image_url":"https://39uhx2trii4zt1im-zippykid.netdna-ssl.com/wp-content/uploads/2017/08/FordHouseOfficeBldg.jpg","language":"en","localpath":"ABoldWaytoReviveObamacareRepeal_332.json","title":"A Bold Way to Revive Obamacare Repeal","title_page":"A Bold Way to Revive Obamacare RepealThe American Spectator","title_rss":"NULL","source_domain":"spectator.org","text":"senate write obamacare repeal bill quickly without having congressional budget office offer bizarre analysis replacing obamacare result million fewer people having health insurance bill provision eliminate entire individual mandate replace specifically defined penalty equal amount failure purchase health insurance penalty collected billing department health human services penalty turn waived upon enrollment health savings account estimates million lose insurance individual mandate longer compel purchase least bronze level health plan keeping mandate nominally place mean longer push bogus statistic nervous senators statistic against specifically calling penalty explicitly defining mandate itself unconstitutional terms chief justice john roberts tendentious decision nfib sebelius found mandate unconstitutional allegedly operationally rather penalty constitutional challenge wend courts penalty easily voidable voidable participation technically keep coverage place satisfying strange sensitivities certain congress explicitly direct count hsas coverage reasonable republicans support vast expansion hsas anyway original house bill promoting provisions included perhaps enhanced senate bill bill include eventual block granting medicaid states senate moderates slower down ratchet federal contribution thereto conservatives otherwise size least speed cuts house bill decreased order lesser savings medicaid smaller cuts promote economic growth better cuts killing health harming medical device among though immediately fully eliminated gary palmer risk sharing plan included bill order lower premiums healthier among encouraging coverage otherwise less insurable cruz discussed proposal insurance companies offer obamacare compliant plan state offers least plan does remain compliant included pilot program available five states apply meet certain conditions having fewer health insurance options state national average refundable credits individual insurance purchases based partly partly income aside provisions senate include popular facets either house bill various earlier iterations senate bill certain parliamentarian allow reconciliation rules bill simple humanly possible essential subjects possible left whole host provisions better handled stand alone pieces legislation daring democrats oppose merits obscured smokescreen massively complicated bill hard average american understand reality senate closer seemed finding enough agreement bill reach vote threshold required passage removing stumbling block score ease political pressure amount backdoor eliminate individual mandate effectively repeal budget affecting portions obamacare terms policy encouraging vast numbers americans hsas single best return insurance original purpose guard against high unexpected costs rather patients insurance companies doctors lesser services patients afford less expensively themselves without insurance middleman done","url":"https://spectator.org/a-bold-way-to-revive-obamacare-repeal/","polarityScore":{"sourceTitle":"American Spectator","allSidesBias":"right","communityAgree":"4485","communityDisagree":"1883","sourceUrl":"http://spectator.org/ "},"processedText":["senate","write","obamacare","repeal","bill","quickly","without","having","congressional","budget","office","offer","bizarre","analysis","replacing","obamacare","result","million","fewer","people","having","health","insurance","bill","provision","eliminate","entire","individual","mandate","replace","specifically","defined","penalty","equal","amount","failure","purchase","health","insurance","penalty","collected","billing","department","health","human","services","penalty","turn","waived","upon","enrollment","health","savings","account","estimates","million","lose","insurance","individual","mandate","longer","compel","purchase","least","bronze","level","health","plan","keeping","mandate","nominally","place","mean","longer","push","bogus","statistic","nervous","senators","statistic","against","specifically","calling","penalty","explicitly","defining","mandate","itself","unconstitutional","terms","chief","justice","john","roberts","decision","nfib","sebelius","found","mandate","unconstitutional","allegedly","rather","penalty","constitutional","challenge","courts","penalty","easily","participation","technically","keep","coverage","place","satisfying","strange","sensitivities","certain","congress","explicitly","direct","count","hsas","coverage","reasonable","republicans","support","vast","expansion","hsas","anyway","original","house","bill","promoting","provisions","included","perhaps","enhanced","senate","bill","bill","include","eventual","block","granting","medicaid","states","senate","moderates","slower","down","ratchet","federal","contribution","conservatives","otherwise","size","least","speed","cuts","house","bill","decreased","order","lesser","savings","medicaid","smaller","cuts","promote","economic","growth","better","cuts","killing","health","harming","medical","device","among","though","immediately","fully","eliminated","gary","palmer","risk","sharing","plan","included","bill","order","lower","premiums","healthier","among","encouraging","coverage","otherwise","less","cruz","discussed","proposal","insurance","companies","offer","obamacare","compliant","plan","state","offers","least","plan","does","remain","compliant","included","pilot","program","available","five","states","apply","meet","certain","conditions","having","fewer","health","insurance","options","state","national","average","refundable","credits","individual","insurance","purchases","based","partly","partly","income","aside","provisions","senate","include","popular","facets","either","house","bill","various","earlier","iterations","senate","bill","certain","parliamentarian","allow","reconciliation","rules","bill","simple","possible","essential","subjects","possible","left","whole","host","provisions","better","handled","stand","alone","pieces","legislation","daring","democrats","oppose","merits","obscured","massively","complicated","bill","hard","average","american","understand","reality","senate","closer","seemed","finding","enough","agreement","bill","reach","vote","threshold","required","passage","removing","stumbling","block","score","ease","political","pressure","amount","eliminate","individual","mandate","effectively","repeal","budget","affecting","portions","obamacare","terms","policy","encouraging","vast","numbers","americans","hsas","single","best","return","insurance","original","purpose","guard","against","high","unexpected","costs","rather","patients","insurance","companies","doctors","lesser","services","patients","afford","less","themselves","without","insurance","done"]}
