{"authors":[],"date_download":"2018-11-01 22:09:08","date_modify":"2018-11-01 22:09:08","date_publish":"2017-10-27 00:05:38","description":null,"filename":"AbolishingtheStateTaxDeductionIsNotConservative_335.json","image_url":"https://39uhx2trii4zt1im-zippykid.netdna-ssl.com/wp-content/uploads/2017/10/Mission_bay_park_San_Diego-1.jpg","language":"en","localpath":"AbolishingtheStateTaxDeductionIsNotConservative_335.json","title":"Abolishing the State Tax Deduction Is Not Conservative","title_page":"Abolishing the State Tax Deduction Is Not ConservativeThe American Spectator","title_rss":"NULL","source_domain":"spectator.org","text":"debate reform seems growing consensus among conservative commentators order lower rates target deductions largely correct specific target however misguided target state deduction arguments offered eliminating give away somewhat surprising conservative seems odious calculations identity politics democrats gleefully played generations joined lately growing numbers within republican coalition starting influence opinions conservatives makes good policy kevin williamson national review instance writes support eliminating state income deduction large part constitutes substantial increase sort kept comfortable lefty californians yorkers whom tend hear maybe sorts political issues considerations fairness justice seem losing calculations policies help perhaps importantly policies hurt matter full disclosure born raised california live work state 2016 itemized deductions federal return largest deduction state california highest income rates country though federal deduction california taxes paid people itemize deductions effectively benefit capped insidious alternative minimum essence sliding aggregate deductions sort federal savings consistent studies joint committee taxation others estimating impact deduction itemize deductions taxable income modest elimination state deduction paired increase standard deduction elimination alternative minimum floated cost others losing state income deduction small indeed small economic incentive hardly large enough induce sell intellectual soul having gotten explain getting state income deduction wrong conservatives important question evaluating policy whether individual question someone income sees someone income taxed state government federal government person portion income taken state government whether state high state california lower state colorado principle individuals taxed federal level income already taxed away state conservatives fight reflexively conservatives sacrifice principle simply people high blue states benefit investor business daily editorializes state deduction biggest beneficiaries mostly high blue states addition sounding bernie sanders bemoaning benefits state deduction people earning specifically targets california nation population receiving estimated value deductions point against lowering marginal rates benefit people making disproportionately states highest taxable incomes coincidently often high states reason californians higher average incomes employers offer compensate employees high cost living high large part high burden conservative commentators including usually clear thinking kevin williamson argue state income deduction subsidy high blue states though deduction does high state slightly less onerous does encourage states raise rates anyone attempts quantify benefit state income deduction order plug calculation whether continue live high state making sell house quit move family state result losing approximate break argument eliminating deduction merely sticking people freely vote high taxes anyway conveniently ignores fact state taxpayers subset voters perhaps argument conservatives state income deduction high level impact high income individuals deduction order introduce further level progressivity overall reform package argument practical political expediency pretend represent advancement conservative ideology important remember talking taxing individuals states individuals blue states california rich liberal hollywood moguls silicon valley tech company executives matter conservatives taxpayers mechanics fresno marine corps officers oceanside california money taxed high rates marginal rate individual making jumps auto workers ohio workers oklahoma office managers arizona federal taxes income taxed away state governments does answer question depend whether counterparts california york minnesota higher state income taxes conservatives believe answer either questions conservatism indeed lost bearings","url":"https://spectator.org/abolishing-the-state-tax-deduction-is-not-conservative/","polarityScore":{"sourceTitle":"American Spectator","allSidesBias":"right","communityAgree":"4485","communityDisagree":"1883","sourceUrl":"http://spectator.org/ "},"processedText":["debate","reform","seems","growing","consensus","among","conservative","commentators","order","lower","rates","target","deductions","largely","correct","specific","target","however","misguided","target","state","deduction","arguments","offered","eliminating","give","away","somewhat","surprising","conservative","seems","odious","calculations","identity","politics","democrats","gleefully","played","generations","joined","lately","growing","numbers","within","republican","coalition","starting","influence","opinions","conservatives","makes","good","policy","kevin","williamson","national","review","instance","writes","support","eliminating","state","income","deduction","large","part","constitutes","substantial","increase","sort","kept","comfortable","lefty","californians","yorkers","whom","tend","hear","maybe","sorts","political","issues","considerations","fairness","justice","seem","losing","calculations","policies","help","perhaps","importantly","policies","hurt","matter","full","disclosure","born","raised","california","live","work","state","2016","deductions","federal","return","largest","deduction","state","california","highest","income","rates","country","though","federal","deduction","california","taxes","paid","people","itemize","deductions","effectively","benefit","capped","insidious","alternative","minimum","essence","sliding","aggregate","deductions","sort","federal","savings","consistent","studies","joint","committee","taxation","others","impact","deduction","itemize","deductions","taxable","income","modest","elimination","state","deduction","paired","increase","standard","deduction","elimination","alternative","minimum","floated","cost","others","losing","state","income","deduction","small","indeed","small","economic","incentive","hardly","large","enough","induce","sell","intellectual","soul","having","gotten","explain","getting","state","income","deduction","wrong","conservatives","important","question","evaluating","policy","whether","individual","question","someone","income","sees","someone","income","taxed","state","government","federal","government","person","portion","income","taken","state","government","whether","state","high","state","california","lower","state","colorado","principle","individuals","taxed","federal","level","income","already","taxed","away","state","conservatives","fight","reflexively","conservatives","sacrifice","principle","simply","people","high","blue","states","benefit","investor","business","daily","state","deduction","biggest","beneficiaries","mostly","high","blue","states","addition","sounding","bernie","sanders","bemoaning","benefits","state","deduction","people","earning","specifically","targets","california","nation","population","receiving","estimated","value","deductions","point","against","lowering","marginal","rates","benefit","people","making","disproportionately","states","highest","taxable","incomes","often","high","states","reason","californians","higher","average","incomes","employers","offer","compensate","employees","high","cost","living","high","large","part","high","burden","conservative","commentators","including","usually","clear","thinking","kevin","williamson","argue","state","income","deduction","subsidy","high","blue","states","though","deduction","does","high","state","slightly","less","onerous","does","encourage","states","raise","rates","anyone","attempts","quantify","benefit","state","income","deduction","order","plug","calculation","whether","continue","live","high","state","making","sell","house","quit","move","family","state","result","losing","approximate","break","argument","eliminating","deduction","merely","sticking","people","freely","vote","high","taxes","anyway","conveniently","ignores","fact","state","taxpayers","subset","voters","perhaps","argument","conservatives","state","income","deduction","high","level","impact","high","income","individuals","deduction","order","introduce","further","level","overall","reform","package","argument","practical","political","expediency","pretend","represent","advancement","conservative","ideology","important","remember","talking","taxing","individuals","states","individuals","blue","states","california","rich","liberal","hollywood","moguls","silicon","valley","tech","company","executives","matter","conservatives","taxpayers","mechanics","fresno","marine","corps","officers","california","money","taxed","high","rates","marginal","rate","individual","making","jumps","auto","workers","ohio","workers","oklahoma","office","managers","arizona","federal","taxes","income","taxed","away","state","governments","does","answer","question","depend","whether","counterparts","california","york","minnesota","higher","state","income","taxes","conservatives","believe","answer","either","questions","conservatism","indeed","lost","bearings"]}
