{"authors":["Chelsea Ennen"],"date_download":"2018-10-31 00:43:54","date_modify":"2018-10-31 00:43:54","date_publish":"2018-10-10 16:00:29","description":"There is a moment in Lauren Weisberger’s latest novel When Life Gives You Lululemons, the sequel to The Devil Wears Prada, when protagonist Emily Charlton (Miranda Prestley's former junior assistant) thinks back to the night she first had sex with…","filename":"AbortionsInWomensFictionAndRomanceAreBasicallyNonExistentAndThatNeedsToChange_340.json","image_url":"https://imgix.bustle.com/uploads/image/2018/10/10/2f47e553-7c10-497c-b59a-edd1e031d496-stocksy_txp74fd3598dt6200_small_1555684.jpg?w=1200&h=630&q=70&fit=crop&crop=faces&fm=jpg","language":"en","localpath":"AbortionsInWomensFictionAndRomanceAreBasicallyNonExistentAndThatNeedsToChange_340.json","title":"Abortions In Women's Fiction And Romance Are Basically Non-Existent - And That Needs To Change","title_page":"Abortions In Women's Fiction And Romance Are Basically Non-Existent — And That Needs To Change","title_rss":"NULL","source_domain":"bustle.com","text":"moment lauren weisberger latest novel life gives lululemons sequel devil wears prada protagonist emily charlton miranda prestley former junior assistant thinks night husband miles emily explains works tells getting pregnant moment anyone read romance women fiction novel knows emily mother book course does pregnant accident despite birth control weisberger does diligence construction emily character thing conspicuously missing mention getting abortion despite fact surprise pregnancy readers previously emily does kids does consider ending pregnancy particular gripe against novel particular issue fact abortion barely mentioned women fiction romance general despite fact four women abortion planned parenthood despite fact surprise pregnancy readers previously emily does kids does consider ending pregnancy unfortunately omission mention abortion unusual presence accidental pregnancy trope women fiction case life gives lululemons easy single throwaway line something emily considered having abortion thought realized wanted pregnancy today bestselling author jenny trout noticed phenomenon writing series popular shades grey recaps blog read scene fifty shades freed becomes pregnant christian throws violent tantrum punching table calling stupid freaking didn baby freaking wants baby trout tells bustle email conversation thing popped mind abortion idiots book taking place world birth control discussed down christian grey tracking menstrual cycle heavy handed sign initial stuff mention happen event unintentional pregnancy basically birth control fail issue addressed abortions exist world realized read romance novel unintended pregnancy resulted anything happily baby writing blog posts trout writing series pseudonym boss describes mountains mountains twilight fanfic turned kinky billionaire romance novels saturating market original idea self publish book using shades tropes show write bdsm responsibly ended book series cliffhanger pregnancy moment read james pregnancy plot knew wanted book trout heroine sophie baby abortion full support hero sexy billionaire neil supported sophie financially otherwise chosen carry pregnancy term trout ready blowback form nasty reviews readers couldn stomach story involved considered abortion started getting kind reaction started getting emails people social media loved tells bustle stunned positive reactions especially young women telling thank worried keep baby expectation down book series trout abortion storyline welcome relief readers exhausted implication women always motherhood seem culturally okay woman child extenuating circumstances almost reassurance perfectly happy having child conceived circumstances trout tells bustle otherwise selfish stunned positive reactions especially young women telling thank worried keep baby life gives lululemons gives readers heroine unapologetic ambitious catty loves worry likable loving snarky women enthusiastic mothers characters professes wanting children decides child seems though author least address option abortion assumption women kids eventually idea late life gives lululemons emily friend miriam teases surprise pregnancy others assumed emily throw herself building pregnant miriam knew wasn case joke throwaway line implies emily friends better herself feel joke realize emily character option happy purposefully childless women exist reality often chose abortions reason shouldn exist fiction","url":"https://www.bustle.com/p/abortions-in-womens-fiction-romance-are-basically-non-existent-that-needs-to-change-12163001","polarityScore":{"sourceTitle":"Bustle","allSidesBias":"left-center","communityAgree":"564","communityDisagree":"566","sourceUrl":"http://www.bustle.com/ "},"processedText":["moment","lauren","latest","novel","life","gives","sequel","devil","wears","protagonist","emily","miranda","former","junior","assistant","thinks","night","husband","miles","emily","explains","works","tells","getting","pregnant","moment","anyone","read","romance","women","fiction","novel","knows","emily","mother","book","course","does","pregnant","accident","despite","birth","control","does","diligence","construction","emily","character","thing","conspicuously","missing","mention","getting","abortion","despite","fact","surprise","pregnancy","readers","previously","emily","does","kids","does","consider","ending","pregnancy","particular","against","novel","particular","issue","fact","abortion","barely","mentioned","women","fiction","romance","general","despite","fact","four","women","abortion","planned","parenthood","despite","fact","surprise","pregnancy","readers","previously","emily","does","kids","does","consider","ending","pregnancy","unfortunately","omission","mention","abortion","unusual","presence","accidental","pregnancy","trope","women","fiction","case","life","gives","easy","single","throwaway","line","something","emily","considered","having","abortion","thought","realized","wanted","pregnancy","today","bestselling","author","jenny","trout","noticed","phenomenon","writing","series","popular","shades","grey","blog","read","scene","fifty","shades","freed","becomes","pregnant","christian","throws","violent","tantrum","punching","table","calling","stupid","freaking","didn","baby","freaking","wants","baby","trout","tells","bustle","email","conversation","thing","popped","mind","abortion","idiots","book","taking","place","world","birth","control","discussed","down","christian","grey","tracking","menstrual","cycle","heavy","handed","sign","initial","stuff","mention","happen","event","unintentional","pregnancy","basically","birth","control","fail","issue","addressed","abortions","exist","world","realized","read","romance","novel","unintended","pregnancy","resulted","anything","happily","baby","writing","blog","posts","trout","writing","series","pseudonym","boss","describes","mountains","mountains","twilight","turned","billionaire","romance","novels","market","original","idea","self","publish","book","using","shades","tropes","show","write","responsibly","ended","book","series","cliffhanger","pregnancy","moment","read","james","pregnancy","plot","knew","wanted","book","trout","heroine","sophie","baby","abortion","full","support","hero","sexy","billionaire","neil","supported","sophie","financially","otherwise","chosen","carry","pregnancy","term","trout","ready","blowback","form","nasty","reviews","readers","couldn","stomach","story","involved","considered","abortion","started","getting","kind","reaction","started","getting","emails","people","social","media","loved","tells","bustle","stunned","positive","reactions","especially","young","women","telling","thank","worried","keep","baby","expectation","down","book","series","trout","abortion","storyline","welcome","relief","readers","exhausted","implication","women","always","motherhood","seem","culturally","okay","woman","child","circumstances","almost","reassurance","perfectly","happy","having","child","conceived","circumstances","trout","tells","bustle","otherwise","selfish","stunned","positive","reactions","especially","young","women","telling","thank","worried","keep","baby","life","gives","gives","readers","heroine","unapologetic","ambitious","loves","worry","likable","loving","women","enthusiastic","mothers","characters","wanting","children","decides","child","seems","though","author","least","address","option","abortion","assumption","women","kids","eventually","idea","late","life","gives","emily","friend","miriam","teases","surprise","pregnancy","others","assumed","emily","throw","herself","building","pregnant","miriam","knew","wasn","case","joke","throwaway","line","implies","emily","friends","better","herself","feel","joke","realize","emily","character","option","happy","purposefully","women","exist","reality","often","chose","abortions","reason","shouldn","exist","fiction"]}
