{"authors":[],"date_download":"2018-11-02 13:53:02","date_modify":"2018-11-02 13:53:02","date_publish":"2017-08-20 00:00:00","description":null,"filename":"Abortionversuspopularculture_341.json","image_url":"https://www.americanthinker.com/images/bucket/2017-08/200247.jpg","language":null,"localpath":"Abortionversuspopularculture_341.json","title":"Abortion versus popular culture","title_page":"Abortion versus popular culture","title_rss":"NULL","source_domain":"americanthinker.com","text":"abortion versus popular culture advocates abortion especially abortion somewhat painful version birth control believe vast majority women significant majority americans support abortion demand couldn farther truth setting aside fact wade constitutional building recently precedent unspecified privacy nearly supreme court rulings discovered claims abortion demand relatively supporters flawed shaky constitutional precedent wade less flawed abortionists claim widespread public support marist poll published found clear majority americans believe abortions women harm good including percent women percent choice advocates nationally gallup finds percent americans agree abortion demand advocates abortion legal circumstances however real metric shows americans believe found popular culture especially mass market mainstream movies television programs films programs live based audience acceptance messages true feminist cable networks whatever oprah network week narrowly focused chick flicks target choice segment market mainstream media movies along cable broadcast programs view abortion third rail devoutly avoided find especially television programs usually program star becomes pregnant real life pretend pregnancy written script terminated abortion watching significant number crime dramas netflix amazon research mystery novel writing seen significant number lead character ensemble cast regular character pregnancies instance character abortion option discussed passing screen pregnancies roughly third ended character trimester generally crime related accident presume written beginning accidental termination mind lost wanted pregnancy creates sympathetic character builds strong audience support overall single screen pregnancy seen either baby carried term pregnancy ends tragic manner pregnancies ended abortion case choice option seriously discussed closest programs talking abortions featured dialog runs something leading leading lady hell leading leading lady hell alpha omega screen discussions choice option pregnant carry child term unless screenwriters pregnancy tragically significant comes movies always easy find answer follow money prime television cable programming greater extent mainstream theatrical movies depend mass audiences succeed without millions viewers programs canceled worse movies find audiences consigned cinematic hell presided film disasters ishtar heaven gate gigli battlefield earth choice option popular abortion demand crowd claims networks movie producers rushing create dramatic crises ended timed received abortions hasn happened fact poll american adults feel abortion literally","url":"https://www.americanthinker.com/blog/2017/08/abortion_versus_popular_culture.html","polarityScore":{"sourceTitle":"American Thinker","allSidesBias":"right","communityAgree":"1076","communityDisagree":"614","sourceUrl":"http://www.americanthinker.com/ "},"processedText":["abortion","versus","popular","culture","advocates","abortion","especially","abortion","somewhat","painful","version","birth","control","believe","vast","majority","women","significant","majority","americans","support","abortion","demand","couldn","farther","truth","setting","aside","fact","wade","constitutional","building","recently","precedent","unspecified","privacy","nearly","supreme","court","rulings","discovered","claims","abortion","demand","relatively","supporters","flawed","shaky","constitutional","precedent","wade","less","flawed","abortionists","claim","widespread","public","support","marist","poll","published","found","clear","majority","americans","believe","abortions","women","harm","good","including","percent","women","percent","choice","advocates","nationally","gallup","finds","percent","americans","agree","abortion","demand","advocates","abortion","legal","circumstances","however","real","metric","shows","americans","believe","found","popular","culture","especially","mass","market","mainstream","movies","television","programs","films","programs","live","based","audience","acceptance","messages","true","feminist","cable","networks","whatever","oprah","network","week","narrowly","focused","chick","flicks","target","choice","segment","market","mainstream","media","movies","along","cable","broadcast","programs","view","abortion","third","rail","avoided","find","especially","television","programs","usually","program","star","becomes","pregnant","real","life","pretend","pregnancy","written","script","terminated","abortion","watching","significant","number","crime","dramas","netflix","amazon","research","mystery","novel","writing","seen","significant","number","lead","character","ensemble","cast","regular","character","pregnancies","instance","character","abortion","option","discussed","passing","screen","pregnancies","roughly","third","ended","character","trimester","generally","crime","related","accident","presume","written","beginning","accidental","termination","mind","lost","wanted","pregnancy","creates","sympathetic","character","builds","strong","audience","support","overall","single","screen","pregnancy","seen","either","baby","carried","term","pregnancy","ends","tragic","manner","pregnancies","ended","abortion","case","choice","option","seriously","discussed","closest","programs","talking","abortions","featured","dialog","runs","something","leading","leading","lady","hell","leading","leading","lady","hell","alpha","omega","screen","discussions","choice","option","pregnant","carry","child","term","unless","pregnancy","tragically","significant","comes","movies","always","easy","find","answer","follow","money","prime","television","cable","programming","greater","extent","mainstream","theatrical","movies","depend","mass","audiences","succeed","without","millions","viewers","programs","canceled","worse","movies","find","audiences","cinematic","hell","presided","film","disasters","heaven","gate","battlefield","earth","choice","option","popular","abortion","demand","crowd","claims","networks","movie","producers","rushing","create","dramatic","crises","ended","timed","received","abortions","hasn","happened","fact","poll","american","adults","feel","abortion","literally"]}
