{"authors":["Lani Seelinger"],"date_download":"2018-10-31 00:52:01","date_modify":"2018-10-31 00:52:01","date_publish":"2018-09-30 19:52:07","description":"The first time that much of the American public likely learned about Judge Brett Kavanaugh was in 2017, when he presided over a court that hesitated to grant a pregnant immigrant teen access to an abortion that she had requested. Now, this could…","filename":"AbortionForUndocumentedTeensWouldBeBannedUnderTheseNewTrumpAdministrationRules_337.json","image_url":"https://imgix.bustle.com/uploads/getty/2018/9/30/7f321bb4-22ef-4749-86f0-bdc46750738c-getty-500414664.jpg?w=1200&h=630&q=70&fit=crop&crop=faces&fm=jpg","language":"en","localpath":"AbortionForUndocumentedTeensWouldBeBannedUnderTheseNewTrumpAdministrationRules_337.json","title":"Abortion For Undocumented Teens Would Be Banned Under These New Trump Administration Rules","title_page":"Abortion For Undocumented Teens Would Be Banned Under These New Trump Administration Rules","title_rss":"NULL","source_domain":"bustle.com","text":"american public likely learned judge brett kavanaugh 2017 presided court hesitated grant pregnant immigrant teen access abortion requested become frequent occurrence trump administration attempting prevent undocumented teens getting abortions custody lawyers trump administration undocumented teens seeking abortions argued cases united states court appeals district columbia circuit late september york times reported administration justice department lawyer claimed strong legitimate profound interest life child womb case court march judge washington issued order applied across country mandating administration block undocumented teens abortion access washington post wrote trump justice department brought case appeals court arguing court require government facilitate termination life abortion aclu fighting undocumented teens rights abortion access though lawyer organization april government abortion anyone thanks wade government lawyer august flentje however argued order forcing administration provide abortions inconsistent profound respect life buzzfeed news unprecedented expansion abortion jurisprudence flentje buzzfeed flentje laid policy government prefers teens constitutionally mandated abortion available left government custody sponsor left country entirely push block undocumented teens abortion access stems office refugee resettlement noted abortion opponent scott lloyd lloyd referred abortion violence ultimate destruction human goal pushed women undergo procedure meant reverse abortions despite fact procedure tested december 2017 lloyd deposition undocumented teens immigration status reason enough denying abortions lawyer aclu however administration policies blatant abuse power trump administration cruel policy blocking young immigrant women federal custody accessing abortion blatant abuse power aclu reproductive freedom project deputy director brigitte amiri statement court issued order blocking administration policies march relieved court issued order preventing administration continuing practice case proceeds months though question whether administration succeed blocking pregnant teens accessing abortion open","url":"https://www.bustle.com/p/abortion-for-undocumented-teens-would-be-banned-under-these-new-trump-administration-rules-12103385","polarityScore":{"sourceTitle":"Bustle","allSidesBias":"left-center","communityAgree":"564","communityDisagree":"566","sourceUrl":"http://www.bustle.com/ "},"processedText":["american","public","likely","learned","judge","brett","kavanaugh","2017","presided","court","hesitated","grant","pregnant","immigrant","teen","access","abortion","requested","become","frequent","occurrence","trump","administration","attempting","prevent","undocumented","teens","getting","abortions","custody","lawyers","trump","administration","undocumented","teens","seeking","abortions","argued","cases","united","states","court","appeals","district","columbia","circuit","late","september","york","times","reported","administration","justice","department","lawyer","claimed","strong","legitimate","profound","interest","life","child","womb","case","court","march","judge","washington","issued","order","applied","across","country","mandating","administration","block","undocumented","teens","abortion","access","washington","post","wrote","trump","justice","department","brought","case","appeals","court","arguing","court","require","government","facilitate","termination","life","abortion","aclu","fighting","undocumented","teens","rights","abortion","access","though","lawyer","organization","april","government","abortion","anyone","thanks","wade","government","lawyer","august","however","argued","order","forcing","administration","provide","abortions","inconsistent","profound","respect","life","buzzfeed","news","unprecedented","expansion","abortion","jurisprudence","buzzfeed","laid","policy","government","prefers","teens","constitutionally","mandated","abortion","available","left","government","custody","sponsor","left","country","entirely","push","block","undocumented","teens","abortion","access","stems","office","refugee","resettlement","noted","abortion","opponent","scott","lloyd","lloyd","referred","abortion","violence","ultimate","destruction","human","goal","pushed","women","undergo","procedure","meant","reverse","abortions","despite","fact","procedure","tested","december","2017","lloyd","deposition","undocumented","teens","immigration","status","reason","enough","denying","abortions","lawyer","aclu","however","administration","policies","blatant","abuse","power","trump","administration","cruel","policy","blocking","young","immigrant","women","federal","custody","accessing","abortion","blatant","abuse","power","aclu","reproductive","freedom","project","deputy","director","brigitte","statement","court","issued","order","blocking","administration","policies","march","relieved","court","issued","order","preventing","administration","continuing","practice","case","proceeds","months","though","question","whether","administration","succeed","blocking","pregnant","teens","accessing","abortion","open"]}
