{"authors":["Dr. Susan Berry"],"date_download":"2018-10-30 20:13:35","date_modify":"2018-10-30 20:13:35","date_publish":"2017-07-10 13:50:11","description":"Abortion advocates condemn a Missouri bill to make it illegal for abortion clinics to interfere with emergency medical assistance to their facilities.","filename":"AbortionIndustrySlamsBillTargetingAmbulanceCallstoClinics_338.json","image_url":"https://media.breitbart.com/media/2016/09/AP_16194831515049.jpg","language":"en","localpath":"AbortionIndustrySlamsBillTargetingAmbulanceCallstoClinics_338.json","title":"Abortion Industry Slams Bill Targeting Ambulance Calls to Clinics","title_page":"Abortion Industry Slams Bill Targeting Ambulance Calls to Clinics","title_rss":"NULL","source_domain":"breitbart.com","text":"abortion industry condemning missouri bill criminal offense abortion clinic workers interfere emergency medical assistance abortions result serious medical problems patients bill possibly kind nation misdemeanor punishable prison fine abortion clinic staff special requests emergency assistance requesting ambulances arrive without sirens lights avoid drawing attention emergency ericgreitens repeatedly railed against protecting women discrimination reprohealth choices https oo68wnx1tq naral naral july 2017 language nothing health safety women alison dreith executive director naral choice missouri friday associated press everything trying trap providers trip shut down clinics mary kogut president planned parenthood affiliate louis however admitted times asked siren wasn didn alarm people facility already dropped procedure missouri eric greitens republican special legislative session june focus protecting women health abortion facilities supporting life pregnancy centers frequently attacked abortion industry allies media government governor proposals improved health safety patients line endorse kogut regrettably governor seems interested creating additional unnecessary restrictions against abortion providers patients however planned parenthood abortion lobby persistently condemned laws require abortion clinics maintain health safety standards outpatient surgical facilities claiming interfere women abortion life organization live action reported june woman transported ambulance louis planned parenthood weeks average 2009 report continues louis planned parenthood received multiple statement deficiency reports state health inspectors half violations related failure provide safe sanitary environment january live action news reported inspections took place 2009 2013 2015 2016 percent incidents occurred 2016 proposed provision targeting ambulance calls part larger bill specifically addresses abortion issues following approval abortion sanctuary louis greitens discriminates against pregnancy centers ordinance enacted february essentially extends protected class status individual advocates abortion states thomas society filed lawsuit against city violating amendment rights faith groups others life pregnancy centers sarah pitlyk thomas society special counsel explained ordinance ramifications city taken protections typically granted prevent discrimination race religion disability applied expect reproductive health decisions reproductive health decisions overbroad include decision related contraceptive abortion therefore force nonprofit organizations lady whose mission promote facilitate abortion alternatives hire abortion advocates despite opposition ministry reason existence facebook video announcing special legislative session greitens city louis pregnancy care centers attack city making louis abortion sanctuary city pregnancy care centers work supposed politicians trying illegal example life organizations hire life missourians senate bill address session failed calling special session support people doing vital work help women children believe common sense health safety standards medical facilities court decision earlier weakened state health standards abortion clinics proposing basic common sense standards keep missourians safe proposing example abortion clinics annual safety inspection proposing clinics plan complications proposing stop abortion clinics interfering emergency responders woman needs help abortion clinics shouldn able tell ambulance slowly lights sirens gate worried ambulance arriving abortion clinic look greitens recently liberal media reporting fake news conservative views abortion contraception liberal media spreading lies conservatives missouri literally fake news watch twitter bi7pcq7j40 eric greitens ericgreitens july 2017 retired navy seal commanded qaeda targeting team fallujah 2007 greitens tweeted late week liberal media spreading lies conservatives missouri literally fake news greitens accompanying video show liberal media reported newsweek headline birth control cause missouri women lose jobs housing feministing wrote missouri votes employers fire people birth control francisco gate missouri lawmakers landlords able evict tenants having abortion getting pregnant unmarried simply using birth control thing percent false actual fake news thing asked newsweek read bill report erroneously reported bustle associated press feministing birth control cause missouri women lose jobs housing https n51r3ijeab twitter y8rsixk45i newsweek newsweek june 2017 missouri bill step backwards reproductive rights https lyrxzzicua allure allure_magazine june 2017 greitens raised truman democrat breitbart news reported july 2016 though mainstream media applauded commencement address tufts university 2012 entered 2016 gubernatorial race missouri republican media tide turned against national life leaders praising missouri governor greitens administration recently moved enforce longstanding requiring abortion businesses report abortion emergencies resulting women removed facility ambulance susan anthony list president marjorie dannenfelser local life activists louis observed women taken away ambulance least times 2009 clearly greitens understands urgency lives women children line urge state legislature address matters quickly susan klein legislative liaison missouri life referred measure life saving bill protect women unborn babies reaffirm religious liberties pregnancy resource centers faith communities denominations forced participate abortion bills failed pass regular session greitens stepped forward bring passage life majorities house senate klein added look forward working governor greitens legislature special call session","url":"https://www.breitbart.com/politics/2017/07/10/abortion-industry-slams-bill-targeting-ambulance-calls-clinics/","polarityScore":{"sourceTitle":"Breitbart News","allSidesBias":"right","communityAgree":"11345","communityDisagree":"6286","sourceUrl":"http://www.breitbart.com/ "},"processedText":["abortion","industry","condemning","missouri","bill","criminal","offense","abortion","clinic","workers","interfere","emergency","medical","assistance","abortions","result","serious","medical","problems","patients","bill","possibly","kind","nation","misdemeanor","punishable","prison","fine","abortion","clinic","staff","special","requests","emergency","assistance","requesting","ambulances","arrive","without","sirens","lights","avoid","drawing","attention","emergency","repeatedly","railed","against","protecting","women","discrimination","choices","https","naral","naral","july","2017","language","nothing","health","safety","women","alison","executive","director","naral","choice","missouri","friday","associated","press","everything","trying","trap","providers","trip","shut","down","clinics","mary","president","planned","parenthood","affiliate","louis","however","admitted","times","asked","siren","wasn","didn","alarm","people","facility","already","dropped","procedure","missouri","eric","greitens","republican","special","legislative","session","june","focus","protecting","women","health","abortion","facilities","supporting","life","pregnancy","centers","frequently","attacked","abortion","industry","allies","media","government","governor","proposals","improved","health","safety","patients","line","endorse","regrettably","governor","seems","interested","creating","additional","unnecessary","restrictions","against","abortion","providers","patients","however","planned","parenthood","abortion","lobby","persistently","condemned","laws","require","abortion","clinics","maintain","health","safety","standards","outpatient","surgical","facilities","claiming","interfere","women","abortion","life","organization","live","action","reported","june","woman","transported","ambulance","louis","planned","parenthood","weeks","average","2009","report","continues","louis","planned","parenthood","received","multiple","statement","deficiency","reports","state","health","inspectors","half","violations","related","failure","provide","safe","environment","january","live","action","news","reported","inspections","took","place","2009","2013","2015","2016","percent","incidents","occurred","2016","proposed","provision","targeting","ambulance","calls","part","larger","bill","specifically","addresses","abortion","issues","following","approval","abortion","sanctuary","louis","greitens","discriminates","against","pregnancy","centers","ordinance","enacted","february","essentially","extends","protected","class","status","individual","advocates","abortion","states","thomas","society","filed","lawsuit","against","city","violating","amendment","rights","faith","groups","others","life","pregnancy","centers","sarah","thomas","society","special","counsel","explained","ordinance","ramifications","city","taken","protections","typically","granted","prevent","discrimination","race","religion","disability","applied","expect","reproductive","health","decisions","reproductive","health","decisions","include","decision","related","abortion","therefore","force","nonprofit","organizations","lady","whose","mission","promote","facilitate","abortion","alternatives","hire","abortion","advocates","despite","opposition","ministry","reason","existence","facebook","video","announcing","special","legislative","session","greitens","city","louis","pregnancy","care","centers","attack","city","making","louis","abortion","sanctuary","city","pregnancy","care","centers","work","supposed","politicians","trying","illegal","example","life","organizations","hire","life","senate","bill","address","session","failed","calling","special","session","support","people","doing","vital","work","help","women","children","believe","common","sense","health","safety","standards","medical","facilities","court","decision","earlier","weakened","state","health","standards","abortion","clinics","proposing","basic","common","sense","standards","keep","safe","proposing","example","abortion","clinics","annual","safety","inspection","proposing","clinics","plan","complications","proposing","stop","abortion","clinics","interfering","emergency","responders","woman","needs","help","abortion","clinics","shouldn","able","tell","ambulance","slowly","lights","sirens","gate","worried","ambulance","arriving","abortion","clinic","look","greitens","recently","liberal","media","reporting","fake","news","conservative","views","abortion","contraception","liberal","media","spreading","lies","conservatives","missouri","literally","fake","news","watch","twitter","eric","greitens","july","2017","retired","navy","seal","commanded","qaeda","targeting","team","2007","greitens","tweeted","late","week","liberal","media","spreading","lies","conservatives","missouri","literally","fake","news","greitens","accompanying","video","show","liberal","media","reported","newsweek","headline","birth","control","cause","missouri","women","lose","jobs","housing","wrote","missouri","votes","employers","fire","people","birth","control","francisco","gate","missouri","lawmakers","landlords","able","tenants","having","abortion","getting","pregnant","unmarried","simply","using","birth","control","thing","percent","false","actual","fake","news","thing","asked","newsweek","read","bill","report","erroneously","reported","bustle","associated","press","birth","control","cause","missouri","women","lose","jobs","housing","https","twitter","newsweek","newsweek","june","2017","missouri","bill","step","backwards","reproductive","rights","https","allure","june","2017","greitens","raised","truman","democrat","breitbart","news","reported","july","2016","though","mainstream","media","applauded","commencement","address","tufts","university","2012","entered","2016","gubernatorial","race","missouri","republican","media","tide","turned","against","national","life","leaders","praising","missouri","governor","greitens","administration","recently","moved","enforce","longstanding","requiring","abortion","businesses","report","abortion","emergencies","resulting","women","removed","facility","ambulance","susan","anthony","list","president","marjorie","local","life","activists","louis","observed","women","taken","away","ambulance","least","times","2009","clearly","greitens","understands","urgency","lives","women","children","line","urge","state","legislature","address","matters","quickly","susan","klein","legislative","liaison","missouri","life","referred","measure","life","saving","bill","protect","women","unborn","babies","reaffirm","religious","liberties","pregnancy","resource","centers","faith","communities","denominations","forced","participate","abortion","bills","failed","pass","regular","session","greitens","stepped","forward","bring","passage","life","majorities","house","senate","klein","added","look","forward","working","governor","greitens","legislature","special","call","session"]}
