{"authors":[],"date_download":"2018-11-02 16:45:37","date_modify":"2018-11-02 16:45:37","date_publish":"2017-07-21 17:37:00","description":"Five weeks from the opening of Mercedes-Benz Stadium, the Falcons say they have slightly less than 6...","filename":"About6000PSLsremainforsaleasFalconsseasonnears_342.json","image_url":"https://www.ajc.com/rf/image_large/Pub/p8/AJC/2017/07/21/Videos/4136465.vpx.jpg","language":"en","localpath":"About6000PSLsremainforsaleasFalconsseasonnears_342.json","title":"About 6,000 PSLs remain for sale as Falcons season nears","title_page":"About 6,000 PSLs remain for sale as Falcons season nears","title_rss":"NULL","source_domain":"ajc.com","text":"five weeks opening mercedes benz stadium falcons slightly less personal seat licenses sell michael drake falcons senior vice president chief revenue officer expressed confidence psls sell single game tickets available purchase directly team season drake thursday seat licenses sold generating million revenue included club seats million club seats million psls fees required purchase falcons season tickets billion plus stadium license fees range seat season tickets available without falcons beginning seat license sales january 2015 goal sell stadium season tickets meaning single game tickets sellers often inflated secondary market falcons sales seemed challenging times sales surged team super bowl season remained steady recent months mercedes benz stadium opens falcons arizona cardinals exhibition game falcons regular season home opener sept against green packers thing wild drake percent sold remaining percent suspect sell seats week next eight weeks probably closer week early september preseason games finished probably regular season home game although stadium seating capacity falcons games approximately seats excluded program suites sponsorship deals aside players families visiting team officials group sales community organizations purposes leaves seats require psls based current sales figures roughly available sale perhaps slightly less depending seats allotted sale community groups asked falcons seats inventory sell season tickets regular season home opener drake remaining inventory shocking rate trend seeing plan sell guess group inventory individuals single game tickets able team downside having forced secondary market purchase holder posting ticket market fans buying single game tickets team currently available seat licenses include lower bowl club seats zone seats upper level corner seats drake revenue seat license sales toward cost building million square foot stadium addition seat license fees falcons season ticket prices range game","url":"https://www.ajc.com/sports/football/about-000-psls-remain-for-sale-falcons-season-nears/QdMp27ywUsTuswL0MUqhLK/","polarityScore":{"sourceTitle":"Atlanta Journal-Constitution","allSidesBias":"left-center","communityAgree":"561","communityDisagree":"580","sourceUrl":"http://www.ajc.com/ "},"processedText":["five","weeks","opening","mercedes","benz","stadium","falcons","slightly","less","personal","seat","licenses","sell","michael","drake","falcons","senior","vice","president","chief","revenue","officer","expressed","confidence","sell","single","game","tickets","available","purchase","directly","team","season","drake","thursday","seat","licenses","sold","generating","million","revenue","included","club","seats","million","club","seats","million","fees","required","purchase","falcons","season","tickets","billion","plus","stadium","license","fees","range","seat","season","tickets","available","without","falcons","beginning","seat","license","sales","january","2015","goal","sell","stadium","season","tickets","meaning","single","game","tickets","sellers","often","inflated","secondary","market","falcons","sales","seemed","challenging","times","sales","surged","team","super","bowl","season","remained","steady","recent","months","mercedes","benz","stadium","opens","falcons","arizona","cardinals","exhibition","game","falcons","regular","season","home","opener","sept","against","green","packers","thing","wild","drake","percent","sold","remaining","percent","suspect","sell","seats","week","next","eight","weeks","probably","closer","week","early","september","preseason","games","finished","probably","regular","season","home","game","although","stadium","seating","capacity","falcons","games","approximately","seats","excluded","program","suites","sponsorship","deals","aside","players","families","visiting","team","officials","group","sales","community","organizations","purposes","leaves","seats","require","based","current","sales","figures","roughly","available","sale","perhaps","slightly","less","depending","seats","allotted","sale","community","groups","asked","falcons","seats","inventory","sell","season","tickets","regular","season","home","opener","drake","remaining","inventory","shocking","rate","trend","seeing","plan","sell","guess","group","inventory","individuals","single","game","tickets","able","team","downside","having","forced","secondary","market","purchase","holder","posting","ticket","market","fans","buying","single","game","tickets","team","currently","available","seat","licenses","include","lower","bowl","club","seats","zone","seats","upper","level","corner","seats","drake","revenue","seat","license","sales","toward","cost","building","million","square","foot","stadium","addition","seat","license","fees","falcons","season","ticket","prices","range","game"]}
