{"authors":[],"date_download":"2018-11-02 20:41:34","date_modify":"2018-11-02 20:41:34","date_publish":"2017-07-19 01:30:10","description":null,"filename":"AboutThoseTrumpSupporters_344.json","image_url":"https://39uhx2trii4zt1im-zippykid.netdna-ssl.com/wp-content/uploads/2017/07/Donald_Trump_27150816364.jpg","language":"en","localpath":"AboutThoseTrumpSupporters_344.json","title":"About Those Trump Supporters","title_page":"About Those Trump SupportersThe American Spectator","title_rss":"NULL","source_domain":"spectator.org","text":"millions americans held hostage leftist liberal media platforms living shadows society watched incomes flat line factories professions shut down mocked faiths ridiculed beliefs constantly good goose good gander pushed hard collectively screamed hell aren anymore fateful november americans didn necessarily vote president voted rescued captivity media polls whatever metric political savants understand loyalty trump supporters rescuer realize hostage takers seen decades americans shouldn value noncompliance meant loss jobs along copious amounts ridicule endure watching celebrities railing against second amendment rights celebs themselves protected second amendment seeing espouse hatred capitalism getting rich hatred reveals hypocrisy levels seen promised bill goods quickly learned goods third value absolutely worthless media correct trump supporters give damn hell free does media meeting bother president middle name joseph joseph soon become popular baby name president shoot someone course joking left media sadly trumpers revealed frauds lowest esteem systematically destroying figuratively shooting decimating values beliefs actual wars fought label brand poll brow beat scoff trump supporter anymore punishing addict exactly punish someone doing ultimate punishment funny thing idea either trump supporter wild group people shapes genders sizes religions whatever category left neatly separate society trump supporters give damn meeting tweet whatever hell else convinced yourselves matter rest care care families communities livelihoods care people killed america care devastations opioid epidemic real plague consider greatest country endowed almighty perhaps biggest value care freedom thing stole biggest thing president given trump supporter trump supporter does empty shell fighting floundering belief system fighting remain relevant fighting continue keep shackles tormented frighten news longer working millions americans free freedom sights chose helped escape trump supporters freedom word word sticking keeping promise give figure","url":"https://spectator.org/about-those-trump-supporters/","polarityScore":{"sourceTitle":"American Spectator","allSidesBias":"right","communityAgree":"4485","communityDisagree":"1883","sourceUrl":"http://spectator.org/ "},"processedText":["millions","americans","held","hostage","leftist","liberal","media","platforms","living","shadows","society","watched","incomes","flat","line","factories","professions","shut","down","mocked","faiths","ridiculed","beliefs","constantly","good","goose","good","pushed","hard","collectively","screamed","hell","aren","anymore","fateful","november","americans","didn","necessarily","vote","president","voted","rescued","captivity","media","polls","whatever","metric","political","understand","loyalty","trump","supporters","realize","hostage","takers","seen","decades","americans","shouldn","value","noncompliance","meant","loss","jobs","along","copious","amounts","ridicule","endure","watching","celebrities","railing","against","second","amendment","rights","celebs","themselves","protected","second","amendment","seeing","espouse","hatred","capitalism","getting","rich","hatred","reveals","hypocrisy","levels","seen","promised","bill","goods","quickly","learned","goods","third","value","absolutely","worthless","media","correct","trump","supporters","give","damn","hell","free","does","media","meeting","bother","president","middle","name","joseph","joseph","soon","become","popular","baby","name","president","shoot","someone","course","joking","left","media","sadly","trumpers","revealed","frauds","lowest","esteem","systematically","destroying","figuratively","shooting","values","beliefs","actual","wars","fought","label","brand","poll","brow","beat","scoff","trump","supporter","anymore","punishing","addict","exactly","punish","someone","doing","ultimate","punishment","funny","thing","idea","either","trump","supporter","wild","group","people","shapes","genders","sizes","religions","whatever","category","left","neatly","separate","society","trump","supporters","give","damn","meeting","tweet","whatever","hell","else","convinced","yourselves","matter","rest","care","care","families","communities","livelihoods","care","people","killed","america","care","opioid","epidemic","real","plague","consider","greatest","country","endowed","almighty","perhaps","biggest","value","care","freedom","thing","stole","biggest","thing","president","given","trump","supporter","trump","supporter","does","empty","shell","fighting","floundering","belief","system","fighting","remain","relevant","fighting","continue","keep","tormented","news","longer","working","millions","americans","free","freedom","sights","chose","helped","escape","trump","supporters","freedom","word","word","sticking","keeping","promise","give","figure"]}
