{"authors":[],"date_download":"2018-11-01 23:26:48","date_modify":"2018-11-01 23:26:48","date_publish":"2017-11-04 00:05:29","description":null,"filename":"AbrahamLincolnandtheSJWs_345.json","image_url":"https://39uhx2trii4zt1im-zippykid.netdna-ssl.com/wp-content/uploads/2017/11/Execution_of_Dakota_Indians_Mankato_Minnesota.jpg","language":"en","localpath":"AbrahamLincolnandtheSJWs_345.json","title":"Abraham Lincoln and the SJWs","title_page":"Abraham Lincoln and the SJWsThe American Spectator","title_rss":"NULL","source_domain":"spectator.org","text":"knew happen eventually social justice warriors having spent fury monuments confederacy gone search targets university wisconsin madison sights america sixteenth president abraham lincoln associated students madison plaque placed statue acknowledging katrina morrison lincoln brutality toward indigenous peoples alleged brutality involves lincoln role suppression uprising sioux indians minnesota summer fall 1862 aftermath uprising military tribunal issued death sentences sioux aftermath lincoln ordered careful investigation tribunals found massive irregularities carefully distinguished sioux engaged battles against soldiers militia perpetrated massacres against unarmed civilians committed rape despite enormous public pressure lincoln commuted sentences pardoned others minute largest mass execution american history nation greatest acts clemency facts acknowledged chancellor rebecca blank statement refusing acquiesce demands unlikely satisfy sjws thus presented spectacle activists against confederacy turning fight regime erase injustice upon founded american history paid life progression entirely logical started attacking confederate statutes soft targets rightfully admires bravery tenacity skill confederate soldiers indisputable cause served monstrous injustice decent dilemma sjws tactics inspired decent people defend statues side evil regime grant moral authority social justice warriors confederate monuments simply entering wedge campaign purify american society twenty sioux uprising lincoln warned dangers kind reformism february 1842 delivered address temperance society springfield illinois contrasting different kinds reformers prudent compassionate reasonable reformer hand crusading radical lincoln crusading radical someone convinced moral purity superiority consumed hatred anything meet standards radical without sympathy normal human failings people believing utterly incorrigible worthy purgation society benefit morally pure rather labor earnestly bring meaningful improvement prefers simply denounce everything everyone fails measure eyes lincoln radical abolitionists condemned slaveholders vilest language burned copies constitution publicly declared desire rend union escape taint association slavery slaveholders improve slaves reform slaveholders unclear refused participate politics denying themselves weapon effect meaningful change part system believed hopelessly corrupt lest corrupt leftist social justice warriors supremely confident moral superiority denounce everything everyone familiar litany sins racism sexism heterosexism cisgenderism patriarchy white supremacy colonialism declare definition americans european ancestry guilty sins demand total purification society sins willing harass intimidate threaten physically harm anyone resists kind radicalism discussion reasoning unconditional submission impure rule pure acceptable outcome massive danger kind reformism tyrannical impulse lurks beneath great monsters modern history robespierre lenin stalin hitler khomeini possessed kind reforming spirit lincoln describes sought remake world image free perceived impurities utterly ruthless relentless indifferent suffering others pursuit goal attack abraham lincoln reveals mortal danger justice civilization posed modern radical left radicalism social justice warriors inherently tyrannical encapsulated name famous groups means necessary kevin portteus lawrence fertig chair associate professor politics director american studies hillsdale college","url":"https://spectator.org/abraham-lincoln-and-the-sjws/","polarityScore":{"sourceTitle":"American Spectator","allSidesBias":"right","communityAgree":"4485","communityDisagree":"1883","sourceUrl":"http://spectator.org/ "},"processedText":["knew","happen","eventually","social","justice","warriors","having","spent","fury","monuments","confederacy","gone","search","targets","university","wisconsin","madison","sights","america","president","abraham","lincoln","associated","students","madison","plaque","placed","statue","acknowledging","katrina","morrison","lincoln","brutality","toward","indigenous","peoples","alleged","brutality","involves","lincoln","role","suppression","uprising","sioux","indians","minnesota","summer","fall","1862","aftermath","uprising","military","tribunal","issued","death","sentences","sioux","aftermath","lincoln","ordered","careful","investigation","found","massive","irregularities","carefully","distinguished","sioux","engaged","battles","against","soldiers","militia","perpetrated","massacres","against","unarmed","civilians","committed","rape","despite","enormous","public","pressure","lincoln","sentences","pardoned","others","minute","largest","mass","execution","american","history","nation","greatest","acts","clemency","facts","acknowledged","chancellor","rebecca","blank","statement","refusing","demands","unlikely","satisfy","thus","presented","spectacle","activists","against","confederacy","turning","fight","regime","erase","injustice","upon","founded","american","history","paid","life","progression","entirely","logical","started","attacking","confederate","statutes","soft","targets","rightfully","admires","bravery","tenacity","skill","confederate","soldiers","cause","served","monstrous","injustice","decent","dilemma","tactics","inspired","decent","people","defend","statues","side","evil","regime","grant","moral","authority","social","justice","warriors","confederate","monuments","simply","entering","wedge","campaign","american","society","twenty","sioux","uprising","lincoln","warned","dangers","kind","february","delivered","address","society","springfield","illinois","contrasting","different","kinds","reformers","prudent","compassionate","reasonable","reformer","hand","radical","lincoln","radical","someone","convinced","moral","purity","superiority","consumed","hatred","anything","meet","standards","radical","without","sympathy","normal","human","failings","people","believing","utterly","worthy","society","benefit","morally","pure","rather","labor","bring","meaningful","improvement","prefers","simply","denounce","everything","everyone","fails","measure","eyes","lincoln","radical","condemned","slaveholders","language","burned","copies","constitution","publicly","declared","desire","union","escape","association","slavery","slaveholders","improve","slaves","reform","slaveholders","unclear","refused","participate","politics","denying","themselves","weapon","effect","meaningful","change","part","system","believed","hopelessly","corrupt","lest","corrupt","leftist","social","justice","warriors","supremely","confident","moral","superiority","denounce","everything","everyone","familiar","litany","sins","racism","sexism","patriarchy","white","supremacy","colonialism","declare","definition","americans","european","ancestry","guilty","sins","demand","total","society","sins","willing","harass","intimidate","threaten","physically","harm","anyone","resists","kind","radicalism","discussion","reasoning","unconditional","submission","rule","pure","acceptable","outcome","massive","danger","kind","tyrannical","impulse","beneath","great","monsters","modern","history","robespierre","lenin","stalin","hitler","khomeini","possessed","kind","reforming","spirit","lincoln","describes","sought","remake","world","image","free","perceived","utterly","ruthless","relentless","indifferent","suffering","others","pursuit","goal","attack","abraham","lincoln","reveals","mortal","danger","justice","civilization","posed","modern","radical","left","radicalism","social","justice","warriors","inherently","tyrannical","name","famous","groups","means","necessary","kevin","lawrence","chair","associate","professor","politics","director","american","studies","hillsdale","college"]}
