{"authors":["Eugene L. Meyer"],"date_download":"2018-10-21 03:16:25","date_modify":"2018-10-21 03:16:25","date_publish":"2018-10-19 20:21:07","description":"The Lyttonsville bridge is passing into history.","filename":"Abridgeoverapainfulpast_347.json","image_url":"https://www.washingtonpost.com/resizer/Yln-xpic1L3Eo7cCXQVYOqO33hU=/1484x0/arc-anglerfish-washpost-prod-washpost.s3.amazonaws.com/public/M5DOKPEAHMI6NFLYKWGMCJOHXI.jpg","language":"en","localpath":"Abridgeoverapainfulpast_347.json","title":"A bridge over a painful past","title_page":"A bridge over a painful past - The Washington Post","title_rss":"NULL","source_domain":"washingtonpost.com","text":"eugene meyer former post reporter editor author five freedom african american soldiers john brown army residents gathered month rickety wooden bridge train tracks celebrate bridge centennial demolition generations tracks divided black lyttonsville white north woodside within unincorporated suburb silver spring worlds apart talbot avenue bridge linked residents historic african american community work domestic help shop food century constructed lane bridge deemed structurally unsafe cars banned struggle plans emerged replace safer lane version included pedestrian path work begin next bridge passing history stark symbol segregation limited passage opportunity silver spring today multicultural suburb abutting district within living memory unwelcoming blacks white resident 1967 judith viorst writing washingtonian magazine nice colored history known today maryland suburbs painful truths commemoration recalled older black residents recited younger white president north woodside montgomery hills neighborhood association david bridges powerful symbols often symbols good progress symbols division barriers bridge bridge read 1923 north woodside deed purposes sanitation health buyers shall sell lease land anyone race whose death rate higher white race crossing bridge took neighborhoods excluded demeaned discriminated against allowed live except servants racial covenants pervasive throughout silver spring noted outlawed attitudes persisted sorry tearing matter menial degrading jobs african americans deferential white domestic employers lyttonsville across tracks hard work area respect recalled charlotte coffield lifelong lyttonsville resident founded 1853 lyttonsville named samuel lytton free color owned tract children attended nearby room linden school potbellied stove heat hand down books study indoor plumbing outdoor toilet films shown school african americans barred silver spring movie theaters 1955 black school wasn integrated simply torn down until late 1960s lyttonsville roads dirt gravel community lacked indoor plumbing water nearby spring spigot brookville road users paying annual fees washington suburban sanitary commission redevelopment 1968 streets paved homes demolished replaced modular houses residents stayed returned others neighborhood homes integrated core original black residents remains among tyson retired state department employee bridge centennial event path struggle courage confidence love life work together tracks divided communities added bridge brought together talbot avenue bridge closed 1996 reopened protests north woodside residents reopens bigger better sides happily accord existence centennial ceremony attended upward people notable effort truth reconciliation path communities south including border states maryland follow battle lines drawn confederate memorials understated talbot avenue bridge less symbol robert statue charlottesville though readily apparent casual viewers constant prayer coffield divided communities history today world look celebration united step future","url":"https://www.washingtonpost.com/opinions/a-bridge-over-a-painful-past/2018/10/19/87f738a6-ce39-11e8-920f-dd52e1ae4570_story.html","polarityScore":{"sourceTitle":"Washington Post","allSidesBias":"left-center","communityAgree":"21425","communityDisagree":"12735","sourceUrl":"http://www.washingtonpost.com/regional "},"processedText":["eugene","meyer","former","post","reporter","editor","author","five","freedom","african","american","soldiers","john","brown","army","residents","gathered","month","wooden","bridge","train","tracks","celebrate","bridge","centennial","demolition","generations","tracks","divided","black","white","north","within","unincorporated","suburb","silver","spring","worlds","apart","talbot","avenue","bridge","linked","residents","historic","african","american","community","work","domestic","help","shop","food","century","constructed","lane","bridge","deemed","unsafe","cars","banned","struggle","plans","emerged","replace","safer","lane","version","included","pedestrian","path","work","begin","next","bridge","passing","history","stark","symbol","segregation","limited","passage","opportunity","silver","spring","today","multicultural","suburb","district","within","living","memory","blacks","white","resident","1967","judith","writing","magazine","nice","colored","history","known","today","maryland","suburbs","painful","truths","commemoration","recalled","older","black","residents","younger","white","president","north","montgomery","hills","neighborhood","association","david","bridges","powerful","symbols","often","symbols","good","progress","symbols","division","barriers","bridge","bridge","read","north","deed","purposes","sanitation","health","buyers","shall","sell","lease","land","anyone","race","whose","death","rate","higher","white","race","crossing","bridge","took","neighborhoods","excluded","discriminated","against","allowed","live","except","servants","racial","pervasive","throughout","silver","spring","noted","outlawed","attitudes","persisted","sorry","tearing","matter","degrading","jobs","african","americans","white","domestic","employers","across","tracks","hard","work","area","respect","recalled","charlotte","lifelong","resident","founded","named","samuel","free","color","owned","children","attended","nearby","room","school","stove","heat","hand","down","books","study","indoor","outdoor","toilet","films","shown","school","african","americans","barred","silver","spring","movie","theaters","1955","black","school","wasn","integrated","simply","torn","down","until","late","1960s","roads","dirt","gravel","community","lacked","indoor","water","nearby","spring","road","users","paying","annual","fees","washington","suburban","commission","redevelopment","1968","streets","paved","homes","demolished","replaced","houses","residents","stayed","returned","others","neighborhood","homes","integrated","core","original","black","residents","remains","among","tyson","retired","state","department","employee","bridge","centennial","event","path","struggle","courage","confidence","love","life","work","together","tracks","divided","communities","added","bridge","brought","together","talbot","avenue","bridge","closed","1996","reopened","protests","north","residents","bigger","better","sides","happily","accord","existence","centennial","ceremony","attended","upward","people","notable","effort","truth","reconciliation","path","communities","south","including","border","states","maryland","follow","battle","lines","drawn","confederate","memorials","understated","talbot","avenue","bridge","less","symbol","robert","statue","charlottesville","though","readily","apparent","casual","viewers","constant","prayer","divided","communities","history","today","world","look","celebration","united","step","future"]}
