{"authors":["Gary Gerard Hamilton"],"date_download":"2018-10-21 02:47:37","date_modify":"2018-10-21 02:47:37","date_publish":"2018-10-16 15:22:36","description":"After decades away from music, Steve Perry is back","filename":"AbrokenheartreignitesStevePerrysloveformusic_350.json","image_url":"https://www.washingtonpost.com/resizer/2CjPNwqvXHPS_2RpuRTKY-p3eVo=/1484x0/www.washingtonpost.com/pb/resources/img/twp-social-share.png","language":"en","localpath":"AbrokenheartreignitesStevePerrysloveformusic_350.json","title":"A broken heart reignites Steve Perry’s love for music","title_page":"A broken heart reignites Steve Perry’s love for music - The Washington Post","title_rss":"NULL","source_domain":"washingtonpost.com","text":"2018 photo shows singer steve perry posing portrait york promote traces album almost photo brian invision associated press york steve perry left journey didn sing anyone songs shower humming tunes radio private concerts family friends burnt despite owning powerful voices rock roll misstep relationship forced give impromptu performance albeit hiking mountains perry recalled recent interview associated press doghouse girlfriend begging forgiveness gave ultimatum sing haven done wanting salvage relationship asked request open arms started singing done okay taken hook girlfriend kellie nash reason released album almost traces debuted billboard albums week surprising return whose disappearance music scene seemed lasting music decades perry refused music journey inducted rock roll hall fame perry declined sing band performed stop believin nash breast cancer promise anything happened further shell died honored wish surprise perry found passion music heart complete until completely broken telling heart completely broken open open emotion whether rock song song loss break song album having open heart left music scene matter loss love music performing work perry loved performing wearing loved writing music recording music arranging music coming melody ideas thought memorable weren coming anymore ones coming didn feel good mind stop solution walk away didn miss perry laughs didn miss uncomfortable realize doing trying singing myself wasn feeling feeling miss kellie nash inspire return perry kellie girl fighting life stage cancer screen hanging director patty jenkins patty jenkins doing show five lifetime network scenes asked patty kellie nash psychologist thing fighting life moment decided maybe idea heart ahead send email went dinner hours together inseparable wanted together fulfilled promise kellie reignited something music works tour perry next phase confront live shows gonna talking uncle steve spring chicken figure journey fans possibility perform perry tell doing life sustaining passion took find didn kinda certain protective reverence upset applecart creative juices fragile doing moving forward direction excited continue hear journey music memories mind perry total recall memory bank haunt living expletive laughs unfortunately does spark memories good great nice able hear music outside looking cause forever inside looking together struggles paintings wall able finally look painting wall outside copyright 2018 associated press rights reserved material published broadcast rewritten redistributed","url":"https://www.washingtonpost.com/entertainment/music/a-broken-heart-reignites-steve-perrys-love-for-music/2018/10/16/4f282e2e-d157-11e8-a4db-184311d27129_story.html","polarityScore":{"sourceTitle":"Washington Post","allSidesBias":"left-center","communityAgree":"21425","communityDisagree":"12735","sourceUrl":"http://www.washingtonpost.com/regional "},"processedText":["2018","photo","shows","singer","steve","perry","posing","portrait","york","promote","traces","album","almost","photo","brian","invision","associated","press","york","steve","perry","left","journey","didn","sing","anyone","songs","shower","tunes","radio","private","concerts","family","friends","burnt","despite","owning","powerful","voices","rock","roll","relationship","forced","give","impromptu","performance","albeit","hiking","mountains","perry","recalled","recent","interview","associated","press","girlfriend","begging","forgiveness","gave","ultimatum","sing","haven","done","wanting","salvage","relationship","asked","request","open","arms","started","singing","done","okay","taken","hook","girlfriend","nash","reason","released","album","almost","traces","debuted","billboard","albums","week","surprising","return","whose","disappearance","music","scene","seemed","lasting","music","decades","perry","refused","music","journey","inducted","rock","roll","hall","fame","perry","declined","sing","band","performed","stop","nash","breast","cancer","promise","anything","happened","further","shell","died","honored","wish","surprise","perry","found","passion","music","heart","complete","until","completely","broken","telling","heart","completely","broken","open","open","emotion","whether","rock","song","song","loss","break","song","album","having","open","heart","left","music","scene","matter","loss","love","music","performing","work","perry","loved","performing","wearing","loved","writing","music","recording","music","arranging","music","coming","melody","ideas","thought","memorable","weren","coming","anymore","ones","coming","didn","feel","good","mind","stop","solution","walk","away","didn","miss","perry","laughs","didn","miss","uncomfortable","realize","doing","trying","singing","myself","wasn","feeling","feeling","miss","nash","inspire","return","perry","girl","fighting","life","stage","cancer","screen","hanging","director","patty","jenkins","patty","jenkins","doing","show","five","lifetime","network","scenes","asked","patty","nash","psychologist","thing","fighting","life","moment","decided","maybe","idea","heart","ahead","send","email","went","dinner","hours","together","inseparable","wanted","together","fulfilled","promise","something","music","works","tour","perry","next","phase","confront","live","shows","gonna","talking","uncle","steve","spring","chicken","figure","journey","fans","possibility","perform","perry","tell","doing","life","sustaining","passion","took","find","didn","kinda","certain","protective","reverence","upset","creative","juices","fragile","doing","moving","forward","direction","excited","continue","hear","journey","music","memories","mind","perry","total","recall","memory","bank","haunt","living","expletive","laughs","unfortunately","does","spark","memories","good","great","nice","able","hear","music","outside","looking","cause","forever","inside","looking","together","struggles","paintings","wall","able","finally","look","painting","wall","outside","copyright","2018","associated","press","rights","reserved","material","published","broadcast","rewritten","redistributed"]}
