{"authors":[],"date_download":"2018-11-01 22:19:21","date_modify":"2018-11-01 22:19:21","date_publish":"2017-12-15 00:05:49","description":null,"filename":"ABrutalWesternWithaHeart_351.json","image_url":"https://39uhx2trii4zt1im-zippykid.netdna-ssl.com/wp-content/uploads/2017/12/Pike.jpg","language":"en","localpath":"ABrutalWesternWithaHeart_351.json","title":"A Brutal Western With a Heart","title_page":"A Brutal Western With a HeartThe American Spectator","title_rss":"NULL","source_domain":"spectator.org","text":"good actors show terrible films leisure seeker example great helen mirren works sublimely script resulting senior citizen comedy utterly unwatchable actors sometimes show good films rare appealing modestly talented diesel excellent guardians galaxy match great actor screenplay director camera composer supporting cast unusual happens note christian bale hostiles match written directed scott cooper story kept mesmerized weeks bale army captain joseph blocker gorgeous wide shot silently supporting newly widowed rosalie quaid played rosamund pike buries young children bare hands frozen hilltop sundown 1892 native americans slaughtered quaid family joseph team young soldiers transport imprisoned severely indian chief birth place montana happen upon traumatized woman native tribe viciously attacked home layers complications moment alone written acted bale pike deserve recognition award season begun grief hill realize uncommon moments talent story meet hope oscar voters recognize bale plays rugged scrappy captain revered heroism cynical everything seen western frontier disdain savage natives runs deep assignment forces transport shackled cheyenne chief family hostile territory tribal land bale character reluctant honor order rides stunning emptiness american west cooper cinematographer masanobu takayanagi deserves kudos shot best films silver linings playbook spotlight does creating intimacy screen filming vastness america haunting music composed richter mood lines true precision acting frontier story profound frontier feel soon joseph crew find woman embodied pike shown talent films jack reacher gone girl shines making feel loss family explosion wild violence love film cooper shows blood gore truth violence sparingly enough shudder turn away disgust imprisoned chief yellow hawk played tender toughness always good study dances wolves travels joseph crew chief manages change blocker gradually helps white soldiers battle comanche indians attacked quaid family film suggest joseph good neither chief noble savage characters layered story gets deeper halfway joseph given assignment escort private philip wills foster final resting place hanged unspoken crime conversations joseph philip learn history learn good joseph dark cooper likes violence heroic male stories strong narrative earlier crazy heart furnace overlooked alas worked thought combined film takes combination further violence brutal life film allows changes heart unusual alliances friendships white captain indian prisoner build true trust film dwells idea harmony incidentally capacity forgiveness bloodshed bale pike west rest cast bring subtlety inhospitable essence land traverse film hours heard complaints length slow pace hostiles film longer watching bale horse unloading pistols hostiles later shaking hand found friendship sight moving ending alone glad hostiles rated playing angeles york open nationwide december","url":"https://spectator.org/a-brutal-western-with-a-heart/","polarityScore":{"sourceTitle":"American Spectator","allSidesBias":"right","communityAgree":"4485","communityDisagree":"1883","sourceUrl":"http://spectator.org/ "},"processedText":["good","actors","show","terrible","films","leisure","seeker","example","great","helen","works","script","resulting","senior","citizen","comedy","utterly","actors","sometimes","show","good","films","rare","appealing","modestly","talented","diesel","excellent","guardians","galaxy","match","great","actor","screenplay","director","camera","composer","supporting","cast","unusual","happens","note","christian","bale","match","written","directed","scott","cooper","story","kept","mesmerized","weeks","bale","army","captain","joseph","gorgeous","wide","shot","silently","supporting","newly","played","pike","young","children","bare","hands","frozen","hilltop","native","americans","slaughtered","family","joseph","team","young","soldiers","transport","imprisoned","severely","indian","chief","birth","place","montana","happen","upon","traumatized","woman","native","tribe","viciously","attacked","home","layers","complications","moment","alone","written","acted","bale","pike","deserve","recognition","award","season","begun","grief","hill","realize","uncommon","moments","talent","story","meet","hope","oscar","voters","recognize","bale","plays","rugged","captain","revered","heroism","cynical","everything","seen","western","frontier","disdain","savage","natives","runs","deep","assignment","forces","transport","cheyenne","chief","family","hostile","territory","tribal","land","bale","character","reluctant","honor","order","rides","stunning","american","west","cooper","deserves","shot","best","films","silver","playbook","spotlight","does","creating","intimacy","screen","filming","america","haunting","music","composed","mood","lines","true","precision","acting","frontier","story","profound","frontier","feel","soon","joseph","crew","find","woman","embodied","pike","shown","talent","films","jack","gone","girl","shines","making","feel","loss","family","explosion","wild","violence","love","film","cooper","shows","blood","gore","truth","violence","enough","turn","away","disgust","imprisoned","chief","yellow","hawk","played","tender","toughness","always","good","study","dances","wolves","travels","joseph","crew","chief","manages","change","gradually","helps","white","soldiers","battle","indians","attacked","family","film","suggest","joseph","good","neither","chief","noble","savage","characters","layered","story","gets","deeper","halfway","joseph","given","assignment","escort","private","philip","wills","foster","final","resting","place","hanged","unspoken","crime","conversations","joseph","philip","learn","history","learn","good","joseph","dark","cooper","likes","violence","heroic","male","stories","strong","narrative","earlier","crazy","heart","overlooked","alas","worked","thought","combined","film","takes","combination","further","violence","brutal","life","film","allows","changes","heart","unusual","alliances","friendships","white","captain","indian","prisoner","build","true","trust","film","idea","harmony","incidentally","capacity","forgiveness","bloodshed","bale","pike","west","rest","cast","bring","subtlety","essence","land","traverse","film","hours","heard","complaints","length","slow","pace","film","longer","watching","bale","horse","pistols","later","shaking","hand","found","friendship","sight","moving","ending","alone","glad","rated","playing","angeles","york","open","nationwide","december"]}
