{"authors":["Becky Krystal","Reporter Covering Topics Related To Food","Becky Krystal Is A Food Reporter","The Lead Writer For Voraciously. After Several Years As A General Assignment Reporter In Virginia S Shenandoah Valley","She Came To The Washington Post In To Work For Tv Week","Sunday Source. Her Time At The Post Also Includes A Five-Year Stint In The Travel Section."],"date_download":"2018-10-21 02:54:41","date_modify":"2018-10-21 02:54:41","date_publish":"2018-10-17 15:00:19","description":"It's not fancy, but this classic, creamy, salty salad is popular for a reason.","filename":"ACaesarsaladrecipethatssimpleandsatisfying_354.json","image_url":"https://www.washingtonpost.com/resizer/Sr_qbh-7vkWe8mVhNXQgLagUGDY=/1484x0/arc-anglerfish-washpost-prod-washpost.s3.amazonaws.com/public/OJIZEIUX6E4ULGTQJPWG5N6EL4.jpg","language":"en","localpath":"ACaesarsaladrecipethatssimpleandsatisfying_354.json","title":"A Caesar salad recipe that's simple and satisfying","title_page":"A Caesar salad recipe that's simple and satisfying - The Washington Post","title_rss":"NULL","source_domain":"washingtonpost.com","text":"overview salad salad least maybe outlier days salad feels exhausting salad lifestyle salad life appreciate commitment packing local nutrient dense interesting ingredients single bowl always bowl possible sometimes though salad consists lettuce dressing croutons caesar salad scratches itch granted health food nutritionists almost always point type dish diners delude themselves thinking good salad good caesar hard resist colleagues swooped testing often serve dainty plates next friends complain turn entree adding grilled poached chicken anyone indian food home chickpea curry start washington post originally published recipe food writer david hagedorn 2011 olive staple house growing feel free dressing instead combination vegetable recipe calls dressing takes cues classic formulation using anchovy fillets using pasteurized reduces risk salmonella homemade croutons worth minutes takes together extra odds someone else start snacking salad tossed ahead croutons advance stored airtight container dressing days advance scale printer friendly version recipe ingredients croutons 2tablespoonsvegetable canola 1large clove garlic crushed 4slicessoft italian bread inch cubes cups crusts removed desired kosher salt freshly ground black pepper dressing 2medium cloves garlic 4anchovy fillets drained 2teaspoonsworcestershire sauce 2tablespoonsfresh lemon juice lemon teaspoonpowdered mustard 1large pasteurized headnote teaspoonsugar teaspoonfreshly ground black pepper cupvegetable canola substitute olive headnote cupfreshly grated parmigiano reggiano cheese salad 4romaine hearts cored leaves torn crosswise four five times ounces total tablespoons freshly grated shaved parmigiano reggiano cheese garnish freshly ground black pepper garnish steps step croutons heat medium nonstick saute medium high heat until shimmers garlic cook enough flavor remove discard garlic starts brown recipe photo instagram eatvoraciously step bread cubes stirring coat evenly season lightly salt pepper cook minutes stirring often until cubes browned toasted remove heat step dressing combine garlic anchovies worcestershire sauce lemon juice powdered mustard sugar pepper blender mini food processor puree until smooth grated cheese puree yield step assemble salad combine croutons dressing large salad bowl romaine leaves tongs salad utensils toss salad coating lettuce evenly divide among individual plates portion grated cheese pepper serve away adapted recipe food writer david hagedorn tested becky krystal email questions voraciously washpost scale printer friendly version recipe nutritional analysis based servings recipe photo instagram eatvoraciously nutrition calories total saturated cholesterol sodium carbohydrates dietary fiber sugars protein","url":"https://www.washingtonpost.com/news/voraciously/wp/2018/10/17/when-only-a-simple-satisfying-salad-will-do-caesar-is-there-for-you/","polarityScore":{"sourceTitle":"Washington Post","allSidesBias":"left-center","communityAgree":"21425","communityDisagree":"12735","sourceUrl":"http://www.washingtonpost.com/regional "},"processedText":["overview","salad","salad","least","maybe","outlier","days","salad","feels","exhausting","salad","lifestyle","salad","life","appreciate","commitment","packing","local","dense","interesting","ingredients","single","bowl","always","bowl","possible","sometimes","though","salad","consists","lettuce","dressing","caesar","salad","granted","health","food","almost","always","point","type","dish","diners","themselves","thinking","good","salad","good","caesar","hard","resist","colleagues","testing","often","serve","plates","next","friends","complain","turn","entree","adding","grilled","chicken","anyone","indian","food","home","curry","start","washington","post","originally","published","recipe","food","writer","david","2011","olive","staple","house","growing","feel","free","dressing","instead","combination","vegetable","recipe","calls","dressing","takes","cues","classic","formulation","using","using","reduces","risk","salmonella","homemade","worth","minutes","takes","together","extra","odds","someone","else","start","salad","tossed","ahead","advance","stored","container","dressing","days","advance","scale","printer","friendly","version","recipe","ingredients","garlic","crushed","italian","bread","inch","cubes","cups","removed","desired","kosher","salt","freshly","ground","black","pepper","dressing","garlic","drained","sauce","lemon","juice","lemon","mustard","ground","black","pepper","substitute","olive","cheese","salad","hearts","leaves","torn","four","five","times","ounces","total","freshly","shaved","cheese","garnish","freshly","ground","black","pepper","garnish","steps","step","heat","medium","nonstick","medium","high","heat","until","garlic","cook","enough","flavor","remove","discard","garlic","starts","brown","recipe","photo","instagram","step","bread","cubes","stirring","coat","evenly","season","lightly","salt","pepper","cook","minutes","stirring","often","until","cubes","toasted","remove","heat","step","dressing","combine","garlic","sauce","lemon","juice","mustard","sugar","pepper","blender","mini","food","processor","puree","until","smooth","cheese","puree","yield","step","assemble","salad","combine","dressing","large","salad","bowl","leaves","salad","toss","salad","coating","lettuce","evenly","divide","among","individual","plates","portion","cheese","pepper","serve","away","adapted","recipe","food","writer","david","tested","becky","email","questions","scale","printer","friendly","version","recipe","nutritional","analysis","based","recipe","photo","instagram","nutrition","calories","total","saturated","cholesterol","sodium","dietary","fiber","protein"]}
