{"authors":["Elizabeth Castillo","Laurel Rosenhall","Dan Morain"],"date_download":"2018-10-30 23:41:14","date_modify":"2018-10-30 23:41:14","date_publish":"2018-10-12 14:50:00","description":"California insiders think Sen. Kamala Harris and Los Angeles mayor Eric Garcetti might make a run for president in 2020","filename":"ACalifornianonthe2020presidentialticketHereswhatstateinsiderssay_355.json","image_url":"https://calmatters.org/wp-content/uploads/Kamala-Harris-as-Senate-Judiciary-hearing-Sept.-4-e1536111121287.png","language":"en","localpath":"ACalifornianonthe2020presidentialticketHereswhatstateinsiderssay_355.json","title":"A Californian on the 2020 presidential ticket? Here's what state insiders say","title_page":"A Californian on the 2020 presidential ticket? Here's what state insiders say | CALmatters","title_rss":"NULL","source_domain":"calmatters.org","text":"wouldn election season without bunch money interests trying tell vote hundreds millions dollars rolling initiative campaigns housing health care california record million campaign against proposition kidney dialysis clinics amounts money poured single side ballot measure united states least electronic record keeping began 2002 possibly industries spending huge sums influence vote landlords real estate agents outraising rent control advocates landlords largely bankrolling campaign against proposition allow local governments expand rent control property values decline simple steve maviglio spokesman prop campaign raised million prop repeal 1995 state forbids cities applying rent control single family houses type home built 1995 allows landlords raise apartment rent tenant moves instead ballot measure give cities option expand rent control cover homes making harder landlords turn profit future bottom line spending charly norton spokeswoman prop campaign raised million mostly aids healthcare foundation supporters prop necessary homelessness rise growing share californians spend half income rent opponents worsen state housing shortage discouraging developers building homes donors against prop include corporate property owners blackstone essex equity residential individual landlords biggest donor california association realtors given million campaign realtors association poured million campaign proposition making sole funder push change california property californians generally higher property taxes home selling house owned property taxes based sales price house worth appreciates initiative allow categories homeowners disabled lost homes natural disasters keep property levels home sold home real estate agents encourage older californians sell homes making houses available tight market experts disagree course boost commissions give huge windfall real estate industry mike roth spokesman campaign against prop raised million largely public employee unions cuts government loses revenue steve white president california association realtors insisted meeting unaffordability housing california largely dictated lack availability tens thousands homes waiting tens thousands younger families dialysis clinics outraising labor opponents expensive fight california ballot proposition limit profits dialysis companies businesses fighting pouring million campaign against prop dialysis companies davita fresenius prop designed negative impact dialysis clinics california groups opposed fighting heavily kathy fairbanks spokeswoman prop campaign measure wouldn allow dialysis clinics reimbursed insurance companies routine business expenses ultimately cause companies close clinics fairbanks giving patients fewer places seek treatment workers dialysis clinics unionized labor group represents health care workers sights organizing dialysis workers prop ballot part larger feud within industry record amount campaign spending speaks priorities dialysis corporations protect profits sean wherley spokesman service employees international union united healthcare workers sponsor prop prop campaign raised million seiu united healthcare workers union argues dialysis clinic companies netting huge profits allowing shoddy health safety conditions clinics limiting companies profits percent prop calls encourage clinics money improving patient care union argues ambulance companies outraising labor opponents colorado based company american medical response proposition ballot contributed million raised support measure allow private ambulance companies require workers remain call breaks respond emergency comes eating lunch already common practice measure comes response court ruling security guards cannot required stay call breaks ambulance companies held standard applied ambulance industry significant public safety risk marie brichetto spokeswoman prop campaign opponents emergency responders work ambulances aren raising money american federation state county municipal employees union contributed oppose prop classic corporation against employees jason brollini president united workers union affiliated afscme contends ambulance companies real motive prop eliminate liability face employees getting extra supposed receive breaks interrupted emergency call","url":"https://calmatters.org/articles/blog/a-californian-on-the-2020-presidential-ticket-heres-what-state-political-insiders-are-saying/","polarityScore":{"sourceTitle":"CalMatters","allSidesBias":"center","communityAgree":"492","communityDisagree":"380","sourceUrl":"http://calmatters.org/ "},"processedText":["wouldn","election","season","without","bunch","money","interests","trying","tell","vote","hundreds","millions","dollars","rolling","initiative","campaigns","housing","health","care","california","record","million","campaign","against","proposition","kidney","dialysis","clinics","amounts","money","poured","single","side","ballot","measure","united","states","least","electronic","record","keeping","began","2002","possibly","industries","spending","huge","sums","influence","vote","landlords","real","estate","agents","outraising","rent","control","advocates","landlords","largely","bankrolling","campaign","against","proposition","allow","local","governments","expand","rent","control","property","values","decline","simple","steve","maviglio","spokesman","prop","campaign","raised","million","prop","repeal","1995","state","forbids","cities","applying","rent","control","single","family","houses","type","home","built","1995","allows","landlords","raise","apartment","rent","tenant","moves","instead","ballot","measure","give","cities","option","expand","rent","control","cover","homes","making","harder","landlords","turn","profit","future","bottom","line","spending","charly","norton","spokeswoman","prop","campaign","raised","million","mostly","aids","healthcare","foundation","supporters","prop","necessary","homelessness","rise","growing","share","californians","spend","half","income","rent","opponents","worsen","state","housing","shortage","discouraging","developers","building","homes","donors","against","prop","include","corporate","property","owners","blackstone","essex","equity","residential","individual","landlords","biggest","donor","california","association","realtors","given","million","campaign","realtors","association","poured","million","campaign","proposition","making","sole","funder","push","change","california","property","californians","generally","higher","property","taxes","home","selling","house","owned","property","taxes","based","sales","price","house","worth","appreciates","initiative","allow","categories","homeowners","disabled","lost","homes","natural","disasters","keep","property","levels","home","sold","home","real","estate","agents","encourage","older","californians","sell","homes","making","houses","available","tight","market","experts","disagree","course","boost","commissions","give","huge","windfall","real","estate","industry","mike","roth","spokesman","campaign","against","prop","raised","million","largely","public","employee","unions","cuts","government","loses","revenue","steve","white","president","california","association","realtors","insisted","meeting","unaffordability","housing","california","largely","dictated","lack","availability","tens","thousands","homes","waiting","tens","thousands","younger","families","dialysis","clinics","outraising","labor","opponents","expensive","fight","california","ballot","proposition","limit","profits","dialysis","companies","businesses","fighting","pouring","million","campaign","against","prop","dialysis","companies","davita","fresenius","prop","designed","negative","impact","dialysis","clinics","california","groups","opposed","fighting","heavily","kathy","fairbanks","spokeswoman","prop","campaign","measure","wouldn","allow","dialysis","clinics","reimbursed","insurance","companies","routine","business","expenses","ultimately","cause","companies","close","clinics","fairbanks","giving","patients","fewer","places","seek","treatment","workers","dialysis","clinics","unionized","labor","group","represents","health","care","workers","sights","organizing","dialysis","workers","prop","ballot","part","larger","feud","within","industry","record","amount","campaign","spending","speaks","priorities","dialysis","corporations","protect","profits","sean","wherley","spokesman","service","employees","international","union","united","healthcare","workers","sponsor","prop","prop","campaign","raised","million","seiu","united","healthcare","workers","union","argues","dialysis","clinic","companies","netting","huge","profits","allowing","shoddy","health","safety","conditions","clinics","limiting","companies","profits","percent","prop","calls","encourage","clinics","money","improving","patient","care","union","argues","ambulance","companies","outraising","labor","opponents","colorado","based","company","american","medical","response","proposition","ballot","contributed","million","raised","support","measure","allow","private","ambulance","companies","require","workers","remain","call","breaks","respond","emergency","comes","eating","lunch","already","common","practice","measure","comes","response","court","ruling","security","guards","cannot","required","stay","call","breaks","ambulance","companies","held","standard","applied","ambulance","industry","significant","public","safety","risk","marie","brichetto","spokeswoman","prop","campaign","opponents","emergency","responders","work","ambulances","aren","raising","money","american","federation","state","county","municipal","employees","union","contributed","oppose","prop","classic","corporation","against","employees","jason","brollini","president","united","workers","union","affiliated","afscme","contends","ambulance","companies","real","motive","prop","eliminate","liability","face","employees","getting","extra","supposed","receive","breaks","interrupted","emergency","call"]}
