{"authors":["Lindsay Patterson"],"date_download":"2018-10-22 23:23:01","date_modify":"2018-10-22 23:23:01","date_publish":"2017-12-22 00:00:00","description":"Catalan holiday tradition involves a log that's fed scraps of food for several weeks leading up to Christmas. Then, it's beaten with a stick and implored to poop out a Spanish nougat called turrón.","filename":"ACatalanLogThatPoopsNougatsAtChristmas_356.json","image_url":"https://media.npr.org/assets/img/2017/12/21/img_5553_wide-4eeda7bbb7343d0ed70b006d7e4706c2c48e588c.jpg?s=1400","language":"en","localpath":"ACatalanLogThatPoopsNougatsAtChristmas_356.json","title":"A Catalan Log That Poops Nougats At Christmas","title_page":"Caga Tió: A Catalan Log That Poops Candy At Christmas : The Salt : NPR","title_rss":"NULL","source_domain":"npr.org","text":"catalan poops nougats christmas enlarge image toggle caption lindsay patterson lindsay patterson heard caga nadal family getting settled life abroad barcelona fall friend teenage daughter telling catalan traditions celebrates school christmas feed scraps food poops presents stick sing song sang caga poop nadal christmas caguis arengades poop salted herring massa salads salty caga torrons poop turr bons better questions mostly urged poop something turr asked catalan friends clear answers apparently caga santa presents questions wanted connect dots caga starts popping markets beginning december drawn face smile jaunty store shelves begin filled turr nougat traditionally white honey sugar almonds fashioned rectangles cakes served sliced bite sized pieces popular versions feature milled whole almonds hail towns southeastern region valencia takes turr caramel chocolate fruit liqueur filled versions started investigation victoriano candela turr specialty shop girona glorious deco crystal chandeliers dangling ceilings turr types stacked bricks atop counters enlarge image toggle caption lindsay patterson lindsay patterson sandra redondo candela behind counter family making turr leave oranges front night morning peels remain feeding weeks december blanket placed face singing beating commence afterward sent room pray returned blanket lifted revealing presents turr asked redondo candela idea pooping christmas struck unusual catalan explanation enough origins caga turr hazy marriage appears convenience candy type placed nadal jordi manes professor nutrition university valencia wrote email implored poop turr specifically traditional christmas sweet catalonia across spain candy legend turr brought spain moors medieval period spain known andalus record specific event cultural transmission documents 16th century refer turr consumed christmas season immemorial manes likely turr reserved special occasions high cost served holiday king phillip spread country nobility documents associate turr salary manes wrote fact known spanish port city alicante landowners paid half salaries coins second half turr christmas season clear turr highly valued least alicante coming butt catalonia looked answers barcelona city department popular culture marcos xavier busquets assured caga shares turr distinction part culture immemorial small pamphlet department archives titled navidad ciclo navide described origins caga pagan tradition celebrating winter solstice rural villages catalans choose large tree trunk aflame bonfire burn throughout winter honor nadal point knows exactly tradition evolved tradition families finding woods covering blanket caring inside house until give small gifts obvious choice turr instead warmth does poop turr asked busquets shrugged knows thing busquets hoped find tidy origin story instead understood catalans haven asked tradition caga bizarre rest world imploring poop candy sticks threats magical waiting hear sound sleigh bells roof house leaving archives picked school returned field trip find caga park edge city headed small christmas party catalan friend sang traditional song caga wooden spoon blanket lifted small watercolors kinder bottle beer parents turr appeared separately plate delicious lindsay patterson creator producer host tumble science podcast kids lives barcelona husband","url":"https://www.npr.org/sections/thesalt/2017/12/22/572569325/caga-ti-a-catalan-log-that-poops-nougats-at-christmas","polarityScore":{"sourceTitle":"NPR Editorial ","allSidesBias":"left-center","communityAgree":"764","communityDisagree":"809","sourceUrl":"https://www.npr.org/sections/opinion/ "},"processedText":["catalan","christmas","enlarge","image","toggle","caption","lindsay","patterson","lindsay","patterson","heard","caga","family","getting","settled","life","abroad","barcelona","fall","friend","teenage","daughter","telling","catalan","traditions","celebrates","school","christmas","feed","scraps","food","presents","stick","sing","song","sang","caga","poop","christmas","poop","salted","herring","salads","salty","caga","poop","turr","better","questions","mostly","urged","poop","something","turr","asked","catalan","friends","clear","answers","apparently","caga","santa","presents","questions","wanted","connect","dots","caga","starts","popping","markets","beginning","december","drawn","face","smile","store","shelves","begin","filled","turr","traditionally","white","honey","sugar","almonds","fashioned","cakes","served","sliced","bite","sized","pieces","popular","versions","feature","whole","almonds","hail","towns","southeastern","region","takes","turr","caramel","chocolate","fruit","liqueur","filled","versions","started","investigation","turr","specialty","shop","glorious","crystal","dangling","ceilings","turr","types","stacked","bricks","atop","counters","enlarge","image","toggle","caption","lindsay","patterson","lindsay","patterson","sandra","behind","counter","family","making","turr","leave","oranges","front","night","morning","remain","feeding","weeks","december","blanket","placed","face","singing","beating","afterward","sent","room","pray","returned","blanket","lifted","revealing","presents","turr","asked","idea","christmas","struck","unusual","catalan","explanation","enough","origins","caga","turr","marriage","appears","convenience","candy","type","placed","professor","nutrition","university","wrote","email","implored","poop","turr","specifically","traditional","christmas","sweet","catalonia","across","spain","candy","legend","turr","brought","spain","medieval","period","spain","known","record","specific","event","cultural","transmission","documents","16th","century","refer","turr","consumed","christmas","season","immemorial","likely","turr","reserved","special","occasions","high","cost","served","holiday","king","phillip","spread","country","nobility","documents","associate","turr","salary","wrote","fact","known","spanish","port","city","landowners","paid","half","salaries","coins","second","half","turr","christmas","season","clear","turr","highly","valued","least","coming","butt","catalonia","looked","answers","barcelona","city","department","popular","culture","marcos","xavier","assured","caga","shares","turr","distinction","part","culture","immemorial","small","department","archives","titled","described","origins","caga","pagan","tradition","celebrating","winter","rural","villages","catalans","choose","large","tree","trunk","burn","throughout","winter","honor","point","knows","exactly","tradition","evolved","tradition","families","finding","woods","covering","blanket","caring","inside","house","until","give","small","gifts","obvious","choice","turr","instead","warmth","does","poop","turr","asked","shrugged","knows","thing","hoped","find","tidy","origin","story","instead","understood","catalans","haven","asked","tradition","caga","bizarre","rest","world","poop","candy","sticks","threats","magical","waiting","hear","sound","bells","roof","house","leaving","archives","picked","school","returned","field","trip","find","caga","park","edge","city","headed","small","christmas","party","catalan","friend","sang","traditional","song","caga","wooden","spoon","blanket","lifted","small","kinder","bottle","beer","parents","turr","appeared","separately","plate","delicious","lindsay","patterson","creator","producer","host","tumble","science","podcast","kids","lives","barcelona","husband"]}
