{"authors":["Mehreen Kasana"],"date_download":"2018-10-31 00:40:15","date_modify":"2018-10-31 00:40:15","date_publish":"2018-10-19 00:48:49","description":"A face-off between witches and priests may sound like the plot of a horror movie, but it's more realistic than you'd think. On Thursday, Jezebel reported that to counter an upcoming hex on Kavanaugh by some witches, a Catholic exorcist will hold a…","filename":"ACatholicExorcistWillCounterWitchesKavanaughHexByHoldingAMassForHim_357.json","image_url":"https://imgix.bustle.com/uploads/image/2018/10/19/8212b56b-2fc5-46b6-aff1-ed90dfd6728c-shutterstock_editorial_9646711j_huge.jpg?w=1200&h=630&q=70&fit=crop&crop=faces&fm=jpg","language":"en","localpath":"ACatholicExorcistWillCounterWitchesKavanaughHexByHoldingAMassForHim_357.json","title":"A Catholic Exorcist Will Counter Witches' Kavanaugh Hex By Holding A Mass For Him","title_page":"A Catholic Exorcist Will Counter Witches' Kavanaugh Hex By Holding A Mass For Him","title_rss":"NULL","source_domain":"bustle.com","text":"face witches priests sound plot horror movie realistic thursday jezebel reported counter upcoming kavanaugh witches catholic exorcist hold mass kavanaugh accused sexual assault multiple women allegations categorically denies focus event witches brooklyn hold saturday weeks confirmed supreme court father gary thomas exorcist diocese jose california national catholic register hold mass justice thursday saturday comments outlet thomas appalled hexing place catland bookstore brooklyn sent load exorcists yesterday reaction similar mine shows something believe lamenting perceived increasingly bold displays satanic worship thomas confident general public accepting demonic conjuring evil free speech conjuring personified evil does fall free speech satanic cults often commit crimes murder sexually abuse everyone cult chip somodevilla getty images news getty images clearly displeased witches plan thomas direct evil permanently adverse effect supreme court justice exorcist comments showed particularly worried kavanaugh fate curses directed people state grace effect thomas details hexing already laid website eventbrite organizers event site please join public brett kavanaugh upon rapists patriarchy emboldens rewards protects tickets organizers percent proceeds split planned parenthood forney center community center homeless lgbtq youths organizers added embracing witchcraft true roots magik poor downtrodden disenfranchised history often weapon means exacting justice available wronged kavanaugh chip somodevilla getty images news getty images national catholic register catholics pray kavanaugh organizing witches event brooklyn thomas decision against supreme court justice heinous character people underestimated dismissed real evil people witches planned hexing media attention sunday kremer founder women trump msnbc scary witches placing brett kavanaugh","url":"https://www.bustle.com/p/a-catholic-exorcist-will-counter-witches-kavanaugh-hex-by-holding-a-mass-for-him-12617181","polarityScore":{"sourceTitle":"Bustle","allSidesBias":"left-center","communityAgree":"564","communityDisagree":"566","sourceUrl":"http://www.bustle.com/ "},"processedText":["face","witches","priests","sound","plot","horror","movie","realistic","thursday","jezebel","reported","counter","upcoming","kavanaugh","witches","catholic","hold","mass","kavanaugh","accused","sexual","assault","multiple","women","allegations","categorically","denies","focus","event","witches","brooklyn","hold","saturday","weeks","confirmed","supreme","court","father","gary","thomas","diocese","jose","california","national","catholic","register","hold","mass","justice","thursday","saturday","comments","outlet","thomas","appalled","place","bookstore","brooklyn","sent","load","yesterday","reaction","similar","mine","shows","something","believe","lamenting","perceived","increasingly","bold","displays","satanic","worship","thomas","confident","general","public","accepting","demonic","conjuring","evil","free","speech","conjuring","personified","evil","does","fall","free","speech","satanic","often","commit","crimes","murder","sexually","abuse","everyone","cult","chip","somodevilla","getty","images","news","getty","images","clearly","witches","plan","thomas","direct","evil","permanently","adverse","effect","supreme","court","justice","comments","showed","particularly","worried","kavanaugh","fate","curses","directed","people","state","grace","effect","thomas","details","already","laid","website","eventbrite","organizers","event","site","please","join","public","brett","kavanaugh","upon","rapists","patriarchy","emboldens","rewards","protects","tickets","organizers","percent","proceeds","split","planned","parenthood","center","community","center","homeless","lgbtq","youths","organizers","added","embracing","witchcraft","true","roots","poor","history","often","weapon","means","justice","available","wronged","kavanaugh","chip","somodevilla","getty","images","news","getty","images","national","catholic","register","catholics","pray","kavanaugh","organizing","witches","event","brooklyn","thomas","decision","against","supreme","court","justice","heinous","character","people","underestimated","dismissed","real","evil","people","witches","planned","media","attention","sunday","founder","women","trump","msnbc","scary","witches","placing","brett","kavanaugh"]}
