{"authors":[],"date_download":"2018-11-02 22:07:50","date_modify":"2018-11-02 22:07:50","date_publish":"2017-11-05 00:20:47","description":null,"filename":"ACenturySincetheBalfourDeclaration_360.json","image_url":"https://39uhx2trii4zt1im-zippykid.netdna-ssl.com/wp-content/uploads/2017/11/Balfour_decleration_march_Toronto_1917.jpg","language":"en","localpath":"ACenturySincetheBalfourDeclaration_360.json","title":"A Century Since the Balfour Declaration","title_page":"A Century Since the Balfour DeclarationThe American Spectator","title_rss":"NULL","source_domain":"spectator.org","text":"mere sixty seven words helped alter course history century week november 1917 balfour declaration issued declaring british support establishment within ottoman empire territory palestine national home jewish people british foreign secretary arthur james lord balfour sent following communication walter lord rothschild prominent jews england transmission zionist federation great britain ireland majesty government view favour establishment palestine national home jewish people best endeavours facilitate achievement object clearly understood nothing shall done prejudice civil religious rights existing jewish communities palestine rights political status enjoyed jews country balfour declaration step political road reversing millennia jewish statelessness exile resulted jews dispersed persecuted minority history british commitment envisage jewish statehood indeed part palestine sparsely populated backwater district soon dismembered ottoman empire though prospect fullness anticipated proponents especially balfour prime minister david lloyd george supporters zionism south africa smuts believed early 1918 heterogeneous population palestine muslims jews christians balfour declaration jewish population dropped third ottoman depredations required something outright autonomy minorities thrown mercy majority similar thinking regard lebanon large multi confessional christian population prevalent declaration resulted subsequent post british mandate territory dedicated upbuilding jewish national home though british later reneged commitment appease arabs second world drastically curtailing jewish immigration land purchases state israel eventually arise mandate terminated 1948 accordingly israel anyone gift jews jews palestine sacrificed scarce blood treasure obtain preserve independence five invading arab armies internal palestinian arab militias nazi collaborator amin husseini percent israel population killed defending israel invasion arabs belligerents declared result destruction israel massacre jews however precisely arabs lost loss recast depict palestinian arabs innocent victims assaulted dispersed aggressive zionism balfour declaration installment political drama leading jewish statehood vilified injustice inflicted palestinian arabs thus claimed britain primary responsibility historical injustice palestine mahmoud abbas general assembly britain gave without authority consent anyone land palestine people famous formulation arthur koestler nation solemnly promised second nation country third ceaselessly argued balfour declaration defrauded arabs alleged promised independent arab state territories included palestine henry mcmahon british high commissioner egypt correspondence sherif hussein mecca king hijaz 1915 hussein mcmahon correspondence turns untrue balfour declaration lone imperial allied commitment agreed upon allied powers world incorporated treaty vres signed allied powers including kingdom hijaz chief arab interlocutor post paris peace conference turkey 1922 declaration incorporated terms mandate palestine awarded britain members league nations whatever force argument commended declaration british issued communicated itself international community endorsed reasons ashley perry rightly observed balfour declaration unique jewish history possibly history national movements short period major powers leader arab world interested parties created mechanism fulfill zionist dream moment proved short lived europe next decades prove confer self determination peoples without creating minorities populations intricately intertwined best achievable course followed seek statehood arabs jews across region mounting arab opposition jewish self determination foredoomed peaceful post settlement middle east along lines eventually zionism test sword second britain control territory question lodged firmly ottoman hands thus position give territory jews merely state preferred policy third country people usurped palestinian country nationality existed ottoman landlords local population conceive itself anything inhabitants southern part syria political allegiance centered ottoman empire national aspirations virtually existent fourth british commitment create arab state palestine given sherif hussein arab interlocutor isaiah friedman demonstrated exquisite detail 2000 book palestine twice promised land original arabic letter october 1915 mcmahon hussein friedman uncovered retranslation english british cairo november 1919 makes clear beyond peradventure territory became british mandate palestine west jordan river among territories earmarked arab statehood moreover unilateral british commitment sort rather conditional promise event arab revolt against ottoman turks materialized contrary arabs palestine syria overwhelming majority fought ottoman side lawrence lawrence arabia raised army arab irregulars hejaz indigenous revolt occurred syria iraq indeed landing british army driving ottoman forces palestine victories gaza beersheba megiddo thus twice promised land consequently fraudulent british dealings friends foes israel frequently alleged root conflict thing balfour declaration vital link chain leading israel creation thirty later quite invest declaration responsibility tragic consequences arabs insisted upon launching abort israel creation palestinian tragedy balfour declaration arab muslim supremacism determined palestinian arab political decisions virtually turn century ensuring palestinian leadership opposed denied continue deny jewish claim connection land refuse countenance idea jews entitled self determination insist upon themselves palestinian arab leadership demand british apology declaration leading anniversary merely underscores fact ongoing tragedy unlikely until palestinian arabs relinquish dream israel dismemberment recognize jews sovereign existence undertake work bring peace blame manner decisions acts across intervening decades leveled parties involved reason israel britain celebrate lord balfour high minded statesmanship hundred helped jewish people rejoin family sovereign nations millennia statelessness persecution massacre","url":"https://spectator.org/a-century-since-the-balfour-declaration/","polarityScore":{"sourceTitle":"American Spectator","allSidesBias":"right","communityAgree":"4485","communityDisagree":"1883","sourceUrl":"http://spectator.org/ "},"processedText":["mere","sixty","seven","words","helped","alter","course","history","century","week","november","1917","balfour","declaration","issued","declaring","british","support","establishment","within","ottoman","empire","territory","palestine","national","home","jewish","people","british","foreign","secretary","arthur","james","lord","balfour","sent","following","communication","walter","lord","prominent","jews","england","transmission","zionist","federation","great","britain","ireland","majesty","government","view","favour","establishment","palestine","national","home","jewish","people","best","facilitate","achievement","object","clearly","understood","nothing","shall","done","prejudice","civil","religious","rights","existing","jewish","communities","palestine","rights","political","status","enjoyed","jews","country","balfour","declaration","step","political","road","reversing","millennia","jewish","exile","resulted","jews","dispersed","persecuted","minority","history","british","commitment","jewish","statehood","indeed","part","palestine","populated","backwater","district","soon","dismembered","ottoman","empire","though","prospect","anticipated","proponents","especially","balfour","prime","minister","david","lloyd","george","supporters","zionism","south","africa","believed","early","1918","population","palestine","muslims","jews","christians","balfour","declaration","jewish","population","dropped","third","ottoman","required","something","outright","autonomy","minorities","thrown","mercy","majority","similar","thinking","regard","lebanon","large","multi","confessional","christian","population","prevalent","declaration","resulted","subsequent","post","british","mandate","territory","dedicated","jewish","national","home","though","british","later","reneged","commitment","appease","arabs","second","world","drastically","curtailing","jewish","immigration","land","purchases","state","israel","eventually","arise","mandate","terminated","1948","accordingly","israel","anyone","gift","jews","jews","palestine","sacrificed","scarce","blood","treasure","obtain","preserve","independence","five","invading","arab","armies","internal","palestinian","arab","militias","nazi","collaborator","percent","israel","population","killed","defending","israel","invasion","arabs","declared","result","destruction","israel","massacre","jews","however","precisely","arabs","lost","loss","depict","palestinian","arabs","innocent","victims","assaulted","dispersed","aggressive","zionism","balfour","declaration","installment","political","drama","leading","jewish","statehood","vilified","injustice","inflicted","palestinian","arabs","thus","claimed","britain","primary","responsibility","historical","injustice","palestine","mahmoud","abbas","general","assembly","britain","gave","without","authority","consent","anyone","land","palestine","people","famous","formulation","arthur","nation","solemnly","promised","second","nation","country","third","argued","balfour","declaration","defrauded","arabs","alleged","promised","independent","arab","state","territories","included","palestine","henry","mcmahon","british","high","commissioner","egypt","correspondence","hussein","mecca","king","1915","hussein","mcmahon","correspondence","turns","untrue","balfour","declaration","lone","imperial","allied","commitment","agreed","upon","allied","powers","world","incorporated","treaty","signed","allied","powers","including","kingdom","chief","arab","post","paris","peace","conference","turkey","1922","declaration","incorporated","terms","mandate","palestine","awarded","britain","members","league","nations","whatever","force","argument","commended","declaration","british","issued","communicated","itself","international","community","endorsed","reasons","ashley","perry","rightly","observed","balfour","declaration","unique","jewish","history","possibly","history","national","movements","short","period","major","powers","leader","arab","world","interested","parties","created","mechanism","fulfill","zionist","dream","moment","proved","short","lived","europe","next","decades","prove","self","determination","peoples","without","creating","minorities","populations","intertwined","best","achievable","course","followed","seek","statehood","arabs","jews","across","region","mounting","arab","opposition","jewish","self","determination","peaceful","post","settlement","middle","east","along","lines","eventually","zionism","test","sword","second","britain","control","territory","question","lodged","firmly","ottoman","hands","thus","position","give","territory","jews","merely","state","preferred","policy","third","country","people","usurped","palestinian","country","nationality","existed","ottoman","landlords","local","population","conceive","itself","anything","inhabitants","southern","part","syria","political","allegiance","centered","ottoman","empire","national","aspirations","virtually","existent","fourth","british","commitment","create","arab","state","palestine","given","hussein","arab","isaiah","friedman","demonstrated","exquisite","detail","2000","book","palestine","twice","promised","land","original","arabic","letter","october","1915","mcmahon","hussein","friedman","uncovered","english","british","cairo","november","1919","makes","clear","beyond","territory","became","british","mandate","palestine","west","jordan","river","among","territories","earmarked","arab","statehood","moreover","unilateral","british","commitment","sort","rather","promise","event","arab","revolt","against","ottoman","turks","materialized","contrary","arabs","palestine","syria","overwhelming","majority","fought","ottoman","side","lawrence","lawrence","arabia","raised","army","arab","indigenous","revolt","occurred","syria","iraq","indeed","landing","british","army","driving","ottoman","forces","palestine","victories","gaza","megiddo","thus","twice","promised","land","consequently","fraudulent","british","dealings","friends","foes","israel","frequently","alleged","root","conflict","thing","balfour","declaration","vital","link","chain","leading","israel","creation","thirty","later","quite","invest","declaration","responsibility","tragic","consequences","arabs","insisted","upon","launching","abort","israel","creation","palestinian","tragedy","balfour","declaration","arab","muslim","supremacism","determined","palestinian","arab","political","decisions","virtually","turn","century","ensuring","palestinian","leadership","opposed","denied","continue","deny","jewish","claim","connection","land","refuse","idea","jews","entitled","self","determination","insist","upon","themselves","palestinian","arab","leadership","demand","british","apology","declaration","leading","anniversary","merely","underscores","fact","ongoing","tragedy","unlikely","until","palestinian","arabs","relinquish","dream","israel","dismemberment","recognize","jews","sovereign","existence","undertake","work","bring","peace","blame","manner","decisions","acts","across","intervening","decades","leveled","parties","involved","reason","israel","britain","celebrate","lord","balfour","high","minded","hundred","helped","jewish","people","family","sovereign","nations","millennia","persecution","massacre"]}
