{"authors":[],"date_download":"2018-11-02 08:40:49","date_modify":"2018-11-02 08:40:49","date_publish":"2017-12-20 00:00:00","description":null,"filename":"AcloserlookatthesearingevilofTedKennedy_364.json","image_url":"https://www.americanthinker.com/images/bucket/2017-12/203033.jpg","language":null,"localpath":"AcloserlookatthesearingevilofTedKennedy_364.json","title":"A closer look at the searing evil of Ted Kennedy","title_page":"A closer look at the searing evil of Ted Kennedy","title_rss":"NULL","source_domain":"americanthinker.com","text":"teddy description chappaquiddick accident enough convict involuntary voluntary manslaughter reckless endangerment facts simple kennedy drove fast probably drunk bridge pond feet deep front angled down kennedy walked away went hotel waited until next morning report police discovered boys fishing morning boys unlike teddy went nearby house report water teddy done instead leaving mary kopechne probably saved kennedy spent night hotel room drying alcohol system fabricate fixers statement gave police kennedy hotel fixers mary died suffocation negligence drive fast road drunk involuntary manslaughter criminal leave eight hours without calling help voluntary manslaughter reckless endangerment kennedy explain waited almost eight hours report police explain left mary substance statement concocted kennedy fixers took until morning realize happened mary left pond teddy statement police july 1969 approximately chappaquiddick martha vineyard massachusetts driving main street ferry edgartown unfamiliar road turned onto dike road instead bearing hard left main street proceeding approximately half mile dike road descended hill upon narrow bridge went side bridge passenger miss mary kopechne former secretary brother robert kennedy turned sank water landed roof resting bottom attempted open door window recollection surface repeatedly dove down attempt passenger unsuccessful attempt exhausted state shock recall walking friends eating parked front cottage climbed backseat asked someone bring edgartown remember walking period hotel room fully realized happened morning immediately contacted police lawyerly lies breathtaking went side bridge drove side bridge recollection means lying else admits drunk does surface repeatedly dove down attempt passenger does bother humanize mary using name passenger does tried setting defense mary maybe thought walked away meet lawyers unsuccessful attempt does mean mary clever lawyer sound mary escaped kennedy lawyers wrote appear kennedy mary goes criminal intent leave mary reckless disregard mary life teddy setting defense mary sounds criminal intent crooked hillary defense real district attorney point mary means drunk likely looked tried help pond feet deep knew mary left party alone went exhausted state shock kennedy lawyers wrote negate criminal intent knowingly leaving mary shock mary therefore responsible shock therefore unable form intent leave teddy trying explain mary walked away without calling help recall walking friends eating parked front cottage climbed backseat asked someone bring edgartown remember walking period hotel room fully realized happened morning immediately contacted police beyond belief kennedy walking goes friends gets someone drove edgartown walks went hotel room fully realize happened until morning police note kennedy recalls mary until fully realized next morning entire statement written show kennedy state shock until morning mary teddy forgot report five married friends party single women left mary kennedy charged leaving scene accident month suspension driver license senatorial privilege chappaquidick cover damore regenery gateway 1988 damore book contains facts chappaquidick cover kennedy account crooked hillary bubba blush criticized robert bork clarence thomas unfit serve supreme court accused bork forcing women alley abortions accused thomas harassing anita hill 1976 democratic presidential primaries almost beaten jimmy carter kennedy likely defeated gerald ford become president lion senate democrats cheerleaders media contacted soviet union commie leaders ignore reagan leader democratic party represents itself party help women","url":"https://www.americanthinker.com/blog/2017/12/a_closer_look_at_the_searing_evil_of_ted_kennedy.html","polarityScore":{"sourceTitle":"American Thinker","allSidesBias":"right","communityAgree":"1076","communityDisagree":"614","sourceUrl":"http://www.americanthinker.com/ "},"processedText":["teddy","description","accident","enough","convict","involuntary","voluntary","manslaughter","reckless","facts","simple","kennedy","drove","fast","probably","drunk","bridge","pond","feet","deep","front","down","kennedy","walked","away","went","hotel","waited","until","next","morning","report","police","discovered","boys","fishing","morning","boys","unlike","teddy","went","nearby","house","report","water","teddy","done","instead","leaving","mary","probably","saved","kennedy","spent","night","hotel","room","drying","alcohol","system","fabricate","statement","gave","police","kennedy","hotel","mary","died","negligence","drive","fast","road","drunk","involuntary","manslaughter","criminal","leave","eight","hours","without","calling","help","voluntary","manslaughter","reckless","kennedy","explain","waited","almost","eight","hours","report","police","explain","left","mary","substance","statement","concocted","kennedy","took","until","morning","realize","happened","mary","left","pond","teddy","statement","police","july","1969","approximately","martha","massachusetts","driving","main","street","ferry","unfamiliar","road","turned","onto","road","instead","bearing","hard","left","main","street","proceeding","approximately","half","mile","road","descended","hill","upon","narrow","bridge","went","side","bridge","passenger","miss","mary","former","secretary","brother","robert","kennedy","turned","sank","water","landed","roof","resting","bottom","attempted","open","door","window","recollection","surface","repeatedly","dove","down","attempt","passenger","unsuccessful","attempt","exhausted","state","shock","recall","walking","friends","eating","parked","front","cottage","climbed","backseat","asked","someone","bring","remember","walking","period","hotel","room","fully","realized","happened","morning","immediately","contacted","police","lies","breathtaking","went","side","bridge","drove","side","bridge","recollection","means","lying","else","admits","drunk","does","surface","repeatedly","dove","down","attempt","passenger","does","bother","mary","using","name","passenger","does","tried","setting","defense","mary","maybe","thought","walked","away","meet","lawyers","unsuccessful","attempt","does","mean","mary","clever","lawyer","sound","mary","escaped","kennedy","lawyers","wrote","appear","kennedy","mary","goes","criminal","intent","leave","mary","reckless","disregard","mary","life","teddy","setting","defense","mary","sounds","criminal","intent","crooked","hillary","defense","real","district","attorney","point","mary","means","drunk","likely","looked","tried","help","pond","feet","deep","knew","mary","left","party","alone","went","exhausted","state","shock","kennedy","lawyers","wrote","negate","criminal","intent","knowingly","leaving","mary","shock","mary","therefore","responsible","shock","therefore","unable","form","intent","leave","teddy","trying","explain","mary","walked","away","without","calling","help","recall","walking","friends","eating","parked","front","cottage","climbed","backseat","asked","someone","bring","remember","walking","period","hotel","room","fully","realized","happened","morning","immediately","contacted","police","beyond","belief","kennedy","walking","goes","friends","gets","someone","drove","walks","went","hotel","room","fully","realize","happened","until","morning","police","note","kennedy","recalls","mary","until","fully","realized","next","morning","entire","statement","written","show","kennedy","state","shock","until","morning","mary","teddy","forgot","report","five","married","friends","party","single","women","left","mary","kennedy","charged","leaving","scene","accident","month","suspension","driver","license","senatorial","privilege","cover","damore","gateway","1988","damore","book","contains","facts","cover","kennedy","account","crooked","hillary","bubba","blush","criticized","robert","bork","clarence","thomas","unfit","serve","supreme","court","accused","bork","forcing","women","alley","abortions","accused","thomas","harassing","anita","hill","1976","democratic","presidential","primaries","almost","beaten","jimmy","carter","kennedy","likely","defeated","gerald","ford","become","president","lion","senate","democrats","cheerleaders","media","contacted","soviet","union","leaders","ignore","reagan","leader","democratic","party","represents","itself","party","help","women"]}
