{"authors":["Neil Munro"],"date_download":"2018-10-30 21:53:21","date_modify":"2018-10-30 21:53:21","date_publish":"2017-08-15 03:10:53","description":"The independent Virginia branch of the ACLU is blaming Charlottesville's Democratic government for the street brawls which injured many participants and killed one young woman. | Politics","filename":"ACLUBlamesPoliceInactionforCharlottesvilleStreetBrawls_366.json","image_url":"https://media.breitbart.com/media/2017/08/wi/ap/12/1rnpo1n-e1502598773703.jpg","language":"en","localpath":"ACLUBlamesPoliceInactionforCharlottesvilleStreetBrawls_366.json","title":"ACLU Blames Police Inaction for Charlottesville Street Brawls","title_page":"ACLU Blames Police Inaction for Charlottesville Street Brawls | Breitbart","title_rss":"NULL","source_domain":"breitbart.com","text":"independent virginia branch aclu blaming inaction police working charlottesville democratic government street brawls injured participants killed young woman fighting white power groups left wing progressives began city police stood aside thought police knew planned demonstrations months advance fighting escalated city police forced fascist demonstrators walk gantlet masked black clad armed antifa progressives responsibility ensure safety protesters policing saturday effective preventing violence aclu virginia acluva august 2017 standing passively seemingly waiting violence place grounds declare unlawful assembly aclu virginia acluva august 2017 investigators reporters trying untangle circumstances decisions street brawls saturday aclu tweets sent response efforts city democratic major virginia democratic governor blame weimar republic style street fighting aclu standing support people protest public city charlottesville asked white supremacist demonstration moved downtown charlottesville park mile half away park open fields place terry mcauliffe monday unfortunately sued aclu judge ruled against rally middle downtown mcauliffe continued charlottesville police charge magnificent state police guard backed listen shot fired worried thousand people powder high tensions lessons learned better working judiciary listen local city officials permits allowed allow people city guns protect judiciary needs better working response executive director independent virginia affiliate national aclu claire gastanaga issued statement horrified violence took place charlottesville saturday tragic loss life resulted aclu virginia does support violence support nazis support constitution laws united states eager work governor attorney general efforts ensure public officials understand rights obligations clear lawsuit challenging city constitutionally cause violence address question whether demonstrators carry sticks weapons events asked city adhere constitution ensure people safety protest failed system city makes rules courts enforce role ensure system works everyone weeks july protests city working governor others ample opportunity together case present court motion justifying revocation permit imposition prior restraint speech judge case presented credible evidence testimony city imminent threat harm list internet entries evidence change permit fact result demonstration downtown charlottesville confidence denied injunction city faced enforcing change venue protecting demonstrators counter demonstrators locations instead city pleadings decision revoke permit based primarily unmanageable numbers people show affidavit police chief expected twice counter protesters protesters city revoke permits counter protesters light facts judge couldn beyond fact city hadn revoked permits demonstrations downtown saturday responsibility enforcement ensure safety protesters counter protesters policing saturday effective preventing violence brought concerns directly secretary public safety head virginia state police barricades park limiting access arriving demonstrators lack physical separation protesters counter protesters street contributing potential violence respond fact enforcement standing passively seeming waiting violence place grounds declare emergency declare unlawful assembly clear area rather seeking scapegoat aclu virginia civil firm rutherford institute devastating events saturday firm hope desire governor state local officials learn weekend constitutionally prevent events horror charlottesville happening read tweets","url":"https://www.breitbart.com/politics/2017/08/14/aclu-blames-police-inaction-charlottesville-street-brawls/","polarityScore":{"sourceTitle":"Breitbart News","allSidesBias":"right","communityAgree":"11345","communityDisagree":"6286","sourceUrl":"http://www.breitbart.com/ "},"processedText":["independent","virginia","branch","aclu","blaming","inaction","police","working","charlottesville","democratic","government","street","injured","participants","killed","young","woman","fighting","white","power","groups","left","wing","progressives","began","city","police","stood","aside","thought","police","knew","planned","demonstrations","months","advance","fighting","escalated","city","police","forced","fascist","demonstrators","walk","masked","black","clad","armed","antifa","progressives","responsibility","ensure","safety","protesters","policing","saturday","effective","preventing","violence","aclu","virginia","august","2017","standing","seemingly","waiting","violence","place","grounds","declare","unlawful","assembly","aclu","virginia","august","2017","investigators","reporters","trying","circumstances","decisions","street","saturday","aclu","tweets","sent","response","efforts","city","democratic","major","virginia","democratic","governor","blame","republic","style","street","fighting","aclu","standing","support","people","protest","public","city","charlottesville","asked","white","supremacist","demonstration","moved","downtown","charlottesville","park","mile","half","away","park","open","fields","place","terry","mcauliffe","monday","unfortunately","sued","aclu","judge","ruled","against","rally","middle","downtown","mcauliffe","continued","charlottesville","police","charge","magnificent","state","police","guard","backed","listen","shot","fired","worried","thousand","people","powder","high","tensions","lessons","learned","better","working","judiciary","listen","local","city","officials","permits","allowed","allow","people","city","guns","protect","judiciary","needs","better","working","response","executive","director","independent","virginia","affiliate","national","aclu","claire","issued","statement","horrified","violence","took","place","charlottesville","saturday","tragic","loss","life","resulted","aclu","virginia","does","support","violence","support","nazis","support","constitution","laws","united","states","eager","work","governor","attorney","general","efforts","ensure","public","officials","understand","rights","obligations","clear","lawsuit","challenging","city","constitutionally","cause","violence","address","question","whether","demonstrators","carry","sticks","weapons","events","asked","city","adhere","constitution","ensure","people","safety","protest","failed","system","city","makes","rules","courts","enforce","role","ensure","system","works","everyone","weeks","july","protests","city","working","governor","others","ample","opportunity","together","case","present","court","motion","justifying","permit","imposition","prior","restraint","speech","judge","case","presented","credible","evidence","testimony","city","imminent","threat","harm","list","internet","entries","evidence","change","permit","fact","result","demonstration","downtown","charlottesville","confidence","denied","injunction","city","faced","enforcing","change","venue","protecting","demonstrators","counter","demonstrators","locations","instead","city","decision","revoke","permit","based","primarily","numbers","people","show","affidavit","police","chief","expected","twice","counter","protesters","protesters","city","revoke","permits","counter","protesters","light","facts","judge","couldn","beyond","fact","city","hadn","revoked","permits","demonstrations","downtown","saturday","responsibility","enforcement","ensure","safety","protesters","counter","protesters","policing","saturday","effective","preventing","violence","brought","concerns","directly","secretary","public","safety","head","virginia","state","police","park","limiting","access","arriving","demonstrators","lack","physical","separation","protesters","counter","protesters","street","contributing","potential","violence","respond","fact","enforcement","standing","seeming","waiting","violence","place","grounds","declare","emergency","declare","unlawful","assembly","clear","area","rather","seeking","scapegoat","aclu","virginia","civil","firm","rutherford","institute","devastating","events","saturday","firm","hope","desire","governor","state","local","officials","learn","weekend","constitutionally","prevent","events","horror","charlottesville","happening","read","tweets"]}
