{"authors":[],"date_download":"2018-11-02 22:03:43","date_modify":"2018-11-02 22:03:43","date_publish":"2017-06-09 00:16:32","description":null,"filename":"AComeyUnderEveryBed_368.json","image_url":"https://39uhx2trii4zt1im-zippykid.netdna-ssl.com/wp-content/uploads/2017/06/Stamp_US_1950_3c_Boy_Scouts_of_America.jpg","language":"en","localpath":"AComeyUnderEveryBed_368.json","title":"A Comey Under Every Bed","title_page":"A Comey Under Every BedThe American Spectator","title_rss":"NULL","source_domain":"spectator.org","text":"alone room james comey behave scout help across busy street wouldn alone anymore notes encounter self protection course case later accused improper advances maybe turn tables secretly record remarks maybe cheryl mills close confidant madame hillary clinton though ears clinton funny stuff received generous immunity james comey allowed interview boss memos convenience kindly send leak grateful scout words folks faking news issuing corrections having host dismiss president piece fecal matter gotten idea maybe anderson cooper peevish throwaway line several days earlier snapped panelist show gotten dander panelist tolerance president probably survive president took bathroom break atop desk presumably oval office airing place late affair best limited knowledge scout bill maher obscenity infested fest upright nebraska sasse prides decency conservatism comey decency itself next thing sasse hates donald trump concocted dossier took maher show pushing book raise kids become good hard working presumably fearing adults quaint notion days drop maher country having kids alone behaving grown cards thinking running president libs done trump alone emerge great republican savior sasse dolt bill maher maybe high whatever injects tried match wits corn country conservative mistake court lynch maher explain thing interests sasse give maher president united states already given white house party along lots goodies conservatives stopped dreaming senator mccain floundering perhaps senator graham moved further away letting known seriously concerned presidential candidacy spied less prominent republican candidates madame hillary russians blame current condition senator graham someone closer home shelled million washington home architect ugly manse needs underwriter tony rezko housing needs interrupt regularly scheduled programming public service announcement anyone good taste knows public television extended pledge week drive good maybe knows days feeding trough running viewer newshour york times loyalist stop wonderment absorbing evening news report least ultra partisanship government sponsored federal government underwriting democrats apply newcasting newshour needs paris accord good luck raising money stations sanctuary climate cities count federal funds born subsidized privilege life self supporting honesty donald trump ultimately thank setting track week enemy week prize pulitzer modest parting gift token esteem getting steamed often maybe hire tall scout night watchman","url":"https://spectator.org/a-comey-under-every-bed/","polarityScore":{"sourceTitle":"American Spectator","allSidesBias":"right","communityAgree":"4485","communityDisagree":"1883","sourceUrl":"http://spectator.org/ "},"processedText":["alone","room","james","comey","behave","scout","help","across","busy","street","wouldn","alone","anymore","notes","encounter","self","protection","course","case","later","accused","improper","advances","maybe","turn","tables","secretly","record","remarks","maybe","cheryl","mills","close","confidant","madame","hillary","clinton","though","ears","clinton","funny","stuff","received","generous","immunity","james","comey","allowed","interview","boss","memos","convenience","kindly","send","leak","grateful","scout","words","folks","faking","news","issuing","corrections","having","host","dismiss","president","piece","matter","gotten","idea","maybe","anderson","cooper","throwaway","line","several","days","earlier","snapped","panelist","show","gotten","panelist","tolerance","president","probably","survive","president","took","bathroom","break","atop","desk","presumably","oval","office","airing","place","late","affair","best","limited","knowledge","scout","bill","maher","infested","fest","upright","nebraska","sasse","prides","decency","conservatism","comey","decency","itself","next","thing","sasse","hates","donald","trump","concocted","dossier","took","maher","show","pushing","book","raise","kids","become","good","hard","working","presumably","fearing","adults","quaint","notion","days","drop","maher","country","having","kids","alone","behaving","grown","cards","thinking","running","president","done","trump","alone","emerge","great","republican","savior","sasse","bill","maher","maybe","high","whatever","tried","match","wits","corn","country","conservative","mistake","court","lynch","maher","explain","thing","interests","sasse","give","maher","president","united","states","already","given","white","house","party","along","lots","goodies","conservatives","stopped","dreaming","senator","mccain","floundering","perhaps","senator","graham","moved","further","away","letting","known","seriously","concerned","presidential","candidacy","spied","less","prominent","republican","candidates","madame","hillary","russians","blame","current","condition","senator","graham","someone","closer","home","million","washington","home","architect","ugly","needs","tony","housing","needs","interrupt","regularly","scheduled","programming","public","service","announcement","anyone","good","taste","knows","public","television","extended","pledge","week","drive","good","maybe","knows","days","feeding","running","viewer","newshour","york","times","loyalist","stop","absorbing","evening","news","report","least","ultra","partisanship","government","sponsored","federal","government","democrats","apply","newshour","needs","paris","accord","good","luck","raising","money","stations","sanctuary","climate","cities","count","federal","funds","born","subsidized","privilege","life","self","supporting","honesty","donald","trump","ultimately","thank","setting","track","week","enemy","week","prize","pulitzer","modest","parting","gift","token","esteem","getting","steamed","often","maybe","hire","tall","scout","night"]}
