{"authors":["Robbie Neiswanger"],"date_download":"2018-11-02 09:30:49","date_modify":"2018-11-02 09:30:49","date_publish":"2017-08-01 04:30:00","description":"An activist investor fund will press for changes at Dillard's Inc., believing there are ways the Little Rock-based company can add value for shareholders through its real estate holdings.","filename":"ActivistinvestorfundtourgechangeatLittleRockbasedDillards_370.json","image_url":"https://media.arkansasonline.com/static/ao_redesign/graphics/adgog.jpg","language":"en","localpath":"ActivistinvestorfundtourgechangeatLittleRockbasedDillards_370.json","title":"Activist investor fund to urge change at Little Rock-based Dillard's","title_page":"Activist investor fund to urge change at Little Rock-based Dillard's","title_rss":"NULL","source_domain":"arkansasonline.com","text":"activist investor fund press changes dillard believing ways rock based company value shareholders real estate holdings jeffrey pierce managing partner york based snow park capital partners monday email fund hopes engage dillard management board number ideas unlock value minority shareholders believe company future ideas include leasing repurposing store space retail tenants believe value dillard vast real estate holdings north share pierce whose activist fund focuses real estate securities average sales square foot approximately fair dillard getting highest best owned space fact estimated rental value productive retail tenants exceeds company entire current income retailer dillard respond request comment regarding snow park owns percent company class stock multiple reports activist investors purchase large amount public company shares hopes driving change dillard shares closed monday trading down percent family owned business large retail portfolio stores including clearance centers states stores total million square feet dillard owns million roughly percent square footage company 2016 annual report perkins president research firm retail metrics surprise activist investors look ways relatively hanging fruit real estate especially current retail landscape dominated bankruptcies store closures perkins pointed macy recent example company pressed investor starboard value wanted macy separate real estate retail business essentially asking retailers either form form real estate trust lease real estate operate businesses snow park suggested maybe renting subdividing productive spaces lease businesses perkins perkins doing leave question becomes retail business itself dillard reported percent decrease profits quarter fiscal earnings share declined previous topped analyst estimates quarter revenue dropped percent store sales fell percent question retail managements grappling terms downsizing forced activists change nature businesses extent perkins generating kind sales square footage seems diminishing mall traffic continues decline snow park campaign change company dillard pressed activist investor sees potential company real estate holdings 2014 marcato capital management released report encouraging dillard create real estate investment trust marcato owned percent stake believed move increased value combined companies share known latest push activist investor yield results dillard family controls company separate class shares always trickier class class stock williams senior vice president managing director simmons investment group rock obviously everyone best interest shares fully valued whatever means possible frequently people differ timing best opportunity business 2017","url":"https://www.arkansasonline.com/news/2017/aug/01/investor-unlock-dillard-s-real-estate-2/","polarityScore":{"sourceTitle":"Arkansas Democrat-Gazette","allSidesBias":"left","communityAgree":"686","communityDisagree":"522","sourceUrl":"http://www.arkansasonline.com/ "},"processedText":["activist","investor","fund","press","changes","dillard","believing","ways","rock","based","company","value","shareholders","real","estate","holdings","jeffrey","pierce","managing","partner","york","based","snow","park","capital","partners","monday","email","fund","hopes","engage","dillard","management","board","number","ideas","unlock","value","minority","shareholders","believe","company","future","ideas","include","leasing","store","space","retail","tenants","believe","value","dillard","vast","real","estate","holdings","north","share","pierce","whose","activist","fund","focuses","real","estate","securities","average","sales","square","foot","approximately","fair","dillard","getting","highest","best","owned","space","fact","estimated","rental","value","productive","retail","tenants","exceeds","company","entire","current","income","retailer","dillard","respond","request","comment","regarding","snow","park","owns","percent","company","class","stock","multiple","reports","activist","investors","purchase","large","amount","public","company","shares","hopes","driving","change","dillard","shares","closed","monday","trading","down","percent","family","owned","business","large","retail","portfolio","stores","including","clearance","centers","states","stores","total","million","square","feet","dillard","owns","million","roughly","percent","square","footage","company","2016","annual","report","perkins","president","research","firm","retail","metrics","surprise","activist","investors","look","ways","relatively","hanging","fruit","real","estate","especially","current","retail","landscape","dominated","store","closures","perkins","pointed","macy","recent","example","company","pressed","investor","value","wanted","macy","separate","real","estate","retail","business","essentially","asking","retailers","either","form","form","real","estate","trust","lease","real","estate","operate","businesses","snow","park","suggested","maybe","renting","productive","spaces","lease","businesses","perkins","perkins","doing","leave","question","becomes","retail","business","itself","dillard","reported","percent","decrease","profits","quarter","fiscal","earnings","share","declined","previous","topped","analyst","estimates","quarter","revenue","dropped","percent","store","sales","fell","percent","question","retail","grappling","terms","forced","activists","change","nature","businesses","extent","perkins","generating","kind","sales","square","footage","seems","diminishing","mall","traffic","continues","decline","snow","park","campaign","change","company","dillard","pressed","activist","investor","sees","potential","company","real","estate","holdings","2014","capital","management","released","report","encouraging","dillard","create","real","estate","investment","trust","owned","percent","stake","believed","move","increased","value","combined","companies","share","known","latest","push","activist","investor","yield","results","dillard","family","controls","company","separate","class","shares","always","class","class","stock","williams","senior","vice","president","managing","director","simmons","investment","group","rock","obviously","everyone","best","interest","shares","fully","valued","whatever","means","possible","frequently","people","differ","timing","best","opportunity","business","2017"]}
