{"authors":[],"date_download":"2018-10-30 00:51:05","date_modify":"2018-10-30 00:51:05","date_publish":"2018-10-20 00:00:00","description":null,"filename":"ADaytoCelebratetheFatherofModernConservatism_376.json","image_url":"https://www.americanthinker.com/images/bucket/2018-10/209754.jpg","language":null,"localpath":"ADaytoCelebratetheFatherofModernConservatism_376.json","title":"A Day to Celebrate the Father of Modern Conservatism","title_page":"A Day to Celebrate the Father of Modern Conservatism","title_rss":"NULL","source_domain":"americanthinker.com","text":"celebrate father modern conservatism today centennial birth russell kirk considered father modern conservatism celebrate russell kirk courageous intellectual warrior defense traditional conservatism born october 1918 plymouth michigan kirk rose humble beginnings become internationally recognized figure author numerous books countless articles reviews syndicated column thirteen founding editor modern frequent contributor national review 1953 published groundbreaking work conservative mind burke santayana book launched modern conservative movement america kirk positions particular issues often idiosyncratic hardly line conventional thinking either left strongly criticized atomic bomb japan 1976 voted eugene mccarthy jimmy carter gerald ford critic globalism imperialism sorts consequent mushrooming state power marxist nations within western democracies deeply traditional lifestyle thought kirk espoused simple existence akin call localism temperamentally opposed nearly forms change especially technological change disliked automobiles televisions computers impersonal regimented society accompanied rise digital culture words fought defend humane civilization religion center existed thousands core western civilization course christianity kirk spoke eloquently against mounting assault christian expression carried name separation church state unfortunately separation mean complete suppression religious expression public space left reference religious practice thought seen deeply suspect criminal kirk position exactly opposite celebrated practice christianity case catholicism found inconceivable civilization west exist without kirk continued amplified thinking earlier writers irving babbitt paul elmer eliot allen tate willa cather lewis broadly terms political ideas kirk indebted edmund burke important consider historical setting within kirk wrote kirk grew revolutionary change rapid adoption automobile near universal means transportation production centered nearby detroit powerful impression young author noise speed machine itself effect society kirk others bemoaned along automobile airplane telephone radio motion pictures eventually television computer none kirk view especially beneficial civilized life rise totalitarianism germany russia horrific period economic collapse followed decade global accompanying developments rise imperial state overwhelming power intrusiveness lives citizens kirk response call return civilization modest human scale personal life self restraint self responsibility religious faith center kirk advocated extreme form individualism associated writings rand understood truly meaningful life required engagement others society religious communion kirk intensely meaningful value terms health social needs quite simply expresses true nature exists worshiped natural community believers band together kirk believed worth private charity practiced acts kindness charity markedly unorthodox throughout life against forces evil arose lifetime kirk advocated belief permanent term borrowed eliot idea christian society permanent consist legacy traditions institutions ways thinking inherits eliot kirk recognized immense value treasure inherited thought belief understood true basis civilization entail evolved centuries antagonistic ephemeral doctrines marxism existence merely decades belief connection heart kirk thinking undoubtedly reason returned ancestral scotland study university andrews earned master doctoral degrees established home family ancestral village mecosta michigan home piety hill death became russell kirk center cultural renewal hundredth anniversary russell kirk birth honor kirk founders modern conservatism hopefully return reading study work essential russell kirk excellent introduction bradley birzer russell kirk american conservative useful biography introduction ideas word apply russell kirk thinking sensible pious restrained recognized difficult dangerous world live effort self control along support religious community kirk life heroic courageous writing progressives dominated political intellectual discussion america fifty kirk brought life tradition thought based natural divine creation rather merely intellectual speculation along small number others kirk defended traditional conservatism attack substantial body work left behind celebrate centennial birth jeffrey folks taught universities europe japan decades published twelve books articles reviews","url":"https://www.americanthinker.com/articles/2018/10/a_day_to_celebrate_the_father_of_modern_conservatism.html","polarityScore":{"sourceTitle":"American Thinker","allSidesBias":"right","communityAgree":"1076","communityDisagree":"614","sourceUrl":"http://www.americanthinker.com/ "},"processedText":["celebrate","father","modern","conservatism","today","centennial","birth","russell","kirk","considered","father","modern","conservatism","celebrate","russell","kirk","courageous","intellectual","warrior","defense","traditional","conservatism","born","october","1918","plymouth","michigan","kirk","rose","humble","beginnings","become","internationally","recognized","figure","author","numerous","books","countless","articles","reviews","syndicated","column","thirteen","founding","editor","modern","frequent","contributor","national","review","1953","published","groundbreaking","work","conservative","mind","burke","book","launched","modern","conservative","movement","america","kirk","positions","particular","issues","often","hardly","line","conventional","thinking","either","left","strongly","criticized","atomic","bomb","japan","1976","voted","eugene","mccarthy","jimmy","carter","gerald","ford","critic","globalism","imperialism","sorts","state","power","marxist","nations","within","western","democracies","deeply","traditional","lifestyle","thought","kirk","espoused","simple","existence","akin","call","opposed","nearly","forms","change","especially","technological","change","automobiles","televisions","computers","society","accompanied","rise","digital","culture","words","fought","defend","humane","civilization","religion","center","existed","thousands","core","western","civilization","course","christianity","kirk","spoke","eloquently","against","mounting","assault","christian","expression","carried","name","separation","church","state","unfortunately","separation","mean","complete","suppression","religious","expression","public","space","left","reference","religious","practice","thought","seen","deeply","suspect","criminal","kirk","position","exactly","opposite","celebrated","practice","christianity","case","catholicism","found","inconceivable","civilization","west","exist","without","kirk","continued","amplified","thinking","earlier","writers","irving","paul","eliot","allen","tate","willa","lewis","broadly","terms","political","ideas","kirk","indebted","edmund","burke","important","consider","historical","setting","within","kirk","wrote","kirk","grew","revolutionary","change","rapid","adoption","automobile","near","universal","means","transportation","production","centered","nearby","detroit","powerful","impression","young","author","noise","speed","machine","itself","effect","society","kirk","others","bemoaned","along","automobile","airplane","telephone","radio","motion","pictures","eventually","television","computer","none","kirk","view","especially","beneficial","civilized","life","rise","totalitarianism","germany","russia","horrific","period","economic","collapse","followed","decade","global","accompanying","developments","rise","imperial","state","overwhelming","power","lives","citizens","kirk","response","call","return","civilization","modest","human","scale","personal","life","self","restraint","self","responsibility","religious","faith","center","kirk","advocated","extreme","form","individualism","associated","writings","rand","understood","truly","meaningful","life","required","engagement","others","society","religious","communion","kirk","intensely","meaningful","value","terms","health","social","needs","quite","simply","expresses","true","nature","exists","natural","community","believers","band","together","kirk","believed","worth","private","charity","practiced","acts","kindness","charity","markedly","unorthodox","throughout","life","against","forces","evil","arose","lifetime","kirk","advocated","belief","permanent","term","borrowed","eliot","idea","christian","society","permanent","consist","legacy","traditions","institutions","ways","thinking","eliot","kirk","recognized","immense","value","treasure","inherited","thought","belief","understood","true","basis","civilization","entail","evolved","centuries","antagonistic","ephemeral","doctrines","marxism","existence","merely","decades","belief","connection","heart","kirk","thinking","undoubtedly","reason","returned","ancestral","scotland","study","university","andrews","earned","master","doctoral","degrees","established","home","family","ancestral","village","michigan","home","piety","hill","death","became","russell","kirk","center","cultural","renewal","anniversary","russell","kirk","birth","honor","kirk","founders","modern","conservatism","hopefully","return","reading","study","work","essential","russell","kirk","excellent","introduction","bradley","russell","kirk","american","conservative","useful","biography","introduction","ideas","word","apply","russell","kirk","thinking","sensible","pious","restrained","recognized","difficult","dangerous","world","live","effort","self","control","along","support","religious","community","kirk","life","heroic","courageous","writing","progressives","dominated","political","intellectual","discussion","america","fifty","kirk","brought","life","tradition","thought","based","natural","divine","creation","rather","merely","intellectual","speculation","along","small","number","others","kirk","defended","traditional","conservatism","attack","substantial","body","work","left","behind","celebrate","centennial","birth","jeffrey","folks","taught","universities","europe","japan","decades","published","twelve","books","articles","reviews"]}
