{"authors":[],"date_download":"2018-11-02 06:54:10","date_modify":"2018-11-02 06:54:10","date_publish":"2017-11-20 00:00:00","description":null,"filename":"AddictionBraindiseaseorbadhabit_377.json","image_url":"https://www.americanthinker.com/images/bucket/2017-11/202094.jpg","language":null,"localpath":"AddictionBraindiseaseorbadhabit_377.json","title":"Addiction: Brain disease or bad habit?","title_page":"Addiction: Brain disease or bad habit?","title_rss":"NULL","source_domain":"americanthinker.com","text":"president trump declared opioid crisis national public health emergency does address underlying question drug addiction mental health problem behavioral problem less weeks court ordered julie eldred drugs probation tested positive opioid fentanyl consequently eldred chronic substance abuser spent almost weeks jail until inpatient treatment available appeal lawyer argues incarceration unconstitutional cruel unusual punishment drug beyond client control eldred choice decision court favor radically alter america confronts demand side metastasizing opioid epidemic although medical community generally accepts view addiction chronic relapsing brain disease learned group scientific medical legal professionals fervently dissent amici brief sally satel psychiatrist scholar american enterprise institute stephen morse psychiatry professor university pennsylvania persuasively argue addiction behavior persistent seeking using drugs despite negative consequences essence substance abuse akin behavior mental illness maintain alzheimer sufferers control progression condition addiction result repeated negative choices addicts born behaviorists contend further empirical evidence support brain disease theory example plausible argument purported symptoms brain disease model uncontrollable cravings depression anxiety diminished impulse control serious physical mental emotional health problems result chronic substance abuse cause greater concern risk majority opinion unintentionally exacerbated drug scourge shielding addicts consequences negative behavior prosecution argues eldred brain disease rewards people eldred ready excuse choice touching stove teaches child avoid stoves truth addicts clean sober volition cumulative consequences negative behavior become catalyst change former users credit stint jail jump starting recovery others mere threat jail incentive enough seek help personal responsibility sine functioning member society adoption brain disease theory court effectively remove cornerstone recovery ironically eldred late discover prevailing sentenced herself lifetime supervised care treatment facilities prospect early death grant petition inevitably lead drug deaths longer prison sentences without possibility probation parole increased recidivism fewer options drug courts incentivize recovery thousands wasted lives millions wasted dollars prolongation opioid epidemic","url":"https://www.americanthinker.com/blog/2017/11/addiction_brain_disease_or_bad_habit.html","polarityScore":{"sourceTitle":"American Thinker","allSidesBias":"right","communityAgree":"1076","communityDisagree":"614","sourceUrl":"http://www.americanthinker.com/ "},"processedText":["president","trump","declared","opioid","crisis","national","public","health","emergency","does","address","underlying","question","drug","addiction","mental","health","problem","behavioral","problem","less","weeks","court","ordered","julie","drugs","probation","tested","positive","opioid","fentanyl","consequently","chronic","substance","abuser","spent","almost","weeks","jail","until","treatment","available","appeal","lawyer","argues","incarceration","unconstitutional","cruel","unusual","punishment","drug","beyond","client","control","choice","decision","court","favor","radically","alter","america","confronts","demand","side","opioid","epidemic","although","medical","community","generally","accepts","view","addiction","chronic","brain","disease","learned","group","scientific","medical","legal","professionals","dissent","brief","sally","psychiatrist","scholar","american","enterprise","institute","stephen","morse","psychiatry","professor","university","pennsylvania","argue","addiction","behavior","persistent","seeking","using","drugs","despite","negative","consequences","essence","substance","abuse","akin","behavior","mental","illness","maintain","alzheimer","sufferers","control","progression","condition","addiction","result","repeated","negative","choices","addicts","born","contend","further","empirical","evidence","support","brain","disease","theory","example","plausible","argument","purported","symptoms","brain","disease","model","uncontrollable","cravings","depression","anxiety","diminished","impulse","control","serious","physical","mental","emotional","health","problems","result","chronic","substance","abuse","cause","greater","concern","risk","majority","opinion","unintentionally","exacerbated","drug","scourge","shielding","addicts","consequences","negative","behavior","prosecution","argues","brain","disease","rewards","people","ready","excuse","choice","touching","stove","teaches","child","avoid","truth","addicts","clean","sober","cumulative","consequences","negative","behavior","become","catalyst","change","former","users","credit","stint","jail","jump","starting","recovery","others","mere","threat","jail","incentive","enough","seek","help","personal","responsibility","functioning","member","society","adoption","brain","disease","theory","court","effectively","remove","cornerstone","recovery","ironically","late","discover","prevailing","sentenced","herself","lifetime","supervised","care","treatment","facilities","prospect","early","death","grant","petition","inevitably","lead","drug","deaths","longer","prison","sentences","without","possibility","probation","parole","increased","fewer","options","drug","courts","incentivize","recovery","thousands","wasted","lives","millions","wasted","dollars","opioid","epidemic"]}
