{"authors":[],"date_download":"2018-11-02 20:21:33","date_modify":"2018-11-02 20:21:33","date_publish":"2017-10-19 01:25:55","description":null,"filename":"AdiosCalifornia_381.json","image_url":"https://39uhx2trii4zt1im-zippykid.netdna-ssl.com/wp-content/uploads/2017/10/Mammoth_Mountain_Ski_Area_in_summer-1200px.jpg","language":"en","localpath":"AdiosCalifornia_381.json","title":"Adios, California","title_page":"Adios, CaliforniaThe American Spectator","title_rss":"NULL","source_domain":"spectator.org","text":"easy watching california self destruct four sons generation californians relative ours journeyed prior gold rush state population handful people family lore gunslinger victorious duel headed california avoid ended ranching known mammoth mountain family members took part gold rush ended discovering gold 1895 mojave desert grandparents arrived kern county 1930s worked teachers educating children workers shortly discovery region proud heritage urge state legislature hoping something sacramento slow decline golden state quickly discovered legislature dominated left ideologues nothing done reverse course democrat colleagues concerned policies destroying economic golden goose california famous worldwide indeed believe government nanny state policies california model progressives succeed governing seriously entire served sacramento democrats focused almost exclusively legislation either wealth redistribution creating rights alleged victims illegal aliens criminals union members homosexuals transgenders oppressed groups different today reality average middle class californian hasn representation halls sacramento decades indeed predict destruction california unfortunately great legacies progressive movement indeed democrats hold supermajorities legislative chambers assembly democratic hands 1970 election except 1995 1996 senate controlled democrats continuously 1970 governor semi real republican governor pete wilson ended term 1999 however action superstar former champion body builder arnold schwarzenegger republican serve governor 2003 2011 essentially governed democrat point hiring leftists staff tough image progressive hero jerry brown served governor 2011 sure liberals claim california socialism working pointing heralded statistic california economy largest world calculated state department finance indeed california trillion economy larger france canada brazil russia italy however stat does factor california cost living higher national cost living carson bruno writes real clear markets using cost living adjusted data international monetary fund adjusting california data provides better snapshot california economic standing world doing shows california 12th largest economy drop spots puts state below mexico moreover bruno points silicon valley accounted california private industry real growth words without dozen mega profitable high tech silicon valley firms apple google facebook california significantly smaller however economic blogger richard rider points aggregate statistic good indicator state economic health especially industry appears propping largest economy myth california million people state accurate assessment economy rider writes capita compared rest country adjusting figures account cost living golden state ends paltry 37th place ranking within capital rustbelt states michigan ohio higher adjusted capita despite silicon valley high tech giants california barely squeezes impoverished mexico rider reports looks capita stats rest world california ranks 19th stats factor data california further down rankings internationally assume high tech companies permanent feature california economy already extremely high cost living silicon valley 2016 caused silicon valley employees leave state attracted high tech companies having left california states virginia texas north carolina matter turns flood silicon valley employees fleeing california productive creating citizens state joel kotkin wendell wrote mercury news april largest group outmigrants tends middle aged people making annually indeed california done everything possible difficult businesses employers produce goods services california highest state income rate highest state sales rate country rate fourth highest cent trade cost gallon highest country based 2014 numbers california single family residence property eighth highest country median homeowner property bill higher average property bill states state corporate income rate eighth country forget small business minimum profit earned overall foundation ranks california fifth worse overall burden state especially hostile high earners start businesses create jobs indeed pays state income taxes moreover small business entrepreneurship council ranked california having worst anti business climate country american tort reform foundation ranks state worst state judicial hellhole national chamber commerce rates california having fourth worst business climate california prosperous state liberals claim does highest poverty rate nation census bureau poverty rate higher second place nevada indeed california nation population home nation tanf temporary assistance needy families welfare recipients next seven states combined clear producers leaving state takers coming takers illegal aliens estimated number million federation american immigration reform estimates california spends billion government services illegal aliens including welfare education medicaid criminal justice system costs liberals claim taxes paid simply true close fair estimates illegal aliens california contribute billion revenue means cost california billion least household nonetheless open border advocates facebook chairman mark zuckerberg claim illegal aliens benefit california evidence support assertion center immigration studies documented vast majority illegals poor uneducated skills does accepting millions illegal aliens granting access dozens welfare programs benefit california economy illegal aliens contributing economy meaningful california million illegal aliens booming furthermore complexion illegal aliens changed welfare committing crimes entered country 1980s heather donald manhattan institute testified congressional committee 2004 outstanding warrants murder angeles illegal aliens 2000 angeles county jail inmates illegal aliens 1995 angeles largest street gang 18th street gang illegal aliens granted statistics talk california enforcement officer tell worse today problem brown administration release statewide data illegal alien crimes insensitive california declared itself sanctuary state doubt sends message south border further escalate illegal immigration state indeed california goes attract illegal aliens state created government programs cater exclusively illegal aliens example state department motor vehicles offices process driver licenses illegal aliens million illegal aliens driving california state felt compelled help avoid lines rest endure recently state funded university california system announced spend million financial illegal aliens taken radio spots stations along border sure potential illegal border crossers hear program afford college education four sons taxes illegals college education forget impact illegals upon employment wages illegal aliens driving down wages across board california especially service construction industries people suffer legal citizens lose jobs illegals willing work rock bottom wages people understand illegals enter country without families pile cheap apartment expenses able jobs rate legal citizens cannot afford work served forsaken capital sacramento thing found bizarre intense focus democrat colleagues creating agencies programs cater illegal aliens thus attract illegal aliens california illegal alien policies undermine hundreds thousands legal minorities work service construction industries strangely biggest boosters policies democrat legislators hispanic descent entire hispanic delegation houses concerted decision abandon legal hispanics represent mexican citizens find violation oath office believe political power illegals registered democrats surprised hispanic elites common middle class californians college belonged hispanic separatist movement movimiento estodiantil chicano aztlan mecha believes borders eliminated entire southwest stolen mexico words extremists believe notion citizenship borders state funding agencies intrude aspect citizens lives clear government spending completely control california political writer steve frank estimates real state government debt trillion state print money feds option assess overtaxed citizens fees taxes truth matter california better randomly selected people phone book serve assembly senate normal people private sector experience stands state politicians held real common vast majority hard working californians today large sections california look third world country ramshackle buildings junky cars trash strewn everywhere outbreaks hepatitis third world state cannot chase away producers attract takers without economic consequences doubt california headed toward economic disaster perhaps conservatives support california succession movement state completely collapses comes begging federal government bailout","url":"https://spectator.org/adios-california/","polarityScore":{"sourceTitle":"American Spectator","allSidesBias":"right","communityAgree":"4485","communityDisagree":"1883","sourceUrl":"http://spectator.org/ "},"processedText":["easy","watching","california","self","four","sons","generation","californians","relative","ours","prior","gold","rush","state","population","handful","people","family","lore","victorious","duel","headed","california","avoid","ended","known","mammoth","mountain","family","members","took","part","gold","rush","ended","discovering","gold","mojave","desert","grandparents","arrived","kern","county","1930s","worked","teachers","educating","children","workers","shortly","discovery","region","proud","heritage","urge","state","legislature","hoping","something","sacramento","slow","decline","golden","state","quickly","discovered","legislature","dominated","left","ideologues","nothing","done","reverse","course","democrat","colleagues","concerned","policies","destroying","economic","golden","goose","california","famous","worldwide","indeed","believe","government","nanny","state","policies","california","model","progressives","succeed","governing","seriously","entire","served","sacramento","democrats","focused","almost","exclusively","legislation","either","wealth","redistribution","creating","rights","alleged","victims","illegal","aliens","criminals","union","members","homosexuals","transgenders","oppressed","groups","different","today","reality","average","middle","class","californian","hasn","representation","halls","sacramento","decades","indeed","predict","destruction","california","unfortunately","great","legacies","progressive","movement","indeed","democrats","hold","supermajorities","legislative","chambers","assembly","democratic","hands","1970","election","except","1995","1996","senate","controlled","democrats","continuously","1970","governor","semi","real","republican","governor","pete","wilson","ended","term","1999","however","action","superstar","former","champion","body","builder","arnold","schwarzenegger","republican","serve","governor","2003","2011","essentially","governed","democrat","point","hiring","leftists","staff","tough","image","progressive","hero","jerry","brown","served","governor","2011","sure","liberals","claim","california","socialism","working","pointing","heralded","statistic","california","economy","largest","world","calculated","state","department","finance","indeed","california","trillion","economy","larger","france","canada","brazil","russia","italy","however","stat","does","factor","california","cost","living","higher","national","cost","living","carson","bruno","writes","real","clear","markets","using","cost","living","adjusted","data","international","monetary","fund","adjusting","california","data","provides","better","snapshot","california","economic","standing","world","doing","shows","california","12th","largest","economy","drop","spots","puts","state","below","mexico","moreover","bruno","points","silicon","valley","accounted","california","private","industry","real","growth","words","without","dozen","mega","profitable","high","tech","silicon","valley","firms","apple","google","facebook","california","significantly","smaller","however","economic","blogger","richard","rider","points","aggregate","statistic","good","indicator","state","economic","health","especially","industry","appears","propping","largest","economy","myth","california","million","people","state","accurate","assessment","economy","rider","writes","capita","compared","rest","country","adjusting","figures","account","cost","living","golden","state","ends","paltry","place","ranking","within","capital","states","michigan","ohio","higher","adjusted","capita","despite","silicon","valley","high","tech","giants","california","barely","impoverished","mexico","rider","reports","looks","capita","stats","rest","world","california","ranks","19th","stats","factor","data","california","further","down","rankings","internationally","assume","high","tech","companies","permanent","feature","california","economy","already","extremely","high","cost","living","silicon","valley","2016","caused","silicon","valley","employees","leave","state","attracted","high","tech","companies","having","left","california","states","virginia","texas","north","carolina","matter","turns","flood","silicon","valley","employees","fleeing","california","productive","creating","citizens","state","joel","wendell","wrote","mercury","news","april","largest","group","tends","middle","aged","people","making","annually","indeed","california","done","everything","possible","difficult","businesses","employers","produce","goods","services","california","highest","state","income","rate","highest","state","sales","rate","country","rate","fourth","highest","cent","trade","cost","gallon","highest","country","based","2014","numbers","california","single","family","residence","property","eighth","highest","country","median","homeowner","property","bill","higher","average","property","bill","states","state","corporate","income","rate","eighth","country","forget","small","business","minimum","profit","earned","overall","foundation","ranks","california","fifth","worse","overall","burden","state","especially","hostile","high","earners","start","businesses","create","jobs","indeed","pays","state","income","taxes","moreover","small","business","entrepreneurship","council","ranked","california","having","worst","anti","business","climate","country","american","tort","reform","foundation","ranks","state","worst","state","judicial","hellhole","national","chamber","commerce","rates","california","having","fourth","worst","business","climate","california","prosperous","state","liberals","claim","does","highest","poverty","rate","nation","census","bureau","poverty","rate","higher","second","place","nevada","indeed","california","nation","population","home","nation","temporary","assistance","needy","families","welfare","recipients","next","seven","states","combined","clear","producers","leaving","state","takers","coming","takers","illegal","aliens","estimated","number","million","federation","american","immigration","reform","estimates","california","spends","billion","government","services","illegal","aliens","including","welfare","education","medicaid","criminal","justice","system","costs","liberals","claim","taxes","paid","simply","true","close","fair","estimates","illegal","aliens","california","contribute","billion","revenue","means","cost","california","billion","least","household","nonetheless","open","border","advocates","facebook","chairman","mark","zuckerberg","claim","illegal","aliens","benefit","california","evidence","support","assertion","center","immigration","studies","documented","vast","majority","illegals","poor","uneducated","skills","does","accepting","millions","illegal","aliens","granting","access","dozens","welfare","programs","benefit","california","economy","illegal","aliens","contributing","economy","meaningful","california","million","illegal","aliens","booming","furthermore","complexion","illegal","aliens","changed","welfare","committing","crimes","entered","country","1980s","heather","donald","manhattan","institute","testified","congressional","committee","2004","outstanding","warrants","murder","angeles","illegal","aliens","2000","angeles","county","jail","inmates","illegal","aliens","1995","angeles","largest","street","gang","18th","street","gang","illegal","aliens","granted","statistics","talk","california","enforcement","officer","tell","worse","today","problem","brown","administration","release","statewide","data","illegal","alien","crimes","insensitive","california","declared","itself","sanctuary","state","doubt","sends","message","south","border","further","escalate","illegal","immigration","state","indeed","california","goes","attract","illegal","aliens","state","created","government","programs","cater","exclusively","illegal","aliens","example","state","department","motor","vehicles","offices","process","driver","licenses","illegal","aliens","million","illegal","aliens","driving","california","state","felt","compelled","help","avoid","lines","rest","endure","recently","state","funded","university","california","system","announced","spend","million","financial","illegal","aliens","taken","radio","spots","stations","along","border","sure","potential","illegal","border","hear","program","afford","college","education","four","sons","taxes","illegals","college","education","forget","impact","illegals","upon","employment","wages","illegal","aliens","driving","down","wages","across","board","california","especially","service","construction","industries","people","suffer","legal","citizens","lose","jobs","illegals","willing","work","rock","bottom","wages","people","understand","illegals","enter","country","without","families","pile","cheap","apartment","expenses","able","jobs","rate","legal","citizens","cannot","afford","work","served","capital","sacramento","thing","found","bizarre","intense","focus","democrat","colleagues","creating","agencies","programs","cater","illegal","aliens","thus","attract","illegal","aliens","california","illegal","alien","policies","undermine","hundreds","thousands","legal","minorities","work","service","construction","industries","strangely","biggest","boosters","policies","democrat","legislators","hispanic","descent","entire","hispanic","delegation","houses","concerted","decision","abandon","legal","hispanics","represent","mexican","citizens","find","violation","oath","office","believe","political","power","illegals","registered","democrats","surprised","hispanic","elites","common","middle","class","californians","college","belonged","hispanic","separatist","movement","chicano","believes","borders","eliminated","entire","southwest","stolen","mexico","words","extremists","believe","notion","citizenship","borders","state","funding","agencies","aspect","citizens","lives","clear","government","spending","completely","control","california","political","writer","steve","frank","estimates","real","state","government","debt","trillion","state","print","money","feds","option","assess","citizens","fees","taxes","truth","matter","california","better","randomly","selected","people","phone","book","serve","assembly","senate","normal","people","private","sector","experience","stands","state","politicians","held","real","common","vast","majority","hard","working","californians","today","large","sections","california","look","third","world","country","buildings","cars","trash","strewn","everywhere","hepatitis","third","world","state","cannot","chase","away","producers","attract","takers","without","economic","consequences","doubt","california","headed","toward","economic","disaster","perhaps","conservatives","support","california","succession","movement","state","completely","collapses","comes","begging","federal","government","bailout"]}
