{"authors":[],"date_download":"2018-11-02 22:19:53","date_modify":"2018-11-02 22:19:53","date_publish":"2017-12-08 00:05:57","description":null,"filename":"ADrinkyGiftGuide_384.json","image_url":"https://39uhx2trii4zt1im-zippykid.netdna-ssl.com/wp-content/uploads/2017/12/A_Christmas_Dinner_on_the_Heights_Before_Sebastopol._15811342246-1.jpg","language":"en","localpath":"ADrinkyGiftGuide_384.json","title":"A Drinky Gift Guide","title_page":"A Drinky Gift GuideThe American Spectator","title_rss":"NULL","source_domain":"spectator.org","text":"rock hard fruitcakes hideous neckties match nothing wardrobe useless contraptions ronco inside scrambler electronic gadgets pester scatter mind pings bleeps jangles drinky gifts instead cannot fail delight provide hours levity weird times creepy willy wavers america belligerent lunatics side globe beer thirty best beer find groceries michelob lowenbrau times changed grand land days throw rock direction high probability hitting good bottle beer makes shopping brews easy among brands recommend germany riegele bocks dortmunders montana grand teton brewing gose ales oregon full sail brewing entire line everything great ales stouts michigan bell brewery founder brewing company holland bottles guinness beers antwerpen stout pale hard cider icky sweet apple ciders ounce bottles common grocery stores skip grab milliliter bottle style cider lieu cheri cidre fermier cave lotterie imported wine traditions light decidedly earthy ciders aromas arising sparkling beverages sour mushroom served ciders whistle wetters thanksgiving dinner mere percent alcohol enjoyed without getting loopy bourbon whiskey better whiskey drinker newer brands angel envy bourbon aged port barrels bottle splendid filibuster dual cask bourbon finished french barrels bottle among brands reconceptualized flavor profile bourbon without abandoning essence sweet fiery traverse city whiskey company flag ship straight bourbon whiskey proof gives tippler sense whiskey century thick charred barrel flavor swallow iowa cedar ridge distillery american distilling institute distillery award offers whiskey lover veritable smorgasbord wheat whiskey bourbon malted whiskey single malts unaged whiskey retail smallish bottles five different cedar ridge whiskeys givable american whiskey explorer package boys american whiskey upped games recent quite enjoyed wild turkey decades proof george dickel barrel select proof jack daniel single barrel select proof maker mark cask strength proof everyone knows yuge comeback sense versus consider giving someone bottle rittenhouse bottled bond proof fifth filibuster dual cask proof former tastes grain black pepper apricot latter gentler slightly sweet offers apple floral notes love impress aficionado pony whistlepig proof wine fortified wine hands down best wine tasted priciest deis cabernet sauvignon 2014 places nakedwines tasted cross bordeaux world fruit bomb utterly succulent showed faint blueberry cedar notes nearly wept bottle empty remarkable bang buck wrap bottles jose maria fonseca wines imported palm international portuguese wines remarkably diverse flavor profiles fonseca ripan reminds beauojolas nouveau light bodied floral fruity jose sousa 2015 world vegetal shows clove note meanwhile fonseca periquita reserva 2014 world offers immense fruit vanilla notes screams pairing steak roasted vegetables gooey salty cheese deeper pockets domini plus 2014 welcome gift wine collector inky wine fruity tannic fonseca produces terrific fortified wines alambre moscatel setubal 2010 appeal enjoy port floral peach notes speaking fortified wines vignobles constance terrassous rivesaltes ambr hors proof regal wine imports gorgeous amber dessert wine delicious port type flavors honey serve neat room temperature slightly chilled enjoy feet hand near good book cheese tray books cocktails person loves read drink abundant choices alexei damon murray stephen sorrell alcohol fuel 2017 carries popping photographs soviet anti drink posters 1960s 1980s government produced bazillions downtrodden citizenry kept boozing steven grasse colonial spirits abrams image 2017 previously wrote wild amusing romp early american drink robert simonson proper drink speed press 2016 lengthy deep dive report america cocktail scene revived someone thick whole york city drink scene 1990s attest simonson truth antiquarian bent enjoy receiving copy sherry monahan jane perkins golden elixir west twodot 2018 filled amusing yarns american whiskey friends family given emma christensen modern cider speed press 2017 pretty tome teaches various fruit ciders shrubs wines feeling charitable industrious hack written innumerable columns eyes help feed family fishing habit filling stockings slim tomes whiskey moonshine kevin kosar senior fellow street institute heads alcohol policy reform program author moonshine global history 2017 whiskey global history 2010","url":"https://spectator.org/a-drinky-gift-guide/","polarityScore":{"sourceTitle":"American Spectator","allSidesBias":"right","communityAgree":"4485","communityDisagree":"1883","sourceUrl":"http://spectator.org/ "},"processedText":["rock","hard","hideous","match","nothing","wardrobe","useless","inside","electronic","gadgets","mind","gifts","instead","cannot","fail","delight","provide","hours","weird","times","creepy","willy","america","belligerent","side","globe","beer","thirty","best","beer","find","groceries","times","changed","grand","land","days","throw","rock","direction","high","probability","hitting","good","bottle","beer","makes","shopping","easy","among","brands","recommend","germany","montana","grand","brewing","ales","oregon","full","sail","brewing","entire","line","everything","great","ales","michigan","bell","brewery","founder","brewing","company","holland","bottles","beers","stout","pale","hard","cider","icky","sweet","apple","ounce","bottles","common","grocery","stores","skip","grab","bottle","style","cider","lieu","cave","imported","wine","traditions","light","decidedly","earthy","arising","sparkling","beverages","sour","mushroom","served","whistle","thanksgiving","dinner","mere","percent","alcohol","enjoyed","without","getting","bourbon","whiskey","better","whiskey","drinker","newer","brands","angel","envy","bourbon","aged","port","barrels","bottle","splendid","filibuster","dual","bourbon","finished","french","barrels","bottle","among","brands","flavor","profile","bourbon","without","abandoning","essence","sweet","fiery","traverse","city","whiskey","company","flag","ship","straight","bourbon","whiskey","proof","gives","sense","whiskey","century","thick","charred","barrel","flavor","swallow","iowa","cedar","ridge","distillery","american","distilling","institute","distillery","award","offers","whiskey","lover","veritable","wheat","whiskey","bourbon","whiskey","single","whiskey","retail","bottles","five","different","cedar","ridge","american","whiskey","explorer","package","boys","american","whiskey","upped","games","recent","quite","enjoyed","wild","turkey","decades","proof","george","barrel","select","proof","jack","daniel","single","barrel","select","proof","maker","mark","strength","proof","everyone","knows","comeback","sense","versus","consider","giving","someone","bottle","bottled","bond","proof","fifth","filibuster","dual","proof","former","tastes","grain","black","pepper","latter","gentler","slightly","sweet","offers","apple","floral","notes","love","impress","pony","proof","wine","fortified","wine","hands","down","best","wine","tasted","2014","places","tasted","cross","world","fruit","bomb","utterly","showed","faint","blueberry","cedar","notes","nearly","bottle","empty","remarkable","bang","buck","wrap","bottles","jose","maria","fonseca","wines","imported","palm","international","portuguese","wines","remarkably","diverse","flavor","profiles","fonseca","reminds","light","bodied","floral","fruity","jose","2015","world","shows","note","meanwhile","fonseca","2014","world","offers","immense","fruit","vanilla","notes","screams","pairing","steak","roasted","vegetables","salty","cheese","deeper","pockets","plus","2014","welcome","gift","wine","collector","wine","fruity","fonseca","produces","terrific","fortified","wines","2010","appeal","enjoy","port","floral","peach","notes","speaking","fortified","wines","constance","proof","regal","wine","imports","gorgeous","amber","dessert","wine","delicious","port","type","flavors","honey","serve","neat","room","temperature","slightly","chilled","enjoy","feet","hand","near","good","book","cheese","tray","books","cocktails","person","loves","read","drink","abundant","choices","damon","murray","stephen","alcohol","fuel","2017","carries","popping","photographs","soviet","anti","drink","posters","1960s","1980s","government","produced","citizenry","kept","steven","colonial","spirits","abrams","image","2017","previously","wrote","wild","amusing","early","american","drink","robert","proper","drink","speed","press","2016","lengthy","deep","dive","report","america","cocktail","scene","revived","someone","thick","whole","york","city","drink","scene","1990s","attest","truth","bent","enjoy","receiving","copy","sherry","monahan","jane","perkins","golden","west","2018","filled","amusing","american","whiskey","friends","family","given","emma","christensen","modern","cider","speed","press","2017","pretty","teaches","various","fruit","wines","feeling","charitable","industrious","hack","written","innumerable","columns","eyes","help","feed","family","fishing","habit","filling","slim","whiskey","kevin","senior","fellow","street","institute","heads","alcohol","policy","reform","program","author","global","history","2017","whiskey","global","history","2010"]}
