{"authors":["Joseph D. Lyons"],"date_download":"2018-10-31 00:51:57","date_modify":"2018-10-31 00:51:57","date_publish":"2018-09-30 20:44:36","description":"It took weeks of negotiating to get the Senate Republicans to ask for an FBI investigation into the allegations against Judge Brett Kavanaugh, including protests by Sen. Jeff Flake. But for one false Kavanaugh accusation, the Senate Judiciary…","filename":"AFalseKavanaughAllegationIsBeingInvestigatedByTheFBIHeresWhatThatMeans_386.json","image_url":"https://imgix.bustle.com/uploads/getty/2018/9/30/dad7a695-ff12-4ca7-b83e-c68cac261a1b-getty-1046030768.jpg?w=1200&h=630&q=70&fit=crop&crop=faces&fm=jpg","language":"en","localpath":"AFalseKavanaughAllegationIsBeingInvestigatedByTheFBIHeresWhatThatMeans_386.json","title":"A False Kavanaugh Allegation Is Being Investigated By The FBI - Here's What That Means","title_page":"A False Kavanaugh Allegation Is Being Investigated By The FBI — Here's What That Means","title_rss":"NULL","source_domain":"bustle.com","text":"took weeks negotiating senate republicans investigation allegations against judge brett kavanaugh including protests jeff flake false kavanaugh accusation senate judiciary committee referred issue department justice criminal investigation saturday committee chairman chuck grassley wrote letter requesting investigation making false accusations potentially illegal multiple studies show case false accusations proportionally minuscule compared accurate accusations sexual assault kavanaugh denied accusations against bustle reached white house additional comment experts false accusation hurt others against kavanaugh sending openly further investigation supporting narrative seems effort emphasize reports accurate renato mariotti defense lawyer former federal prosecutor today suggest trust allegations committee cause people draw conclusions false accusations rape kavanaugh accused attempted rape denies percent shown false study 2010 2017 study number percent count large number sexual assaults aren reported didn stop grassley making deal letter committee grateful citizens forward relevant information good faith hundred percent sure grassley wrote individuals provide fabricated allegations committee diverting committee resources sensitive investigations materially impedes work explained illegal pushed investigate seriously illegal materially false fictitious fraudulent statements congressional investigators illegal obstruct committee investigations grassley wrote hope give referral utmost consideration saturday news broke investigation accusations against kavanaugh denies limited scope white house week deadline investigation criminal expanded background check president donald trump tried push against initial reports limited scope saying free rein york times reported investigation limited four interviews interviewed kavanaugh friend mark judge ford alleges room sexually assaulted democrats wanted question hearing suggested subpoenaed senate republicans decided grassley senate judiciary committee kavanaugh already advanced whole chamber senate majority leader mitch mcconnell shared senate republicans wanted interviewed white house sent","url":"https://www.bustle.com/p/a-false-kavanaugh-allegation-is-being-investigated-by-the-fbi-heres-what-that-means-12103415","polarityScore":{"sourceTitle":"Bustle","allSidesBias":"left-center","communityAgree":"564","communityDisagree":"566","sourceUrl":"http://www.bustle.com/ "},"processedText":["took","weeks","negotiating","senate","republicans","investigation","allegations","against","judge","brett","kavanaugh","including","protests","jeff","flake","false","kavanaugh","accusation","senate","judiciary","committee","referred","issue","department","justice","criminal","investigation","saturday","committee","chairman","chuck","grassley","wrote","letter","requesting","investigation","making","false","accusations","potentially","illegal","multiple","studies","show","case","false","accusations","minuscule","compared","accurate","accusations","sexual","assault","kavanaugh","denied","accusations","against","bustle","reached","white","house","additional","comment","experts","false","accusation","hurt","others","against","kavanaugh","sending","openly","further","investigation","supporting","narrative","seems","effort","emphasize","reports","accurate","defense","lawyer","former","federal","prosecutor","today","suggest","trust","allegations","committee","cause","people","draw","conclusions","false","accusations","rape","kavanaugh","accused","attempted","rape","denies","percent","shown","false","study","2010","2017","study","number","percent","count","large","number","sexual","assaults","aren","reported","didn","stop","grassley","making","deal","letter","committee","grateful","citizens","forward","relevant","information","good","faith","hundred","percent","sure","grassley","wrote","individuals","provide","fabricated","allegations","committee","diverting","committee","resources","sensitive","investigations","materially","impedes","work","explained","illegal","pushed","investigate","seriously","illegal","materially","false","fictitious","fraudulent","statements","congressional","investigators","illegal","obstruct","committee","investigations","grassley","wrote","hope","give","referral","utmost","consideration","saturday","news","broke","investigation","accusations","against","kavanaugh","denies","limited","scope","white","house","week","deadline","investigation","criminal","expanded","background","check","president","donald","trump","tried","push","against","initial","reports","limited","scope","saying","free","rein","york","times","reported","investigation","limited","four","interviews","interviewed","kavanaugh","friend","mark","judge","ford","alleges","room","sexually","assaulted","democrats","wanted","question","hearing","suggested","senate","republicans","decided","grassley","senate","judiciary","committee","kavanaugh","already","advanced","whole","chamber","senate","majority","leader","mitch","mcconnell","shared","senate","republicans","wanted","interviewed","white","house","sent"]}
