{"authors":[],"date_download":"2018-11-02 02:24:37","date_modify":"2018-11-02 02:24:37","date_publish":"2017-08-27 19:43:00","description":"The first game in Mercedes-Benz Stadium kicked off Saturday night without much grand-opening pomp an...","filename":"AfewsnagsamidmuchpraiseforMercedesBenzStadiumopener_388.json","image_url":"https://www.ajc.com/rf/image_large/Pub/p8/AJC/2017/08/26/Images/mbfans19.jpg","language":"en","localpath":"AfewsnagsamidmuchpraiseforMercedesBenzStadiumopener_388.json","title":"A few snags amid much praise for Mercedes-Benz Stadium opener","title_page":"A few snags amid much praise for Mercedes-Benz Stadium opener","title_rss":"NULL","source_domain":"ajc.com","text":"game mercedes benz stadium kicked saturday night without grand opening pomp pageantry without speeches dignitaries reflection falcons organization approached night dress rehearsal bigger shows ahead wanted everything people give feedback falcons president rich mckay entertainment factor tonight until sept 17th falcons wait until regular season home game customary stadium opening ceremonies tributes mckay looking something along lines look 17th nationally televised game against green packers rematch season championship game georgia dome bigger stage august exhibition game stadium host events falcons jacksonville jaguars exhibition game thursday chick kickoff college football games alabama florida state georgia tech tennessee labor weekend atlanta united matches sept sept sept starters stadium performed drew overwhelmingly positive reviews fans saturday night fact clearly outperformed falcons lost arizona cardinals stadium debut showed bought billion fitted million square feet space massive degree halo shaped video board dazzled though programming intentionally restrained night story tall window city drew throngs people throughout game bridges overlook skyline field lighting cast exterior building dark statement predictably snags buildings open couple glitches mckay concession stands waits others food reported barbecue stand buns pizza place pizza overrun food side mckay positive added strong food beverage sales fans questioned full stadium wasn accessible soon large gathering space behind east zone opened space quickly filled prompting officials open rest stadium slightly ahead scheduled moment walk everything inside stadium technology everywhere mercedes benz stadium erica hernandez issue sound perch high tech space above west zone perch work mckay sound perch hadn thought thought fact sound supposed edge figure expressed surprise direct access concourse several prime lower level seating sections falcons setup location lower level suites behind seats expectation sections typically accessed premium club below complaint falcons didn coming probably drink rails bathrooms mckay walk greatest place didn place beer overall evident technological glitches retractable roof closed game fully mechanized officiating crew microphone work resumed roof sunday opened part continuing process adjusting measuring mechanization plan close roof monday moved four times previously building functioned saturday mckay video boards functioned zero wifi issues points sale equipment held ingress good expects adjustments based fans opening night feedback announced attendance overstated crowd building included tickets distributed including season tickets mckay didn actual attendance count although larger typical exhibition game until second half exodus night impressions gawking absorbing cases marveling extent applied falcons quarterback caught myself especially warm matt ryan game making sure taking everything getting surroundings pretty impressive video board sure falcons coach quinn began postgame news conference acknowledging thousands women poured energy heart stadium unbelievable quinn stadium late night stadium worker stepped onto elevator maybe half dozen people board everybody enjoy themselves asked billion hope","url":"https://www.ajc.com/sports/few-snags-amid-much-praise-for-mercedes-benz-stadium-opener/Wgespivifw5vJIqL3ICd9N/","polarityScore":{"sourceTitle":"Atlanta Journal-Constitution","allSidesBias":"left-center","communityAgree":"561","communityDisagree":"580","sourceUrl":"http://www.ajc.com/ "},"processedText":["game","mercedes","benz","stadium","kicked","saturday","night","without","grand","opening","without","speeches","dignitaries","reflection","falcons","organization","approached","night","dress","rehearsal","bigger","shows","ahead","wanted","everything","people","give","feedback","falcons","president","rich","mckay","entertainment","factor","tonight","until","sept","17th","falcons","wait","until","regular","season","home","game","customary","stadium","opening","ceremonies","tributes","mckay","looking","something","along","lines","look","17th","nationally","televised","game","against","green","packers","rematch","season","championship","game","georgia","dome","bigger","stage","august","exhibition","game","stadium","host","events","falcons","jacksonville","jaguars","exhibition","game","thursday","chick","kickoff","college","football","games","alabama","florida","state","georgia","tech","tennessee","labor","weekend","atlanta","united","matches","sept","sept","sept","starters","stadium","performed","drew","overwhelmingly","positive","reviews","fans","saturday","night","fact","clearly","falcons","lost","arizona","cardinals","stadium","debut","showed","bought","billion","fitted","million","square","feet","space","massive","degree","halo","shaped","video","board","though","programming","intentionally","restrained","night","story","tall","window","city","drew","people","throughout","game","bridges","overlook","skyline","field","lighting","cast","exterior","building","dark","statement","predictably","buildings","open","couple","glitches","mckay","concession","stands","waits","others","food","reported","barbecue","stand","buns","pizza","place","pizza","overrun","food","side","mckay","positive","added","strong","food","beverage","sales","fans","questioned","full","stadium","wasn","accessible","soon","large","gathering","space","behind","east","zone","opened","space","quickly","filled","prompting","officials","open","rest","stadium","slightly","ahead","scheduled","moment","walk","everything","inside","stadium","technology","everywhere","mercedes","benz","stadium","erica","hernandez","issue","sound","perch","high","tech","space","above","west","zone","perch","work","mckay","sound","perch","hadn","thought","thought","fact","sound","supposed","edge","figure","expressed","surprise","direct","access","concourse","several","prime","lower","level","seating","sections","falcons","setup","location","lower","level","suites","behind","seats","expectation","sections","typically","accessed","premium","club","below","complaint","falcons","didn","coming","probably","drink","rails","bathrooms","mckay","walk","greatest","place","didn","place","beer","overall","evident","technological","glitches","retractable","roof","closed","game","fully","crew","microphone","work","resumed","roof","sunday","opened","part","continuing","process","adjusting","measuring","plan","close","roof","monday","moved","four","times","previously","building","saturday","mckay","video","boards","zero","issues","points","sale","equipment","held","good","expects","adjustments","based","fans","opening","night","feedback","announced","attendance","overstated","crowd","building","included","tickets","distributed","including","season","tickets","mckay","didn","actual","attendance","count","although","larger","typical","exhibition","game","until","second","half","exodus","night","impressions","absorbing","cases","extent","applied","falcons","quarterback","caught","myself","especially","warm","matt","ryan","game","making","sure","taking","everything","getting","surroundings","pretty","impressive","video","board","sure","falcons","coach","quinn","began","postgame","news","conference","acknowledging","thousands","women","poured","energy","heart","stadium","unbelievable","quinn","stadium","late","night","stadium","worker","stepped","onto","elevator","maybe","half","dozen","people","board","everybody","enjoy","themselves","asked","billion","hope"]}
