{"authors":["Ellis Widner"],"date_download":"2018-10-30 00:51:43","date_modify":"2018-10-30 00:51:43","date_publish":"2018-10-04 00:00:00","description":"Fifty years ago the artistic companion to the black power movement was formed in Chicago by a group of five artists, including Pine Bluff native Jeff Donaldson.","filename":"AfriCOBRAshowdeservesRespect_390.json","image_url":"https://media.arkansasonline.com/img/photos/2018/10/04/resized_250588-artbeat3-1007_98-25183_t600.jpg?4326734cdb8e39baa3579048ef63ad7b451e7676","language":"en","localpath":"AfriCOBRAshowdeservesRespect_390.json","title":"AfriCOBRA show deserves 'Respect'","title_page":"AfriCOBRA show deserves 'Respect'","title_rss":"NULL","source_domain":"arkansasonline.com","text":"fifty artistic companion black power movement formed chicago group five artists including pine bluff native jeff donaldson africobra african commune relevant artists country oldest artist collectives group exerted significant influence development recognition black artists work group connection arkansas continues current member kevin cole pine bluff native exhibition work current members collective respect africobra continues mosaic templars cultural center curated garbo hearne hearne fine daughter auna exhibition pays homage donaldson short film couple canvases lots information africobra founder shout university arkansas pine bluff nurtured donaldson cole high points include frank smith vibrant untitled 2008 mixed media work canvas tells stories recalls treasured family quilt akili anderson cubistic 1984 mixed media paper work creation james phillips richly patterned 2014 acrylic paper water spirits revisited napoleon jones henderson enamel copper tribute gospel group blind boys alabama michael harris wonderful digital photo mixed media print africobra colleague renee stout kevin cole stunning swing sweet chariot emanuel nine 2016 etched aluminum sculpture stands inches tall created honor killed 2015 shooting emanuel african methodist episcopal church charleston stout female collective represented number works including 2013 acrylic spraypaint wood brown tantalizing handwritten text adgar cowans famed photography finds uneasy beauty blue bottom recycled plastic pieces attached acrylic grid cowans work statement plastic pollution oceans nelson stevens portrait stevie wonder acrylic board magnetic display cultural center fascinating inch mixed media work commissioned mosaic templars celebrate 10th anniversary nine sections crossroads created member africobra worry africobra organized exhibit great speed loaded information timelines collective current members respect africobra mosaic templars cultural center ninth hours tuesday saturday info 3593 mosaictemplarscenter seven artists seven artists boswell mourot fine roster delta exhibition arkansas arts center awards wonder gallery celebrating exhibition seven parker louis watts anais dasse cynthia kresse david bailin jeff horton jason mccann dasse watts delta award parker contemporaries award seven artists hangs features works artist several works especially impressive kresse mysterious atmospheric pastels unsettle viewer skillful color blending makes rather ordinary subjects highway woods chicken house night seem alternative reality scenes twilight zone portraiture showing small part face large canvas penetrating haunting mccann american student montre lamps fabulously executed inch watercolor pastel portrait paper rock central high school teacher pays sort homage andrew wyeth christina world pose kids sliders dasse delta winning sticks stones inch gesso charcoal pencil canvas droppingly wonderful unsettling folkloric fantasy parker canvas portrait post punk reveals male subject upon closer study watts delta winner gray alphabets ship minerva series among works display works bailin multiple grand delta award winner several horton colorful architectural inspired abstracts adding intriguing exhibition seven artists works parker louis watts anais dasse cynthia kresse david bailin jeff horton jason mccann boswell mourot fine 5815 kavanaugh blvd rock hours tuesday friday saturday appointment 0030 briefly marjorie williams smith whose self portrait messenger highlights delta exhibition arkansas arts center skilled inspired artist working intricate mediums metalpoint retired faculty university arkansas rock williams smith creates especially plants exacting detail working silverpoint copperpoint metals work delicate often radiates spiritual aura messengers exhibition hearne fine continues messengers hearne fine 1001 wright suite rock reception gallery talk hours monday friday saturday info 6822 hearnefineart george dombek fall open studio continues today saturday gallery studio blue springs road fayetteville info 8976 works painter jessica carder former arkansas democrat gazette photographer benjamin krain showing gallery hillcrest neighborhood gallery 2601 kavanaugh blvd suite rock hours tuesday saturday info 8996 email ewidner arkansasonline photo courtesy hearne fine james phillips water spirit revisited acrylic paper photo courtesy boswell mourot fine jason mccann american student montre lamps part seven artists exhibit boswell mourot fine style 2018","url":"https://www.arkansasonline.com/news/2018/oct/07/africobra-show-deserves-respect-2018100/","polarityScore":{"sourceTitle":"Arkansas Democrat-Gazette","allSidesBias":"left","communityAgree":"686","communityDisagree":"522","sourceUrl":"http://www.arkansasonline.com/ "},"processedText":["fifty","artistic","companion","black","power","movement","formed","chicago","group","five","artists","including","pine","bluff","native","jeff","african","commune","relevant","artists","country","oldest","artist","group","significant","influence","development","recognition","black","artists","work","group","connection","arkansas","continues","current","member","kevin","cole","pine","bluff","native","exhibition","work","current","members","collective","respect","continues","mosaic","cultural","center","curated","fine","daughter","exhibition","pays","homage","short","film","couple","lots","information","founder","shout","university","arkansas","pine","bluff","nurtured","cole","high","points","include","frank","smith","vibrant","untitled","2008","mixed","media","work","canvas","tells","stories","recalls","family","akili","anderson","1984","mixed","media","paper","work","creation","james","phillips","2014","acrylic","paper","water","spirits","revisited","napoleon","jones","henderson","enamel","copper","tribute","gospel","group","blind","boys","alabama","michael","harris","wonderful","digital","photo","mixed","media","print","colleague","renee","stout","kevin","cole","stunning","swing","sweet","emanuel","nine","2016","etched","aluminum","sculpture","stands","inches","tall","created","honor","killed","2015","shooting","emanuel","african","methodist","episcopal","church","charleston","stout","female","collective","represented","number","works","including","2013","acrylic","wood","brown","handwritten","text","famed","photography","finds","uneasy","beauty","blue","bottom","recycled","plastic","pieces","attached","acrylic","grid","work","statement","plastic","pollution","oceans","nelson","stevens","portrait","stevie","wonder","acrylic","board","magnetic","display","cultural","center","fascinating","inch","mixed","media","work","commissioned","mosaic","celebrate","10th","anniversary","nine","sections","crossroads","created","member","worry","organized","exhibit","great","speed","loaded","information","collective","current","members","respect","mosaic","cultural","center","ninth","hours","tuesday","saturday","info","seven","artists","seven","artists","fine","roster","delta","exhibition","arkansas","arts","center","awards","wonder","gallery","celebrating","exhibition","seven","parker","louis","watts","cynthia","david","jeff","horton","jason","mccann","watts","delta","award","parker","contemporaries","award","seven","artists","hangs","features","works","artist","several","works","especially","impressive","mysterious","atmospheric","viewer","color","blending","makes","rather","ordinary","subjects","highway","woods","chicken","house","night","seem","alternative","reality","scenes","twilight","zone","showing","small","part","face","large","canvas","haunting","mccann","american","student","lamps","executed","inch","watercolor","pastel","portrait","paper","rock","central","high","school","teacher","pays","sort","homage","andrew","christina","world","pose","kids","delta","winning","sticks","stones","inch","charcoal","pencil","canvas","wonderful","unsettling","fantasy","parker","canvas","portrait","post","punk","reveals","male","subject","upon","closer","study","watts","delta","winner","gray","ship","series","among","works","display","works","multiple","grand","delta","award","winner","several","horton","colorful","architectural","inspired","adding","intriguing","exhibition","seven","artists","works","parker","louis","watts","cynthia","david","jeff","horton","jason","mccann","fine","kavanaugh","blvd","rock","hours","tuesday","friday","saturday","appointment","briefly","marjorie","williams","smith","whose","self","portrait","messenger","highlights","delta","exhibition","arkansas","arts","center","skilled","inspired","artist","working","intricate","retired","faculty","university","arkansas","rock","williams","smith","creates","especially","plants","detail","working","work","delicate","often","spiritual","aura","exhibition","fine","continues","fine","wright","suite","rock","reception","gallery","talk","hours","monday","friday","saturday","info","george","fall","open","studio","continues","today","saturday","gallery","studio","blue","springs","road","fayetteville","info","works","painter","jessica","former","arkansas","democrat","gazette","photographer","benjamin","krain","showing","gallery","neighborhood","gallery","kavanaugh","blvd","suite","rock","hours","tuesday","saturday","info","email","arkansasonline","photo","courtesy","fine","james","phillips","water","spirit","revisited","acrylic","paper","photo","courtesy","fine","jason","mccann","american","student","lamps","part","seven","artists","exhibit","fine","style","2018"]}
