{"authors":[],"date_download":"2018-11-02 17:07:59","date_modify":"2018-11-02 17:07:59","date_publish":"2017-12-20 00:00:00","description":null,"filename":"AftertheVictory_403.json","image_url":"https://www.americanthinker.com/images/bucket/2017-12/202707.png","language":null,"localpath":"AftertheVictory_403.json","title":"After the Victory","title_page":"After the Victory","title_rss":"NULL","source_domain":"americanthinker.com","text":"looks though trump saying israel sovereignty jerusalem negotiable trump slapping jews face showing weakness arabs giving terrorists pushing jews down forcing grovel tidbits israel major victory trump declaration jerusalem capital israel happy israel though upset trump stronger declaration declaring jerusalem indivisible wrong treat friend jealous jerusalem trump semi recognition judean rose elderofziyon blogspot above comment aside people feel trump declaration slap face against palestinians jewish people trump kept major campaign promise rare politician alone deserves praise however ugly possibility raised israelis warned american observers coming palestinians seriously considering state solution harder contest president trump delivered message palestinian people state solution transform struggle state equal rights everyone living historic palestine river erekat aretz citing saeb erakat palestinian diplomat bluff real possibility israel admittedly security reasons controls borders population registry export import goods local road checkpoints airspace electromagnetic spectrum palestinians israel protect itself however controls though necessary away pretense possible independence palestinians indeed away real concept autonomy does rise level indian reservation palestinian authority authority rather abbreviated good palestinians deserve true palestinians deserve anything better noted times palestinians accept status honest people similar situations justice itself applauds trump decision palestinians feel insult handed considering major change tactics state solution fails palestinians state solution israeli palestinian conflict full rights citizens palestinian authority president mahmoud abbas saturday times israel november 2017 proud zionists dismiss idea threat real real israel hero ehud barak warned israel territory west jordan river political entity israel either jewish democratic barak bloc millions palestinians cannot vote apartheid state guardian 2010 supposed apply word apartheid israel else does describe emerging situation former prime minister ehud barak observation using word continuing construction jewish communities jerusalem declaration palestinians feel independent palestine state impossible major palestinian politician barghouti commented state solution good idea hope agree decide struggle state solution borders whole palestine democratic state everybody equal rights people understand does state solution mean means jewish state means prime minister state palestinian become head state half equal rights means palestinian refugees chance whenever jewish people means full equality course israel adamant against state solution adamant opposing state solution reality israel does neither state solution state solution land mustafa barghouti real news network palestinian leadership give perks embassies salaries limousines seems seriously considering corruption aside point moot whether leadership willing change palestinian street sees abbas facto israeli lackey fatah machine recent american restrictions forcing issue paraphrase astute commentator noted best israel offer palestinians less accept minimum palestinians accept israel give stable palestinian entity whether state autonomous zone severely controlled reservation possible blame palestinians blame israelis concoct ridiculously circumscribed programs hopes palestinians accept among unbelievably ludicrous ideas proferred eight small emirates judea samaria stop eight break further down competing high school basketball teams mordecai kedar brilliant idea suspect others desperate peace construct theoretical solutions without considering palestinians arab insanity resolutely resist apparent state solution dead good idea begin maybe stalling tactic arabs peace process hopes israelis hopes settle jews land process crashed obvious inception jerusalem negotiated brings everything president trump declaration israel decide millions hostile palestinians judea samaria jordan accept egypt lebanon hard choices wacky ideas setting emirates palestinians start demanding state solution does leadership street israel able avoid discussion word ehud barak warning full circle israel reduced four possible solutions accept state solution mean temporarily secular state soon enough virtue increased palestinian vote allow return palestinian refugees leading eventual islamic state sorts obviously israel accept start paying individual palestinians leave infuriating maybe unjust jews shell money solution possible jewish state jordan river maintained expensive though live title apartheid state become international appropriate live considered pariah consequences accrue ethnically cleanse palestinians sanitize calling population transfer joshua ethnically cleansed canaanites necessary counter jews expelled 1940s ethnic cleansing jews horrible wrong counter ethnic cleansing arabs ethnic cleansing admit suggested option payout plan martin sherman 1947 vote partition arabs counteroffered secular state solution anything order prevent jewish state zionists accept using parliamentary tricks along questionable backroom twisting zionist side able partition mandate creating jewish state ironically options full circle israel faced state solution arabs embrace state option difficult israel deny franchise claiming democracy middle east american thinker understand vital difference liberty democracy mainstream media politicians worldwide pundits democracy siren song planet bite bullet palestinians leave prepare blowback israeli diplomacy harder countering mike konrad name american wishes availed fully opportunity learn spanish better high school decades runs website arab community south america http latinarabia website small computers http thetinydesktop","url":"https://www.americanthinker.com/articles/2017/12/after_the_victory.html","polarityScore":{"sourceTitle":"American Thinker","allSidesBias":"right","communityAgree":"1076","communityDisagree":"614","sourceUrl":"http://www.americanthinker.com/ "},"processedText":["looks","though","trump","saying","israel","sovereignty","jerusalem","negotiable","trump","slapping","jews","face","showing","weakness","arabs","giving","terrorists","pushing","jews","down","forcing","israel","major","victory","trump","declaration","jerusalem","capital","israel","happy","israel","though","upset","trump","stronger","declaration","declaring","jerusalem","indivisible","wrong","treat","friend","jealous","jerusalem","trump","semi","recognition","rose","above","comment","aside","people","feel","trump","declaration","slap","face","against","palestinians","jewish","people","trump","kept","major","campaign","promise","rare","politician","alone","deserves","praise","however","ugly","possibility","raised","israelis","warned","american","observers","coming","palestinians","seriously","considering","state","solution","harder","contest","president","trump","delivered","message","palestinian","people","state","solution","transform","struggle","state","equal","rights","everyone","living","historic","palestine","river","citing","palestinian","diplomat","bluff","real","possibility","israel","admittedly","security","reasons","controls","borders","population","registry","export","import","goods","local","road","checkpoints","electromagnetic","spectrum","palestinians","israel","protect","itself","however","controls","though","necessary","away","pretense","possible","independence","palestinians","indeed","away","real","concept","autonomy","does","rise","level","indian","reservation","palestinian","authority","authority","rather","good","palestinians","deserve","true","palestinians","deserve","anything","better","noted","times","palestinians","accept","status","honest","people","similar","situations","justice","itself","trump","decision","palestinians","feel","insult","handed","considering","major","change","tactics","state","solution","fails","palestinians","state","solution","israeli","palestinian","conflict","full","rights","citizens","palestinian","authority","president","mahmoud","abbas","saturday","times","israel","november","2017","proud","zionists","dismiss","idea","threat","real","real","israel","hero","warned","israel","territory","west","jordan","river","political","entity","israel","either","jewish","democratic","bloc","millions","palestinians","cannot","vote","apartheid","state","guardian","2010","supposed","apply","word","apartheid","israel","else","does","describe","emerging","situation","former","prime","minister","observation","using","word","continuing","construction","jewish","communities","jerusalem","declaration","palestinians","feel","independent","palestine","state","impossible","major","palestinian","politician","commented","state","solution","good","idea","hope","agree","decide","struggle","state","solution","borders","whole","palestine","democratic","state","everybody","equal","rights","people","understand","does","state","solution","mean","means","jewish","state","means","prime","minister","state","palestinian","become","head","state","half","equal","rights","means","palestinian","refugees","chance","whenever","jewish","people","means","full","equality","course","israel","adamant","against","state","solution","adamant","opposing","state","solution","reality","israel","does","neither","state","solution","state","solution","land","mustafa","real","news","network","palestinian","leadership","give","perks","salaries","seems","seriously","considering","corruption","aside","point","whether","leadership","willing","change","palestinian","street","sees","abbas","facto","israeli","fatah","machine","recent","american","restrictions","forcing","issue","paraphrase","astute","commentator","noted","best","israel","offer","palestinians","less","accept","minimum","palestinians","accept","israel","give","stable","palestinian","entity","whether","state","autonomous","zone","severely","controlled","reservation","possible","blame","palestinians","blame","israelis","concoct","ridiculously","programs","hopes","palestinians","accept","among","unbelievably","ludicrous","ideas","eight","small","emirates","judea","samaria","stop","eight","break","further","down","competing","high","school","basketball","teams","brilliant","idea","suspect","others","desperate","peace","construct","theoretical","solutions","without","considering","palestinians","arab","insanity","resist","apparent","state","solution","dead","good","idea","begin","maybe","stalling","tactic","arabs","peace","process","hopes","israelis","hopes","settle","jews","land","process","crashed","obvious","inception","jerusalem","negotiated","brings","everything","president","trump","declaration","israel","decide","millions","hostile","palestinians","judea","samaria","jordan","accept","egypt","lebanon","hard","choices","wacky","ideas","setting","emirates","palestinians","start","demanding","state","solution","does","leadership","street","israel","able","avoid","discussion","word","warning","full","circle","israel","reduced","four","possible","solutions","accept","state","solution","mean","temporarily","secular","state","soon","enough","virtue","increased","palestinian","vote","allow","return","palestinian","refugees","leading","eventual","islamic","state","sorts","obviously","israel","accept","start","paying","individual","palestinians","leave","infuriating","maybe","unjust","jews","shell","money","solution","possible","jewish","state","jordan","river","maintained","expensive","though","live","title","apartheid","state","become","international","appropriate","live","considered","consequences","accrue","ethnically","cleanse","palestinians","calling","population","transfer","joshua","ethnically","necessary","counter","jews","expelled","1940s","ethnic","cleansing","jews","horrible","wrong","counter","ethnic","cleansing","arabs","ethnic","cleansing","admit","suggested","option","payout","plan","martin","sherman","1947","vote","arabs","secular","state","solution","anything","order","prevent","jewish","state","zionists","accept","using","parliamentary","tricks","along","questionable","backroom","twisting","zionist","side","able","mandate","creating","jewish","state","ironically","options","full","circle","israel","faced","state","solution","arabs","embrace","state","option","difficult","israel","deny","franchise","claiming","democracy","middle","east","american","thinker","understand","vital","difference","liberty","democracy","mainstream","media","politicians","worldwide","pundits","democracy","siren","song","planet","bite","bullet","palestinians","leave","prepare","blowback","israeli","diplomacy","harder","countering","mike","konrad","name","american","wishes","availed","fully","opportunity","learn","spanish","better","high","school","decades","runs","website","arab","community","south","america","http","latinarabia","website","small","computers","http","thetinydesktop"]}
