{"authors":[],"date_download":"2018-11-01 20:35:30","date_modify":"2018-11-01 20:35:30","date_publish":"2018-10-09 00:05:32","description":"The searing, destructive psychodrama that began with the public airing of sexual assault charges against Judge Brett Kavanaugh has been well-framed by essayist Lance Morrow as two parallel black & white films: Advise and Consent and Rashomon; the former a classic Hollywood 1962 drama; the latter a celebrated 1950 art film by Akira Kurosawa, the legendary Japanese film director.","filename":"AfterBrettShowTrialsShowdownsorSoLong_394.json","image_url":"https://39uhx2trii4zt1im-zippykid.netdna-ssl.com/wp-content/uploads/2018/10/1024px-Sheridan_s_Ride.jpg","language":"en","localpath":"AfterBrettShowTrialsShowdownsorSoLong_394.json","title":"After Brett: Show Trials, Showdowns, or ‘So Long!’?","title_page":"After Brett: Show Trials, Showdowns, or ‘So Long!’?The American Spectator","title_rss":"NULL","source_domain":"spectator.org","text":"searing destructive psychodrama began public airing sexual assault charges against judge brett kavanaugh framed essayist lance morrow parallel black white films advise consent rashomon former classic hollywood 1962 drama latter celebrated 1950 film akira kurosawa legendary japanese film director advise consent title updates archaic advice consent usage const brought famed allen drury novel screen drury authored screenplay nomination secretary state runs afoul senator secret youthful affair senator supports nominee threatens publicly reveal affair unless senator supports nomination senator commits suicide senators outraged dirty trick ostracize offending senator nominee defeated rashomon story court four viewpoints murder samurai violation wife forest recounted victims dead medium bandit allegedly committed crimes woodcutter witnessed episode priest encountered couple earlier figures plot stories distorted motives four participants seeing role favorably others film message definitive truth unattainable human affairs morrow writes late greenfield washington post editorial page city washington best understood high school meant capital emotional social dynamics cliques power plays characteristics adolescents ford kavanaugh business high school reunion organized forensic virtually corroborating evidence networks riveted america 2018 angriest essences distilled characteristic fairly strange drama enacting itself middle aged memories high school deeply adolescence underage beer drinking football practice swimming country club intense studies intense friendships class rankings nighters idiotic salacious entries yearbook hearing became sort ance 2018 quivering gauzy resonance 1982 middle established communication prior world adolescent youth hopes follies terrors mystery assault happen morrow sharp essay stops short noting limit parallel public courtly behavior senators commonplace 1962 replaced debate reminiscent delta kangaroo court trial animal house satirical forty mild compared today senate hand rashomon offers uncanny parallel terms alternate realities dianne feinkenstein ranking minority member senate judiciary committee compiled record case poisonous cocktail whose toxic ingredients mixed gutter viciousness stomach turning cynicism shocking betrayal sinister political strategy senatorial equivalent victor frankenstein monster doctor benevolent intent created mary shelley fictional monster dianne feinkenstein rampage unleashed malice aforethought form democratic party victory cost consider july received letter christine ford forwarded ford congressional representative fellow california democrat anna eshoo detailing ford allegations sexual abuse against judge brett kavanaugh days informing democrats outside congress declined inform asking conduct supplemental background check nominee sprung letter nominee republican colleagues majority sept nominee confirmation hearing despite admitting sept everything truthful ford accusations promised anonymity ford knowing full mention anonymous accusation aimed derailing confirmation hearing supreme court appointee cannot unnamed accuser acceptance force nominee withdrawal rejection vote springing accusation cusp vote nomination delivered five minutes midnight rabbit punch left nominee family nixon white house watergate argot twisting slowly slowly wind days without ability address nation behalf democratic party handlers ford whose agenda differed ford rejected option private interview investigators betrayed trust leaking original ford letter press result sequence events ford forced brightest harshest spotlight high voltage hearing televised national audience topping million sept hearing opening statement utterly unsubstantiated minute facially farcical allegations several accusers knowing contemporaneous cross examination conducted ford sept hearing original letter released public without consent result reporters flocked home workplace burden proof courts court public opinion democrats debate standard confirmation high public office beyond reasonable doubt standard criminal prosecutions standard theoretically paved confirmation federal post acquittal criminal trial notwithstanding subsequent civil trial jury found liable wrongful deaths subsequent criminal conviction 2008 ended hypothetical prospect does appear candidate future public office anywhere nonetheless remains question standard hold nominees burden proof balances reasonable guarantee nominee character process fairness nominee accused treated guilty until proven innocent professor alan dershowitz suggests clear convincing evidence standard black dictionary defines standard evidence positive precise explicit opposed ambiguous equivocal contradictory proof tends directly establish point adduced instead leaving matter conjecture presumption sufficient prima facie case sufficient face allow prosecution lawsuit proceed court standard proof intermediate standard requiring civil standard fair preponderance credible evidence often percent percent less beyond reasonable doubt standard criminal cases latter often proof moral certainty short absolute certainty beyond shadow doubt ford case nominations investigative counsel rachel mitchell concluded sept memorandum republican senators legal context bottom line case incredibly difficult prove case weaker ford identified witnesses event witnesses either refuted allegations failed corroborate reasons discussed below reasonable prosecutor bring case based evidence committee believe evidence sufficient satisfy preponderance evidence standard boldface original mitchell slammed having gone soft ford missing opportunities discredit kept always mind overarching goal ford supporters media sound byte showing ford pressed aggressive cross examination single clip looped november elections 2020 mitchell written memo provided ammunition wavering senators consideration eyewitness testimony witness recollection highly fallible american psychological association filed amicus friend court brief supreme court case perry state hampshire 2011 numerous studies decades shown eyewitness identification wrong percent juries routinely overvalue eyewitness testimony basing verdict confidence witness cross examination often ineffective against confident witness errs similar vein psychologist writes therapist aims empirical reality healing narrative cases therapy leads patients change stories tell themselves heal emotional wounds therapeutic narrative accurate inaccurate memories along inferences fill gaps mythology literature provide truthful insights inner life pass test objective accuracy complicating matters case undeveloped state adolescent brain ages prefrontal cortex limbic system undergo stages flux reorganization areas brain responsible memory judgment stress emotional regulation connecting behaviors consequences brain fully mature boys girls alike prone impulsive aggressive selfish behavior teens commonly psychological defenses denial repression protect themselves painful memories actions middle adolescence mental health professionals call present oriented thinking teens stage connection experience future consequences contributes later difficulty recalling events actions development related assessment body language expert analyzed ford testimony found gestures indicating deception part important emphasize giving complainant context whatever gender racial ethnic group believed elevates mere mortals godlike status society alone government institution function confers privileges automatically anathematize targets toxic complaints open ended rule applied anyone bill maher understands change listen woman wronged automatically believe process terms parties litigation heard testimony subject factual scrutiny credibility assessment defenders accused reminded accuser trial rape shield laws limit inquiry excluding reputational evidence sexual history directly germane given criminal civil proceeding rape shield evidentiary limits examining complainant credibility trials extension confirmation hearings dispose judicial temperament canard nominee indignant reaction lurid accusations mild compared justice ginsburg comments presidential candidate donald trump given calls open ended investigation kavanaugh important emphasize does investigate nominees conducts background checks david rivkin kristi remington former senior officials deeply involved overseeing nominee scrutiny recently explained background investigations carried special team within bureau special inquiry general background investigations unit sigbiu functions gatherer facts cajole challenge witnesses routinely offers anonymity proffers credibility assessments speculates motives witnesses sigbiu operates tight deadlines usually moves faster supreme court nominations process begins completed nominee senate judiciary committee hearing takes place occasionally sigbiu directed conduct further interviews throughout whole process operates instructions justice department white house counsel office significantly firewall sigbiu criminal investigative divisions sigbiu goal witnesses open forthcoming agents routinely assure witnesses nothing interview referred criminal investigation fundamental velvet glove approach background investigations reflects recognition people interview suspected crimes cannot coerced cooperating threatened grand jury subpoena italics mine authors note blatantly partisan unfair demands kavanaugh democratic opponents without historical precedent utterly sewage allegation floated kamala harris pure assertion without evidence augurs trash turn final vote amounts alan dershowitz sexual mccarthyism surely judge kavanaugh defended vote arch nevertrumper bret stephens praised trump standing behind nominee leftist bullying donald trump entered political fray find myself grateful reluctant admit astonished grateful trump backed down face slipperiness hypocrisy dangerous standard setting deployed opponents brett kavanaugh nomination supreme court grateful ferocious crass obstinacy uses life face moral bullying grateful hammer fending razor sharp dagger moments crystallized view moment remark friend rather accused murder sexual assault feel excuses killing none assaulting woman true falsely accusing person sexual assault nearly despicable sexual assault itself inflicts psychic familial reputational professional harms lifetime nothing sneer italics mine stephens cited politically incorrect number rape accusations relying study covering 2006 2010 false rape allegations least five times prevalent crimes five percent rape allegations false baseless evocative troubled times weekend september search twitter hashtag kill kavanaugh theologian george weigel assessed matters rome noting sinister aspects crusade against judge roman circus blood sport quasi theological fideism former applicability self evident latter weigel summarizes precise theological term mindlessness fideism faith belief impervious reason indeed contemptuous reason means superstition faith senators feinstein durbin hirono klobuchar rest superstitionist democrats cannot themselves image judges hanged putative witches 17th century massachusetts look mirror perhaps look arthur miller dramatic recreation abomination crucible italics mine politics dehumanization given grotesque cartoon depicting nominee daughter praying angry lying alcoholic sexually assaulting father senate vote susan collins gave superb floor speech explaining cast deciding vote putting judge kavanaugh useful compare diligent comprehensive consideration nominee events surrounding nomination opposition baby prisoners effort model senatorial discretion comparison several democrats major leftist activist groups announced opposition immediately noted group sent message senate offices name nominee blank white house announced president trump pick rejected former justice john paul stevens late telling florida audience kavanaugh display temper sept hearing showed nominee unfit confirmed susan collins gave brilliant defense fundamental values procedural process bedrock presumption innocence angry mobs filled streets women march poster rape apologist naturally hollywood celebs chimed extensive vocabulary derogatory expletives sept hearing tillis noted activists already reserved address part future effort oppose next supreme court nominee bottom line vote saturday confirm judge kavanaugh nation 114th justice nice look find collins speech marked turning point domestic wars keen observer thinks speech saved senate passion democrats street mobs cannot easily quenched shouting protesters showed repeatedly disrupting final floor vote especially culpable truly stupefyingly hyper partisan leftist mainstream media utterly uninterested exploring weaknesses christine ford story probing nook cranny judge kavanaugh high school jinks floating possible dodgy accusation entered uncharted waters embarking odyssey full terrors faced homer odysseus raging blind cyclops hungry monster scylla deadly whirlpool charybdis america demons proliferate accelerating pace critic warns noting hysteria whipped trusted media outlets talk california secession breakup clouds leading progressive voices frankly state constitutional system failed citing electoral college disproportionate influence population states senate vague cries rise look vague masked antifa demonstrators join party enemies lincoln counseled inaugural address though passion strained break bonds affection anyone feeling confident today bonds affection stronger passions until fall maintained nuclear annihilation adversary terror states america national security nightmare main challenge coming view greatest threat disintegration within descending inexorably hobbesian against facing sophie choice living term leviathan state seeing america sundered irremediably unchecked multicultural identity politics eventually sliding violent phase second civil john wohlstetter author sleepwalking bomb 2014","url":"https://spectator.org/after-brett-show-trials-showdowns-or-so-long/","polarityScore":{"sourceTitle":"American Spectator","allSidesBias":"right","communityAgree":"4485","communityDisagree":"1883","sourceUrl":"http://spectator.org/ "},"processedText":["searing","destructive","began","public","airing","sexual","assault","charges","against","judge","brett","kavanaugh","framed","lance","morrow","parallel","black","white","films","advise","consent","former","classic","hollywood","1962","drama","latter","celebrated","1950","film","legendary","japanese","film","director","advise","consent","title","updates","archaic","advice","consent","usage","brought","famed","allen","novel","screen","authored","screenplay","nomination","secretary","state","runs","afoul","senator","secret","youthful","affair","senator","supports","nominee","threatens","publicly","reveal","affair","unless","senator","supports","nomination","senator","commits","suicide","senators","outraged","dirty","trick","offending","senator","nominee","defeated","story","court","four","viewpoints","murder","violation","wife","forest","recounted","victims","dead","medium","allegedly","committed","crimes","witnessed","episode","priest","encountered","couple","earlier","figures","plot","stories","distorted","motives","four","participants","seeing","role","favorably","others","film","message","definitive","truth","human","affairs","morrow","writes","late","greenfield","washington","post","editorial","page","city","washington","best","understood","high","school","meant","capital","emotional","social","dynamics","power","plays","characteristics","adolescents","ford","kavanaugh","business","high","school","reunion","organized","forensic","virtually","corroborating","evidence","networks","riveted","america","2018","essences","distilled","characteristic","fairly","strange","drama","enacting","itself","middle","aged","memories","high","school","deeply","adolescence","underage","beer","drinking","football","practice","swimming","country","club","intense","studies","intense","friendships","class","rankings","idiotic","salacious","entries","yearbook","hearing","became","sort","2018","1982","middle","established","communication","prior","world","adolescent","youth","hopes","mystery","assault","happen","morrow","sharp","essay","stops","short","noting","limit","parallel","public","behavior","senators","commonplace","1962","replaced","debate","reminiscent","delta","kangaroo","court","trial","animal","house","satirical","forty","mild","compared","today","senate","hand","offers","uncanny","parallel","terms","alternate","realities","dianne","ranking","minority","member","senate","judiciary","committee","compiled","record","case","poisonous","cocktail","whose","toxic","ingredients","mixed","gutter","viciousness","stomach","turning","cynicism","shocking","betrayal","sinister","political","strategy","senatorial","equivalent","victor","frankenstein","monster","doctor","benevolent","intent","created","mary","shelley","fictional","monster","dianne","rampage","unleashed","malice","form","democratic","party","victory","cost","consider","july","received","letter","christine","ford","forwarded","ford","congressional","representative","fellow","california","democrat","anna","detailing","ford","allegations","sexual","abuse","against","judge","brett","kavanaugh","days","informing","democrats","outside","congress","declined","inform","asking","conduct","supplemental","background","check","nominee","sprung","letter","nominee","republican","colleagues","majority","sept","nominee","confirmation","hearing","despite","admitting","sept","everything","truthful","ford","accusations","promised","anonymity","ford","knowing","full","mention","anonymous","accusation","aimed","confirmation","hearing","supreme","court","appointee","cannot","unnamed","accuser","acceptance","force","nominee","withdrawal","rejection","vote","accusation","cusp","vote","nomination","delivered","five","minutes","midnight","rabbit","punch","left","nominee","family","nixon","white","house","watergate","twisting","slowly","slowly","wind","days","without","ability","address","nation","behalf","democratic","party","handlers","ford","whose","agenda","differed","ford","rejected","option","private","interview","investigators","betrayed","trust","leaking","original","ford","letter","press","result","sequence","events","ford","forced","brightest","spotlight","high","voltage","hearing","televised","national","audience","topping","million","sept","hearing","opening","statement","utterly","unsubstantiated","minute","farcical","allegations","several","accusers","knowing","contemporaneous","cross","examination","conducted","ford","sept","hearing","original","letter","released","public","without","consent","result","reporters","flocked","home","workplace","burden","proof","courts","court","public","opinion","democrats","debate","standard","confirmation","high","public","office","beyond","reasonable","doubt","standard","criminal","prosecutions","standard","theoretically","paved","confirmation","federal","post","acquittal","criminal","trial","notwithstanding","subsequent","civil","trial","jury","found","liable","wrongful","deaths","subsequent","criminal","conviction","2008","ended","hypothetical","prospect","does","appear","candidate","future","public","office","anywhere","nonetheless","remains","question","standard","hold","nominees","burden","proof","balances","reasonable","guarantee","nominee","character","process","fairness","nominee","accused","treated","guilty","until","proven","innocent","professor","alan","dershowitz","suggests","clear","convincing","evidence","standard","black","dictionary","defines","standard","evidence","positive","precise","explicit","opposed","ambiguous","contradictory","proof","tends","directly","establish","point","instead","leaving","matter","conjecture","presumption","sufficient","prima","case","sufficient","face","allow","prosecution","lawsuit","proceed","court","standard","proof","intermediate","standard","requiring","civil","standard","fair","preponderance","credible","evidence","often","percent","percent","less","beyond","reasonable","doubt","standard","criminal","cases","latter","often","proof","moral","certainty","short","absolute","certainty","beyond","shadow","doubt","ford","case","nominations","investigative","counsel","rachel","mitchell","concluded","sept","memorandum","republican","senators","legal","context","bottom","line","case","incredibly","difficult","prove","case","weaker","ford","identified","witnesses","event","witnesses","either","refuted","allegations","failed","corroborate","reasons","discussed","below","reasonable","prosecutor","bring","case","based","evidence","committee","believe","evidence","sufficient","satisfy","preponderance","evidence","standard","original","mitchell","slammed","having","gone","soft","ford","missing","opportunities","discredit","kept","always","mind","overarching","goal","ford","supporters","media","sound","showing","ford","pressed","aggressive","cross","examination","single","clip","november","elections","2020","mitchell","written","memo","provided","ammunition","wavering","senators","consideration","eyewitness","testimony","witness","recollection","highly","american","psychological","association","filed","amicus","friend","court","brief","supreme","court","case","perry","state","hampshire","2011","numerous","studies","decades","shown","eyewitness","identification","wrong","percent","juries","routinely","eyewitness","testimony","verdict","confidence","witness","cross","examination","often","ineffective","against","confident","witness","similar","vein","psychologist","writes","therapist","aims","empirical","reality","healing","narrative","cases","therapy","leads","patients","change","stories","tell","themselves","heal","emotional","wounds","therapeutic","narrative","accurate","inaccurate","memories","along","fill","gaps","mythology","literature","provide","truthful","insights","inner","life","pass","test","objective","accuracy","complicating","matters","case","undeveloped","state","adolescent","brain","ages","system","undergo","stages","areas","brain","responsible","memory","judgment","stress","emotional","regulation","connecting","behaviors","consequences","brain","fully","mature","boys","girls","alike","prone","impulsive","aggressive","selfish","behavior","teens","commonly","psychological","defenses","denial","repression","protect","themselves","painful","memories","actions","middle","adolescence","mental","health","professionals","call","present","oriented","thinking","teens","stage","connection","experience","future","consequences","contributes","later","difficulty","recalling","events","actions","development","related","assessment","body","language","expert","analyzed","ford","testimony","found","gestures","indicating","deception","part","important","emphasize","giving","complainant","context","whatever","gender","racial","ethnic","group","believed","mere","mortals","status","society","alone","government","institution","function","confers","privileges","automatically","targets","toxic","complaints","open","ended","rule","applied","anyone","bill","maher","understands","change","listen","woman","wronged","automatically","believe","process","terms","parties","litigation","heard","testimony","subject","factual","scrutiny","credibility","assessment","defenders","accused","reminded","accuser","trial","rape","shield","laws","limit","inquiry","excluding","reputational","evidence","sexual","history","directly","given","criminal","civil","proceeding","rape","shield","limits","examining","complainant","credibility","trials","extension","confirmation","hearings","dispose","judicial","temperament","nominee","indignant","reaction","accusations","mild","compared","justice","ginsburg","comments","presidential","candidate","donald","trump","given","calls","open","ended","investigation","kavanaugh","important","emphasize","does","investigate","nominees","conducts","background","checks","david","former","senior","officials","deeply","involved","overseeing","nominee","scrutiny","recently","explained","background","investigations","carried","special","team","within","bureau","special","inquiry","general","background","investigations","unit","functions","facts","challenge","witnesses","routinely","offers","anonymity","credibility","assessments","speculates","motives","witnesses","operates","tight","deadlines","usually","moves","faster","supreme","court","nominations","process","begins","completed","nominee","senate","judiciary","committee","hearing","takes","place","occasionally","directed","conduct","further","interviews","throughout","whole","process","operates","instructions","justice","department","white","house","counsel","office","significantly","criminal","investigative","divisions","goal","witnesses","open","forthcoming","agents","routinely","assure","witnesses","nothing","interview","referred","criminal","investigation","fundamental","velvet","glove","approach","background","investigations","reflects","recognition","people","interview","suspected","crimes","cannot","coerced","cooperating","threatened","grand","jury","subpoena","italics","mine","authors","note","blatantly","partisan","unfair","demands","kavanaugh","democratic","opponents","without","historical","precedent","utterly","sewage","allegation","floated","kamala","harris","pure","assertion","without","evidence","trash","turn","final","vote","amounts","alan","dershowitz","sexual","surely","judge","kavanaugh","defended","vote","arch","bret","stephens","praised","trump","standing","behind","nominee","leftist","bullying","donald","trump","entered","political","fray","find","myself","grateful","reluctant","admit","astonished","grateful","trump","backed","down","face","hypocrisy","dangerous","standard","setting","deployed","opponents","brett","kavanaugh","nomination","supreme","court","grateful","ferocious","crass","obstinacy","uses","life","face","moral","bullying","grateful","hammer","razor","sharp","dagger","moments","crystallized","view","moment","remark","friend","rather","accused","murder","sexual","assault","feel","excuses","killing","none","assaulting","woman","true","falsely","accusing","person","sexual","assault","nearly","despicable","sexual","assault","itself","inflicts","psychic","familial","reputational","professional","harms","lifetime","nothing","sneer","italics","mine","stephens","cited","politically","incorrect","number","rape","accusations","relying","study","covering","2006","2010","false","rape","allegations","least","five","times","prevalent","crimes","five","percent","rape","allegations","false","baseless","evocative","troubled","times","weekend","september","search","twitter","hashtag","kill","kavanaugh","george","weigel","assessed","matters","rome","noting","sinister","aspects","crusade","against","judge","roman","circus","blood","sport","quasi","theological","former","self","evident","latter","weigel","summarizes","precise","theological","term","faith","belief","reason","indeed","contemptuous","reason","means","superstition","faith","senators","feinstein","durbin","hirono","klobuchar","rest","democrats","cannot","themselves","image","judges","hanged","witches","17th","century","massachusetts","look","mirror","perhaps","look","arthur","miller","dramatic","recreation","abomination","italics","mine","politics","given","grotesque","cartoon","depicting","nominee","daughter","praying","angry","lying","alcoholic","sexually","assaulting","father","senate","vote","susan","collins","gave","superb","floor","speech","explaining","cast","deciding","vote","putting","judge","kavanaugh","useful","compare","diligent","comprehensive","consideration","nominee","events","surrounding","nomination","opposition","baby","prisoners","effort","model","senatorial","discretion","comparison","several","democrats","major","leftist","activist","groups","announced","opposition","immediately","noted","group","sent","message","senate","offices","name","nominee","blank","white","house","announced","president","trump","pick","rejected","former","justice","john","paul","stevens","late","telling","florida","audience","kavanaugh","display","temper","sept","hearing","showed","nominee","unfit","confirmed","susan","collins","gave","brilliant","defense","fundamental","values","procedural","process","bedrock","presumption","innocence","angry","mobs","filled","streets","women","march","poster","rape","apologist","naturally","hollywood","celebs","chimed","extensive","vocabulary","derogatory","sept","hearing","tillis","noted","activists","already","reserved","address","part","future","effort","oppose","next","supreme","court","nominee","bottom","line","vote","saturday","confirm","judge","kavanaugh","nation","justice","nice","look","find","collins","speech","marked","turning","point","domestic","wars","keen","observer","thinks","speech","saved","senate","passion","democrats","street","mobs","cannot","easily","shouting","protesters","showed","repeatedly","disrupting","final","floor","vote","especially","culpable","truly","hyper","partisan","leftist","mainstream","media","utterly","uninterested","exploring","weaknesses","christine","ford","story","probing","nook","judge","kavanaugh","high","school","floating","possible","dodgy","accusation","entered","waters","embarking","odyssey","full","faced","homer","raging","blind","hungry","monster","deadly","america","demons","accelerating","pace","critic","warns","noting","hysteria","whipped","trusted","media","outlets","talk","california","secession","breakup","clouds","leading","progressive","voices","frankly","state","constitutional","system","failed","citing","electoral","college","disproportionate","influence","population","states","senate","vague","cries","rise","look","vague","masked","antifa","demonstrators","join","party","enemies","lincoln","counseled","inaugural","address","though","passion","strained","break","bonds","affection","anyone","feeling","confident","today","bonds","affection","stronger","passions","until","fall","maintained","nuclear","annihilation","adversary","terror","states","america","national","security","nightmare","main","challenge","coming","view","greatest","threat","within","against","facing","sophie","choice","living","term","state","seeing","america","unchecked","multicultural","identity","politics","eventually","sliding","violent","phase","second","civil","john","author","bomb","2014"]}
