{"authors":["Laurel Rosenhall","Guest Commentary","Reader Reactions","Dan Morain"],"date_download":"2018-10-30 23:16:45","date_modify":"2018-10-30 23:16:45","date_publish":"2017-08-02 21:02:03","description":"Legalizing marijuana, California voters were told last year, would create a “safe, legal and comprehensive system” allowing adults to consume the drug","filename":"AfterlegalizingweedCaliforniasblackmarketcouldremainhuge_399.json","image_url":"https://calmatters.org/wp-content/uploads/BLACK-MARKET-WEED-Photo.jpg","language":"en","localpath":"AfterlegalizingweedCaliforniasblackmarketcouldremainhuge_399.json","title":"After legalizing weed, California’s black market could remain huge","title_page":"After legalizing weed, California’s black market could remain huge | CALmatters","title_rss":"NULL","source_domain":"calmatters.org","text":"legalizing marijuana california voters create safe legal comprehensive system allowing adults consume drug keeping hands children marijuana sold highly regulated stores proposition campaign promised california gain revenue bringing cannabis marketplace open voters overwhelmingly bought message percent approving proposition state regulators prepare begin offering licenses marijuana businesses turns huge portion state weed likely remain black market california grows residents consume prop makes marijuana legal within state borders didn give automatic seal approval cannabis grower sell legally licensed state comply detailed rules require testing plants labeling packages tracking marijuana moves farm bong exactly cannabis circulates california unknown marijuana grows purchases illegal economists hired state government estimate california farms produce million pounds cannabis state residents annually consume million pounds leaves million pounds likely flows california illegally economic report commissioned california department food agriculture regulates cannabis farmers analyses similarly found roughly percent california grown marijuana leaves state million pounds marijuana consumed within california purchased state sanctioned shops open economists predict half probably sold illegally sales opportunities hezekiah allen executive director california growers association represents marijuana businesses state allen surveyed members recently found percent hope license sell marijuana legally prop fear able local governments limit businesses prices drop regulated market sell weed legally percent respondents allen survey continue operating always black market cannabis growers likely business allen businesses general stay outside regulated market means despite passage prop california cops plenty work illicit cannabis operations robust enforcement efforts prevent california becoming staging area drug trafficking nationwide john lovell lobbyist california narcotics officers association opposed ballot measure spokesman prop campaign measure wasn intended abolish criminalization marijuana instead allow opportunities operators responsible compliant promised completely eliminate black market promising security cameras completely eliminate shoplifting significantly reduced spokesman jason kinney email added state estimates marijuana supply demand unreliable legal marketplace created prop begin roll until next pointed dollars generated legal marijuana sales toward cracking down illicit operations state officials encouraging marijuana businesses follow rules become part regulated system planning remain black market developing formal complaint system allow anyone report illegal grows concerns forward potential issues appropriate enforcement agencies rebecca spokeswoman state cannabis cultivation licensing office within department food agriculture lori ajax chief state bureau cannabis control agency trying entice marijuana businesses legit crafting rules aren difficult live making sure people regulated market path making regulations difficult hard comply discouraging people ajax folks comes enforcement","url":"https://calmatters.org/articles/legalizing-weed-californias-black-market-remain-huge/","polarityScore":{"sourceTitle":"CalMatters","allSidesBias":"center","communityAgree":"492","communityDisagree":"380","sourceUrl":"http://calmatters.org/ "},"processedText":["legalizing","marijuana","california","voters","create","safe","legal","comprehensive","system","allowing","adults","consume","drug","keeping","hands","children","marijuana","sold","highly","regulated","stores","proposition","campaign","promised","california","gain","revenue","bringing","cannabis","marketplace","open","voters","overwhelmingly","bought","message","percent","approving","proposition","state","regulators","prepare","begin","offering","licenses","marijuana","businesses","turns","huge","portion","state","weed","likely","remain","black","market","california","grows","residents","consume","prop","makes","marijuana","legal","within","state","borders","didn","give","automatic","seal","approval","cannabis","sell","legally","licensed","state","comply","detailed","rules","require","testing","plants","labeling","packages","tracking","marijuana","moves","farm","exactly","cannabis","california","unknown","marijuana","grows","purchases","illegal","economists","hired","state","government","estimate","california","farms","produce","million","pounds","cannabis","state","residents","annually","consume","million","pounds","leaves","million","pounds","likely","flows","california","illegally","economic","report","commissioned","california","department","food","agriculture","regulates","cannabis","farmers","analyses","similarly","found","roughly","percent","california","grown","marijuana","leaves","state","million","pounds","marijuana","consumed","within","california","purchased","state","sanctioned","shops","open","economists","predict","half","probably","sold","illegally","sales","opportunities","allen","executive","director","california","growers","association","represents","marijuana","businesses","state","allen","surveyed","members","recently","found","percent","hope","license","sell","marijuana","legally","prop","fear","able","local","governments","limit","businesses","prices","drop","regulated","market","sell","weed","legally","percent","respondents","allen","survey","continue","operating","always","black","market","cannabis","growers","likely","business","allen","businesses","general","stay","outside","regulated","market","means","despite","passage","prop","california","cops","plenty","work","illicit","cannabis","operations","robust","enforcement","efforts","prevent","california","becoming","staging","area","drug","trafficking","nationwide","john","lobbyist","california","narcotics","officers","association","opposed","ballot","measure","spokesman","prop","campaign","measure","wasn","intended","abolish","marijuana","instead","allow","opportunities","operators","responsible","compliant","promised","completely","eliminate","black","market","promising","security","cameras","completely","eliminate","shoplifting","significantly","reduced","spokesman","jason","email","added","state","estimates","marijuana","supply","demand","unreliable","legal","marketplace","created","prop","begin","roll","until","next","pointed","dollars","generated","legal","marijuana","sales","toward","cracking","down","illicit","operations","state","officials","encouraging","marijuana","businesses","follow","rules","become","part","regulated","system","planning","remain","black","market","developing","formal","complaint","system","allow","anyone","report","illegal","grows","concerns","forward","potential","issues","appropriate","enforcement","agencies","rebecca","spokeswoman","state","cannabis","cultivation","licensing","office","within","department","food","agriculture","lori","chief","state","bureau","cannabis","control","agency","trying","entice","marijuana","businesses","legit","crafting","rules","aren","difficult","live","making","sure","people","regulated","market","path","making","regulations","difficult","hard","comply","discouraging","people","folks","comes","enforcement"]}
