{"authors":[],"date_download":"2018-10-23 05:14:48","date_modify":"2018-10-23 05:14:48","date_publish":"2018-10-13 00:00:00","description":"Stunt performers can take a punch or survive a fiery car crash. It may sound like a job for the young, but Lesseos has been at it for decades. At 54, she wants to pass on her work's rewards and snags.","filename":"AfterLivingDozensOfLivesLeadingStuntwomanMimiLesseosHasLessonsToOffer_400.json","image_url":"https://media.npr.org/assets/img/2018/10/12/mimi_wide-1d40c6a49754cbeff39e397f98ba0f28aaf46cb5.jpeg?s=1400","language":"en","localpath":"AfterLivingDozensOfLivesLeadingStuntwomanMimiLesseosHasLessonsToOffer_400.json","title":"After Living Dozens Of Lives, Leading Stuntwoman Mimi Lesseos Has Lessons To Offer","title_page":"After Living Dozens Of Lives, Leading Stuntwoman Mimi Lesseos Has Lessons To Offer : NPR","title_rss":"NULL","source_domain":"npr.org","text":"scott simon host stunt work tough trade almost tough writing theme music leiderman does stunt people poke schnoz thrown buildings smolder fiery crashes sure sounds young hour outside angeles peter breslow spoke woman decades sent peter learn tricks trade peter breslow byline linger movie theater seat living room couch mimi lesseos credit rolls eventually name does small reward getting decapitated helicopter blade fear walking dead having lights punched clint eastwood boxing movie million dollar baby soundbite film million dollar baby mimi lesseos wall shame laughter breslow mimi lesseos house sits acting calif high desert community full scrub brush played gold mines walls covered movie posters photos celebrities known george clooney clint eastwood cher pretended pummel lesseso erik estrada movie beat whole gang took drugs laughter killed took drugs laughter breslow lesseos auburn haired sturdy likes cackle figures killed times screen today alive dressed black track pants tank showcasing biceps boasting definition entered fight world young fled rough household teenager judo experience learned uncle wrestling lesseso went club hollywood tropicana whole dance fought girl almost night breslow lesseos moved professional wrestling magnificent mimi born soundbite archived recording unidentified announcer unintelligible challenger hollywood calif magnificent mimi applause breslow along began performing stunts screen though wrestling moves planned lesseos body takes beating retired ring 1990 begin career writing directing producing acting action films pushed limit funds making movie entered ring japan money good action brutal lesseso ropes electrical barb wire crazy kicked kicked barbed wire wouldn alone shocked skin stuck onto barb wire breslow stunt fighting film safety lesseos pads knees guard spine moves precise contact usually lesseso particularly contact laughter breslow lesseos done share crashes fires specialty proud fighting lesseso dance choreographed wonderful dance timing person fighting feeling pleased director floor everybody stands claps chills almost sorry breslow mean injuries happen stunting show lesseos absorb window breaking face glass fake bloodied shards lesseso takes yeah sure person always eager director hire person stunt girl badass breslow stunt work changed women prominent industry helped stunt throw dress pretend actress mimi lesseos almost thinks pass fighting written memoir break chain shopping part reality show america superwoman next action diva aspiring action stars learn fall punch today front lawn lesseso punch righty lefty breslow punch anyone laughter lesseso righty lefty breslow yeah handed yeah lesseso breslow show graying reporter stunt fight sequence hook followed backhand face karate kick midsection toss onto ground laughter breslow lesseso breslow peter breslow news lesseso yeah beautiful breslow lesseso great didn feel thing laughter soundbite music copyright 2018 rights reserved visit website terms permissions pages further information transcripts created rush deadline verb8tm contractor produced using proprietary transcription process developed text final form updated revised future accuracy availability vary authoritative record programming audio record","url":"https://www.npr.org/templates/transcript/transcript.php?storyId=656908708","polarityScore":{"sourceTitle":"NPR Editorial ","allSidesBias":"left-center","communityAgree":"764","communityDisagree":"809","sourceUrl":"https://www.npr.org/sections/opinion/ "},"processedText":["scott","simon","host","stunt","work","tough","trade","almost","tough","writing","theme","music","does","stunt","people","poke","thrown","buildings","fiery","crashes","sure","sounds","young","hour","outside","angeles","peter","breslow","spoke","woman","decades","sent","peter","learn","tricks","trade","peter","breslow","byline","linger","movie","theater","seat","living","room","couch","mimi","credit","rolls","eventually","name","does","small","reward","getting","decapitated","helicopter","blade","fear","walking","dead","having","lights","punched","clint","boxing","movie","million","dollar","baby","soundbite","film","million","dollar","baby","mimi","wall","shame","laughter","breslow","mimi","house","sits","acting","calif","high","desert","community","full","scrub","brush","played","gold","mines","walls","covered","movie","posters","photos","celebrities","known","george","clooney","clint","cher","pretended","lesseso","erik","movie","beat","whole","gang","took","drugs","laughter","killed","took","drugs","laughter","breslow","auburn","haired","sturdy","likes","figures","killed","times","screen","today","alive","dressed","black","track","pants","tank","showcasing","boasting","definition","entered","fight","world","young","fled","rough","household","teenager","experience","learned","uncle","wrestling","lesseso","went","club","hollywood","whole","dance","fought","girl","almost","night","breslow","moved","professional","wrestling","magnificent","mimi","born","soundbite","archived","recording","unidentified","challenger","hollywood","calif","magnificent","mimi","applause","breslow","along","began","performing","stunts","screen","though","wrestling","moves","planned","body","takes","beating","retired","ring","1990","begin","career","writing","directing","producing","acting","action","films","pushed","limit","funds","making","movie","entered","ring","japan","money","good","action","brutal","lesseso","ropes","electrical","barb","wire","crazy","kicked","kicked","wire","wouldn","alone","shocked","skin","stuck","onto","barb","wire","breslow","stunt","fighting","film","safety","pads","knees","guard","spine","moves","precise","contact","usually","lesseso","particularly","contact","laughter","breslow","done","share","crashes","fires","specialty","proud","fighting","lesseso","dance","choreographed","wonderful","dance","timing","person","fighting","feeling","pleased","director","floor","everybody","stands","chills","almost","sorry","breslow","mean","injuries","happen","show","absorb","window","breaking","face","glass","fake","lesseso","takes","yeah","sure","person","always","eager","director","hire","person","stunt","girl","badass","breslow","stunt","work","changed","women","prominent","industry","helped","stunt","throw","dress","pretend","actress","mimi","almost","thinks","pass","fighting","written","memoir","break","chain","shopping","part","reality","show","america","next","action","diva","aspiring","action","stars","learn","fall","punch","today","front","lawn","lesseso","punch","lefty","breslow","punch","anyone","laughter","lesseso","lefty","breslow","yeah","handed","yeah","lesseso","breslow","show","reporter","stunt","fight","sequence","hook","followed","face","karate","kick","toss","onto","ground","laughter","breslow","lesseso","breslow","peter","breslow","news","lesseso","yeah","beautiful","breslow","lesseso","great","didn","feel","thing","laughter","soundbite","music","copyright","2018","rights","reserved","visit","website","terms","permissions","pages","further","information","transcripts","created","rush","deadline","verb8tm","contractor","produced","using","proprietary","transcription","process","developed","text","final","form","updated","revised","future","accuracy","availability","vary","authoritative","record","programming","audio","record"]}
