{"authors":[],"date_download":"2018-10-30 01:03:15","date_modify":"2018-10-30 01:03:15","date_publish":"2017-05-27 00:00:00","description":null,"filename":"AfterWellesleyyesHillarysstillrunning_405.json","image_url":"https://www.americanthinker.com/assets/images/at-painter-og-image.png","language":null,"localpath":"AfterWellesleyyesHillarysstillrunning_405.json","title":"After Wellesley, yes, Hillary's still running","title_page":"After Wellesley, yes, Hillary's still running","title_rss":"NULL","source_domain":"americanthinker.com","text":"operatives played down reports cough attacks delivery signs serious medical issues casually dismissed allergies unnecessary protestations point difference does hillary clinton waded celebrity college commencement speaker trough undoubtedly speaking fees giving public speech outlining spend agenda alma mater wellesley college brings real point hillary running president motivation given poor health seen play foundation fundraising cash collapse undoubtedly mentally exhausted months american thinker editor emeritus richard baehr observed looks rest democratic field president trump approval numbers considering president else keep relevant sees opportunity explain public speaking engagements paid course hard believe denials chronic medical problems does field look else andrew cuomo place next democratic party favorite making noises possible entirely threat given clinton vastly greater name recognition popularity among supporters bernie sanders maybe ceiling support socialist orientation chuckie schumer castro brothers corey booker jersey massachusetts democrat governor deval patrick maybe democratic national committee chairman perez none hold candle standard party standard bearer presidential candidate name threat however elizabeth warren whose name recognition comparable hillary fanatic base followers known good terms hillary clinton clinton machine despite occasional limp endorsements fact believed women hate hillary warren friend coeval unwelcome rival plenty reasons look psychology matter hillary married power highly reliant husband oozing charm natural politician bill clinton political advice direction knows elizabeth warren hand entirely self clinton knows fact alone rankle house flipper fake indian affirmative action fraudster elizabeth warren clawed ways someone hardscrabble lower middle class background immense ambition hillary always achievements handed someone else rankle warren track record sorts making name herself establishment consumer protection financial bureau supposedly hammer against corporate interests part political platform tenured harvard professor rankle clinton further given middle class roots hillary contrast achievements point either senator former secretary state fact record continuous failure merely left wing policy failed leftwing policy rankle warren fresher face mean something thinner chronically corpulent clinton personal jealousy vote light variables surprise hillary thinking running female president title hated rival warren wellesley speech calculated appearances clinton continue pursuing crown thinks rightfully hers especially sees warren","url":"https://www.americanthinker.com/blog/2017/05/after_wellesley_yes_hillarys_still_running.html","polarityScore":{"sourceTitle":"American Thinker","allSidesBias":"right","communityAgree":"1076","communityDisagree":"614","sourceUrl":"http://www.americanthinker.com/ "},"processedText":["operatives","played","down","reports","cough","attacks","delivery","signs","serious","medical","issues","casually","dismissed","allergies","unnecessary","point","difference","does","hillary","clinton","celebrity","college","commencement","speaker","undoubtedly","speaking","fees","giving","public","speech","outlining","spend","agenda","alma","mater","college","brings","real","point","hillary","running","president","motivation","given","poor","health","seen","play","foundation","fundraising","cash","collapse","undoubtedly","mentally","exhausted","months","american","thinker","editor","emeritus","richard","observed","looks","rest","democratic","field","president","trump","approval","numbers","considering","president","else","keep","relevant","sees","opportunity","explain","public","speaking","engagements","paid","course","hard","believe","denials","chronic","medical","problems","does","field","look","else","andrew","cuomo","place","next","democratic","party","favorite","making","noises","possible","entirely","threat","given","clinton","vastly","greater","name","recognition","popularity","among","supporters","bernie","sanders","maybe","ceiling","support","socialist","orientation","schumer","castro","brothers","corey","booker","jersey","massachusetts","democrat","governor","patrick","maybe","democratic","national","committee","chairman","perez","none","hold","candle","standard","party","standard","bearer","presidential","candidate","name","threat","however","elizabeth","warren","whose","name","recognition","comparable","hillary","fanatic","base","followers","known","good","terms","hillary","clinton","clinton","machine","despite","occasional","endorsements","fact","believed","women","hate","hillary","warren","friend","unwelcome","rival","plenty","reasons","look","psychology","matter","hillary","married","power","highly","reliant","husband","charm","natural","politician","bill","clinton","political","advice","direction","knows","elizabeth","warren","hand","entirely","self","clinton","knows","fact","alone","house","fake","indian","affirmative","action","elizabeth","warren","clawed","ways","someone","lower","middle","class","background","immense","ambition","hillary","always","achievements","handed","someone","else","warren","track","record","sorts","making","name","herself","establishment","consumer","protection","financial","bureau","supposedly","hammer","against","corporate","interests","part","political","platform","tenured","harvard","professor","clinton","further","given","middle","class","roots","hillary","contrast","achievements","point","either","senator","former","secretary","state","fact","record","continuous","failure","merely","left","wing","policy","failed","leftwing","policy","warren","face","mean","something","thinner","chronically","clinton","personal","jealousy","vote","light","variables","surprise","hillary","thinking","running","female","president","title","hated","rival","warren","speech","calculated","appearances","clinton","continue","pursuing","crown","thinks","rightfully","hers","especially","sees","warren"]}
