{"authors":["Bill Bowden"],"date_download":"2018-11-02 18:09:04","date_modify":"2018-11-02 18:09:04","date_publish":"2017-10-14 00:00:00","description":"YELLVILLE -- Several live turkeys were tossed from an airplane as it flew by the annual Turkey Trot festival Saturday.","filename":"AgainliveturkeystossedfromplaneatArkansasfestival_411.json","image_url":"https://media.arkansasonline.com/img/photos/2017/10/14/resized_272427-adgxturkeytrot1015-010_25-23744_t600.JPG?4326734cdb8e39baa3579048ef63ad7b451e7676","language":"en","localpath":"AgainliveturkeystossedfromplaneatArkansasfestival_411.json","title":"Again, live turkeys tossed from plane at Arkansas festival","title_page":"Again, live turkeys tossed from plane at Arkansas festival","title_rss":"NULL","source_domain":"arkansasonline.com","text":"live turkey released saturday plane flying crooked creek turkey trot festival yellville photo andy shupe yellville several live turkeys tossed airplane flew annual turkey trot festival saturday different airplane previous apparently different pilot plane ground texted dana woods mountain view alderman pharmacist phantom pilot previous 1966 piper flew festival saturday dropped turkeys registered aldino raimondi yellville federal aviation administration records live turkeys tossed plane shortly noon saturday several afternoon plane circles crooked creek blocks south downtown square people gathered annual festival kids left festival collect turkeys raimondi didn return voice text messages left cellphone saturday animal welfare activists trying stop tradition yellville plane drops inspired 1978 episode television show wkrp cincinnati turkeys dropped helicopter thanksgiving promotion phantom pilot celebrated yellville shirts declaring phantom sale saturday town square people photos faces cutout phantom pilot rose hilliard bruno file complaint marion county sheriff office probably monday regarding saturday airplane drops hilliard filed complaint earlier month attempt stop phantom pilot sheriff clinton evans hadn seen crime committed previous festival happened statute limitations expired misdemeanor crimes evans wasn sheriff didn investigate anything hilliard thought stop happening arkansas code cruelty animals misdemeanor punishable jail fine upon fourth conviction within five cruelty animals becomes felony arkansas guilty party ordered undergo psychiatric evaluation turkey trot festival held friday saturday airplane turkey drops occurred friday turkeys released marion county courthouse roof days stage square lisa chism owns simply beautiful medical gassville caught turkeys launched courthouse roof landed next child stroller believe caught turkey chism apparently referring clients turkey thanksgiving dinner kids gemma vaughan animal cruelty caseworker people ethical treatment animals group people yellville watching turkeys dropped plane courthouse roof rescued four turkeys trussed legs tossed onto concrete panting spectators walked found bleeding neck legs vaughan rushed veterinarian injuries anywhere else participants jail officials failure prosecute responsible makes yellville synonymous cruelty animals turkey drop throwback sorry human beings bone ignorant animals feelings phantom pilot usually tries remain anonymous newspaper photographs 2015 revealed identification number woods single engine 1959 cessna 182b flew phantom pilot investigators woods determined wasn doing anything violated rules regarding turkeys released plane flew crooked creek legal drop objects airplanes damage people property ground lynn lunsford spokesman fort worth regulations specifically deal dropping live animals airplanes authority prohibit practice email does mean endorse animal cruelty jurisdiction terry county judge marion county seemed smoothly saturday ones flew fine trouble whatsoever flew town went north side town turkeys glide landing caught people festival sometimes dinner holidays dozen turkeys dropped woods plane reportedly died impact turkey drops occurred annual yellville turkey trot festival turkeys released airplanes 2012 woods resumed practice 2015 hiatus wasn outside pressure turkeys tossed roof courthouse stage text message saturday woods wrote bird loving people misplaced priorities nasty threatening words upset turkeys didn anything child killed area november whether wild turkeys central issue turkey drop debate wild turkeys speeds usually treetop treetop altitude less feet woods turkeys released altitude feet creek yvonne vizzier thaxton professor poultry science university arkansas fayetteville altitude enough cause stress birds turkey drop horrific abuse photo andy shupe festival officials release wild turkey stage saturday annual turkey trot yellville photo andy shupe sierra martinez center yellville holds wild turkey caught saturday released stage angie heringer founder executive director angels animals animal rights activist ruth scroggin jonesboro offer purchase bird annual turkey trot yellville photo andy shupe wild turkey held kent chism whose mother lisa chism caught saturday released atop marion county courthouse annual turkey trot yellville photo andy shupe lisa chism gassville laughs saturday catching several wild turkeys released atop marion county courthouse annual turkey trot yellville metro 2017","url":"https://www.arkansasonline.com/news/2017/oct/15/again-live-turkeys-tossed-from-plane-20-1/","polarityScore":{"sourceTitle":"Arkansas Democrat-Gazette","allSidesBias":"left","communityAgree":"686","communityDisagree":"522","sourceUrl":"http://www.arkansasonline.com/ "},"processedText":["live","turkey","released","saturday","plane","flying","crooked","creek","turkey","trot","festival","yellville","photo","andy","shupe","yellville","several","live","turkeys","tossed","airplane","flew","annual","turkey","trot","festival","saturday","different","airplane","previous","apparently","different","pilot","plane","ground","texted","dana","woods","mountain","view","alderman","pharmacist","phantom","pilot","previous","1966","piper","flew","festival","saturday","dropped","turkeys","registered","raimondi","yellville","federal","aviation","administration","records","live","turkeys","tossed","plane","shortly","noon","saturday","several","afternoon","plane","circles","crooked","creek","blocks","south","downtown","square","people","gathered","annual","festival","kids","left","festival","collect","turkeys","raimondi","didn","return","voice","text","messages","left","cellphone","saturday","animal","welfare","activists","trying","stop","tradition","yellville","plane","drops","inspired","1978","episode","television","show","cincinnati","turkeys","dropped","helicopter","thanksgiving","promotion","phantom","pilot","celebrated","yellville","shirts","declaring","phantom","sale","saturday","town","square","people","photos","faces","phantom","pilot","rose","hilliard","bruno","file","complaint","marion","county","sheriff","office","probably","monday","regarding","saturday","airplane","drops","hilliard","filed","complaint","earlier","month","attempt","stop","phantom","pilot","sheriff","clinton","evans","hadn","seen","crime","committed","previous","festival","happened","statute","limitations","expired","misdemeanor","crimes","evans","wasn","sheriff","didn","investigate","anything","hilliard","thought","stop","happening","arkansas","code","cruelty","animals","misdemeanor","punishable","jail","fine","upon","fourth","conviction","within","five","cruelty","animals","becomes","felony","arkansas","guilty","party","ordered","undergo","psychiatric","evaluation","turkey","trot","festival","held","friday","saturday","airplane","turkey","drops","occurred","friday","turkeys","released","marion","county","courthouse","roof","days","stage","square","lisa","chism","owns","simply","beautiful","medical","caught","turkeys","launched","courthouse","roof","landed","next","child","believe","caught","turkey","chism","apparently","referring","clients","turkey","thanksgiving","dinner","kids","gemma","vaughan","animal","cruelty","people","ethical","treatment","animals","group","people","yellville","watching","turkeys","dropped","plane","courthouse","roof","rescued","four","turkeys","legs","tossed","onto","concrete","spectators","walked","found","bleeding","neck","legs","vaughan","rushed","veterinarian","injuries","anywhere","else","participants","jail","officials","failure","prosecute","responsible","makes","yellville","synonymous","cruelty","animals","turkey","drop","throwback","sorry","human","beings","bone","ignorant","animals","feelings","phantom","pilot","usually","tries","remain","anonymous","newspaper","photographs","2015","revealed","identification","number","woods","single","engine","1959","flew","phantom","pilot","investigators","woods","determined","wasn","doing","anything","violated","rules","regarding","turkeys","released","plane","flew","crooked","creek","legal","drop","objects","airplanes","damage","people","property","ground","lynn","lunsford","spokesman","fort","worth","regulations","specifically","deal","dropping","live","animals","airplanes","authority","prohibit","practice","email","does","mean","endorse","animal","cruelty","jurisdiction","terry","county","judge","marion","county","seemed","smoothly","saturday","ones","flew","fine","trouble","whatsoever","flew","town","went","north","side","town","turkeys","glide","landing","caught","people","festival","sometimes","dinner","holidays","dozen","turkeys","dropped","woods","plane","reportedly","died","impact","turkey","drops","occurred","annual","yellville","turkey","trot","festival","turkeys","released","airplanes","2012","woods","resumed","practice","2015","hiatus","wasn","outside","pressure","turkeys","tossed","roof","courthouse","stage","text","message","saturday","woods","wrote","bird","loving","people","misplaced","priorities","nasty","threatening","words","upset","turkeys","didn","anything","child","killed","area","november","whether","wild","turkeys","central","issue","turkey","drop","debate","wild","turkeys","speeds","usually","treetop","treetop","altitude","less","feet","woods","turkeys","released","altitude","feet","creek","yvonne","professor","poultry","science","university","arkansas","fayetteville","altitude","enough","cause","stress","birds","turkey","drop","horrific","abuse","photo","andy","shupe","festival","officials","release","wild","turkey","stage","saturday","annual","turkey","trot","yellville","photo","andy","shupe","sierra","martinez","center","yellville","holds","wild","turkey","caught","saturday","released","stage","angie","heringer","founder","executive","director","angels","animals","animal","rights","activist","ruth","jonesboro","offer","purchase","bird","annual","turkey","trot","yellville","photo","andy","shupe","wild","turkey","held","kent","chism","whose","mother","lisa","chism","caught","saturday","released","atop","marion","county","courthouse","annual","turkey","trot","yellville","photo","andy","shupe","lisa","chism","laughs","saturday","catching","several","wild","turkeys","released","atop","marion","county","courthouse","annual","turkey","trot","yellville","metro","2017"]}
