{"authors":[],"date_download":"2018-11-02 03:07:31","date_modify":"2018-11-02 03:07:31","date_publish":"2017-08-19 00:00:00","description":null,"filename":"Ageneralwhowins_414.json","image_url":"https://www.americanthinker.com/images/bucket/2017-08/199713.png","language":null,"localpath":"Ageneralwhowins_414.json","title":"A general who wins","title_page":"A general who wins","title_rss":"NULL","source_domain":"americanthinker.com","text":"president trump wants winning general afghanistan better general stephen townsend leading fight against isis syria townsend leadership style several elements decisive plans drama teambuilding leading front leveraging support working local allies colonel townsend attacked west side baqubah summer 2007 tried maximize element surprise battalions moved direction doubling nightfall assault helicopters landed assaulting soldiers dark night enemy overwhelmed surrounded attacked sides plans mission townsend gave staff clear wanted drive islamic state town interested perception success wanted reality success battle bombs went course killed civilians investigations launched happened strikes continued without moment second guessing expected staff work professionally jobs creatively micro manage staff sweat small stuff turn gave effective front operations center delegated second command wherever main effort different norm iraqi theater senior officers outposts talk troops inside walls outpost stay field importance cannot understated townsend knows work military halls power given mission retake city went commanders demand maximum available support wanted received essentially hours available call electronic warfare support placed firebases strategically battlefield precision guided artillery support assault staff created theater simplest quickest processes coordinate rapid artillery strikes battle showed power local allies battle group partnered group local fighters sons iraq secret weapon knew houses rigged explode enemy fighters likely hide probably foreign fighter instead local civilian parallels decade battle today striking syrian defense forces iraqi forces doing fighting artillery firebases support providing needed firepower elements surprise audacity shown decade paralleled aerial assault syrian democratic forces tabqa moment townsend surprised isis rapidly moving syrian allies aircraft something done general townsend willing calculated risks apply overwhelming force order winning syria iraq","url":"https://www.americanthinker.com/blog/2017/08/a_general_who_wins.html","polarityScore":{"sourceTitle":"American Thinker","allSidesBias":"right","communityAgree":"1076","communityDisagree":"614","sourceUrl":"http://www.americanthinker.com/ "},"processedText":["president","trump","wants","winning","general","afghanistan","better","general","stephen","townsend","leading","fight","against","isis","syria","townsend","leadership","style","several","elements","decisive","plans","drama","leading","front","leveraging","support","working","local","allies","colonel","townsend","attacked","west","side","summer","2007","tried","maximize","element","surprise","moved","direction","doubling","assault","helicopters","landed","assaulting","soldiers","dark","night","enemy","overwhelmed","surrounded","attacked","sides","plans","mission","townsend","gave","staff","clear","wanted","drive","islamic","state","town","interested","perception","success","wanted","reality","success","battle","bombs","went","course","killed","civilians","investigations","launched","happened","strikes","continued","without","moment","second","guessing","expected","staff","work","professionally","jobs","creatively","micro","manage","staff","sweat","small","stuff","turn","gave","effective","front","operations","center","delegated","second","command","wherever","main","effort","different","norm","iraqi","theater","senior","officers","talk","troops","inside","walls","outpost","stay","field","importance","cannot","understated","townsend","knows","work","military","halls","power","given","mission","retake","city","went","commanders","demand","maximum","available","support","wanted","received","essentially","hours","available","call","electronic","warfare","support","placed","strategically","battlefield","precision","guided","artillery","support","assault","staff","created","theater","simplest","quickest","processes","coordinate","rapid","artillery","strikes","battle","showed","power","local","allies","battle","group","partnered","group","local","fighters","sons","iraq","secret","weapon","knew","houses","rigged","explode","enemy","fighters","likely","hide","probably","foreign","fighter","instead","local","civilian","parallels","decade","battle","today","striking","syrian","defense","forces","iraqi","forces","doing","fighting","artillery","support","providing","needed","firepower","elements","surprise","audacity","shown","decade","aerial","assault","syrian","democratic","forces","moment","townsend","surprised","isis","rapidly","moving","syrian","allies","aircraft","something","done","general","townsend","willing","calculated","risks","apply","overwhelming","force","order","winning","syria","iraq"]}
