{"authors":["Linda Satter"],"date_download":"2018-10-30 18:15:58","date_modify":"2018-10-30 18:15:58","date_publish":"2017-11-27 00:00:00","description":"A judge has given the federal Drug Enforcement Agency until Friday to figure out how to disclose the contents of two decades-old documents to satisfy a Saline County mother’s Freedom of Information Act request without revealing information that needs to remain secret.","filename":"Agencyorderedtodisclosepartsoffilesinboysonthetrackscase2Arkansasteensfounddeadin87_413.json","image_url":"https://media.arkansasonline.com/img/photos/2017/11/27/Screen_Shot_2017-11-27_at_8.50.04_AM_t600.png?4326734cdb8e39baa3579048ef63ad7b451e7676","language":"en","localpath":"Agencyorderedtodisclosepartsoffilesinboysonthetrackscase2Arkansasteensfounddeadin87_413.json","title":"Agency ordered to disclose parts of files in 'boys on the tracks' case; 2 Arkansas teens found dead in '87","title_page":"Agency ordered to disclose parts of files in 'boys on the tracks' case; 2 Arkansas teens found dead in '87","title_rss":"NULL","source_domain":"arkansasonline.com","text":"left linda ives shown 2007 file photo initial 1987 coverage arkansas democrat deaths ives kevin henry judge given federal drug enforcement agency until friday figure disclose contents decades documents satisfy saline county mother freedom information request without revealing information needs remain secret shortly bodies kevin ives friend henry found early 1987 lonely stretch railroad tracks county linda ives sought information government agencies thinks offer clues death mystery surrounding case boys tracks 1999 book name local writer mara leveritt hundreds newspaper articles spanning several deaths possible connection drug trafficking ring involved notorious drug smuggler barry seal featured 1994 documentary clinton chronicles movie american starring actor cruise seal released 2016 lawsuit ives accused several federal state local authorities participating massive cover something likely wrongdoing authorities refusing comply numerous freedom information requests filed previous lawsuit filed attorney david lewis rock ives behalf noted documents supplied response requests heavily redacted indecipherable basically useless asked federal judge order agencies provide unredacted documents arguing release tightly guarded information likely anyone risk danger upset ongoing investigations chief district judge brian miller dismissed agencies lawsuit agreed november review unredacted documents issue remaining defendants executive office attorneys department homeland security agencies cited reasons withholding information justified order dated miller revealed completed camera review cleared attorney office allegations improperly shielding documents homeland security failed adequately search information requested ives ordered department search correctly meanwhile miller found provided ives reasonably segregable information documents report investigation prepared 1983 report investigation prepared 1995 directly related ives request withheld entire documents citing exemptions freedom information limit disclosure documents invade privacy reveal identity confidential sources circumvent place people risk harm miller documents include exempt information intertwined exempt information justify withholding judge ordered agency provide suggested redactions documents friday redactions approved documents redacted produced ives miller wrote redactions fail approved court redactions produce court redacted versions permit object none defendants responded order friday week order filed however lewis wasn excited prospect information surfaces result miller order provide answers ives seeks lewis idea documents kind information contain always chance releasable parts reveal information valuable ives optimistic clear point miller directive department homeland security mean ives wrote freedom information request ives asked records recordings documents emails unredacted relevant death kevin ives sought records recordings documents emails regarding mena airport drug trafficking relate barry seal response miller department searched information relevant kevin ives search information relevant mena drug trafficking barry seal miller agency therefore ordered conduct adequate search information requested ives lewis didn speculate kind information directive homeland security produce however memorandum filed behalf agencies attorney government noted requests information homeland security couldn answered agency created 2003 kevin ives death memo noted records responsive freedom information request found seal pilot regularly flew mena airport polk county 1980s assassinated 1986 hometown baton rouge earlier testified smuggled tons cocaine colombia drop zones louisiana swamps reportedly seal initially hired central american countries taking photographs rebels began smuggling drugs united states extra cash 1988 article arkansas gazette seal eventually became undercover informant talk flying planes seen area kevin ives friend henry train saline county 1987 speculation boys killed stumbled upon clandestine drug drop though state medical examiner boys appeared deep marijuana induced sleep train second pathologist believed killed bodies placed tracks didn exactly killed news articles published shortly bodies found engineer train traveling spotlight illuminated boys lying backs motionless somewhat unnatural position covered tarp waist down rifle flashlight beside engineer sounded train horn boys didn respond couldn stop train avoid running friends acquaintances boys later authorities seen boys together earlier night kevin bottle whiskey boys planned headlighting deer later crew members earlier train passed stretch tracks reported seeing near tracks","url":"https://www.arkansasonline.com/news/2018/aug/13/judge-dea-satisfy-files-bid/","polarityScore":{"sourceTitle":"Arkansas Democrat-Gazette","allSidesBias":"left","communityAgree":"686","communityDisagree":"522","sourceUrl":"http://www.arkansasonline.com/ "},"processedText":["left","linda","ives","shown","2007","file","photo","initial","1987","coverage","arkansas","democrat","deaths","ives","kevin","henry","judge","given","federal","drug","enforcement","agency","until","friday","figure","disclose","contents","decades","documents","satisfy","saline","county","mother","freedom","information","request","without","revealing","information","needs","remain","secret","shortly","bodies","kevin","ives","friend","henry","found","early","1987","lonely","stretch","railroad","tracks","county","linda","ives","sought","information","government","agencies","thinks","offer","clues","death","mystery","surrounding","case","boys","tracks","1999","book","name","local","writer","mara","hundreds","newspaper","articles","spanning","several","deaths","possible","connection","drug","trafficking","ring","involved","notorious","drug","barry","seal","featured","1994","documentary","clinton","chronicles","movie","american","starring","actor","cruise","seal","released","2016","lawsuit","ives","accused","several","federal","state","local","authorities","participating","massive","cover","something","likely","wrongdoing","authorities","refusing","comply","numerous","freedom","information","requests","filed","previous","lawsuit","filed","attorney","david","lewis","rock","ives","behalf","noted","documents","supplied","response","requests","heavily","redacted","basically","useless","asked","federal","judge","order","agencies","provide","unredacted","documents","arguing","release","tightly","guarded","information","likely","anyone","risk","danger","upset","ongoing","investigations","chief","district","judge","brian","miller","dismissed","agencies","lawsuit","agreed","november","review","unredacted","documents","issue","remaining","defendants","executive","office","attorneys","department","homeland","security","agencies","cited","reasons","withholding","information","justified","order","dated","miller","revealed","completed","camera","review","cleared","attorney","office","allegations","improperly","shielding","documents","homeland","security","failed","adequately","search","information","requested","ives","ordered","department","search","correctly","meanwhile","miller","found","provided","ives","reasonably","information","documents","report","investigation","prepared","1983","report","investigation","prepared","1995","directly","related","ives","request","withheld","entire","documents","citing","exemptions","freedom","information","limit","disclosure","documents","invade","privacy","reveal","identity","confidential","sources","circumvent","place","people","risk","harm","miller","documents","include","exempt","information","intertwined","exempt","information","justify","withholding","judge","ordered","agency","provide","suggested","redactions","documents","friday","redactions","approved","documents","redacted","produced","ives","miller","wrote","redactions","fail","approved","court","redactions","produce","court","redacted","versions","permit","object","none","defendants","responded","order","friday","week","order","filed","however","lewis","wasn","excited","prospect","information","surfaces","result","miller","order","provide","answers","ives","seeks","lewis","idea","documents","kind","information","contain","always","chance","parts","reveal","information","valuable","ives","optimistic","clear","point","miller","directive","department","homeland","security","mean","ives","wrote","freedom","information","request","ives","asked","records","recordings","documents","emails","unredacted","relevant","death","kevin","ives","sought","records","recordings","documents","emails","regarding","mena","airport","drug","trafficking","relate","barry","seal","response","miller","department","searched","information","relevant","kevin","ives","search","information","relevant","mena","drug","trafficking","barry","seal","miller","agency","therefore","ordered","conduct","adequate","search","information","requested","ives","lewis","didn","speculate","kind","information","directive","homeland","security","produce","however","memorandum","filed","behalf","agencies","attorney","government","noted","requests","information","homeland","security","couldn","answered","agency","created","2003","kevin","ives","death","memo","noted","records","responsive","freedom","information","request","found","seal","pilot","regularly","flew","mena","airport","polk","county","1980s","assassinated","1986","hometown","baton","rouge","earlier","testified","smuggled","tons","cocaine","colombia","drop","zones","louisiana","swamps","reportedly","seal","initially","hired","central","american","countries","taking","photographs","rebels","began","smuggling","drugs","united","states","extra","cash","1988","article","arkansas","gazette","seal","eventually","became","undercover","informant","talk","flying","planes","seen","area","kevin","ives","friend","henry","train","saline","county","1987","speculation","boys","killed","stumbled","upon","clandestine","drug","drop","though","state","medical","examiner","boys","appeared","deep","marijuana","induced","sleep","train","second","believed","killed","bodies","placed","tracks","didn","exactly","killed","news","articles","published","shortly","bodies","found","engineer","train","traveling","spotlight","illuminated","boys","lying","backs","somewhat","unnatural","position","covered","tarp","waist","down","rifle","flashlight","beside","engineer","sounded","train","horn","boys","didn","respond","couldn","stop","train","avoid","running","friends","acquaintances","boys","later","authorities","seen","boys","together","earlier","night","kevin","bottle","whiskey","boys","planned","deer","later","crew","members","earlier","train","passed","stretch","tracks","reported","seeing","near","tracks"]}
