{"authors":["Monica Hunter-Hart"],"date_download":"2018-10-31 01:19:34","date_modify":"2018-10-31 01:19:34","date_publish":"2018-10-17 14:10:17","description":"With the midterms less than a month away and early voting already beginning in certain areas, many people have been calling out alleged instances of voter suppression. One recent incident labeled as such occurred in Georgia's Jefferson County on…","filename":"AGeorgiaBlackVotersMatterBusWasStoppedFromTakingSeniorCitizensToVoteEarly_415.json","image_url":"https://imgix.bustle.com/uploads/getty/2018/10/17/fe9ae03d-fb4c-4145-a8df-cdb708a98da3-getty-1047626268.jpg?w=1200&h=630&q=70&fit=crop&crop=faces&fm=jpg","language":"en","localpath":"AGeorgiaBlackVotersMatterBusWasStoppedFromTakingSeniorCitizensToVoteEarly_415.json","title":"A Georgia “Black Voters Matter” Bus Was Stopped From Taking Senior Citizens To Vote Early","title_page":"A Georgia “Black Voters Matter” Bus Was Stopped From Taking Senior Citizens To Vote Early","title_rss":"NULL","source_domain":"bustle.com","text":"midterms less month away early voting already beginning certain areas people calling alleged instances voter suppression recent incident labeled occurred georgia jefferson county monday county officials stopped black voters matter taking senior citizens vote early riders needed vote atlanta journal constitution approximately black members senior center county preparing head polls monday early voting georgia waiting depart dancing james brown loud black proud atlanta journal constitution someone apparently noticed county officials contacted center latosha brown black voters matter group organized event paper center director asked seniors leave previously gotten permission center trip knew intimidation tactic brown journal constitution unnecessary grown people naacp asking county investigate incident thinkprogress reported story monday officials stopped trip political jefferson county board commissioners standing practice allowing political activities normal business hours county sponsored activities administrator adam brett statement obtained bustle added event headed diane evan leader jefferson county democratic party considered political event brett county officials didn approve idea seniors transported organization hadn vetted senior citizens complete care supervision jefferson county senior center adding officials felt uncomfortable allowing senior center patrons leave facility unknown third party bustle reached comment county insisting incident wasn example voter suppression seniors jefferson county senior center denied vote brett evans argued differently suppressing votes kind excuse problem journal constitution georgia hosting nation closely watched 2018 races democrat stacey abrams republican brian kemp governor recent poll journal constitution channel action news found kemp slim point lead abrams within margin error wins abrams united states black female governor 1965 voting rights require federal oversight changes voting laws areas history voter suppression included georgia supreme court repealed provision 2013 officials implemented practices advocates preventing targeted populations voting earlier month reported kemp currently georgia secretary state holding voter registration applications majority prospective black voters","url":"https://www.bustle.com/p/a-georgia-black-voters-matter-bus-was-stopped-from-taking-senior-citizens-to-vote-early-12586366","polarityScore":{"sourceTitle":"Bustle","allSidesBias":"left-center","communityAgree":"564","communityDisagree":"566","sourceUrl":"http://www.bustle.com/ "},"processedText":["midterms","less","month","away","early","voting","already","beginning","certain","areas","people","calling","alleged","instances","voter","suppression","recent","incident","labeled","occurred","georgia","jefferson","county","monday","county","officials","stopped","black","voters","matter","taking","senior","citizens","vote","early","riders","needed","vote","atlanta","journal","constitution","approximately","black","members","senior","center","county","preparing","head","polls","monday","early","voting","georgia","waiting","depart","dancing","james","brown","loud","black","proud","atlanta","journal","constitution","someone","apparently","noticed","county","officials","contacted","center","brown","black","voters","matter","group","organized","event","paper","center","director","asked","seniors","leave","previously","gotten","permission","center","trip","knew","intimidation","tactic","brown","journal","constitution","unnecessary","grown","people","naacp","asking","county","investigate","incident","reported","story","monday","officials","stopped","trip","political","jefferson","county","board","commissioners","standing","practice","allowing","political","activities","normal","business","hours","county","sponsored","activities","administrator","adam","brett","statement","obtained","bustle","added","event","headed","diane","evan","leader","jefferson","county","democratic","party","considered","political","event","brett","county","officials","didn","approve","idea","seniors","transported","organization","hadn","vetted","senior","citizens","complete","care","supervision","jefferson","county","senior","center","adding","officials","felt","uncomfortable","allowing","senior","center","patrons","leave","facility","unknown","third","party","bustle","reached","comment","county","insisting","incident","wasn","example","voter","suppression","seniors","jefferson","county","senior","center","denied","vote","brett","evans","argued","differently","suppressing","votes","kind","excuse","problem","journal","constitution","georgia","hosting","nation","closely","watched","2018","races","democrat","stacey","abrams","republican","brian","kemp","governor","recent","poll","journal","constitution","channel","action","news","found","kemp","slim","point","lead","abrams","within","margin","error","wins","abrams","united","states","black","female","governor","1965","voting","rights","require","federal","oversight","changes","voting","laws","areas","history","voter","suppression","included","georgia","supreme","court","repealed","provision","2013","officials","implemented","practices","advocates","preventing","targeted","populations","voting","earlier","month","reported","kemp","currently","georgia","secretary","state","holding","voter","registration","applications","majority","prospective","black","voters"]}
