{"authors":["Mark Bradley"],"date_download":"2018-11-02 22:17:58","date_modify":"2018-11-02 22:17:58","date_publish":"2018-10-09 11:34:00","description":"For all the things this season was, the one thing it wasn’t was lightning in a bottle.","filename":"AgiddyseasonendsandanewBraveserabegins_417.json","image_url":"https://www.ajc.com/rf/image_large/Pub/p9/AJC/2018/10/08/Images/SPORTS-BBN-DODGERS-BRAVES-7.JPG","language":"en","localpath":"AgiddyseasonendsandanewBraveserabegins_417.json","title":"A giddy season ends, and a new Braves era begins","title_page":"A giddy season ends, and a new Braves era begins","title_rss":"NULL","source_domain":"ajc.com","text":"season thing wasn lightning bottle point seven months sustainable best part 2018 realization sweet give bigger better ended monday night borrow chicago meaning band horns likewise eliminated cubs beginning witnessed birth baby braves babies grow dodgers manager dave roberts speaking team eliminated braves game leave congratulate braves tremendous season brian snitker entire staff players watch guys compete great city base brought best dealing guys future congratulate guys matter budding greatness roberts standing stolen base ninth inning game 2004 alcs against mariano rivera imperial yankees fuse greatest comeback override deficit boston title 1918 breakthrough 2007 followed championship presides dodgers farm system cash flow figure jousting braves october 2018 angeles advanced national league championship series victory atlanta game monday braves weren quite match dodgers times sixth postseason succession braves 2013 four games difference dodgers scored runs homers braves scored eight half ronald acuna swing surprised roberts club kept hitting ball wall national league team field seven homer counting manny machado arrived baltimore july whose blast chad sobotka settled game snitker monday home runs postseason carries teams pitching good hard bunch together walk people multiple runs powerful team done home runs built word nobody expected braves good soon wake john coppolella ouster harder coming credit alex anthopoulos arrived general manager november resisting urge affix stamp team inherited spent offseason season itself waiting watching evaluating finally moved measured safeguarded future dodgers sacrifice prospects land machado turn month rental stockpile guys david freese whose pinch single ahead stay night october anthopoulos worked dodgers grasps trick baseball build team stock organization capable fielding good teams braves games next break soon enough snitker took huge step forward young players great experience regular season postseason good players coming excited future atlanta braves young nucleus season completed noted night beginning coppolella rebuild born fruit comes next anthopoulos fleshing talent base money cleared 2019 matt kemp salary dump pursue name free agency machado maybe invest bullpen area greatest note daniel winkler shane carle freeman jesse biddle luke jackson didn nlds roster trade julio teheran whose surely clear rotation space mike soroka touki toussaint maybe fried kyle wright anthopoulos knows working position strength everyday eight nobody season appear beyond replication though nick markakis leave good acuna ozzie albies respectively reason believe close topping reason believe better advertised saying something happy endings october game monday happiest loss imaginable braves took ride ride extend miles astros cubs good combined seven playoff appearances world series titles third maybe coming month four braves didn ride lightning become lightning","url":"https://www.ajc.com/blog/mark-bradley/giddy-season-ends-and-new-braves-era-begins/N6WzZsiBS37N9xV71vMVAO/","polarityScore":{"sourceTitle":"Atlanta Journal-Constitution","allSidesBias":"left-center","communityAgree":"561","communityDisagree":"580","sourceUrl":"http://www.ajc.com/ "},"processedText":["season","thing","wasn","lightning","bottle","point","seven","months","sustainable","best","part","2018","realization","sweet","give","bigger","better","ended","monday","night","borrow","chicago","meaning","band","horns","likewise","eliminated","cubs","beginning","witnessed","birth","baby","braves","babies","grow","dodgers","manager","dave","roberts","speaking","team","eliminated","braves","game","leave","congratulate","braves","tremendous","season","brian","snitker","entire","staff","players","watch","guys","compete","great","city","base","brought","best","dealing","guys","future","congratulate","guys","matter","budding","greatness","roberts","standing","stolen","base","ninth","inning","game","2004","against","rivera","imperial","yankees","fuse","greatest","comeback","override","deficit","boston","title","1918","breakthrough","2007","followed","championship","dodgers","farm","system","cash","flow","figure","braves","october","2018","angeles","advanced","national","league","championship","series","victory","atlanta","game","monday","braves","weren","quite","match","dodgers","times","sixth","postseason","succession","braves","2013","four","games","difference","dodgers","scored","runs","homers","braves","scored","eight","half","ronald","acuna","swing","surprised","roberts","club","kept","hitting","ball","wall","national","league","team","field","seven","homer","counting","manny","machado","arrived","baltimore","july","whose","blast","chad","settled","game","snitker","monday","home","runs","postseason","carries","teams","pitching","good","hard","bunch","together","walk","people","multiple","runs","powerful","team","done","home","runs","built","word","nobody","expected","braves","good","soon","wake","john","coppolella","ouster","harder","coming","credit","alex","anthopoulos","arrived","general","manager","november","resisting","urge","stamp","team","inherited","spent","offseason","season","itself","waiting","watching","evaluating","finally","moved","measured","future","dodgers","sacrifice","prospects","land","machado","turn","month","rental","stockpile","guys","david","freese","whose","pinch","single","ahead","stay","night","october","anthopoulos","worked","dodgers","trick","baseball","build","team","stock","organization","capable","fielding","good","teams","braves","games","next","break","soon","enough","snitker","took","huge","step","forward","young","players","great","experience","regular","season","postseason","good","players","coming","excited","future","atlanta","braves","young","season","completed","noted","night","beginning","coppolella","rebuild","born","fruit","comes","next","anthopoulos","talent","base","money","cleared","2019","matt","kemp","salary","dump","pursue","name","free","agency","machado","maybe","invest","bullpen","area","greatest","note","daniel","shane","freeman","jesse","luke","jackson","didn","nlds","roster","trade","julio","teheran","whose","surely","clear","rotation","space","mike","maybe","fried","kyle","wright","anthopoulos","knows","working","position","strength","everyday","eight","nobody","season","appear","beyond","though","nick","markakis","leave","good","acuna","ozzie","albies","respectively","reason","believe","close","topping","reason","believe","better","advertised","saying","something","happy","endings","october","game","monday","happiest","loss","imaginable","braves","took","ride","ride","extend","miles","astros","cubs","good","combined","seven","playoff","appearances","world","series","titles","third","maybe","coming","month","four","braves","didn","ride","lightning","become","lightning"]}
