{"authors":["Dr. Susan Berry"],"date_download":"2018-10-30 18:24:44","date_modify":"2018-10-30 18:24:44","date_publish":"2017-11-15 00:23:43","description":"AG Jeff Sessions said evidence from the Senate investigation into Planned Parenthood “could provide a basis for charges” against the group.","filename":"AGJeffSessionsSenateInvestigationofPlannedParenthoodAllegationsCouldProvideaBasisforCharges_419.json","image_url":"https://media.breitbart.com/media/2016/05/8-week-fetus-in-womb-YouTube.jpg","language":"en","localpath":"AGJeffSessionsSenateInvestigationofPlannedParenthoodAllegationsCouldProvideaBasisforCharges_419.json","title":"AG Jeff Sessions: Senate Investigation of Planned Parenthood Allegations ‘Could Provide a Basis for Charges’","title_page":"AG Jeff Sessions: Senate Investigation of Planned Parenthood Allegations ‘Could Provide a Basis for Charges’ | Breitbart","title_rss":"NULL","source_domain":"breitbart.com","text":"attorney general jeff sessions evidence senate judiciary committee investigation allegations against planned parenthood provide basis charges against organization hearing house judiciary committee regarding oversight department justice arizona republican trent franks asked sessions report published hill monday indicated investigating planned parenthood amid allegations organization profits sale body parts aborted babies hill request senate judiciary committee chairman chuck grassley unredacted documents abortion providers gathered committee investigation recent days franks chair life caucus sessions house senate conducted investigations illegal sale body parts babies planned parenthood executives clear undercover videos surfaced report yesterday published hill sought documents senate obtained abortion providers result investigation illegal sale body parts requested several thousand pages testimony findings senate gathered investigation planned parenthood mean readying indictments against individuals committed sale body parts profit question answer impossible spot generally speaking findings senate investigation subsequent referral sufficient evidence justice department bring charges party guilty violating federal attorney general responded depends substance congressional findings certainly provide basis starting investigation verifying findings congress provide basis charges appropriate relate typically justice department does confirm deny existence investigation sources hill state grassley working comply request documents hope justice department close look evidence senate providing franks closing breitbart news reported september assistant director office congressional affairs sent letter grassley informing agency receipt senate judiciary committee criminal referrals planned parenthood partners fetal tissue procurement industry confirm criminal investigative division headquarters received referrals sent relevant field offices review whatever action deemed appropriate gregory brower wrote grassley june correspondence brower apologized grassley delay responding inquiry indicated receipt chairman letter dated april former director james comey attorney general jeff sessions concerning criminal referrals december 2016 department justice senate judiciary committee house select investigative panel infant lives conducted expansive investigations planned parenthood partners biomedical procurement industry investigations concerned allegations profiteering sale fetal tissue arose undercover video series expos center medical progress sale purchase human fetal tissue felony punishable prison fine 289g senate judiciary committee referred planned parenthood justice department investigation possible criminal prosecution based findings judiciary committee majority staff report concluded planned parenthood partners biomedical procurement industry paid abortion chain affiliates body parts aborted babies sold fetal tissue respective customers substantially higher prices documented costs planned parenthood federation america ppfa initially policy place ensure affiliates complying affiliates failed follow fetal tissue reimbursement policy report continued ppfa learned 2011 situation ppfa cancelled policy rather exercise oversight bring affiliates compliance thus ppfa turned blind affiliates violations fetal tissue policy altered oversight procedures enabling affiliates practices continue unimpeded","url":"https://www.breitbart.com/politics/2017/11/14/ag-jeff-sessions-senate-investigation-planned-parenthood-allegations-provide-basis-charges/","polarityScore":{"sourceTitle":"Breitbart News","allSidesBias":"right","communityAgree":"11345","communityDisagree":"6286","sourceUrl":"http://www.breitbart.com/ "},"processedText":["attorney","general","jeff","sessions","evidence","senate","judiciary","committee","investigation","allegations","against","planned","parenthood","provide","basis","charges","against","organization","hearing","house","judiciary","committee","regarding","oversight","department","justice","arizona","republican","trent","franks","asked","sessions","report","published","hill","monday","indicated","investigating","planned","parenthood","amid","allegations","organization","profits","sale","body","parts","aborted","babies","hill","request","senate","judiciary","committee","chairman","chuck","grassley","unredacted","documents","abortion","providers","gathered","committee","investigation","recent","days","franks","chair","life","caucus","sessions","house","senate","conducted","investigations","illegal","sale","body","parts","babies","planned","parenthood","executives","clear","undercover","videos","surfaced","report","yesterday","published","hill","sought","documents","senate","obtained","abortion","providers","result","investigation","illegal","sale","body","parts","requested","several","thousand","pages","testimony","findings","senate","gathered","investigation","planned","parenthood","mean","readying","indictments","against","individuals","committed","sale","body","parts","profit","question","answer","impossible","spot","generally","speaking","findings","senate","investigation","subsequent","referral","sufficient","evidence","justice","department","bring","charges","party","guilty","violating","federal","attorney","general","responded","depends","substance","congressional","findings","certainly","provide","basis","starting","investigation","findings","congress","provide","basis","charges","appropriate","relate","typically","justice","department","does","confirm","deny","existence","investigation","sources","hill","state","grassley","working","comply","request","documents","hope","justice","department","close","look","evidence","senate","providing","franks","closing","breitbart","news","reported","september","assistant","director","office","congressional","affairs","sent","letter","grassley","informing","agency","receipt","senate","judiciary","committee","criminal","referrals","planned","parenthood","partners","fetal","tissue","procurement","industry","confirm","criminal","investigative","division","headquarters","received","referrals","sent","relevant","field","offices","review","whatever","action","deemed","appropriate","gregory","wrote","grassley","june","correspondence","apologized","grassley","delay","responding","inquiry","indicated","receipt","chairman","letter","dated","april","former","director","james","comey","attorney","general","jeff","sessions","concerning","criminal","referrals","december","2016","department","justice","senate","judiciary","committee","house","select","investigative","panel","infant","lives","conducted","expansive","investigations","planned","parenthood","partners","biomedical","procurement","industry","investigations","concerned","allegations","sale","fetal","tissue","arose","undercover","video","series","expos","center","medical","progress","sale","purchase","human","fetal","tissue","felony","punishable","prison","fine","senate","judiciary","committee","referred","planned","parenthood","justice","department","investigation","possible","criminal","prosecution","based","findings","judiciary","committee","majority","staff","report","concluded","planned","parenthood","partners","biomedical","procurement","industry","paid","abortion","chain","affiliates","body","parts","aborted","babies","sold","fetal","tissue","respective","customers","substantially","higher","prices","documented","costs","planned","parenthood","federation","america","ppfa","initially","policy","place","ensure","affiliates","complying","affiliates","failed","follow","fetal","tissue","reimbursement","policy","report","continued","ppfa","learned","2011","situation","ppfa","cancelled","policy","rather","exercise","oversight","bring","affiliates","compliance","thus","ppfa","turned","blind","affiliates","violations","fetal","tissue","policy","altered","oversight","procedures","enabling","affiliates","practices","continue"]}
