{"authors":[],"date_download":"2018-11-02 14:14:50","date_modify":"2018-11-02 14:14:50","date_publish":"2017-08-04 00:00:00","description":"What makes a college LGBTQ-friendly?","filename":"AgnesScottnamedmostLGBTQfriendly_420.json","image_url":"https://www.ajc.com/rf/image_large/Pub/p8/AJC/2017/08/04/Videos/4145645.vpx.jpg","language":"en","localpath":"AgnesScottnamedmostLGBTQfriendly_420.json","title":"Agnes Scott named most LGBTQ friendly","title_page":"Best college Georgia: Agnes Scott named most LGBTQ friendly","title_rss":"NULL","source_domain":"ajc.com","text":"makes college lgbtq friendly students decatur agnes scott private liberal arts women college related oprah winfrey gives inspiring speech agnes scott college commencement small school situated near bustling streets downtown midtown atlanta recently named country lgbtq friendly colleges princeton review company best colleges book includes different rankings best quality life politically active lgbtq friendly related best college georgia depends assess score ranking princeton review analysts collected surveys students schools asked answer strongly agreed disagreed statement students treat persons equally regardless sexual orientation gender identity expression students chose range answer choices strongly agree strongly disagree excellent poor attached specific percentage score related beautiful college campus world georgia agnes scott college decatur photo courtesy agnes scott college fast copy news service based scores metro atlanta agnes scott college named seventh lgbtq friendly college nation agnes scott college statement gender expression gender identity support students including students identify lesbian bisexual transgender queer intersex questioning lgbtqiq support takes form variety campus services designed create safe learning living environment recognize value individuals across spectrum gender proud trans women trans binary individuals admitted graduated agnes scott embrace identity women college community committed inclusive excellence mission lgbtq friendly colleges america princeton review best colleges bryn mawr college bryn mawr pennsylvania college atlantic harbor maine emerson college boston massachusetts warren wilson college asheville north carolina mount holyoke college south hadley massachusetts sarah lawrence college bronxville york agnes scott college decatur vassar college poughkeepsie york franklin olin college engineering needham massachusetts grinnell college grinnell iowa brown university providence rhode island reed college portland oregon harvey mudd college claremont california college william mary williamsburg virginia bennington college brunswick maine bowdoin college brunswick maine oberlin college oberlin ohio eckerd college petersburg florida carleton college northfield minnesota simmons college boston massachusetts related georgia colleges among best world global ranking agnes scott college cracked following princeton review best rankings best quality life active student government liberal students race class interaction nobody plays intramural sports stone cold sober schools inhale wide marijuana usage princeton review best list","url":"https://www.ajc.com/news/local/georgia-school-named-one-the-most-lgbtq-friendly-colleges-the-country/UbP2pp5brBsiizLQvc1qQO/","polarityScore":{"sourceTitle":"Atlanta Journal-Constitution","allSidesBias":"left-center","communityAgree":"561","communityDisagree":"580","sourceUrl":"http://www.ajc.com/ "},"processedText":["makes","college","lgbtq","friendly","students","decatur","agnes","scott","private","liberal","arts","women","college","related","oprah","winfrey","gives","inspiring","speech","agnes","scott","college","commencement","small","school","situated","near","bustling","streets","downtown","midtown","atlanta","recently","named","country","lgbtq","friendly","colleges","princeton","review","company","best","colleges","book","includes","different","rankings","best","quality","life","politically","active","lgbtq","friendly","related","best","college","georgia","depends","assess","score","ranking","princeton","review","analysts","collected","surveys","students","schools","asked","answer","strongly","agreed","disagreed","statement","students","treat","persons","equally","regardless","sexual","orientation","gender","identity","expression","students","chose","range","answer","choices","strongly","agree","strongly","disagree","excellent","poor","attached","specific","percentage","score","related","beautiful","college","campus","world","georgia","agnes","scott","college","decatur","photo","courtesy","agnes","scott","college","fast","copy","news","service","based","scores","metro","atlanta","agnes","scott","college","named","seventh","lgbtq","friendly","college","nation","agnes","scott","college","statement","gender","expression","gender","identity","support","students","including","students","identify","lesbian","bisexual","transgender","queer","questioning","support","takes","form","variety","campus","services","designed","create","safe","learning","living","environment","recognize","value","individuals","across","spectrum","gender","proud","trans","women","trans","binary","individuals","admitted","graduated","agnes","scott","embrace","identity","women","college","community","committed","inclusive","excellence","mission","lgbtq","friendly","colleges","america","princeton","review","best","colleges","college","pennsylvania","college","atlantic","harbor","maine","emerson","college","boston","massachusetts","warren","wilson","college","north","carolina","mount","college","south","massachusetts","sarah","lawrence","college","york","agnes","scott","college","decatur","college","york","franklin","college","engineering","massachusetts","college","iowa","brown","university","providence","rhode","island","reed","college","portland","oregon","harvey","college","claremont","california","college","william","mary","virginia","bennington","college","brunswick","maine","college","brunswick","maine","college","ohio","college","petersburg","florida","carleton","college","minnesota","simmons","college","boston","massachusetts","related","georgia","colleges","among","best","world","global","ranking","agnes","scott","college","cracked","following","princeton","review","best","rankings","best","quality","life","active","student","government","liberal","students","race","class","interaction","nobody","plays","sports","stone","cold","sober","schools","wide","marijuana","usage","princeton","review","best","list"]}
