{"authors":["Meg Kelly","Video Editor For The Fact Checker","Salvador Rizzo","Reporter For The Fact Checker"],"date_download":"2018-10-21 03:08:25","date_modify":"2018-10-21 03:08:25","date_publish":"2018-10-19 20:42:42","description":"President Trump and Rep. Matt Gaetz (R-Fla.) cherry-picked a video of Honduran migrants to float unfounded conspiracy theories.","filename":"AgrainyvideofromGuatemalasparksTrumpconspiracytheory_424.json","image_url":"https://www.washingtonpost.com/resizer/1Myg0GjNbWtTu-GLI0GAJTjGk2w=/1484x0/arc-anglerfish-washpost-prod-washpost.s3.amazonaws.com/public/6EJELHGTYAI6RJG3DBBRDUTRFE.jpg","language":"en","localpath":"AgrainyvideofromGuatemalasparksTrumpconspiracytheory_424.json","title":"A grainy video from Guatemala sparks Trump conspiracy theory","title_page":"A grainy video from Guatemala sparks Trump conspiracy theory - The Washington Post","title_rss":"NULL","source_domain":"washingtonpost.com","text":"breaking footage honduras giving cash women children join caravan storm border election soros backed ngos investigate source matt gaetz tweet 2018 believe democrats allowing done country president trump tweet 2018 starting find percent tiny question mark money passing people border election negative democrats wanted caravan caravan didn happen didn happen trump rally montana 2018 happening grainy abbreviated footage central america matt gaetz tweeted video honduras women children receiving cash join caravan storm mexico border caravan honduran migrants crossed border guatemala next president trump threatened honduran president juan orlando hern ndez twitter saying group didn turn money gaetz tweet video question appeared without offering evidence gaetz implied liberal billionaire george soros nongovernmental organizations paying migrants gaetz tweet trump tweeted video hours later montana rally trump floated conspiracy theory ruse financed political opponents caravan didn happen money passing people border election democrats negative trump crowd seemed outlandish secret rampant violence poverty central america spurred thousands families flee united states recent investigate source gaetz tweeted call action facts minute video clip gaetz tweeted shows direct evidence democrats ngos soros funded groups paying migrants video does show dozens people separated gender standing loose lines along roadside carrying bags backpacks white shirts jeans down lines handing appears cash white rectangular bills seen carrying handgun waistband wearing baseball logo clothing company digital detective work found video shot caravan passing chiquimula guatemala near border honduras honduras gaetz sent email gaetz office pointing along several questions gaetz tweeted correction staff respond questions cash handed appears guatemalan currency gaetz video grainy hard parse facebook video scene posted gaetz tweet sharper resolution left images video trump gaetz tweeted guatemalan currency washington post staff armed money twitter gaetz video honduran government official mind facebook video surfaced tweet latin american journalists humanitarian nonprofit organization workers ground consistently report caravans rare mostly self organized residents real concerns safety poverty central america messaging whatsapp activity caravan members travel large groups ensure safe journey several wide eyed theories flying leading particular migrants behind money break down george soros backed ngos soros hungarian american businessman jewish often cast boogeyman wing conspiracy theories usually critics bare effort scare least trace evidence support case gaetz didn anyway open society foundations funded soros quick neither soros funding effort regional experts backed ngos worked increase public safety economic stability mitigating insecurity often contributes people flee place couldn find evidence behind effort hand cash guatemala soros hungarian american businessman jewish often cast boogeyman wing conspiracy theories usually critics bare effort scare least trace evidence support case gaetz didn anyway open society foundations funded soros quick neither soros funding effort regional experts backed ngos worked increase public safety economic stability mitigating insecurity often contributes people flee place couldn find evidence behind effort hand cash guatemala democrats trump rally hinted democrats behind caravan evidence support theory video message spanish acting ambassador honduras migrants please country deceived false promises political criminal leaders vague statement reference fanciful theories soros democrats ngos instead statement suggests internal honduran politics behind exodus white house respond questions trump rally hinted democrats behind caravan evidence support theory video message spanish acting ambassador honduras migrants please country deceived false promises political criminal leaders vague statement reference fanciful theories soros democrats ngos instead statement suggests internal honduran politics behind exodus white house respond questions honduran opposition party honduran government opposition party partido libertad refundaci organized caravan part political ploy leader honduran opposition party former president manuel zelaya deposed coup 2009 released statement saying party involved migration security poverty contested political issues honduras honduran government opposition party partido libertad refundaci organized caravan part political ploy leader honduran opposition party former president manuel zelaya deposed coup 2009 released statement saying party involved migration security poverty contested political issues honduras chiquimula residents reports journalists nonprofits following caravan noted guatemalan locals providing water bottles spare cash supplies support migrants journey mexico border photographer agence france presse guatemala confirmed saying locals often provide money food clothes migrants though happening video shared gaetz trump explain presence armed organized effort distribute cash annie bird director guatemala human rights commission unusual people carry arms chiquimula unlike parts country safety concerns local culture experts confirmed bird assessment noting chiquimula along migratory route controlled narcos typical increase security pinocchio test multiple reports nongovernmental organizations active ground movement organized grew organically hard believe plenty reasons emigrate honduras massive rising poverty level worsening security situation gangs extort destroy small businesses noting people killed average plus moving large group provides protection individuals saving expense coyote shepherd journey north haven able down exactly distributing cash guatemala evidence claims soros backed ngos democrats secretly organizing caravan always fact checker burden proof speaker seems cherry picked video reused political scare tactic willingness promote propaganda trump gaetz earn four pinocchios four pinocchios rating scale send facts check filling form sign fact checker weekly newsletter fact checker verified signatory international fact checking network code principles share facts 2018 washington post washington post rating four pinocchios washington post rating breaking footage honduras giving cash women children join caravan storm border election soros backed ngos investigate source matt gaetz member congress whitehouse govhttps twitter repmattgaetz status 1052629557826736129 tweet wednesday october 2018 2018 read info","url":"https://www.washingtonpost.com/politics/2018/10/19/grainy-video-guatemala-sparks-trump-conspiracy-theory/","polarityScore":{"sourceTitle":"Washington Post","allSidesBias":"left-center","communityAgree":"21425","communityDisagree":"12735","sourceUrl":"http://www.washingtonpost.com/regional "},"processedText":["breaking","footage","honduras","giving","cash","women","children","join","caravan","storm","border","election","soros","backed","ngos","investigate","source","matt","gaetz","tweet","2018","believe","democrats","allowing","done","country","president","trump","tweet","2018","starting","find","percent","tiny","question","mark","money","passing","people","border","election","negative","democrats","wanted","caravan","caravan","didn","happen","didn","happen","trump","rally","montana","2018","happening","footage","central","america","matt","gaetz","tweeted","video","honduras","women","children","receiving","cash","join","caravan","storm","mexico","border","caravan","honduran","migrants","crossed","border","guatemala","next","president","trump","threatened","honduran","president","juan","orlando","hern","ndez","twitter","saying","group","didn","turn","money","gaetz","tweet","video","question","appeared","without","offering","evidence","gaetz","implied","liberal","billionaire","george","soros","organizations","paying","migrants","gaetz","tweet","trump","tweeted","video","hours","later","montana","rally","trump","floated","conspiracy","theory","ruse","financed","political","opponents","caravan","didn","happen","money","passing","people","border","election","democrats","negative","trump","crowd","seemed","outlandish","secret","rampant","violence","poverty","central","america","spurred","thousands","families","flee","united","states","recent","investigate","source","gaetz","tweeted","call","action","facts","minute","video","clip","gaetz","tweeted","shows","direct","evidence","democrats","ngos","soros","funded","groups","paying","migrants","video","does","show","dozens","people","separated","gender","standing","loose","lines","along","roadside","carrying","bags","backpacks","white","shirts","jeans","down","lines","handing","appears","cash","white","rectangular","bills","seen","carrying","handgun","wearing","baseball","logo","clothing","company","digital","detective","work","found","video","shot","caravan","passing","guatemala","near","border","honduras","honduras","gaetz","sent","email","gaetz","office","pointing","along","several","questions","gaetz","tweeted","correction","staff","respond","questions","cash","handed","appears","guatemalan","currency","gaetz","video","hard","parse","facebook","video","scene","posted","gaetz","tweet","sharper","resolution","left","images","video","trump","gaetz","tweeted","guatemalan","currency","washington","post","staff","armed","money","twitter","gaetz","video","honduran","government","official","mind","facebook","video","surfaced","tweet","latin","american","journalists","humanitarian","nonprofit","organization","workers","ground","consistently","report","caravans","rare","mostly","self","organized","residents","real","concerns","safety","poverty","central","america","messaging","whatsapp","activity","caravan","members","travel","large","groups","ensure","safe","journey","several","wide","eyed","theories","flying","leading","particular","migrants","behind","money","break","down","george","soros","backed","ngos","soros","hungarian","american","businessman","jewish","often","cast","boogeyman","wing","conspiracy","theories","usually","critics","bare","effort","scare","least","trace","evidence","support","case","gaetz","didn","anyway","open","society","foundations","funded","soros","quick","neither","soros","funding","effort","regional","experts","backed","ngos","worked","increase","public","safety","economic","stability","mitigating","insecurity","often","contributes","people","flee","place","couldn","find","evidence","behind","effort","hand","cash","guatemala","soros","hungarian","american","businessman","jewish","often","cast","boogeyman","wing","conspiracy","theories","usually","critics","bare","effort","scare","least","trace","evidence","support","case","gaetz","didn","anyway","open","society","foundations","funded","soros","quick","neither","soros","funding","effort","regional","experts","backed","ngos","worked","increase","public","safety","economic","stability","mitigating","insecurity","often","contributes","people","flee","place","couldn","find","evidence","behind","effort","hand","cash","guatemala","democrats","trump","rally","hinted","democrats","behind","caravan","evidence","support","theory","video","message","spanish","acting","ambassador","honduras","migrants","please","country","deceived","false","promises","political","criminal","leaders","vague","statement","reference","fanciful","theories","soros","democrats","ngos","instead","statement","suggests","internal","honduran","politics","behind","exodus","white","house","respond","questions","trump","rally","hinted","democrats","behind","caravan","evidence","support","theory","video","message","spanish","acting","ambassador","honduras","migrants","please","country","deceived","false","promises","political","criminal","leaders","vague","statement","reference","fanciful","theories","soros","democrats","ngos","instead","statement","suggests","internal","honduran","politics","behind","exodus","white","house","respond","questions","honduran","opposition","party","honduran","government","opposition","party","organized","caravan","part","political","ploy","leader","honduran","opposition","party","former","president","manuel","zelaya","deposed","coup","2009","released","statement","saying","party","involved","migration","security","poverty","contested","political","issues","honduras","honduran","government","opposition","party","organized","caravan","part","political","ploy","leader","honduran","opposition","party","former","president","manuel","zelaya","deposed","coup","2009","released","statement","saying","party","involved","migration","security","poverty","contested","political","issues","honduras","residents","reports","journalists","nonprofits","following","caravan","noted","guatemalan","locals","providing","water","bottles","spare","cash","supplies","support","migrants","journey","mexico","border","photographer","france","guatemala","confirmed","saying","locals","often","provide","money","food","clothes","migrants","though","happening","video","shared","gaetz","trump","explain","presence","armed","organized","effort","distribute","cash","annie","bird","director","guatemala","human","rights","commission","unusual","people","carry","arms","unlike","parts","country","safety","concerns","local","culture","experts","confirmed","bird","assessment","noting","along","migratory","route","controlled","typical","increase","security","test","multiple","reports","organizations","active","ground","movement","organized","grew","organically","hard","believe","plenty","reasons","honduras","massive","rising","poverty","level","worsening","security","situation","gangs","destroy","small","businesses","noting","people","killed","average","plus","moving","large","group","provides","protection","individuals","saving","expense","shepherd","journey","north","haven","able","down","exactly","distributing","cash","guatemala","evidence","claims","soros","backed","ngos","democrats","secretly","organizing","caravan","always","fact","checker","burden","proof","speaker","seems","cherry","picked","video","political","scare","tactic","willingness","promote","propaganda","trump","gaetz","earn","four","pinocchios","four","pinocchios","rating","scale","send","facts","check","filling","form","sign","fact","checker","weekly","newsletter","fact","checker","verified","signatory","international","fact","checking","network","code","principles","share","facts","2018","washington","post","washington","post","rating","four","pinocchios","washington","post","rating","breaking","footage","honduras","giving","cash","women","children","join","caravan","storm","border","election","soros","backed","ngos","investigate","source","matt","gaetz","member","congress","whitehouse","twitter","status","tweet","wednesday","october","2018","2018","read","info"]}
