{"authors":[],"date_download":"2018-11-02 00:36:28","date_modify":"2018-11-02 00:36:28","date_publish":"2017-11-30 00:05:57","description":null,"filename":"AGreatJuristGreatWriterGreatSpeakerGreatAmerican_425.json","image_url":"https://39uhx2trii4zt1im-zippykid.netdna-ssl.com/wp-content/uploads/2017/11/Justice_Antonin_Scalia_Speaks_with_Staff_at_the_U.S._Mission_in_Geneva_2-1.jpg","language":"en","localpath":"AGreatJuristGreatWriterGreatSpeakerGreatAmerican_425.json","title":"A Great Jurist, Great Writer, Great Speaker, Great American","title_page":"A Great Jurist, Great Writer, Great Speaker, Great AmericanThe American Spectator","title_rss":"NULL","source_domain":"spectator.org","text":"scalia speaks reflections faith life lived antonin scalia edited christopher scalia edward whelan crown forum pages positive reviews late justice antonin scalia recently released book speeches speeches selected christopher scalia former clerk edward whelan justice delivered life show articulate scholarly jurist thought consistent view full service human full insights humor roller coaster call life good living read scalia opinions especially occasionally acerbic dissents clear persuasive amusing writer lift 2004 scalia dissents regnery available feature legal opinions read pleasure next antonin gregory nino scalia born trenton jersey raised elmhurst section queens lawyer didn clarity coherence humor humanity beaten school institution seems sworn enemy four reading speeches watching delivered youtube learn scalia good behind podium word processor treat read listen content style speeches given various schools universities organizations sorts focus legal philosophy originalism holds words meaning constitution interpret governing document basis framers meant wrote meaning unchanging reasoning paraphrase captured point constitution mean friday meant monday hell knows mean next week case point having constitution fluid useless document protect nothing except current fads political power view constitution held supreme court justices until middle century reflecting understanding cannot coherently large complex enterprise america basic ground rules moving targets alas sensible approach increasingly giving political approach basic document loosey goosey approach popular expanding living document crowd insist meaning constitution change suit changing times helps facilitate politicalizing kind legal regime judges justices often simply substitute judgments various matters people elected judgements whatever judges unconstitutional whatever fancy constitutionally protected scalia none matter interesting features massive modern attack upon originalism opponents unified view mode interpretation wrong display agreement whatever upon agreement upon criterion constitutional meaning replace problem making constitution purpose embodiment current preferences abortion anti abortion anything else deprives constitution essential character obstacle majority self converts ironically mechanism placing majority current beyond further debate happily speeches deal scalia view proper place include sports writing turkey hunting education means american scalia american proud italian heritage huge savvy italian opera believes unlike killjoys ethnic humor enjoyed italian view irish catholic faith central learn several speeches importance belief life views proper relationship church state samples soccer moms youngster soccer americans overwhelmingly preferred baseball game players stand happens soccer game people forth furiously happens scalia liked baseball suggests fact york yankees flaws find perhaps understandable considering today moral formation objective higher education virtually forbidden topic strong views wrong discriminating left campus toleration universally acknowledged virtue sophisticated believe heck mover least easy believe bang triggered nothingness scalia speeches delivered ways learned streetwise timing good standup choose watch online speeches provided chance perform christopher introduction father engaging product world hams worthwhile justice scalia gone rest peace left behind treasure wisdom live least scalia speaks earns santa book","url":"https://spectator.org/a-great-jurist-great-writer-great-speaker-great-american/","polarityScore":{"sourceTitle":"American Spectator","allSidesBias":"right","communityAgree":"4485","communityDisagree":"1883","sourceUrl":"http://spectator.org/ "},"processedText":["scalia","speaks","reflections","faith","life","lived","antonin","scalia","edited","christopher","scalia","edward","whelan","crown","forum","pages","positive","reviews","late","justice","antonin","scalia","recently","released","book","speeches","speeches","selected","christopher","scalia","former","clerk","edward","whelan","justice","delivered","life","show","articulate","scholarly","jurist","thought","consistent","view","full","service","human","full","insights","humor","roller","coaster","call","life","good","living","read","scalia","opinions","especially","occasionally","clear","persuasive","amusing","writer","lift","2004","scalia","regnery","available","feature","legal","opinions","read","pleasure","next","antonin","gregory","scalia","born","jersey","raised","section","queens","lawyer","didn","clarity","humor","humanity","beaten","school","institution","seems","sworn","enemy","four","reading","speeches","watching","delivered","youtube","learn","scalia","good","behind","podium","word","processor","treat","read","listen","content","style","speeches","given","various","schools","universities","organizations","sorts","focus","legal","philosophy","holds","words","meaning","constitution","interpret","governing","document","basis","framers","meant","wrote","meaning","reasoning","paraphrase","captured","point","constitution","mean","friday","meant","monday","hell","knows","mean","next","week","case","point","having","constitution","fluid","useless","document","protect","nothing","except","current","political","power","view","constitution","held","supreme","court","justices","until","middle","century","reflecting","understanding","cannot","large","complex","enterprise","america","basic","ground","rules","moving","targets","alas","sensible","approach","increasingly","giving","political","approach","basic","document","approach","popular","expanding","living","document","crowd","insist","meaning","constitution","change","suit","changing","times","helps","facilitate","kind","legal","regime","judges","justices","often","simply","substitute","judgments","various","matters","people","elected","whatever","judges","unconstitutional","whatever","fancy","constitutionally","protected","scalia","none","matter","interesting","features","massive","modern","attack","upon","opponents","unified","view","mode","interpretation","wrong","display","agreement","whatever","upon","agreement","upon","constitutional","meaning","replace","problem","making","constitution","purpose","embodiment","current","preferences","abortion","anti","abortion","anything","else","constitution","essential","character","obstacle","majority","self","ironically","mechanism","placing","majority","current","beyond","further","debate","happily","speeches","deal","scalia","view","proper","place","include","sports","writing","turkey","hunting","education","means","american","scalia","american","proud","italian","heritage","huge","savvy","italian","opera","believes","unlike","ethnic","humor","enjoyed","italian","view","irish","catholic","faith","central","learn","several","speeches","importance","belief","life","views","proper","relationship","church","state","samples","soccer","moms","soccer","americans","overwhelmingly","preferred","baseball","game","players","stand","happens","soccer","game","people","forth","furiously","happens","scalia","liked","baseball","suggests","fact","york","yankees","flaws","find","perhaps","understandable","considering","today","moral","formation","objective","higher","education","virtually","forbidden","topic","strong","views","wrong","discriminating","left","campus","toleration","universally","acknowledged","virtue","sophisticated","believe","heck","least","easy","believe","bang","triggered","scalia","speeches","delivered","ways","learned","timing","good","choose","watch","online","speeches","provided","chance","perform","christopher","introduction","father","engaging","product","world","worthwhile","justice","scalia","gone","rest","peace","left","behind","treasure","wisdom","live","least","scalia","speaks","earns","santa","book"]}
