{"authors":["Chriss W. Street"],"date_download":"2018-10-30 19:32:04","date_modify":"2018-10-30 19:32:04","date_publish":"2017-09-30 16:16:16","description":"Rapid advances in Artificial Intelligence, Robotics, and the Internet of Things are making the agriculture sector the \"Next Big Thing\" in Silicon Valley. | Local","filename":"AgricultureMayBetheNextBigThinginSiliconValley_427.json","image_url":"https://media.breitbart.com/media/2015/01/rice-farming-ap.jpg","language":"en","localpath":"AgricultureMayBetheNextBigThinginSiliconValley_427.json","title":"Agriculture May Be the Next Big Thing in Silicon Valley","title_page":"Agriculture May Be the Next Big Thing in Silicon Valley | Breitbart","title_rss":"NULL","source_domain":"breitbart.com","text":"rapid advances artificial intelligence robotics internet making agriculture sector next thing silicon valley although farm dominant west accounted percent venture capital deals second quarter 2017 percent deal value pitchbook major agribusiness companies beginning spend bucks buying tech start funding research development shops silicon valley monsanto started silicon valley boom paid million late 2013 francisco based climate corporation uses analytics internet calculate crop insurance risk profiles milliseconds names price insurance acts policy underwriter john deere paid million sunnyvale based robotics experts blue river technology dupont spent million francisco based agricultural analytics software firm granular farmers original american entrepreneurs disruptively traveled thousands miles frontier regions apply technology search wealth fame farm workforce revolutionary 1780 million percent nation population number american farmers peaked 1917 million percent nation labor force relentlessly declined million members farm ranch families percent population shrinking america farm workforce technology allows farmer america million farms feed people result industry feeds america generates billion exports third production agriculture 19th largest industry america average billion revenue industry expected revenue expected billion percent return revenue 2013 revenue billion stunning percent return revenue rich revenue ratios above venture capital private equity funds generate investing mature industries maintaining agriculture revenue percentage productivity increases seeds advanced machinery analytic farming techniques example pounds feed dairy needs produce pounds milk fallen percent millennial farmers percent full farmers tech savvy generation looking engage scientific farming include drastically better energy water leveraging themselves drone equipment selling directly local consumers grab percentage agriculture revenue losses agtech investing report 2015 stated tech food start billion 2014 spiked billion deals 2015 reached deals billion 2016 hottest sectors food commerce precision agriculture irrigation water technology","url":"https://www.breitbart.com/local/2017/09/30/agriculture-may-next-big-thing-silicon-valley/","polarityScore":{"sourceTitle":"Breitbart News","allSidesBias":"right","communityAgree":"11345","communityDisagree":"6286","sourceUrl":"http://www.breitbart.com/ "},"processedText":["rapid","advances","artificial","intelligence","robotics","internet","making","agriculture","sector","next","thing","silicon","valley","although","farm","dominant","west","accounted","percent","venture","capital","deals","second","quarter","2017","percent","deal","value","major","companies","beginning","spend","bucks","buying","tech","start","funding","research","development","shops","silicon","valley","started","silicon","valley","boom","paid","million","late","2013","francisco","based","climate","corporation","uses","analytics","internet","calculate","crop","insurance","risk","profiles","names","price","insurance","acts","policy","john","paid","million","based","robotics","experts","blue","river","technology","dupont","spent","million","francisco","based","agricultural","analytics","software","firm","farmers","original","american","entrepreneurs","traveled","thousands","miles","frontier","regions","apply","technology","search","wealth","fame","farm","workforce","revolutionary","million","percent","nation","population","number","american","farmers","peaked","1917","million","percent","nation","labor","force","relentlessly","declined","million","members","farm","ranch","families","percent","population","shrinking","america","farm","workforce","technology","allows","farmer","america","million","farms","feed","people","result","industry","feeds","america","generates","billion","exports","third","production","agriculture","19th","largest","industry","america","average","billion","revenue","industry","expected","revenue","expected","billion","percent","return","revenue","2013","revenue","billion","stunning","percent","return","revenue","rich","revenue","ratios","above","venture","capital","private","equity","funds","generate","investing","mature","industries","maintaining","agriculture","revenue","percentage","productivity","increases","seeds","advanced","machinery","farming","techniques","example","pounds","feed","dairy","needs","produce","pounds","milk","fallen","percent","millennial","farmers","percent","full","farmers","tech","savvy","generation","looking","engage","scientific","farming","include","drastically","better","energy","water","leveraging","themselves","drone","equipment","selling","directly","local","consumers","grab","percentage","agriculture","revenue","losses","investing","report","2015","stated","tech","food","start","billion","2014","spiked","billion","deals","2015","reached","deals","billion","2016","hottest","sectors","food","commerce","precision","agriculture","irrigation","water","technology"]}
