{"authors":[],"date_download":"2018-11-01 21:15:32","date_modify":"2018-11-01 21:15:32","date_publish":"2017-12-28 00:05:38","description":null,"filename":"AGroundZeroShrineWillCloseinaFewDays_428.json","image_url":"https://39uhx2trii4zt1im-zippykid.netdna-ssl.com/wp-content/uploads/2017/12/1024px-RiseJosephsChapel.jpg","language":"en","localpath":"AGroundZeroShrineWillCloseinaFewDays_428.json","title":"A Ground Zero Shrine Will Close in a Few Days","title_page":"A Ground Zero Shrine Will Close in a Few DaysThe American Spectator","title_rss":"NULL","source_domain":"spectator.org","text":"september 2001 terrorist attack brought down twin towers world trade center took lives 3000 innocents joseph chapel across street battery park city spared rubble literally chapel front door almost immediately government agencies commandeered chapel ripped pews church makeshift command center months followed firefighters police officers rescue workers members construction crews chapel place rest refuge smells smoke heartbreak working place total devastation work crews withdrew world trade center site joseph wreck archdiocese york parishioners resolved restore church reopen shrine victims heroes mourners calamity became catholic memorial ground zero important part restoration commissioning works sacred emphasized significance place life size sculptures florian patron saint firefighters archangel michael patron saint police officers joseph patron saint workers mary magdalen person risen christ carried message resurrection apostles world message especially important disaster spite significance survivors responders work crews mourn victims january 2018 mass chapel close joseph become victim real estate boom lower manhattan prime location battery park city huge residential retail office complex waterfront 2009 parish signed lease rent battery park city became desirable rent rose parish annual income archdiocese york deficit reached million landlord best offer lower rent parish confronted harsh fiscal reality discussions leaders parish archdiocese became apparent feasible alternative give joseph artwork moved church peter blocks north stood across street twin towers catholic memorial rededicated help thinking wrong places sacred gettysburg battlefield comes mind anything reinforces sense hallowed character site ought preserved fostered place longer chapel gutted redesigned secular purpose chance slice real estate chapel understand certain financial realities faced relieved shrine works moved church thought days pastor turn lights lock doors walk away forever makes thomas craughwell author saint change life","url":"https://spectator.org/a-ground-zero-shrine-will-close-in-a-few-days/","polarityScore":{"sourceTitle":"American Spectator","allSidesBias":"right","communityAgree":"4485","communityDisagree":"1883","sourceUrl":"http://spectator.org/ "},"processedText":["september","2001","terrorist","attack","brought","down","twin","towers","world","trade","center","took","lives","3000","innocents","joseph","chapel","across","street","battery","park","city","spared","rubble","literally","chapel","front","door","almost","immediately","government","agencies","chapel","ripped","church","makeshift","command","center","months","followed","firefighters","police","officers","rescue","workers","members","construction","crews","chapel","place","rest","refuge","smells","smoke","heartbreak","working","place","total","devastation","work","crews","withdrew","world","trade","center","site","joseph","wreck","archdiocese","york","parishioners","resolved","restore","church","reopen","shrine","victims","heroes","mourners","calamity","became","catholic","memorial","ground","zero","important","part","restoration","works","sacred","emphasized","significance","place","life","size","sculptures","patron","saint","firefighters","michael","patron","saint","police","officers","joseph","patron","saint","workers","mary","person","risen","christ","carried","message","resurrection","world","message","especially","important","disaster","spite","significance","survivors","responders","work","crews","mourn","victims","january","2018","mass","chapel","close","joseph","become","victim","real","estate","boom","lower","manhattan","prime","location","battery","park","city","huge","residential","retail","office","complex","waterfront","2009","parish","signed","lease","rent","battery","park","city","became","desirable","rent","rose","parish","annual","income","archdiocese","york","deficit","reached","million","landlord","best","offer","lower","rent","parish","confronted","harsh","fiscal","reality","discussions","leaders","parish","archdiocese","became","apparent","feasible","alternative","give","joseph","artwork","moved","church","peter","blocks","north","stood","across","street","twin","towers","catholic","memorial","help","thinking","wrong","places","sacred","gettysburg","battlefield","comes","mind","anything","reinforces","sense","hallowed","character","site","ought","preserved","fostered","place","longer","chapel","gutted","secular","purpose","chance","slice","real","estate","chapel","understand","certain","financial","realities","faced","relieved","shrine","works","moved","church","thought","days","pastor","turn","lights","lock","doors","walk","away","forever","makes","thomas","author","saint","change","life"]}
