{"authors":["Emily Mae Czachor"],"date_download":"2018-10-31 01:23:01","date_modify":"2018-10-31 01:23:01","date_publish":"2018-10-17 02:08:53","description":"With five episodes down, AHS: Apocalypse audiences are getting well-acquainted with Michael Langdon, the charismatic Anti-Christ responsible for this season's whole \"end of the world\" situation in the first place. Well, judging by AHS: Apocalypse…","filename":"AHSApocalypseActorCodyFernsCommentsOnMichaelLangdonRevealMajorInsightIntoTheVillain_433.json","image_url":"https://imgix.bustle.com/uploads/image/2018/10/16/b5583ad0-7f0b-4c9f-aa86-5ba8b7bc83f4-d096748c-620a-4b54-bed1-1d9ae487db6b-7_cody_fern_0043_re01.jpg?w=1200&h=630&q=70&fit=crop&crop=faces&fm=jpg","language":"en","localpath":"AHSApocalypseActorCodyFernsCommentsOnMichaelLangdonRevealMajorInsightIntoTheVillain_433.json","title":"'AHS: Apocalypse' Actor Cody Fern's Comments On Michael Langdon Reveal Major Insight Into The Villain","title_page":"'AHS: Apocalypse' Actor Cody Fern's Comments On Michael Langdon Reveal Major Insight Into The Villain","title_rss":"NULL","source_domain":"bustle.com","text":"five episodes down apocalypse audiences getting acquainted michael langdon charismatic anti christ responsible season whole world situation place judging apocalypse actor cody fern comments michael langdon sounds langdon real life counterpart until days stepping character complex emotionally layered whatever anti christ version emotionally layered looks character wasn difficult enough play ample preparation recent conversation news fern plays langdon show revealed kept pretty entirely dark specifics character months learning landed role outlet found playing character american horror story october didn until days filming following current season fern comments langdon enduring lack acquaintanceship prior filming probably comes something surprise beyond character aggressive penchant metaphysical doom sounds challenging duly bizarre test method acting langdon happens slick talking fashionista seriously convoluted backstory raised robot happened constance blonde haired murder house eventually grow become stern faced demonic getting apocalypse record looks constance question answered jessica lange returns season forthcoming episode speaking langdon affinity dramatic outfits though sounds tidbits characterization fern access beginning conversation news fern explained aware langdon aesthetic preferences earlier character personality traits knew dorian gray esque hair love capes adding knew fact went tell outlet langdon luscious lengthy conversations apparently apocalypse thing knew character knowing langdon almost impossible imagine fern able familiarize mysterious cape wearing villain couple days immediately proceeding bring life alas witnessed actor chilling performance langdon somehow fern able world happen parsing comments sounds success effectively becoming langdon onscreen basically boils down usual recipe boatloads passion whole enthusiasm speaking playing langdon apocalypse fern love michael life playing character playing michael langdon delicious layered complicated strong sense purpose course mentioned later recent conversation fern understands langdon certainly does without fair share shortcomings fans series definitely langdon spent majority apocalypse manipulating remains human population means expediting twisted version natural selection seriously remember literally took mead mind forced shoot venable sounds fern embracing character exactly worry making langdon likable concern likable fern adding people hate michael langdon good thing tends case villains audiences hate langdon level always easier look away wednesday evenings seems especially true villain portrayed someone fern acting chops looks plucked straight pages favorite gothic novel","url":"https://www.bustle.com/p/ahs-apocalypse-actor-cody-ferns-comments-on-michael-langdon-reveal-major-insight-into-the-villain-12583458","polarityScore":{"sourceTitle":"Bustle","allSidesBias":"left-center","communityAgree":"564","communityDisagree":"566","sourceUrl":"http://www.bustle.com/ "},"processedText":["five","episodes","down","apocalypse","audiences","getting","acquainted","michael","langdon","charismatic","anti","christ","responsible","season","whole","world","situation","place","judging","apocalypse","actor","cody","fern","comments","michael","langdon","sounds","langdon","real","life","counterpart","until","days","stepping","character","complex","emotionally","layered","whatever","anti","christ","version","emotionally","layered","looks","character","wasn","difficult","enough","play","ample","preparation","recent","conversation","news","fern","plays","langdon","show","revealed","kept","pretty","entirely","dark","specifics","character","months","learning","landed","role","outlet","found","playing","character","american","horror","story","october","didn","until","days","filming","following","current","season","fern","comments","langdon","enduring","lack","prior","filming","probably","comes","something","surprise","beyond","character","aggressive","penchant","doom","sounds","challenging","duly","bizarre","test","method","acting","langdon","happens","slick","talking","seriously","convoluted","backstory","raised","robot","happened","constance","blonde","haired","murder","house","eventually","grow","become","stern","faced","demonic","getting","apocalypse","record","looks","constance","question","answered","jessica","lange","returns","season","forthcoming","episode","speaking","langdon","affinity","dramatic","outfits","though","sounds","characterization","fern","access","beginning","conversation","news","fern","explained","aware","langdon","aesthetic","preferences","earlier","character","personality","traits","knew","gray","esque","hair","love","adding","knew","fact","went","tell","outlet","langdon","lengthy","conversations","apparently","apocalypse","thing","knew","character","knowing","langdon","almost","impossible","imagine","fern","able","mysterious","cape","wearing","villain","couple","days","immediately","proceeding","bring","life","alas","witnessed","actor","chilling","performance","langdon","somehow","fern","able","world","happen","comments","sounds","success","effectively","becoming","langdon","onscreen","basically","boils","down","usual","recipe","passion","whole","enthusiasm","speaking","playing","langdon","apocalypse","fern","love","michael","life","playing","character","playing","michael","langdon","delicious","layered","complicated","strong","sense","purpose","course","mentioned","later","recent","conversation","fern","understands","langdon","certainly","does","without","fair","share","shortcomings","fans","series","definitely","langdon","spent","majority","apocalypse","manipulating","remains","human","population","means","twisted","version","natural","selection","seriously","remember","literally","took","mead","mind","forced","shoot","venable","sounds","fern","embracing","character","exactly","worry","making","langdon","likable","concern","likable","fern","adding","people","hate","michael","langdon","good","thing","tends","case","villains","audiences","hate","langdon","level","always","easier","look","away","wednesday","evenings","seems","especially","true","villain","portrayed","someone","fern","acting","chops","looks","plucked","straight","pages","favorite","gothic","novel"]}
