{"authors":["Sean Moran"],"date_download":"2018-10-30 21:34:21","date_modify":"2018-10-30 21:34:21","date_publish":"2017-08-01 16:34:36","description":"AIDS Healthcare Foundation President Michael Weinstein, a man accused of fraud and self-promotion, bankrolled the Ohio drug ballot initiative.","filename":"AIDSActivistMichaelWeinsteinBankrollingOhioDrugBallotCampaignStandstoReapRewards_434.json","image_url":"https://media.breitbart.com/media/2017/08/Michael-Weinstein.jpg","language":"en","localpath":"AIDSActivistMichaelWeinsteinBankrollingOhioDrugBallotCampaignStandstoReapRewards_434.json","title":"AIDS Activist Michael Weinstein Bankrolling Ohio Drug Ballot Campaign, Stands to Reap Rewards","title_page":"AIDS Activist Michael Weinstein Bankrolling Ohio Drug Ballot Campaign, Stands to Reap Rewards","title_rss":"NULL","source_domain":"breitbart.com","text":"aids healthcare foundation president michael weinstein accused fraud self promotion bankrolled ohio drug ballot initiative ohioans chance vote ohio drug price relief november 2017 ballot bill require state agencies department veteran affairs prescription drugs ohio taxpayers lower drug prices serves main group pushing ballot initiative claim save taxpayers money stop pharmaceutical companies charging increasingly high prices medication ohioans against deceptive ballot initiative believe proposed backfire making drugs expensive simply unavailable ohio campaign become costly initiative ohio history exceeding million failed casino campaign 2008 proposed affect four million ohioans including million citizens medicaid california based aids healthcare foundation president michael weinstein remains ballot initiative significant supporter benefactor runs pharmacies across united states similar ballot initiative california november californians shot down percent weinstein spent vast majority million california ballot initiative despite ohio taxpayers lower drug prices name organization remains almost entirely bankrolled aids healthcare foundation frequently figure donations ohio taxpayers lower drug prices 2015 donated organization worked gather signatures ohio taxpayers lower drug prices omitting fact remains nearly sole funder activist group president michael weinstein rails against supposed corporate greed pharmaceutical companies repeatedly accused fraud overbilling offering kickbacks staff seen ample evidence seemingly limit corporate greed pharmaceutical companies americans tired feeling afraid doctor prescription filled weinstein astronomical prescription drug prices hurt everyone except drug makers bottom lines stop former managers filed lawsuit against alleging company paid employees patients kickbacks patient referrals boost funding federal health programs allegedly paid employees bonuses referring patients positive test results clinics former managers argue kickbacks started 2010 company headquarters spread throughout country lawsuit claims defrauded medicare medicaid million states weinstein argues incentives remain vital spreading awareness argues organization done nothing wrong president statement aids healthcare foundation done nothing wrong active approach finding linking positive individuals lifesaving care treatment critical stopping country former managers recently amended lawsuit arguing fired raising concerns kickbacks supervisors primarily receives funding department health human services 340b drug discount program fire congressional budget office chuck grassley reports provision allows pharmacies attached medical practices serving underprivileged populations drugs directly manufacturers average percent discount reimbursed insurers percent wholesale price effect 340b allows pharmacies keep percent pharmaceutical industry roundabout subsidizing health care poor reported program encourages waste hospital medical system grassley chastised 340b participants purchasing pharmaceuticals discount reselling insured patients high rate budget ballooned million billion roughly size planned parenthood projects budget rise billion 2020 giving weinstein control budget nearly half size world health organization budget fellow aids activists frequently accused michael weinstein self promotion explain organization engaged ohio ballot initiative does explicitly help suffer aids ernest hopkins director legislative affairs francisco aids foundation accused weinstein rampant fearmongering hopkins charged reminds party people regard obamacare weinstein infamously opposed prep prevention pill argued cause public health catastrophe hopkins criticized weinstein tactics contending prepared whatever demagogue misrepresent facts airtime persuade people thing aids activist knows longtime aids activist peter staley slate michael weinstein aids activist largest aids organization country based revenue tactic building empire taking contrarian positions assure placement almost article appears latest aids debate weinstein appear selfless lobbying cheaper drug prices ohio however benefit immensely ohio drug price relief ohioans against deceptive ballot initiative contends wrote ballot initiative give sponsors significant discounts lower drug prices however believe pass discounted pharmaceuticals patients ohioans against ballot believes proposed gives sponsors defend against lawsuit ohio taxpayers expense drug price relief stipulates ohio reimburse legal fees whether lose lawsuit michael weinstein filed litigation against government agencies multiple states lawsuits include ohio ohio chamber commerce urges citizens oppose ballot initiative comes vote november 2018 chamber wrote unanimously recommend vote oppose conceived poorly written proposal grounds lead cost shifting private payers including employers resulting higher health care premiums pocket costs runs totally counter model free markets smacks centralized planning creates unprecedented giving exclusive rights proponents litigate provision proposal implemented satisfaction taxpayer expense","url":"https://www.breitbart.com/politics/2017/08/01/aids-activist-michael-weinstein-bankrolling-ohio-drug-ballot-campaign-stands-to-reap-rewards/","polarityScore":{"sourceTitle":"Breitbart News","allSidesBias":"right","communityAgree":"11345","communityDisagree":"6286","sourceUrl":"http://www.breitbart.com/ "},"processedText":["aids","healthcare","foundation","president","michael","weinstein","accused","fraud","self","promotion","bankrolled","ohio","drug","ballot","initiative","ohioans","chance","vote","ohio","drug","price","relief","november","2017","ballot","bill","require","state","agencies","department","veteran","affairs","prescription","drugs","ohio","taxpayers","lower","drug","prices","serves","main","group","pushing","ballot","initiative","claim","save","taxpayers","money","stop","pharmaceutical","companies","charging","increasingly","high","prices","medication","ohioans","against","deceptive","ballot","initiative","believe","proposed","backfire","making","drugs","expensive","simply","unavailable","ohio","campaign","become","costly","initiative","ohio","history","exceeding","million","failed","casino","campaign","2008","proposed","affect","four","million","ohioans","including","million","citizens","medicaid","california","based","aids","healthcare","foundation","president","michael","weinstein","remains","ballot","initiative","significant","supporter","runs","across","united","states","similar","ballot","initiative","california","november","californians","shot","down","percent","weinstein","spent","vast","majority","million","california","ballot","initiative","despite","ohio","taxpayers","lower","drug","prices","name","organization","remains","almost","entirely","bankrolled","aids","healthcare","foundation","frequently","figure","donations","ohio","taxpayers","lower","drug","prices","2015","donated","organization","worked","gather","signatures","ohio","taxpayers","lower","drug","prices","fact","remains","nearly","sole","funder","activist","group","president","michael","weinstein","rails","against","supposed","corporate","greed","pharmaceutical","companies","repeatedly","accused","fraud","offering","kickbacks","staff","seen","ample","evidence","seemingly","limit","corporate","greed","pharmaceutical","companies","americans","tired","feeling","afraid","doctor","prescription","filled","weinstein","astronomical","prescription","drug","prices","hurt","everyone","except","drug","makers","bottom","lines","stop","former","managers","filed","lawsuit","against","alleging","company","paid","employees","patients","kickbacks","patient","referrals","boost","funding","federal","health","programs","allegedly","paid","employees","bonuses","referring","patients","positive","test","results","clinics","former","managers","argue","kickbacks","started","2010","company","headquarters","spread","throughout","country","lawsuit","claims","defrauded","medicare","medicaid","million","states","weinstein","argues","incentives","remain","vital","spreading","awareness","argues","organization","done","nothing","wrong","president","statement","aids","healthcare","foundation","done","nothing","wrong","active","approach","finding","linking","positive","individuals","care","treatment","critical","stopping","country","former","managers","recently","amended","lawsuit","arguing","fired","raising","concerns","kickbacks","supervisors","primarily","receives","funding","department","health","human","services","340b","drug","discount","program","fire","congressional","budget","office","chuck","grassley","reports","provision","allows","attached","medical","practices","serving","populations","drugs","directly","manufacturers","average","percent","discount","reimbursed","insurers","percent","wholesale","price","effect","340b","allows","keep","percent","pharmaceutical","industry","subsidizing","health","care","poor","reported","program","encourages","waste","hospital","medical","system","grassley","chastised","340b","participants","purchasing","pharmaceuticals","discount","insured","patients","high","rate","budget","ballooned","million","billion","roughly","size","planned","parenthood","projects","budget","rise","billion","2020","giving","weinstein","control","budget","nearly","half","size","world","health","organization","budget","fellow","aids","activists","frequently","accused","michael","weinstein","self","promotion","explain","organization","engaged","ohio","ballot","initiative","does","explicitly","help","suffer","aids","ernest","hopkins","director","legislative","affairs","francisco","aids","foundation","accused","weinstein","rampant","hopkins","charged","reminds","party","people","regard","obamacare","weinstein","infamously","opposed","prep","prevention","pill","argued","cause","public","health","catastrophe","hopkins","criticized","weinstein","tactics","contending","prepared","whatever","demagogue","facts","airtime","persuade","people","thing","aids","activist","knows","longtime","aids","activist","peter","slate","michael","weinstein","aids","activist","largest","aids","organization","country","based","revenue","tactic","building","empire","taking","positions","assure","placement","almost","article","appears","latest","aids","debate","weinstein","appear","selfless","lobbying","cheaper","drug","prices","ohio","however","benefit","immensely","ohio","drug","price","relief","ohioans","against","deceptive","ballot","initiative","contends","wrote","ballot","initiative","give","sponsors","significant","discounts","lower","drug","prices","however","believe","pass","discounted","pharmaceuticals","patients","ohioans","against","ballot","believes","proposed","gives","sponsors","defend","against","lawsuit","ohio","taxpayers","expense","drug","price","relief","stipulates","ohio","reimburse","legal","fees","whether","lose","lawsuit","michael","weinstein","filed","litigation","against","government","agencies","multiple","states","lawsuits","include","ohio","ohio","chamber","commerce","urges","citizens","oppose","ballot","initiative","comes","vote","november","2018","chamber","wrote","unanimously","recommend","vote","oppose","conceived","poorly","written","proposal","grounds","lead","cost","shifting","private","payers","including","employers","resulting","higher","health","care","premiums","pocket","costs","runs","totally","counter","model","free","markets","centralized","planning","creates","unprecedented","giving","exclusive","rights","proponents","provision","proposal","implemented","satisfaction","taxpayer","expense"]}
