{"authors":[],"date_download":"2018-11-02 22:00:58","date_modify":"2018-11-02 22:00:58","date_publish":"2017-07-12 00:05:47","description":null,"filename":"AirbrushingHistorybyIntimidation_436.json","image_url":"https://39uhx2trii4zt1im-zippykid.netdna-ssl.com/wp-content/uploads/2017/07/Statue_of_Major_General_J.E.B._Stuart.jpeg","language":"en","localpath":"AirbrushingHistorybyIntimidation_436.json","title":"Airbrushing History by Intimidation","title_page":"Airbrushing History by IntimidationThe American Spectator","title_rss":"NULL","source_domain":"spectator.org","text":"americans tend trust local governments above others september 2016 survey gallup showed americans trust local governments solve problems stood compared trust state governments fold data approval rating congress local government emerges bastion open effective governance united states unfortunately growing number local governments squandering reputations among taxpayers debate confederate names statues accelerates orleans richmond virginia arizona decisions burgeoning controversies civil history invariably cloaked varying degrees opacity episode attracting national scrutiny involves fairfax county virginia school board name stuart high school falls church debate whether stuart name removed school west point graduate served united states army stuart sided home state virginia civil joined confederate army 1861 earning renown cavalry general died combat wounds civil fast forward 2015 actress julianne moore claimed stuart name school promoted racism slavery began agitating perch hollywood change school name thus began discussion fate school name discussion settled unfortunately school board operating shadows secret communications holds hearings activists intimidate large segments community extent refuse participate exercise rights free speech people honest differences opinion issues truly disheartening downward spiral discussion thoughtful discourse organized intimidation campaign opponents stuart name school strident resorted slanderous name calling threats violence become pervasive local police positioned hearings keep peace aside airbrushing history removing stuart name school change expensive estimates reaching million taxpayers prefer million dollars something constructive whether books band instruments athletic equipment anything else pretty easy find better uses money trying obliterate part history fairfax county concerns costs revealed secret emails discovered showed level coordination school board members activists trying change name coordination hidden until freedom information request exposed school board confronted disclosures particularly involving exorbitant cost changing name issued statement saying plans explore public private partnerships finance name changes examine ways prevent added burden school booster club parent teacher student association school administration school board scheduled decide matter late june delayed action until late july raising questions honesty process delay suggests board listening taxpayers bear expense changing school name concerns putting decision signals effort continue agitating change seeing similar episodes country people dismantle american history regarding civil issue stuart name school building microcosm increasingly happening broader scale elected officials school board members responsible ensuring issues fairly openly discussed anything less betrayal office people represent issues honestly discussed appropriate history associated placed context done civility respect heavy handed secrecy violence inspired intimidation seeing today fairfax county elsewhere","url":"https://spectator.org/308081-2/","polarityScore":{"sourceTitle":"American Spectator","allSidesBias":"right","communityAgree":"4485","communityDisagree":"1883","sourceUrl":"http://spectator.org/ "},"processedText":["americans","tend","trust","local","governments","above","others","september","2016","survey","gallup","showed","americans","trust","local","governments","solve","problems","stood","compared","trust","state","governments","fold","data","approval","rating","congress","local","government","emerges","bastion","open","effective","governance","united","states","unfortunately","growing","number","local","governments","reputations","among","taxpayers","debate","confederate","names","statues","accelerates","orleans","richmond","virginia","arizona","decisions","burgeoning","controversies","civil","history","invariably","varying","degrees","episode","attracting","national","scrutiny","involves","fairfax","county","virginia","school","board","name","stuart","high","school","falls","church","debate","whether","stuart","name","removed","school","west","point","graduate","served","united","states","army","stuart","sided","home","state","virginia","civil","joined","confederate","army","1861","earning","cavalry","general","died","combat","wounds","civil","fast","forward","2015","actress","moore","claimed","stuart","name","school","promoted","racism","slavery","began","perch","hollywood","change","school","name","thus","began","discussion","fate","school","name","discussion","settled","unfortunately","school","board","operating","shadows","secret","communications","holds","hearings","activists","intimidate","large","segments","community","extent","refuse","participate","exercise","rights","free","speech","people","honest","differences","opinion","issues","truly","disheartening","downward","spiral","discussion","thoughtful","discourse","organized","intimidation","campaign","opponents","stuart","name","school","resorted","name","calling","threats","violence","become","pervasive","local","police","positioned","hearings","keep","peace","aside","history","removing","stuart","name","school","change","expensive","estimates","reaching","million","taxpayers","prefer","million","dollars","something","constructive","whether","books","band","instruments","athletic","equipment","anything","else","pretty","easy","find","better","uses","money","trying","part","history","fairfax","county","concerns","costs","revealed","secret","emails","discovered","showed","level","coordination","school","board","members","activists","trying","change","name","coordination","hidden","until","freedom","information","request","exposed","school","board","confronted","disclosures","particularly","involving","exorbitant","cost","changing","name","issued","statement","saying","plans","explore","public","private","partnerships","finance","name","changes","examine","ways","prevent","added","burden","school","booster","club","parent","teacher","student","association","school","administration","school","board","scheduled","decide","matter","late","june","delayed","action","until","late","july","raising","questions","honesty","process","delay","suggests","board","listening","taxpayers","bear","expense","changing","school","name","concerns","putting","decision","signals","effort","continue","change","seeing","similar","episodes","country","people","dismantle","american","history","regarding","civil","issue","stuart","name","school","building","microcosm","increasingly","happening","broader","scale","elected","officials","school","board","members","responsible","ensuring","issues","fairly","openly","discussed","anything","less","betrayal","office","people","represent","issues","honestly","discussed","appropriate","history","associated","placed","context","done","civility","respect","heavy","handed","secrecy","violence","inspired","intimidation","seeing","today","fairfax","county","elsewhere"]}
