{"authors":["Joseph D. Lyons"],"date_download":"2018-10-31 00:43:53","date_modify":"2018-10-31 00:43:53","date_publish":"2018-10-10 16:00:29","description":"How To Get Away With Murder's Michaela Pratt spent notably less time last season covering up murders — and far more pushing to protect civil rights using the country's court system. Now, the actress who plays Pratt is stressing the importance of…","filename":"AjaNaomiKingsShowUp2018VideoExplainsWhyYouActuallyNeedToGoToThePolls_438.json","image_url":"https://imgix.bustle.com/uploads/image/2018/10/9/893ec3f6-ef8b-459c-8eba-9354f46afd39-screen-shot-2018-10-09-at-62640-pm.png?w=1200&h=630&q=70&fit=crop&crop=faces&fm=jpg","language":"en","localpath":"AjaNaomiKingsShowUp2018VideoExplainsWhyYouActuallyNeedToGoToThePolls_438.json","title":"Aja Naomi King's Show Up 2018 Video Explains Why You Actually Need To Go To The Polls","title_page":"Aja Naomi King's Show Up 2018 Video Explains Why You Actually Need To Go To The Polls","title_rss":"NULL","source_domain":"bustle.com","text":"away murder michaela pratt spent notably less season covering murders pushing protect civil rights using country court system actress plays pratt stressing importance using vote thing htgawm star naomi king midterm election message underlines importance voting bustle exclusively reports video posted youtube wednesday king emphasizes outsize role vote especially care climate change health care abortion rights stopping hateful policies against immigrants black brown people lgbtqia community king filmed video part show 2018 voter turnout drive using digital social media reach million americans didn vote midterms particularly million millennials whether getting access contraception keeping young immigrants families making sure black brown people aren unfairly profiled enforcement real consequences voting midterms november king tells bustle statement sure voice heard whoever elect critical decisions lives bodies futures show 2018 youtube doubts king priorities campaign featured video kaplan twins talking importance judges hoping young people videos recruit least person register vote polls king explains significance midterms video aren midterm elections ones choose jobs names insurance commissioner county assessor king asks election decide seats house representatives third senators state governors attorney general states deal people create laws affect show 2018 youtube away murder fans familiar king views voting michaela gang means calling classmate getting deported poor simon king seems argue voting happen real life getting young people women people color representing office gareth rhodes executive director show 2018 tells bustle statement campaign goal convince young americans vote vote plus needed heard voters aren political care issues center today political debates rhodes statement campaign hope help americans connection voting ability shape issues affect lives states register fast approaching voter king suggests register today","url":"https://www.bustle.com/p/aja-naomi-kings-show-up-2018-video-explains-why-you-actually-need-to-go-to-the-polls-12195071","polarityScore":{"sourceTitle":"Bustle","allSidesBias":"left-center","communityAgree":"564","communityDisagree":"566","sourceUrl":"http://www.bustle.com/ "},"processedText":["away","murder","michaela","pratt","spent","notably","less","season","covering","murders","pushing","protect","civil","rights","using","country","court","system","actress","plays","pratt","stressing","importance","using","vote","thing","htgawm","star","naomi","king","midterm","election","message","importance","voting","bustle","exclusively","reports","video","posted","youtube","wednesday","king","emphasizes","role","vote","especially","care","climate","change","health","care","abortion","rights","stopping","hateful","policies","against","immigrants","black","brown","people","community","king","filmed","video","part","show","2018","voter","turnout","drive","using","digital","social","media","reach","million","americans","didn","vote","midterms","particularly","million","millennials","whether","getting","access","contraception","keeping","young","immigrants","families","making","sure","black","brown","people","aren","unfairly","profiled","enforcement","real","consequences","voting","midterms","november","king","tells","bustle","statement","sure","voice","heard","whoever","elect","critical","decisions","lives","bodies","futures","show","2018","youtube","doubts","king","priorities","campaign","featured","video","kaplan","twins","talking","importance","judges","hoping","young","people","videos","recruit","least","person","register","vote","polls","king","explains","significance","midterms","video","aren","midterm","elections","ones","choose","jobs","names","insurance","commissioner","county","king","asks","election","decide","seats","house","representatives","third","senators","state","governors","attorney","general","states","deal","people","create","laws","affect","show","2018","youtube","away","murder","fans","familiar","king","views","voting","michaela","gang","means","calling","classmate","getting","deported","poor","simon","king","seems","argue","voting","happen","real","life","getting","young","people","women","people","color","representing","office","gareth","rhodes","executive","director","show","2018","tells","bustle","statement","campaign","goal","convince","young","americans","vote","vote","plus","needed","heard","voters","aren","political","care","issues","center","today","political","debates","rhodes","statement","campaign","hope","help","americans","connection","voting","ability","shape","issues","affect","lives","states","register","fast","approaching","voter","king","suggests","register","today"]}
