{"authors":[],"date_download":"2018-11-02 22:22:07","date_modify":"2018-11-02 22:22:07","date_publish":"2017-10-26 12:00:00","description":"Where to eat in Atlanta right now? We answer all your burning questions. What you’ll find in this guide are reviews of restaurants that you asked us about.","filename":"AJCanswersaboutAtlantarestaurants_439.json","image_url":"https://www.ajc.com/rf/image_large/Pub/p8/AJC/2017/10/26/Images/DGcheckerboard.jpg","language":"en","localpath":"AJCanswersaboutAtlantarestaurants_439.json","title":"AJC answers about Atlanta restaurants","title_page":"Where to eat in Atlanta: AJC answers about Atlanta restaurants","title_rss":"NULL","source_domain":"ajc.com","text":"dining guide guide rolls twice rack brains determine theme atlanta featured city restaurants recently offered picks best restaurants went pant size researching best brunch seasoned beverage professional sharing bartending peeves favorite cocktail erica hernandez wanted fall dining guide something different turned readers inspiration sifting letters colorful notes spirited comments inquisitive questions realized queries left unanswered gave framework guide theme burning questions dining critics thought college park reader hadn suggested order rama brings choice protein pictured chicken spinach rich spicy coconut curry sauce garnish crushed peanuts alongside serving white rice ligaya figueras lfigueras atlanta journal constitution find guide reviews restaurants asked drink discussions information join dining clubs meetup adventurous palates begets friendship divulge favorite restaurant asked question developed elevator speech rather give definitive answer until happening atlanta address dining developments call trends tried probe deeper identify tick jump bandwagon provide context gaining traction whether worth money hope fall dining guide prompts check places merited mention personally thank pushing harder letters evidence passion atlanta dining scene hope shared passion scene continues delight sometimes exasperate senses comes across fall dining guide check fall dining guide 2017 offer restaurants reader requested reviews atlanta beyond meet people love atlanta dinner clubs combine chatter chow favorite metro atlanta restaurant food editor ligaya figueras answers hottest cocktail trends atlanta atlanta bars best classic cocktail bars atlanta tempt atlanta breweries changing better deal metro atlanta food halls deal metro atlanta rolled cream deal metro atlanta steakhouse boom deal metro atlanta burning questions atlanta restaurant industry professionals midtown kitchen opened tell kicked restaurant keeps erica hernandez pitmaster owner cracklin bryan furman answers burning questions thoughts yelp feelings tofu erica hernandez video tours four atlanta best restaurants bacchanalia coined finest wining dining atlanta 2016 movie baby driver bacchanalia line film restaurant owned chef anne quatrano widely respected chefs atlanta takes look inside location ellsworth industrial boulevard general manager frances quatrano gives tour family owned restaurant atlanta landmark video ryon horne rhorne kimball house virtual tour happy hour inside kimball house known southern seafood cocktails founder cocktail historian miles macquarrie shares experience kimball house located former railroad depot decatur video erica hernandez erica hernandez ryon horne rhorne gunshow prepare experience something visiting gunshow located glenwood park chef owner kevin gilllespie shares down busy kitchen executive chef joey ward changing menu themed nights distinctly atlanta restaurant video ryon horne rhorne spring","url":"https://www.ajc.com/entertainment/dining/how-readers-questions-inspired-ajc-2017-fall-dining-guide/YlpHzl2mjRw9QrUeyZT91O/","polarityScore":{"sourceTitle":"Atlanta Journal-Constitution","allSidesBias":"left-center","communityAgree":"561","communityDisagree":"580","sourceUrl":"http://www.ajc.com/ "},"processedText":["dining","guide","guide","rolls","twice","rack","brains","determine","theme","atlanta","featured","city","restaurants","recently","offered","picks","best","restaurants","went","size","researching","best","brunch","seasoned","beverage","professional","sharing","favorite","cocktail","erica","hernandez","wanted","fall","dining","guide","something","different","turned","readers","inspiration","letters","colorful","notes","spirited","comments","questions","realized","queries","left","unanswered","gave","framework","guide","theme","burning","questions","dining","critics","thought","college","park","reader","hadn","suggested","order","brings","choice","protein","pictured","chicken","spinach","rich","spicy","coconut","curry","sauce","garnish","crushed","peanuts","alongside","serving","white","rice","ligaya","figueras","atlanta","journal","constitution","find","guide","reviews","restaurants","asked","drink","discussions","information","join","dining","clubs","adventurous","friendship","favorite","restaurant","asked","question","developed","elevator","speech","rather","give","definitive","answer","until","happening","atlanta","address","dining","developments","call","trends","tried","probe","deeper","identify","tick","jump","bandwagon","provide","context","gaining","traction","whether","worth","money","hope","fall","dining","guide","prompts","check","places","merited","mention","personally","thank","pushing","harder","letters","evidence","passion","atlanta","dining","scene","hope","shared","passion","scene","continues","delight","sometimes","senses","comes","across","fall","dining","guide","check","fall","dining","guide","2017","offer","restaurants","reader","requested","reviews","atlanta","beyond","meet","people","love","atlanta","dinner","clubs","combine","chatter","chow","favorite","metro","atlanta","restaurant","food","editor","ligaya","figueras","answers","hottest","cocktail","trends","atlanta","atlanta","bars","best","classic","cocktail","bars","atlanta","atlanta","breweries","changing","better","deal","metro","atlanta","food","halls","deal","metro","atlanta","rolled","cream","deal","metro","atlanta","steakhouse","boom","deal","metro","atlanta","burning","questions","atlanta","restaurant","industry","professionals","midtown","kitchen","opened","tell","kicked","restaurant","keeps","erica","hernandez","owner","bryan","answers","burning","questions","thoughts","feelings","tofu","erica","hernandez","video","tours","four","atlanta","best","restaurants","coined","finest","dining","atlanta","2016","movie","baby","driver","line","film","restaurant","owned","chef","anne","widely","respected","chefs","atlanta","takes","look","inside","location","industrial","boulevard","general","manager","frances","gives","tour","family","owned","restaurant","atlanta","landmark","video","horne","kimball","house","virtual","tour","happy","hour","inside","kimball","house","known","southern","seafood","cocktails","founder","cocktail","historian","miles","shares","experience","kimball","house","located","former","railroad","depot","decatur","video","erica","hernandez","erica","hernandez","horne","prepare","experience","something","visiting","located","park","chef","owner","kevin","shares","down","busy","kitchen","executive","chef","joey","ward","changing","menu","themed","nights","distinctly","atlanta","restaurant","video","horne","spring"]}
