{"authors":["Tamar Hallerman"],"date_download":"2018-11-02 10:25:00","date_modify":"2018-11-02 10:25:00","date_publish":"2018-10-12 18:15:00","description":"President Donald Trump’s support appears to be rising slightly among likely Georgia voters, ac...","filename":"AJCChannel2pollshowsTrumpspopularitygrowinginGa_440.json","image_url":"https://www.ajc.com/rf/image_large/Pub/p9/AJC/2018/10/12/Images/042917%20trump%20NRA%20kdj01.JPG","language":"en","localpath":"AJCChannel2pollshowsTrumpspopularitygrowinginGa_440.json","title":"AJC/Channel 2 poll shows Trump’s popularity growing in Ga.","title_page":"AJC/Channel 2 poll shows Trump’s popularity growing in Ga.","title_rss":"NULL","source_domain":"ajc.com","text":"president donald trump support appears rising slightly among likely georgia voters atlanta journal constitution channel action news poll development candidates ballot next month survey found president approval edged roughly percentage points compared similar poll month sitting percent narrow majority georgia voters roughly percent disapprove commander chief less flat compared september poll uptick difference local republicans whose candidacies live based voters trump election midterm elections often seen referendum president party poll conducted sept period white house secured series political victories supreme court pick brett kavanaugh confirmed following weeks partisan rancor positive national economic report released administration secured free trade agreement mexico canada tense negotiations unclear factor affected poll responses national surveys suggested senate rancorous confirmation process brett kavanaugh helped galvanize voters parties interactive complete poll results view poll crosstabs related poll conducted trump increase georgia support particularly noticeable among leaning moderates whose approval increased percentage points number women approved president ticked percent percent although gender remained stark trump carried georgia percentage points 2016 approval numbers underwater state especially among women president however remains wildly popular among georgia republicans major official state endorsed percent october poll republican respondents approved work trump doing voters berger retired journalist sandy springs expects local republican candidates support trump agenda fact state politicians supporting donald trump troubling sign roughly thirds independents disapproved president number virtually unchanged month paulding county resident james ward considered republican drifted independent column trump elected plans democrat stacey abrams governor next month attributes part political shift fact republican party stand trump line aghast cooperating allies survey conducted university georgia school public international affairs margin error percentage points included likely general election voters voted recent contests definitely probably vote november staff writer greg bluestein contributed article read coverage latest poll abrams kemp tight race duncan leads amico lieutenant governor contest white women voters sticking kemp trump","url":"https://www.ajc.com/blog/politics/ajc-channel-poll-shows-trump-popularity-growing/N8fxqysCSVxJji6GmcWLvK/","polarityScore":{"sourceTitle":"Atlanta Journal-Constitution","allSidesBias":"left-center","communityAgree":"561","communityDisagree":"580","sourceUrl":"http://www.ajc.com/ "},"processedText":["president","donald","trump","support","appears","rising","slightly","among","likely","georgia","voters","atlanta","journal","constitution","channel","action","news","poll","development","candidates","ballot","next","month","survey","found","president","approval","edged","roughly","percentage","points","compared","similar","poll","month","sitting","percent","narrow","majority","georgia","voters","roughly","percent","disapprove","commander","chief","less","flat","compared","september","poll","uptick","difference","local","republicans","whose","live","based","voters","trump","election","midterm","elections","often","seen","referendum","president","party","poll","conducted","sept","period","white","house","secured","series","political","victories","supreme","court","pick","brett","kavanaugh","confirmed","following","weeks","partisan","positive","national","economic","report","released","administration","secured","free","trade","agreement","mexico","canada","tense","negotiations","unclear","factor","affected","poll","responses","national","surveys","suggested","senate","confirmation","process","brett","kavanaugh","helped","galvanize","voters","parties","interactive","complete","poll","results","view","poll","related","poll","conducted","trump","increase","georgia","support","particularly","noticeable","among","leaning","moderates","whose","approval","increased","percentage","points","number","women","approved","president","ticked","percent","percent","although","gender","remained","stark","trump","carried","georgia","percentage","points","2016","approval","numbers","underwater","state","especially","among","women","president","however","remains","wildly","popular","among","georgia","republicans","major","official","state","endorsed","percent","october","poll","republican","respondents","approved","work","trump","doing","voters","berger","retired","journalist","sandy","springs","expects","local","republican","candidates","support","trump","agenda","fact","state","politicians","supporting","donald","trump","troubling","sign","roughly","thirds","independents","disapproved","president","number","virtually","unchanged","month","paulding","county","resident","james","ward","considered","republican","independent","column","trump","elected","plans","democrat","stacey","abrams","governor","next","month","attributes","part","political","shift","fact","republican","party","stand","trump","line","aghast","cooperating","allies","survey","conducted","university","georgia","school","public","international","affairs","margin","error","percentage","points","included","likely","general","election","voters","voted","recent","contests","definitely","probably","vote","november","staff","writer","greg","bluestein","contributed","article","read","coverage","latest","poll","abrams","kemp","tight","race","duncan","leads","amico","lieutenant","governor","contest","white","women","voters","sticking","kemp","trump"]}
