{"authors":["Sean Moran"],"date_download":"2018-10-30 18:16:26","date_modify":"2018-10-30 18:16:26","date_publish":"2017-11-29 00:16:32","description":"FCC Chair Ajit Pai said Tuesday that Facebook, Google, and Twitter want net neutrality to “cement their dominance in the Internet economy.”","filename":"AjitPaiWhenItComestoanOpenInternetTwitterIsPartoftheProblem_441.json","image_url":"https://media.breitbart.com/media/2017/11/Twitter-Bird-Silouettes-Chris-RatcliffeBloomberg-Getty-Images.png","language":"en","localpath":"AjitPaiWhenItComestoanOpenInternetTwitterIsPartoftheProblem_441.json","title":"Ajit Pai: 'When It Comes to an Open Internet, Twitter Is Part of the Problem'","title_page":"Ajit Pai: 'When It Comes to an Open Internet, Twitter Is Part of the Problem' | Breitbart","title_rss":"NULL","source_domain":"breitbart.com","text":"federal communications commission chairman ajit speech tuesday internet giants facebook google twitter neutrality cement dominance internet economy speech washington tuesday defended restoring internet freedom order repeal 2015 neutrality order argued content providers facebook google twitter serve serious threat towards internet freedom breitbart news reported social media giants google twitter stifle internet freedom comcast verizon largely rampant censorship alternative viewpoints silicon valley companies google facebook twitter criticized neutrality repeal arguing allow internet service providers isps comcast verizon block throttle prefer content contends companies repeatedly blocked conservative viewpoints neutrality cement dominance internet economy charged look love twitter ourselves comes open internet twitter part problem company viewpoint uses viewpoint discriminate examples months twitter blocked representative marsha blackburn advertising senate campaign launch video featured life message action twitter warned users link statement company topic internet regulation unsafe least company appears double standard comes suspending verifying conservative users accounts opposed liberal users conduct fighting open internet added unfortunately twitter outlier indeed despite talk fear broadband providers decide internet content consumers recent experience shows edge providers fact deciding content providers routinely block discriminate against content chairman argued internet giants often censored conservative voices platform caved foreign governments demands stifle alternative points view explained examples alone legion stores barring doors apps cigar aficionados perceived promote tobacco streaming services restricting videos likes conservative commentator dennis prager subjects considers important understanding american values algorithms decide content aren disclosed themselves online platforms secretly editing certain users comments course american companies caving repressive foreign governments demands block certain speech conduct repugnant free expression occurred within borders chairman explained further tech executives remain gatekeepers internet benefit themselves edge providers bigger actual threat open internet broadband providers especially comes discrimination basis viewpoint explain company cloudflare recently questioned whether place tech companies regulating internet didn offer solution remarked answer cabal tech executives names matthew mark jack jeff ones choosing content goes online content online nonetheless companies place tougher regulations broadband providers willing placed upon themselves clear cloak advocacy public interest real interest internet giants using regulatory process cement dominance internet economy thing blame trying government shouldn abet effort business picking winners losers marketplace level playing field regulatory arbitrage best serves consumers competition concluded speech wild accusations fearmongering hysteria boring bottom line plan restore internet freedom return light touch market based approach internet thrived asking colleagues vote december","url":"https://www.breitbart.com/politics/2017/11/28/ajit-pai-when-it-comes-to-an-open-internet-twitter-is-part-of-the-problem/","polarityScore":{"sourceTitle":"Breitbart News","allSidesBias":"right","communityAgree":"11345","communityDisagree":"6286","sourceUrl":"http://www.breitbart.com/ "},"processedText":["federal","communications","commission","chairman","ajit","speech","tuesday","internet","giants","facebook","google","twitter","neutrality","cement","dominance","internet","economy","speech","washington","tuesday","defended","restoring","internet","freedom","order","repeal","2015","neutrality","order","argued","content","providers","facebook","google","twitter","serve","serious","threat","towards","internet","freedom","breitbart","news","reported","social","media","giants","google","twitter","stifle","internet","freedom","verizon","largely","rampant","censorship","alternative","viewpoints","silicon","valley","companies","google","facebook","twitter","criticized","neutrality","repeal","arguing","allow","internet","service","providers","isps","verizon","block","throttle","prefer","content","contends","companies","repeatedly","blocked","conservative","viewpoints","neutrality","cement","dominance","internet","economy","charged","look","love","twitter","ourselves","comes","open","internet","twitter","part","problem","company","viewpoint","uses","viewpoint","discriminate","examples","months","twitter","blocked","representative","marsha","blackburn","advertising","senate","campaign","launch","video","featured","life","message","action","twitter","warned","users","link","statement","company","topic","internet","regulation","unsafe","least","company","appears","double","standard","comes","suspending","conservative","users","accounts","opposed","liberal","users","conduct","fighting","open","internet","added","unfortunately","twitter","outlier","indeed","despite","talk","fear","broadband","providers","decide","internet","content","consumers","recent","experience","shows","edge","providers","fact","deciding","content","providers","routinely","block","discriminate","against","content","chairman","argued","internet","giants","often","censored","conservative","voices","platform","caved","foreign","governments","demands","stifle","alternative","points","view","explained","examples","alone","legion","stores","barring","doors","apps","cigar","aficionados","perceived","promote","tobacco","streaming","services","restricting","videos","likes","conservative","commentator","dennis","prager","subjects","considers","important","understanding","american","values","algorithms","decide","content","aren","disclosed","themselves","online","platforms","secretly","editing","certain","users","comments","course","american","companies","repressive","foreign","governments","demands","block","certain","speech","conduct","repugnant","free","expression","occurred","within","borders","chairman","explained","further","tech","executives","remain","gatekeepers","internet","benefit","themselves","edge","providers","bigger","actual","threat","open","internet","broadband","providers","especially","comes","discrimination","basis","viewpoint","explain","company","recently","questioned","whether","place","tech","companies","regulating","internet","didn","offer","solution","remarked","answer","cabal","tech","executives","names","matthew","mark","jack","jeff","ones","choosing","content","goes","online","content","online","nonetheless","companies","place","tougher","regulations","broadband","providers","willing","placed","upon","themselves","clear","cloak","advocacy","public","interest","real","interest","internet","giants","using","regulatory","process","cement","dominance","internet","economy","thing","blame","trying","government","shouldn","effort","business","picking","winners","losers","marketplace","level","playing","field","regulatory","best","serves","consumers","competition","concluded","speech","wild","accusations","hysteria","boring","bottom","line","plan","restore","internet","freedom","return","light","touch","market","based","approach","internet","thrived","asking","colleagues","vote","december"]}
