{"authors":["Tom Murphy"],"date_download":"2018-10-30 21:16:04","date_modify":"2018-10-30 21:16:04","date_publish":"2017-10-19 00:00:00","description":"Perhaps the most underdiscussed aspect of Cole Kelley's first start at quarterback for Arkansas was the freshman's mental preparation.","filename":"AlabamabaptismliftsArkansasQB_443.json","image_url":"https://media.arkansasonline.com/img/photos/2017/10/19/10.14_Hogs_vs_Bama_1A_0318_1_t600.jpg?4326734cdb8e39baa3579048ef63ad7b451e7676","language":"en","localpath":"AlabamabaptismliftsArkansasQB_443.json","title":"Alabama baptism lifts Arkansas QB","title_page":"Alabama baptism lifts Arkansas QB","title_rss":"NULL","source_domain":"arkansasonline.com","text":"arkansas quarterback cole kelley looks toward sideline game against alabama saturday 2017 tuscaloosa photo goff fayetteville perhaps underdiscussed aspect cole kelley start quarterback arkansas razorbacks saturday freshman mental preparation alabama difficult decipher defense coach nick saban coordinator jeremy pruitt calculating move baits quarterback presnap looks spring traps coverage switches line twists unexpected blitz packages saban game plan against kelley apply pressure crimson tide brought near continuous waves wrinkles flourishes kelley pounds glitched times throwing interception thrown traffic short pass decision minute drill halftime holding ball couple times throwing foot firing balls velocity kelley processed reads properly held strong five sacks hits honestly didn confidence higher usually kelley expected second start saturday against auburn reynolds razorback stadium whole game started offensively confidence higher alabama game kelley completed passes yards touchdown interception front pressure cooker fans bryant denny stadium communicated plays arkansas offensive coordinator enos obviously play defense caliber mistakes clean thought played 27th quarterbacks tell communicating enos mindset demeanor seeing seeing talking poised confident player moment wasn communicating clearly seeing seeing happening making good decisions enos alabama defense good forcing quarterbacks misreads mistakes fast physical complicated enos great presnap showing thing ball snapped showing something different thought cole responded handled freshman start kelley operated hurry tempo limited alabama substitutions though coach bret bielema hogs likely vary pace kelley quarterback something able capitalize cole truly gives entire offense tempo bielema went half minute primarily offensive package huge emphasis throw game look similar something excited cole handled razorbacks major adjustments week juice offense kelley working behind revamped offensive line juniors brian wallace zach rogers inserted starting lineup pair johnny gibson frank ragnow hjalte froholdt froholdt left guard playing position held previous week alabama stayed receiver jonathan nance kelley completed passes trio deon stewart jordan jones brandon martin yards including yard strike deep post jones yard slant pass touchdown jones tight coverage stewart jones martin combined receptions five weeks great athletes kelley connections jones martin particular pretty young always plus auburn coach malzahn team preparing either kelley senior austin allen questionable injury shoulder noted difference arkansas offense kelley faster tempo less game against crimson tide throwing malzahn quarterback good razorbacks drove inside alabama occasions away touchdown field goal incomplete pass clock went zeroes half times ball down inside yard line cole kelley enos kelley compared preparation alabama game work stout auburn defense ranks overall scoring against pass against auburn defense similar alabama structurally physicality wise kelley bunch athletic guys mean preparation week youth movement hogs undeniable freshmen kelley jordan jones joined bielema radio show thursday glance records arkansas auburn betting line auburn favored coaches bret bielema fifth arkansas 12th overall malzahn fifth auburn sixth overall series auburn leads advertisement headlines enos thought kelley play against alabama wasn disappointed week experiences quarterback meeting room enos practice heat battle moment playing team nation road experience gets good future sports 2017","url":"https://www.arkansasonline.com/news/2017/oct/20/alabama-baptism-lifts-qb-20171020/?page=1","polarityScore":{"sourceTitle":"Arkansas Democrat-Gazette","allSidesBias":"left","communityAgree":"686","communityDisagree":"522","sourceUrl":"http://www.arkansasonline.com/ "},"processedText":["arkansas","quarterback","cole","kelley","looks","toward","sideline","game","against","alabama","saturday","2017","tuscaloosa","photo","goff","fayetteville","perhaps","aspect","cole","kelley","start","quarterback","arkansas","razorbacks","saturday","freshman","mental","preparation","alabama","difficult","defense","coach","nick","saban","coordinator","jeremy","pruitt","calculating","move","quarterback","looks","spring","traps","coverage","switches","line","twists","unexpected","blitz","packages","saban","game","plan","against","kelley","apply","pressure","crimson","tide","brought","near","continuous","waves","wrinkles","flourishes","kelley","pounds","times","throwing","interception","thrown","traffic","short","pass","decision","minute","drill","halftime","holding","ball","couple","times","throwing","foot","firing","balls","velocity","kelley","processed","reads","properly","held","strong","five","sacks","hits","honestly","didn","confidence","higher","usually","kelley","expected","second","start","saturday","against","auburn","reynolds","razorback","stadium","whole","game","started","offensively","confidence","higher","alabama","game","kelley","completed","passes","yards","touchdown","interception","front","pressure","fans","bryant","denny","stadium","communicated","plays","arkansas","offensive","coordinator","enos","obviously","play","defense","caliber","mistakes","clean","thought","played","27th","quarterbacks","tell","communicating","enos","mindset","demeanor","seeing","seeing","talking","poised","confident","player","moment","wasn","communicating","clearly","seeing","seeing","happening","making","good","decisions","enos","alabama","defense","good","forcing","quarterbacks","mistakes","fast","physical","complicated","enos","great","showing","thing","ball","snapped","showing","something","different","thought","cole","responded","handled","freshman","start","kelley","operated","hurry","tempo","limited","alabama","though","coach","bret","bielema","hogs","likely","vary","pace","kelley","quarterback","something","able","capitalize","cole","truly","gives","entire","offense","tempo","bielema","went","half","minute","primarily","offensive","package","huge","emphasis","throw","game","look","similar","something","excited","cole","handled","razorbacks","major","adjustments","week","juice","offense","kelley","working","behind","revamped","offensive","line","juniors","brian","wallace","zach","rogers","inserted","starting","lineup","pair","johnny","gibson","frank","left","guard","playing","position","held","previous","week","alabama","stayed","receiver","jonathan","nance","kelley","completed","passes","trio","stewart","jordan","jones","brandon","martin","yards","including","yard","strike","deep","post","jones","yard","slant","pass","touchdown","jones","tight","coverage","stewart","jones","martin","combined","receptions","five","weeks","great","athletes","kelley","connections","jones","martin","particular","pretty","young","always","plus","auburn","coach","malzahn","team","preparing","either","kelley","senior","austin","allen","questionable","injury","shoulder","noted","difference","arkansas","offense","kelley","faster","tempo","less","game","against","crimson","tide","throwing","malzahn","quarterback","good","razorbacks","drove","inside","alabama","occasions","away","touchdown","field","goal","incomplete","pass","clock","went","half","times","ball","down","inside","yard","line","cole","kelley","enos","kelley","compared","preparation","alabama","game","work","stout","auburn","defense","ranks","overall","scoring","against","pass","against","auburn","defense","similar","alabama","wise","kelley","bunch","athletic","guys","mean","preparation","week","youth","movement","hogs","undeniable","freshmen","kelley","jordan","jones","joined","bielema","radio","show","thursday","glance","records","arkansas","auburn","betting","line","auburn","favored","coaches","bret","bielema","fifth","arkansas","12th","overall","malzahn","fifth","auburn","sixth","overall","series","auburn","leads","advertisement","headlines","enos","thought","kelley","play","against","alabama","wasn","disappointed","week","experiences","quarterback","meeting","room","enos","practice","heat","battle","moment","playing","team","nation","road","experience","gets","good","future","sports","2017"]}
