{"authors":["David Weigel","National Reporter Covering Politics","October At Pm"],"date_download":"2018-10-21 03:15:10","date_modify":"2018-10-21 03:15:10","date_publish":"2018-10-20 00:14:13","description":"Bill Walker, the nation's only governor who doesn't belong to a political party, was dogged by low approval ratings.","filename":"AlaskaGovBillWalkerabruptlysuspendshiscampaignforreelection_447.json","image_url":"https://www.washingtonpost.com/resizer/-Z9AbR9B9amlVbHb7QKeVST1OSo=/1484x0/arc-anglerfish-washpost-prod-washpost.s3.amazonaws.com/public/AHRFXIWT7MI6RJG3DBBRDUTRFE.jpg","language":"en","localpath":"AlaskaGovBillWalkerabruptlysuspendshiscampaignforreelection_447.json","title":"Alaska Gov. Bill Walker abruptly suspends his campaign for reelection","title_page":"Alaska Gov. Bill Walker abruptly suspends his campaign for reelection - The Washington Post","title_rss":"NULL","source_domain":"washingtonpost.com","text":"alaska bill walker announces drop reelection addressing alaska federation natives conference anchorage friday mark thiessen alaska bill walker ended underdog second term friday ensuring either democrats republicans office held nation independent state chief executive governor decisions keep meant exactly walker statement making announcement voters anchorage absentee ballots already mailed alaskans already voting remaining believe cannot race tuesday walker lieutenant governor resigned offensive comments though office lieutenant governor valerie davidson office days walker announcement walker elected 2014 convincing democratic nominee become lieutenant governor urged alaskans reject republican front runner mike dunleavy democratic nominee mark begich served senator 2009 2015 jumped governor race four months dunleavy walker threatened unravel alaska medicaid expansion enact budget cuts worsen relations state native americans belief despite differences mark begich stance important issues listed above closely align priorities alaska walker statement republicans reacted news scorn saying walker given race clearly tracking polls found walker polling percent falling third place behind begich bill walker taking coward changes nothing republican governors association spokesman thompson ballots printed absentees mailed republicans governorship november clean bill walker mess nonpartisan united states election project voters already requested ballots november election friday morning mailed walker 2014 election points republican incumbent become unpopular within months taking office state spent term recession exacerbated prices walker raised taxes spending fiscal plan included cuts state yearly permanent fund dividend checks sent alaskans reduced 2016 legislature find courage pass fiscal plan compromise walker explained july column anchorage daily news allowed forward fund education rather pink slipping teachers school allowed bring badly needed prosecutors troopers fight against opioids democrats encouraged begich uptick polls walker decision give party best shot governor office independents held walker model done outside party system fulfilled campaign promises unite america group formed elect independents endorsed walker term created independent expenditure group help salute governor walker always putting interests state above personal partisan interest including decision suspend campaign charles wheelan founder chair unite america governor walker remain role model independent leadership others across country unite america proud supported","url":"https://www.washingtonpost.com/politics/2018/10/20/alaska-governor-ends-reelection-campaign/","polarityScore":{"sourceTitle":"Washington Post","allSidesBias":"left-center","communityAgree":"21425","communityDisagree":"12735","sourceUrl":"http://www.washingtonpost.com/regional "},"processedText":["alaska","bill","walker","announces","drop","reelection","addressing","alaska","federation","natives","conference","anchorage","friday","mark","thiessen","alaska","bill","walker","ended","underdog","second","term","friday","ensuring","either","democrats","republicans","office","held","nation","independent","state","chief","executive","governor","decisions","keep","meant","exactly","walker","statement","making","announcement","voters","anchorage","absentee","ballots","already","mailed","alaskans","already","voting","remaining","believe","cannot","race","tuesday","walker","lieutenant","governor","resigned","offensive","comments","though","office","lieutenant","governor","valerie","davidson","office","days","walker","announcement","walker","elected","2014","convincing","democratic","nominee","become","lieutenant","governor","urged","alaskans","reject","republican","front","runner","mike","dunleavy","democratic","nominee","mark","begich","served","senator","2009","2015","jumped","governor","race","four","months","dunleavy","walker","threatened","unravel","alaska","medicaid","expansion","enact","budget","cuts","worsen","relations","state","native","americans","belief","despite","differences","mark","begich","stance","important","issues","listed","above","closely","align","priorities","alaska","walker","statement","republicans","reacted","news","scorn","saying","walker","given","race","clearly","tracking","polls","found","walker","polling","percent","falling","third","place","behind","begich","bill","walker","taking","coward","changes","nothing","republican","governors","association","spokesman","thompson","ballots","printed","mailed","republicans","governorship","november","clean","bill","walker","mess","nonpartisan","united","states","election","project","voters","already","requested","ballots","november","election","friday","morning","mailed","walker","2014","election","points","republican","incumbent","become","unpopular","within","months","taking","office","state","spent","term","recession","exacerbated","prices","walker","raised","taxes","spending","fiscal","plan","included","cuts","state","yearly","permanent","fund","dividend","checks","sent","alaskans","reduced","2016","legislature","find","courage","pass","fiscal","plan","compromise","walker","explained","july","column","anchorage","daily","news","allowed","forward","fund","education","rather","pink","slipping","teachers","school","allowed","bring","badly","needed","prosecutors","troopers","fight","against","opioids","democrats","encouraged","begich","uptick","polls","walker","decision","give","party","best","shot","governor","office","independents","held","walker","model","done","outside","party","system","fulfilled","campaign","promises","unite","america","group","formed","elect","independents","endorsed","walker","term","created","independent","expenditure","group","help","salute","governor","walker","always","putting","interests","state","above","personal","partisan","interest","including","decision","suspend","campaign","charles","founder","chair","unite","america","governor","walker","remain","role","model","independent","leadership","others","across","country","unite","america","proud","supported"]}
