{"authors":[],"date_download":"2018-11-02 20:37:35","date_modify":"2018-11-02 20:37:35","date_publish":"2017-08-25 00:05:26","description":null,"filename":"AlasJanetYellenIsntSupergirl_446.json","image_url":"https://39uhx2trii4zt1im-zippykid.netdna-ssl.com/wp-content/uploads/2017/08/Janet_Yellen_23712797651.jpg","language":"en","localpath":"AlasJanetYellenIsntSupergirl_446.json","title":"Alas, Janet Yellen Isn't Supergirl","title_page":"Alas, Janet Yellen Isn't SupergirlThe American Spectator","title_rss":"NULL","source_domain":"spectator.org","text":"populism fueled rise donald trump bernie sanders perception federal government responded superman saved wall street clark kent helping everybody else emergency measures helped stabilize financial system slowed down recovery removed economy grow normal levels along treasury department billon dollar troubled asset relief program tarp federal reserve increased balance sheet billion 2007 almost trillion 2014 kept figure constant buying enough securities replace securities matured assets purchases treasury securities trillion mortgage backed securities trillion along assets liabilities side balance sheet radically increased crisis federal reserve liabilities currency amount currency circulation increased billion july 2007 trillion today bank reserves increased billion july 2007 approximately trillion former federal reserve chairman bernanke wrote memoirs failed stop housing bubble part tidal wave foreign money poured united states inflows largely unrelated monetary policy held down longer term rates including mortgage rates increasing demand mortgage backed securities chinese alone purchased hundreds billions dollars american assets including mortgage backed securities keep currency promote export growth communist country rule safer people invest united states fortunes lost overnight government important factor downturn congress affordable housing policies 1992 congress forced fannie freddie meet quotas percent loans given people below median income forced fannie freddie lower underwriting standards fannie freddie dominant players mortgage market others followed lead 2008 half mortgages subprime mortgages federal reserve increased short term interest rates 2004 2005 found itself overpowered flow foreign capital mortgage standards 2008 crisis couldn keep term interest rates down collapse housing quantitative easing part keep term rates down housing market recovered professor benjamin friedman harvard argued having large balance sheet trillion sales mortgage backs large quantity reduced speculative fervor mortgage market higher mortgage lending rates taken housing boom understandable believe lacked adequate powers handle crisis real lesson limits monetary policy congress primarily responsible crisis work prevent asset purchases brought interest rates zero helped people deleveraging debts discouraged banks lending banks earn interest keeping money parked federal reserve explains trillion bank reserves bank reserves sign situation fixed leadership december 2010 president clinton money country mess trillion dollars bank trillion loans beyond interest rates investors afraid lend washington constantly creates regulations makes impossible market five argued republican congress pass reins congress vote regulation cost economy million repealing dodd frank helpful piece legislation nothing address causes crisis increased regulatory power federal reserve federal reserve central bank extra regulatory power transferred federal agency independent congressional oversight regulation necessary wrong combination toxic financial system example glass steagall four provisions banking 1933 1933 collapse lehman brothers congress understood needed prevent bank runs creating fdic insurance problem knew separate commercial banks investment banks fdic insurance investment bankers enormous risks knowing federal government bail people lost savings possible combinations fdic insurance glass stegall fdic insurance glass stegall 1933 1999 fdic insurance partial repeal glass steagall 1999 present worst combination current system congress needs encourage banks lend promoting predictable regulatory environment reform president trump already impacted supreme court vacancies federal reserve board president trump substantially impact course federal reserve board chairwoman janet yellen vice chairman stanley fischer reappointment 2018 trump republican senate chance appoint five seven members federal reserve board governors question kind appointees people believe restore growth believe regulations quantitative easing believe american people people government superman save limits federal reserve instead appointing janet yellen maybe type hero season finale season series supergirl supergirl fighting aliens mind control device myriad enslave human race supergirl friends realize machine overcome people believe themselves supergirl gives speech galvanize people fight attacker sought free individuality spirit everything makes facing attack easy feel hopeless retreat lose strength lose ourselves lost everything young landed planet alone found love world taking people national city helped lead meant gave myself stronger thought possible love light spirit cannot snuffed give help hope hope remember heroes hope faced enemy determined destroy spirit fight thrive federal reserve raise interest rates cannot raise consumer confidence play important role succeed unless american believe elected officials concert federal reserve foster environment people help themselves","url":"https://spectator.org/janet-yellen-as-supergirl-no-wonder-shes-miscast/","polarityScore":{"sourceTitle":"American Spectator","allSidesBias":"right","communityAgree":"4485","communityDisagree":"1883","sourceUrl":"http://spectator.org/ "},"processedText":["populism","fueled","rise","donald","trump","bernie","sanders","perception","federal","government","responded","superman","saved","wall","street","clark","kent","helping","everybody","else","emergency","measures","helped","stabilize","financial","system","slowed","down","recovery","removed","economy","grow","normal","levels","along","treasury","department","dollar","troubled","asset","relief","program","tarp","federal","reserve","increased","balance","sheet","billion","2007","almost","trillion","2014","kept","figure","constant","buying","enough","securities","replace","securities","matured","assets","purchases","treasury","securities","trillion","mortgage","backed","securities","trillion","along","assets","liabilities","side","balance","sheet","radically","increased","crisis","federal","reserve","liabilities","currency","amount","currency","circulation","increased","billion","july","2007","trillion","today","bank","reserves","increased","billion","july","2007","approximately","trillion","former","federal","reserve","chairman","wrote","memoirs","failed","stop","housing","bubble","part","tidal","wave","foreign","money","poured","united","states","largely","unrelated","monetary","policy","held","down","longer","term","rates","including","mortgage","rates","increasing","demand","mortgage","backed","securities","chinese","alone","purchased","hundreds","billions","dollars","american","assets","including","mortgage","backed","securities","keep","currency","promote","export","growth","communist","country","rule","safer","people","invest","united","states","fortunes","lost","overnight","government","important","factor","downturn","congress","affordable","housing","policies","1992","congress","forced","fannie","freddie","meet","quotas","percent","loans","given","people","below","median","income","forced","fannie","freddie","lower","standards","fannie","freddie","dominant","players","mortgage","market","others","followed","lead","2008","half","mortgages","mortgages","federal","reserve","increased","short","term","interest","rates","2004","2005","found","itself","flow","foreign","capital","mortgage","standards","2008","crisis","couldn","keep","term","interest","rates","down","collapse","housing","quantitative","easing","part","keep","term","rates","down","housing","market","recovered","professor","benjamin","friedman","harvard","argued","having","large","balance","sheet","trillion","sales","mortgage","backs","large","quantity","reduced","speculative","fervor","mortgage","market","higher","mortgage","lending","rates","taken","housing","boom","understandable","believe","lacked","adequate","powers","handle","crisis","real","lesson","limits","monetary","policy","congress","primarily","responsible","crisis","work","prevent","asset","purchases","brought","interest","rates","zero","helped","people","debts","discouraged","banks","lending","banks","earn","interest","keeping","money","parked","federal","reserve","explains","trillion","bank","reserves","bank","reserves","sign","situation","fixed","leadership","december","2010","president","clinton","money","country","mess","trillion","dollars","bank","trillion","loans","beyond","interest","rates","investors","afraid","lend","washington","constantly","creates","regulations","makes","impossible","market","five","argued","republican","congress","pass","reins","congress","vote","regulation","cost","economy","million","repealing","dodd","frank","helpful","piece","legislation","nothing","address","causes","crisis","increased","regulatory","power","federal","reserve","federal","reserve","central","bank","extra","regulatory","power","transferred","federal","agency","independent","congressional","oversight","regulation","necessary","wrong","combination","toxic","financial","system","example","glass","four","provisions","banking","1933","1933","collapse","lehman","brothers","congress","understood","needed","prevent","bank","runs","creating","fdic","insurance","problem","knew","separate","commercial","banks","investment","banks","fdic","insurance","investment","bankers","enormous","risks","knowing","federal","government","bail","people","lost","savings","possible","combinations","fdic","insurance","glass","fdic","insurance","glass","1933","1999","fdic","insurance","partial","repeal","glass","1999","present","worst","combination","current","system","congress","needs","encourage","banks","lend","promoting","predictable","regulatory","environment","reform","president","trump","already","impacted","supreme","court","vacancies","federal","reserve","board","president","trump","substantially","impact","course","federal","reserve","board","chairwoman","janet","vice","chairman","stanley","fischer","2018","trump","republican","senate","chance","appoint","five","seven","members","federal","reserve","board","governors","question","kind","appointees","people","believe","restore","growth","believe","regulations","quantitative","easing","believe","american","people","people","government","superman","save","limits","federal","reserve","instead","appointing","janet","maybe","type","hero","season","finale","season","series","supergirl","supergirl","fighting","aliens","mind","control","device","myriad","enslave","human","race","supergirl","friends","realize","machine","overcome","people","believe","themselves","supergirl","gives","speech","galvanize","people","fight","attacker","sought","free","individuality","spirit","everything","makes","facing","attack","easy","feel","hopeless","retreat","lose","strength","lose","ourselves","lost","everything","young","landed","planet","alone","found","love","world","taking","people","national","city","helped","lead","meant","gave","myself","stronger","thought","possible","love","light","spirit","cannot","give","help","hope","hope","remember","heroes","hope","faced","enemy","determined","destroy","spirit","fight","thrive","federal","reserve","raise","interest","rates","cannot","raise","consumer","confidence","play","important","role","succeed","unless","american","believe","elected","officials","concert","federal","reserve","foster","environment","people","help","themselves"]}
