{"authors":[],"date_download":"2018-11-01 20:29:52","date_modify":"2018-11-01 20:29:52","date_publish":"2017-06-21 13:58:31","description":"I recently stumbled upon Megan Phelps-Roper’s TED Talk about her contentious exit from the Westboro Baptist Church (WBC).","filename":"ALessoninCivilDiscoursefromMeganPhelpsRoper_453.json","image_url":"https://www.allsides.com/sites/default/files/logo-all-sides-20px_1.png","language":"en","localpath":"ALessoninCivilDiscoursefromMeganPhelpsRoper_453.json","title":"A Lesson in Civil Discourse from Megan Phelps-Roper","title_page":"A Lesson in Civil Discourse from Megan Phelps-Roper | AllSides","title_rss":"NULL","source_domain":"allsides.com","text":"recently stumbled upon megan phelps roper talk contentious exit westboro baptist church turn down good talk opened play background continued sift emails however didn completely shift attention heard gist conviction leave stemmed twitter people reaching across aisle engaging honest debate seen person quite name themselves notoriously picketing funerals inflammatory signs condemning people muslims jews soldiers list goes seem full deep hatred anyone part club phelps roper full fledged member left constantly pushed incendiary message appeared television alongside family members describes talk slowly started world different lens thanks twitter wasn twitter users sent angry messages news happening opposite people treated civility instead spewing hatred listened sought understand coming turn mapped glaring inconsistencies statements powerful conclusion phelps roper notes disturbing parallels political rhetoric today tactics strong indictment polarized society become turn outlines four pronged approach engaging civil discourse assume intent questions stay calm argument talk struck chord student university virginia groups periodically show campus vociferously preaching messages similar typically crowd students gather shout although participated several occasions found myself gawking spectacle minutes class pass return journey hour later mood always distinctly different fiery crowd usually dissipated instead students remained engaging calm civil conversation members church sometimes stop watch minutes caught peers laughing joking church members stark departure earlier scene certainly wasn salacious frank less interesting watch perhaps important important students took listen visitors regardless fundamental differences important members church shouting hold instead expressed views civil honest manner important people megan phelps roper stand front crowd civil discourse possible vital society important strive advance public discourse taking small steps improve communicate maybe civil discourse schools teaching students respectful conversations best place start happen overnight megan phelps roper serves pretty compelling example indeed possible","url":"https://www.allsides.com/blog/lesson-civil-discourse-megan-phelps-roper","polarityScore":{"sourceTitle":"AllSides","allSidesBias":"allsides","communityAgree":"2598","communityDisagree":"1051","sourceUrl":"http://www.allsides.com "},"processedText":["recently","stumbled","upon","megan","phelps","roper","talk","contentious","exit","baptist","church","turn","down","good","talk","opened","play","background","continued","emails","however","didn","completely","shift","attention","heard","conviction","leave","stemmed","twitter","people","reaching","across","aisle","engaging","honest","debate","seen","person","quite","name","themselves","notoriously","funerals","inflammatory","signs","condemning","people","muslims","jews","soldiers","list","goes","seem","full","deep","hatred","anyone","part","club","phelps","roper","full","fledged","member","left","constantly","pushed","incendiary","message","appeared","television","alongside","family","members","describes","talk","slowly","started","world","different","lens","thanks","twitter","wasn","twitter","users","sent","angry","messages","news","happening","opposite","people","treated","civility","instead","spewing","hatred","listened","sought","understand","coming","turn","mapped","glaring","inconsistencies","statements","powerful","conclusion","phelps","roper","notes","disturbing","parallels","political","rhetoric","today","tactics","strong","indictment","polarized","society","become","turn","outlines","four","pronged","approach","engaging","civil","discourse","assume","intent","questions","stay","calm","argument","talk","struck","chord","student","university","virginia","groups","periodically","show","campus","preaching","messages","similar","typically","crowd","students","gather","shout","although","participated","several","occasions","found","myself","spectacle","minutes","class","pass","return","journey","hour","later","mood","always","distinctly","different","fiery","crowd","usually","instead","students","remained","engaging","calm","civil","conversation","members","church","sometimes","stop","watch","minutes","caught","peers","laughing","joking","church","members","stark","departure","earlier","scene","certainly","wasn","salacious","frank","less","interesting","watch","perhaps","important","important","students","took","listen","visitors","regardless","fundamental","differences","important","members","church","shouting","hold","instead","expressed","views","civil","honest","manner","important","people","megan","phelps","roper","stand","front","crowd","civil","discourse","possible","vital","society","important","strive","advance","public","discourse","taking","small","steps","improve","communicate","maybe","civil","discourse","schools","teaching","students","respectful","conversations","best","place","start","happen","overnight","megan","phelps","roper","serves","pretty","compelling","example","indeed","possible"]}
