{"authors":[],"date_download":"2018-11-02 20:25:44","date_modify":"2018-11-02 20:25:44","date_publish":"2018-10-19 00:05:48","description":null,"filename":"ALetterFromFacebookJail_456.json","image_url":"https://39uhx2trii4zt1im-zippykid.netdna-ssl.com/wp-content/uploads/2018/10/1024px-Long_Bay_Jail_2.jpg","language":"en","localpath":"ALetterFromFacebookJail_456.json","title":"A Letter From Facebook Jail","title_page":"A Letter From Facebook JailThe American Spectator","title_rss":"NULL","source_domain":"spectator.org","text":"tuesday morning down front computer begin noticed window open browser indicating trouble facebook post goes against community standards read line underneath message post goes against standards hate speech terrible atrocity committed previous night thread discussing murder saudi pundit muslim brotherhood activist jamal khashoggi opined saudi government appears tortured khashoggi death week luring consulate istanbul scum government turkey guilty rash abuses against dissident citizens foreigners american missionary andrew brunson found displeasure having jailed months terrible conditions apparent reason promoting christianity worse opinion happens correspond nation government trump administration trying craft response khashoggi affair suitably punitive reposition american foreign policy away current entente saudis facebook word scum describe brutal saudi turk governments engage hate speech appealed decision belief merely anomaly inartfully designed algorithm corrected human eyes able investigate context confirmed criticizing foreign governments engage human rights abuses hate speech appeal denied thirty posting facebook messenger function perhaps less weeks away midterm election american left everything including left collective sanity riding week facebook killed pages appear conservative political pages though including giant wing news million followers doing facebook destroyed livelihood current proprietor brian kolfage disabled force veteran lost legs hand serving country iraq kolfage story paint facebook particularly sophisticated light income father husband threatened free speech gave legs defend limbs wasn enough livelihood gone facebook took down facebook page cutting contact millions people signed follow millions people liked sharing online coveted verified blue check mark million fans invested facebook request nearly begging spend spend spend reach fans whom kept making difficult reach passing worse along facebook shut down kolfage commercial page facebook deleted business page coffee company military grade coffee company donates profits veteran organizations post politics sell coffee support veteran charities facebook maliciously attacking life beliefs care york times stated facebook calculated move silence thousands voices millions forwarded messages upcoming midterm elections facebook tech malefactor guilty attacks free expression twitter week shut down accounts sharing newly popular meme platform understand egregious decision requires explanation meme players role playing computer games familiar player characters part characters games aren animated human gamers operate limited programming meaning capable saying doing small range meme social justice left consistent programmatic outrage relatively unsophisticated value systems shares lack inner voice player characters computer games effectively troll left certain smart alecks among elsewhere created symbol seen online describe photoshopping straight line mouth upside down nose pair dots eyes onto pictures usually outraged lampoon predictable behavior implication operating intellectual level below free thinking people making driven certain members left wall meme dehumanizing banned twitter agrees apparently share meme twitter risk having account deleted coming head sorts mostly proprietors level functionaries social media platforms decided ramp deletions advance midterms digital nights knives examples above effect stifling sharing conservative ideas terrible business strategy continues inevitable conservatives stop using facebook twitter shift fledgling social media platforms begun engaging account hold promise maybe dump social media altogether world along fine until mark zuckerberg along turn real life friendships virtual space facsimiles thereof happening persecuting customers based free expression close election indication tech trying control lives doubt work likely happen instead federal government intervene surprised trump justice department open antitrust action against google perhaps facebook monopolistic practices surprised sort regulatory action congress next democrats seize house majority drastic steps fatal flaw facebook twitter censorial actions strategic blunder prove undoing facebook decides edit censor content fuzzy standards hate speech vulgarity explicit sexual violent material hate speech subjectively defined tattooed millennials content curation office facebook longer social media platform point facebook becomes publisher sued facebook able kill content pages libel bully offend litigious customers start holding accountable content risk facebook commercial viability exceptionally high classic steve martin comedy jerk martin character loses fortune inventing handle remove glasses middle martin ruined busily dispensing treasure tiny increments cross eyed members class action product liability suit putting business mark zuckerberg fairly clearly jerk whether company censorious practices making jerk resolved spend less zuckerberg platform less effective means promoting website business people business alone","url":"https://spectator.org/a-letter-from-facebook-jail/","polarityScore":{"sourceTitle":"American Spectator","allSidesBias":"right","communityAgree":"4485","communityDisagree":"1883","sourceUrl":"http://spectator.org/ "},"processedText":["tuesday","morning","down","front","computer","begin","noticed","window","open","browser","indicating","trouble","facebook","post","goes","against","community","standards","read","line","underneath","message","post","goes","against","standards","hate","speech","terrible","atrocity","committed","previous","night","thread","discussing","murder","saudi","pundit","muslim","brotherhood","activist","jamal","khashoggi","opined","saudi","government","appears","tortured","khashoggi","death","week","luring","consulate","istanbul","scum","government","turkey","guilty","rash","abuses","against","dissident","citizens","foreigners","american","missionary","andrew","brunson","found","displeasure","having","jailed","months","terrible","conditions","apparent","reason","promoting","christianity","worse","opinion","happens","correspond","nation","government","trump","administration","trying","craft","response","khashoggi","affair","punitive","american","foreign","policy","away","current","saudis","facebook","word","scum","describe","brutal","saudi","turk","governments","engage","hate","speech","appealed","decision","belief","merely","anomaly","designed","algorithm","corrected","human","eyes","able","investigate","context","confirmed","criticizing","foreign","governments","engage","human","rights","abuses","hate","speech","appeal","denied","thirty","posting","facebook","messenger","function","perhaps","less","weeks","away","midterm","election","american","left","everything","including","left","collective","sanity","riding","week","facebook","killed","pages","appear","conservative","political","pages","though","including","giant","wing","news","million","followers","doing","facebook","destroyed","livelihood","current","brian","kolfage","disabled","force","veteran","lost","legs","hand","serving","country","iraq","kolfage","story","paint","facebook","particularly","sophisticated","light","income","father","husband","threatened","free","speech","gave","legs","defend","limbs","wasn","enough","livelihood","gone","facebook","took","down","facebook","page","cutting","contact","millions","people","signed","follow","millions","people","liked","sharing","online","coveted","verified","blue","check","mark","million","fans","invested","facebook","request","nearly","begging","spend","spend","spend","reach","fans","whom","kept","making","difficult","reach","passing","worse","along","facebook","shut","down","kolfage","commercial","page","facebook","deleted","business","page","coffee","company","military","grade","coffee","company","donates","profits","veteran","organizations","post","politics","sell","coffee","support","veteran","charities","facebook","attacking","life","beliefs","care","york","times","stated","facebook","calculated","move","silence","thousands","voices","millions","forwarded","messages","upcoming","midterm","elections","facebook","tech","guilty","attacks","free","expression","twitter","week","shut","down","accounts","sharing","newly","popular","meme","platform","understand","egregious","decision","requires","explanation","meme","players","role","playing","computer","games","familiar","player","characters","part","characters","games","aren","animated","human","gamers","operate","limited","programming","meaning","capable","saying","doing","small","range","meme","social","justice","left","consistent","outrage","relatively","value","systems","shares","lack","inner","voice","player","characters","computer","games","effectively","troll","left","certain","smart","among","elsewhere","created","symbol","seen","online","describe","straight","line","mouth","upside","down","nose","pair","dots","eyes","onto","pictures","usually","outraged","predictable","behavior","implication","operating","intellectual","level","below","free","thinking","people","making","driven","certain","members","left","wall","meme","dehumanizing","banned","twitter","agrees","apparently","share","meme","twitter","risk","having","account","deleted","coming","head","sorts","mostly","level","social","media","platforms","decided","ramp","advance","midterms","digital","nights","knives","examples","above","effect","stifling","sharing","conservative","ideas","terrible","business","strategy","continues","inevitable","conservatives","stop","using","facebook","twitter","shift","fledgling","social","media","platforms","begun","engaging","account","hold","promise","maybe","dump","social","media","altogether","world","along","fine","until","mark","zuckerberg","along","turn","real","life","friendships","virtual","space","thereof","happening","persecuting","customers","based","free","expression","close","election","indication","tech","trying","control","lives","doubt","work","likely","happen","instead","federal","government","intervene","surprised","trump","justice","department","open","antitrust","action","against","google","perhaps","facebook","practices","surprised","sort","regulatory","action","congress","next","democrats","seize","house","majority","drastic","steps","fatal","flaw","facebook","twitter","actions","strategic","blunder","prove","undoing","facebook","decides","edit","censor","content","fuzzy","standards","hate","speech","vulgarity","explicit","sexual","violent","material","hate","speech","defined","tattooed","millennials","content","office","facebook","longer","social","media","platform","point","facebook","becomes","publisher","sued","facebook","able","kill","content","pages","libel","bully","offend","customers","start","holding","accountable","content","risk","facebook","commercial","viability","exceptionally","high","classic","steve","martin","comedy","jerk","martin","character","loses","fortune","handle","remove","glasses","middle","martin","ruined","dispensing","treasure","tiny","cross","eyed","members","class","action","product","liability","suit","putting","business","mark","zuckerberg","fairly","clearly","jerk","whether","company","practices","making","jerk","resolved","spend","less","zuckerberg","platform","less","effective","means","promoting","website","business","people","business","alone"]}
