{"authors":[],"date_download":"2018-11-02 22:02:32","date_modify":"2018-11-02 22:02:32","date_publish":"2017-06-19 00:00:00","description":null,"filename":"AlexandriaandtheRighttoShootBack_457.json","image_url":"https://www.americanthinker.com/images/bucket/2017-06/198836.png","language":null,"localpath":"AlexandriaandtheRighttoShootBack_457.json","title":"Alexandria and the Right to Shoot Back","title_page":"Alexandria and the Right to Shoot Back","title_rss":"NULL","source_domain":"americanthinker.com","text":"without capitol hill police massacre defense defense paul friends minutes incident lucky scalise security detail without massacre rand paul batting cages alexandria virginia baseball field steve scalise shot obvious presence defender massacre ensued news reported paul described scene sort killing field shots gunfire lasted least minutes paul described sounds gunfire possibly coming style rifle actual model shooter confirmed sitting ducks paul describing location shooting inside batting cages approximately yards second base scalise lucky capitol hill police paul saved lives capitol hill police detail assigned protect scalise member house republican leadership killer free roam fenced field picking targets random field free zone places paris orlando aurora colorado armed predators free thanks control zealots deadly trade overlook fact alexandria shooting comes amidst torrent vitriol directed republicans general president trump particular lost anyone congressmen staffs deliberately targeted president trump 71st birthday known whether kathy griffin held bloodied severed head replica president trump sent messages support concern whether cast york play depicting assassination president trump lady melania pause moment silence await calls control claims arming potential victims lead gunfights corral president obama claimed massacre pulse night club orlando pjmedia reported president obama visited scene pulse nightclub shooting today orlando declaring notion answer tragedy sure people nightclub similarly armed killer defies common sense defend easy accessibility assault weapons meet families explain makes sense obama backdrop makeshift memorial flowers balloons meet newtown families whom yesterday whose children finishing fifth grade liberty requires repeated tragedies meaning liberty president remarks defy common sense pulse nightclub orlando essentially free zone baseball field alexandria almost enough post single security guard lone entrance weren bouncers armed didn bartenders weapons available generally alcohol firearms neither does naivet terrorism self defense essential liberty founding fathers second amendment constitution safeguard liberty against tyrants terrorists violence gave nation freedom against tyranny british crown doctors lawyers shopkeepers picked assault weapons muskets victims orlando fight self defense lives liberty investor business daily noted islamic state call lone wolf attacks western infidels match second amendment armed saves lives shooting jihadist wannabe bent heeding call vaughan foods employee traci johnson alive today business works free zone islamic state encouraging attacks infidels west moore okla worker colleen hufford stabbed beheaded alleged attacker alton nolen stopped stabbing preparing behead johnson mark vaughan food distributor chief operating officer vaughn reserve county deputy drew carrying stopped nolen police claim victims bernardino orlando mass shootings slaughter innocent short someone widow victims noted wetzel widow bernardino shooting victim michael wetzel applying concealed carry weapons permit recent interview speculated outcome bernardino terrorist attack different someone carrying concealed someone room inland regional center permit carry concealed weapon overlooked news coverage orlando bernardino shootings oregon massacre wasn clackamas town center mall december 2012 investor business daily noted fortune placed good place planned massacre tragedy connecticut shooter oregon shopping mall stopped armed citizen concealed carry permit refused victim preventing mass tragedy target rich environment clackamas town center weeks christmas shooter managed kill people killing worse tragedy prevented confronted hero named nick meli shooter having difficulty weapon meli pulled took reluctant fire lest innocent bystander didn pull trigger shooter fled confronted ending life done lives saved armed citizen indeed killers deliberately choose free zones umqua aurora colorado movie theatre target victims knowing thereto immediately return fire john lott president crime research prevention center wrote chicago tribune tuesday least 1950 mass public shootings america taken place general citizens banned carrying guns usually selected targets lott july 2012 mass shooting inside movie theater aurora colo shooter choice seven movie theaters within miles home showing batman movie obsessed cinemark theater chose wasn closest banned customers carrying guns cain slew abel evil world desire among kill others disarming abiding prevent killings trying fight drunk driving making harder sober drivers driver licenses free zones populated unarmed targets people able defend themselves endless hand wringing stop violence learning lesson alexandria lesson taught places stop good daniel john sobieski freelance writer whose pieces appeared investor business daily human events reason magazine chicago times among publications","url":"https://www.americanthinker.com/articles/2017/06/alexandria_and_the_right_to_shoot_back.html","polarityScore":{"sourceTitle":"American Thinker","allSidesBias":"right","communityAgree":"1076","communityDisagree":"614","sourceUrl":"http://www.americanthinker.com/ "},"processedText":["without","capitol","hill","police","massacre","defense","defense","paul","friends","minutes","incident","lucky","scalise","security","detail","without","massacre","rand","paul","batting","alexandria","virginia","baseball","field","steve","scalise","shot","obvious","presence","defender","massacre","ensued","news","reported","paul","described","scene","sort","killing","field","shots","gunfire","lasted","least","minutes","paul","described","sounds","gunfire","possibly","coming","style","rifle","actual","model","shooter","confirmed","sitting","paul","describing","location","shooting","inside","batting","approximately","yards","second","base","scalise","lucky","capitol","hill","police","paul","saved","lives","capitol","hill","police","detail","assigned","protect","scalise","member","house","republican","leadership","killer","free","roam","field","picking","targets","random","field","free","zone","places","paris","orlando","aurora","colorado","armed","predators","free","thanks","control","zealots","deadly","trade","overlook","fact","alexandria","shooting","comes","amidst","torrent","vitriol","directed","republicans","general","president","trump","particular","lost","anyone","congressmen","staffs","deliberately","targeted","president","trump","birthday","known","whether","kathy","griffin","held","severed","head","replica","president","trump","sent","messages","support","concern","whether","cast","york","play","depicting","assassination","president","trump","lady","melania","pause","moment","silence","await","calls","control","claims","arming","potential","victims","lead","president","obama","claimed","massacre","pulse","night","club","orlando","reported","president","obama","visited","scene","pulse","nightclub","shooting","today","orlando","declaring","notion","answer","tragedy","sure","people","nightclub","similarly","armed","killer","defies","common","sense","defend","easy","assault","weapons","meet","families","explain","makes","sense","obama","backdrop","makeshift","memorial","flowers","balloons","meet","families","whom","yesterday","whose","children","finishing","fifth","grade","liberty","requires","repeated","tragedies","meaning","liberty","president","remarks","defy","common","sense","pulse","nightclub","orlando","essentially","free","zone","baseball","field","alexandria","almost","enough","post","single","security","guard","lone","entrance","weren","armed","didn","bartenders","weapons","available","generally","alcohol","firearms","neither","does","terrorism","self","defense","essential","liberty","founding","fathers","second","amendment","constitution","safeguard","liberty","against","tyrants","terrorists","violence","gave","nation","freedom","against","tyranny","british","crown","doctors","lawyers","picked","assault","weapons","victims","orlando","fight","self","defense","lives","liberty","investor","business","daily","noted","islamic","state","call","lone","wolf","attacks","western","infidels","match","second","amendment","armed","saves","lives","shooting","jihadist","wannabe","bent","call","vaughan","foods","employee","johnson","alive","today","business","works","free","zone","islamic","state","encouraging","attacks","infidels","west","moore","okla","worker","colleen","stabbed","beheaded","alleged","attacker","stopped","stabbing","preparing","johnson","mark","vaughan","food","distributor","chief","operating","officer","vaughn","reserve","county","deputy","drew","carrying","stopped","police","claim","victims","bernardino","orlando","mass","shootings","slaughter","innocent","short","someone","widow","victims","noted","widow","bernardino","shooting","victim","michael","applying","concealed","carry","weapons","permit","recent","interview","speculated","outcome","bernardino","terrorist","attack","different","someone","carrying","concealed","someone","room","inland","regional","center","permit","carry","concealed","weapon","overlooked","news","coverage","orlando","bernardino","shootings","oregon","massacre","wasn","town","center","mall","december","2012","investor","business","daily","noted","fortune","placed","good","place","planned","massacre","tragedy","connecticut","shooter","oregon","shopping","mall","stopped","armed","citizen","concealed","carry","permit","refused","victim","preventing","mass","tragedy","target","rich","environment","town","center","weeks","christmas","shooter","managed","kill","people","killing","worse","tragedy","prevented","confronted","hero","named","nick","shooter","having","difficulty","weapon","pulled","took","reluctant","fire","lest","innocent","didn","pull","trigger","shooter","fled","confronted","ending","life","done","lives","saved","armed","citizen","indeed","killers","deliberately","choose","free","zones","aurora","colorado","movie","theatre","target","victims","knowing","immediately","return","fire","john","president","crime","research","prevention","center","wrote","chicago","tribune","tuesday","least","1950","mass","public","shootings","america","taken","place","general","citizens","banned","carrying","guns","usually","selected","targets","july","2012","mass","shooting","inside","movie","theater","aurora","colo","shooter","choice","seven","movie","theaters","within","miles","home","showing","batman","movie","obsessed","theater","chose","wasn","closest","banned","customers","carrying","guns","cain","slew","abel","evil","world","desire","among","kill","others","abiding","prevent","killings","trying","fight","drunk","driving","making","harder","sober","drivers","driver","licenses","free","zones","populated","unarmed","targets","people","able","defend","themselves","endless","hand","stop","violence","learning","lesson","alexandria","lesson","taught","places","stop","good","daniel","john","sobieski","freelance","writer","whose","pieces","appeared","investor","business","daily","human","events","reason","magazine","chicago","times","among","publications"]}
