{"authors":["Meghan Demaria"],"date_download":"2018-10-31 01:03:03","date_modify":"2018-10-31 01:03:03","date_publish":"2018-10-12 15:05:57","description":"Long before they were J-Rod, Alex Rodriguez was one of Jennifer Lopez's many fans. And in an Instagram post on Thursday night, the former Yankees player revealed just how much he'd loved Lopez's work. Alex Rodriguez saved a signed headshot from…","filename":"AlexRodriguezs20YearOldJenniferLopezAutographProvesTheyReallyWereMeantToBePHOTO_458.json","image_url":"https://imgix.bustle.com/uploads/getty/2018/10/12/19fa2817-4af9-4a39-bb2e-503a1d5ca3ed-getty-1039562282.jpg?w=1200&h=630&q=70&fit=crop&crop=faces&fm=jpg","language":"en","localpath":"AlexRodriguezs20YearOldJenniferLopezAutographProvesTheyReallyWereMeantToBePHOTO_458.json","title":"Alex Rodriguez's 20-Year-Old Jennifer Lopez Autograph Proves They Really Were Meant To Be - PHOTO","title_page":"Alex Rodriguez's 20-Year-Old Jennifer Lopez Autograph Proves They Really Were Meant To Be — PHOTO","title_rss":"NULL","source_domain":"bustle.com","text":"alex rodriguez jennifer lopez fans instagram post thursday night former yankees player revealed loved lopez work alex rodriguez saved signed headshot jennifer lopez goes show future store apparently rodriguez lopez found signed photo kept tucked away storage pretty impressive saved picture pretty sweet frame lopez signature appears include message alex love though singer idea love rodriguez eventually rodriguez instagram caption sweet wrote almost global superstar signed young ball player lifecanbeafunnythingsometimes pictureperfect keepsake terms foreshadowing generally cute coincidences hard find cuter throwback post lopez reposted photo account repost found cleaning storage wrote course lopez rodriguez probably didn discuss signed headshot paths crossed story goes rodriguez lopez angeles started dating march news reported rodriguez lopez 2005 yankees mets game weren sparks flying lopez marc anthony photographic evidence game together taking pictures shaking hands future held lopez rodriguez marked anniversary february relationship seems strong interview entertainment tonight month lopez praised rodriguez supportive vegas residency outlet listen partner supportive comes shows show business grind away makes effort means rodriguez definitely supportive stage partner known share posts lopez concerts performances instagram look adorable photo backstage complete lopez signature blinged starbucks naturally based rodriguez latest instagram post looks always couple supportive career super heartwarming couples decades relationship started signed headshot shows meant","url":"https://www.bustle.com/p/alex-rodriguezs-20-year-old-jennifer-lopez-autograph-proves-they-really-were-meant-to-be-photo-12247761","polarityScore":{"sourceTitle":"Bustle","allSidesBias":"left-center","communityAgree":"564","communityDisagree":"566","sourceUrl":"http://www.bustle.com/ "},"processedText":["alex","rodriguez","jennifer","lopez","fans","instagram","post","thursday","night","former","yankees","player","revealed","loved","lopez","work","alex","rodriguez","saved","signed","jennifer","lopez","goes","show","future","store","apparently","rodriguez","lopez","found","signed","photo","kept","tucked","away","storage","pretty","impressive","saved","picture","pretty","sweet","frame","lopez","signature","appears","include","message","alex","love","though","singer","idea","love","rodriguez","eventually","rodriguez","instagram","caption","sweet","wrote","almost","global","superstar","signed","young","ball","player","terms","generally","cute","hard","find","throwback","post","lopez","photo","account","found","cleaning","storage","wrote","course","lopez","rodriguez","probably","didn","discuss","signed","paths","crossed","story","goes","rodriguez","lopez","angeles","started","dating","march","news","reported","rodriguez","lopez","2005","yankees","mets","game","weren","sparks","flying","lopez","marc","anthony","evidence","game","together","taking","pictures","shaking","hands","future","held","lopez","rodriguez","marked","anniversary","february","relationship","seems","strong","interview","entertainment","tonight","month","lopez","praised","rodriguez","supportive","vegas","residency","outlet","listen","partner","supportive","comes","shows","show","business","grind","away","makes","effort","means","rodriguez","definitely","supportive","stage","partner","known","share","posts","lopez","concerts","performances","instagram","look","adorable","photo","backstage","complete","lopez","signature","starbucks","naturally","based","rodriguez","latest","instagram","post","looks","always","couple","supportive","career","super","heartwarming","couples","decades","relationship","started","signed","shows","meant"]}
