{"authors":[],"date_download":"2018-10-30 01:23:46","date_modify":"2018-10-30 01:23:46","date_publish":"2017-11-30 22:32:00","description":"An Army veteran and a former elected official in New England accused Sen.","filename":"AlFrankenaccusedofsexualmisconductbyArmyveteranformerelecte_460.json","image_url":"https://www.ajc.com/rf/image_large/Pub/p8/CmgSharedContent/2017/11/20/Videos/4232042.vpx.jpg","language":"en","localpath":"AlFrankenaccusedofsexualmisconductbyArmyveteranformerelecte_460.json","title":"Al Franken accused of sexual misconduct by Army veteran, former electe","title_page":"Al Franken accused of sexual misconduct by Army veteran, former electe","title_rss":"NULL","source_domain":"ajc.com","text":"army veteran former elected official england accused franken sexual misconduct thursday bringing embattled lawmaker total number accusers read trending news stephanie kemplin military police officer franken kuwait tour december 2003 news station longtime saturday night live line meet franken elected represent minnesota senate previously worked comic host america radio writer sometime actor saturday night live 1977 1980 1988 1995 related saturday night live women defend franken groping allegations kemplin franken photo hand slid breast groped breast kept hand breast news network breast related franken accused kissing groping news anchor without consent hand remained chest five seconds shifted photo taken remember clenching feel yourself flushed remember thinking move hand accident move hand moved hand remember thinking move hand army veteran tells franken inappropriately touched 2003 cupping breast tour photo https r004jsrbap twitter 9mwgowzevg november 2017 spokesperson franken senator takes thousands photos tens thousands people intentionally engaged kind conduct remains fully committed cooperating ethics investigation woman jezebel franken attempted give open mouthed kiss onstage event 2006 woman declined identified jezebel wanted name associated accomplishments publicly linked behavior franken minn arrives speak media capitol hill monday 2017 washington photo alex brandon alex brandon woman chair town selectboard franken invited appear guest live taping show america radio jezebel reported interview onstage woman reached toward franken shake hand took leaned toward mouth open turned head away landed open mouthed kiss awkwardly cheek incident demeaning felt place onstage front full theater plain sight nobody related franken accused groping woman 2010 allegations four women claimed franken inappropriate sexual contact women shared stories similar kemplin telling reporters franken groped posed photos angeles news anchor leeann tweeden public accusations writing blog kabc earlier month franken forcibly kissed groped breasts photo slept tour 2006 shared image herself sleeping franken hands hovered chest evidence incident franken apologized ethics investigation incident head took picture matter franken statement excuse look feel disgusted myself funny completely inappropriate obvious leeann feel violated picture senate ethics committee thursday announced opening preliminary inquiry allegations associated press reported","url":"https://www.ajc.com/news/national-govt--politics/franken-accused-sexual-misconduct-army-veteran-former-elected-official/yvNyxJc4ylXKX6xtwg6yWJ/","polarityScore":{"sourceTitle":"Atlanta Journal-Constitution","allSidesBias":"left-center","communityAgree":"561","communityDisagree":"580","sourceUrl":"http://www.ajc.com/ "},"processedText":["army","veteran","former","elected","official","england","accused","franken","sexual","misconduct","thursday","bringing","embattled","lawmaker","total","number","accusers","read","trending","news","stephanie","military","police","officer","franken","kuwait","tour","december","2003","news","station","longtime","saturday","night","live","line","meet","franken","elected","represent","minnesota","senate","previously","worked","comic","host","america","radio","writer","sometime","actor","saturday","night","live","1977","1980","1988","1995","related","saturday","night","live","women","defend","franken","groping","allegations","franken","photo","hand","slid","breast","groped","breast","kept","hand","breast","news","network","breast","related","franken","accused","kissing","groping","news","anchor","without","consent","hand","remained","chest","five","seconds","shifted","photo","taken","remember","feel","yourself","flushed","remember","thinking","move","hand","accident","move","hand","moved","hand","remember","thinking","move","hand","army","veteran","tells","franken","inappropriately","touched","2003","breast","tour","photo","https","twitter","november","2017","spokesperson","franken","senator","takes","thousands","photos","tens","thousands","people","intentionally","engaged","kind","conduct","remains","fully","committed","cooperating","ethics","investigation","woman","jezebel","franken","attempted","give","open","mouthed","kiss","onstage","event","2006","woman","declined","identified","jezebel","wanted","name","associated","accomplishments","publicly","linked","behavior","franken","minn","arrives","speak","media","capitol","hill","monday","2017","washington","photo","alex","brandon","alex","brandon","woman","chair","town","franken","invited","appear","guest","live","taping","show","america","radio","jezebel","reported","interview","onstage","woman","reached","toward","franken","shake","hand","took","leaned","toward","mouth","open","turned","head","away","landed","open","mouthed","kiss","awkwardly","cheek","incident","demeaning","felt","place","onstage","front","full","theater","plain","sight","nobody","related","franken","accused","groping","woman","2010","allegations","four","women","claimed","franken","inappropriate","sexual","contact","women","shared","stories","similar","telling","reporters","franken","groped","posed","photos","angeles","news","anchor","leeann","tweeden","public","accusations","writing","blog","earlier","month","franken","forcibly","kissed","groped","breasts","photo","slept","tour","2006","shared","image","herself","sleeping","franken","hands","hovered","chest","evidence","incident","franken","apologized","ethics","investigation","incident","head","took","picture","matter","franken","statement","excuse","look","feel","disgusted","myself","funny","completely","inappropriate","obvious","leeann","feel","violated","picture","senate","ethics","committee","thursday","announced","opening","preliminary","inquiry","allegations","associated","press","reported"]}
