{"authors":[],"date_download":"2018-11-01 22:49:27","date_modify":"2018-11-01 22:49:27","date_publish":"2017-11-20 00:00:00","description":null,"filename":"Aliberalgunparadox_461.json","image_url":"https://www.americanthinker.com/images/bucket/2017-11/201963.jpg","language":null,"localpath":"Aliberalgunparadox_461.json","title":"A liberal gun paradox","title_page":"A liberal gun paradox","title_rss":"NULL","source_domain":"americanthinker.com","text":"problem liberals rationale control diametrically opposed arguments typically present policies concerning provocative social issues bloody massacre people week criticized trump politicizing tragedy week behalf control politicizing church shooting sutherland springs texas leftists proud providing government funded accoutrements underage drug abuse liberal argument always teens fornicate drug addicts abuse drugs anyway keep adolescents prone junkies safe handing condoms clean hypodermic needles lest forget barack obama granted genocidal regime access nuclear power believed iran anyway obama decided limit terrorist state providing ayatollah means destroy israel liberal logic always control human behavior people whether legal sort anyway reasoning left uses justify legalizing marijuana providing welfare able bodied individuals refuse work decriminalizing millions intruders slipped across border america illegally truth occult mantra thou wilt shall whole philosophical ideology committed progressives adhere comes second amendment leftist logic controverts progressives espouse social policies instance abortion liberals believe abortion banned women determined kill offspring utilize wire hangers seek alley facilities despite fact partial birth abortion illegal states 2012 determined women submitted doomed children late term abortionists operated slaughterhouses overseen convicted west philadelphia murderer kermit gosnell words liberals believe individual wants something enough nothing stop mind left leaning democrats successfully advanced progressive agenda promoting safe promiscuity safe debauchery safe illegal immigration safe eradication human life comes subject guns liberals argue against spent half century attempting persuade americans true democrat contingency whom reject justify policies lives unborn babies sanctimoniously citing wisdom find concrete steps slowly disarm americans legally obtained firearms meanwhile reasoning behind limiting second amendment contradicts logic liberals defend results mass killings larger scale anti left zealously argues government places restrictions established constitutional corrupt individuals devin patrick kelley magically choose tell truth background checks thereby good citizenry thwart plans ruger rifle church sort thinking sense either human nature seek illicit means fulfill illegal desire laws successful stopping nefarious behavior liberals ways leftists believe women seek illegal abortions leftists believe shooters intent seek illegal guns blaming bloodbath baptist church people blind fact eight former president demonized christians calling xenophobic bible thumping toting bitter clingers either liberals eventually succeed manipulating americans rejecting second amendment determined damage undoubtedly ignore formal decree procure alley guns evil perpetrators venture south acquire weapons bestowed drug cartels largesse former attorney general eric holder running cohort obama however smuggling fails deliver alley deals work devin kelleys world fulfill liberal predictions abort victims wire hangers hangers short supply depraved smother country music concertgoers government issued condoms skewer ordinary americans hypodermic needles provided liberals except comes firearms understand laws stopped evil people doing evil jeannie hosts blog jeannie ology","url":"https://www.americanthinker.com/blog/2017/11/a_liberal_gun_paradox.html","polarityScore":{"sourceTitle":"American Thinker","allSidesBias":"right","communityAgree":"1076","communityDisagree":"614","sourceUrl":"http://www.americanthinker.com/ "},"processedText":["problem","liberals","rationale","control","diametrically","opposed","arguments","typically","present","policies","concerning","provocative","social","issues","bloody","massacre","people","week","criticized","trump","politicizing","tragedy","week","behalf","control","politicizing","church","shooting","sutherland","springs","texas","leftists","proud","providing","government","funded","underage","drug","abuse","liberal","argument","always","teens","drug","addicts","abuse","drugs","anyway","keep","adolescents","prone","safe","handing","condoms","clean","needles","lest","forget","barack","obama","granted","genocidal","regime","access","nuclear","power","believed","iran","anyway","obama","decided","limit","terrorist","state","providing","ayatollah","means","destroy","israel","liberal","logic","always","control","human","behavior","people","whether","legal","sort","anyway","reasoning","left","uses","justify","legalizing","marijuana","providing","welfare","able","bodied","individuals","refuse","work","millions","slipped","across","border","america","illegally","truth","occult","mantra","thou","wilt","shall","whole","philosophical","ideology","committed","progressives","adhere","comes","second","amendment","leftist","logic","progressives","espouse","social","policies","instance","abortion","liberals","believe","abortion","banned","women","determined","kill","offspring","utilize","wire","seek","alley","facilities","despite","fact","partial","birth","abortion","illegal","states","2012","determined","women","submitted","doomed","children","late","term","abortionists","operated","overseen","convicted","west","philadelphia","murderer","gosnell","words","liberals","believe","individual","wants","something","enough","nothing","stop","mind","left","leaning","democrats","successfully","advanced","progressive","agenda","promoting","safe","promiscuity","safe","safe","illegal","immigration","safe","human","life","comes","subject","guns","liberals","argue","against","spent","half","century","attempting","persuade","americans","true","democrat","contingency","whom","reject","justify","policies","lives","unborn","babies","citing","wisdom","find","concrete","steps","slowly","disarm","americans","legally","obtained","firearms","meanwhile","reasoning","behind","limiting","second","amendment","contradicts","logic","liberals","defend","results","mass","killings","larger","scale","anti","left","argues","government","places","restrictions","established","constitutional","corrupt","individuals","devin","patrick","kelley","magically","choose","tell","truth","background","checks","thereby","good","citizenry","thwart","plans","rifle","church","sort","thinking","sense","either","human","nature","seek","illicit","means","fulfill","illegal","desire","laws","successful","stopping","nefarious","behavior","liberals","ways","leftists","believe","women","seek","illegal","abortions","leftists","believe","shooters","intent","seek","illegal","guns","blaming","baptist","church","people","blind","fact","eight","former","president","christians","calling","xenophobic","bible","thumping","bitter","either","liberals","eventually","succeed","manipulating","americans","rejecting","second","amendment","determined","damage","undoubtedly","ignore","formal","decree","alley","guns","evil","perpetrators","venture","south","acquire","weapons","bestowed","drug","cartels","largesse","former","attorney","general","eric","holder","running","cohort","obama","however","smuggling","fails","deliver","alley","deals","work","devin","world","fulfill","liberal","predictions","abort","victims","wire","short","supply","depraved","country","music","concertgoers","government","issued","condoms","ordinary","americans","needles","provided","liberals","except","comes","firearms","understand","laws","stopped","evil","people","doing","evil","jeannie","hosts","blog","jeannie"]}
