{"authors":["Shannon Carlin"],"date_download":"2018-10-31 01:01:29","date_modify":"2018-10-31 01:01:29","date_publish":"2018-10-03 18:32:56","description":"In the midst of all the Disney live-action remakes like Aladdin, Dumbo, Mulan, and The Lion King, it seems Lilo and her cute and fluffy pal aren't getting left behind. According to The Hollywood Reporter, Disney is working on a Lilo & Stitch…","filename":"ALiloStitchLiveActionMovieIsReportedlyInTheWorksFansHaveSoManyFeelings_462.json","image_url":"https://imgix.bustle.com/uploads/image/2018/10/3/c03cd768-38f0-43d3-b263-68bc019a58d9-rs_560x415-160120105058-560-lilo-stitch-disneyjm12916-1.jpg?w=1200&h=630&q=70&fit=crop&crop=faces&fm=jpg","language":"en","localpath":"ALiloStitchLiveActionMovieIsReportedlyInTheWorksFansHaveSoManyFeelings_462.json","title":"A 'Lilo & Stitch' Live-Action Movie Is Reportedly In The Works & Fans Have So Many Feelings","title_page":"A 'Lilo & Stitch' Live-Action Movie Is Reportedly In The Works & Fans Have So Many Feelings","title_rss":"NULL","source_domain":"bustle.com","text":"midst disney live action remakes aladdin dumbo mulan lion king seems lilo cute fluffy aren getting left behind hollywood reporter disney working lilo stitch live action movie disney confirm news certainly gotten fans twitter talking safe feelings lilo stitch remake bustle reached disney comment confirmation received response reported lilo stitch live action hybrid unlike upcoming live action version lion king features beyonc voice nala word play lilo stitch coming writer mike waes hired script unclear whether lilo stitch live action remake released theaters disney upcoming streaming service launch next uncertainty fans aren sure feel news lilo stitch movie already five different official sequels movie series 2003 2006 voiced concerns lilo stitch perfect movie twitter user named senorwoberto wrote functionally improve further heartfelt characters beautiful tons money nostalgia sells others user robert88uk couldn wrap head live action lilo stitch half cast film aliens meaning likely filled expected worst live action remake lilo stitch fine user mcubrie tweeted dont remakes everything wait favorite movies ruined cool user corgisherbet wrote adding appropriate lilo point others worried cast movie concerned character lilo hawaiian whitewashed played anyone chlo grace moretz scarlett johansson previously caused controversy starring ghost shell role originally japanese anime graphic novels movie based later sign drop movie play transgender backlash twitter everyone doom gloom though fans already excitedly thinking star remake particular name coming often moana auli cravalho pssst disney live action liloandstitch nominate auliicravalho nani lilo older sister screw missleigh2 wrote fans screw seems running theme biggest worry disney movie luckily until movie comes true fans keep voicing concerns twitter hopes lilo stitch live action movie proud","url":"https://www.bustle.com/p/a-lilo-stitch-live-action-movie-is-reportedly-in-the-works-fans-have-so-many-feelings-12142884","polarityScore":{"sourceTitle":"Bustle","allSidesBias":"left-center","communityAgree":"564","communityDisagree":"566","sourceUrl":"http://www.bustle.com/ "},"processedText":["midst","disney","live","action","remakes","aladdin","lion","king","seems","lilo","cute","fluffy","aren","getting","left","behind","hollywood","reporter","disney","working","lilo","stitch","live","action","movie","disney","confirm","news","certainly","gotten","fans","twitter","talking","safe","feelings","lilo","stitch","remake","bustle","reached","disney","comment","confirmation","received","response","reported","lilo","stitch","live","action","hybrid","unlike","upcoming","live","action","version","lion","king","features","beyonc","voice","word","play","lilo","stitch","coming","writer","mike","hired","script","unclear","whether","lilo","stitch","live","action","remake","released","theaters","disney","upcoming","streaming","service","launch","next","uncertainty","fans","aren","sure","feel","news","lilo","stitch","movie","already","five","different","official","sequels","movie","series","2003","2006","voiced","concerns","lilo","stitch","perfect","movie","twitter","user","named","wrote","improve","further","heartfelt","characters","beautiful","tons","money","nostalgia","sells","others","user","couldn","wrap","head","live","action","lilo","stitch","half","cast","film","aliens","meaning","likely","filled","expected","worst","live","action","remake","lilo","stitch","fine","user","tweeted","remakes","everything","wait","favorite","movies","ruined","cool","user","wrote","adding","appropriate","lilo","point","others","worried","cast","movie","concerned","character","lilo","hawaiian","played","anyone","grace","scarlett","johansson","previously","caused","controversy","starring","ghost","shell","role","originally","japanese","graphic","novels","movie","based","later","sign","drop","movie","play","transgender","backlash","twitter","everyone","doom","gloom","though","fans","already","thinking","star","remake","particular","name","coming","often","disney","live","action","nominate","lilo","older","sister","screw","wrote","fans","screw","seems","running","theme","biggest","worry","disney","movie","luckily","until","movie","comes","true","fans","keep","voicing","concerns","twitter","hopes","lilo","stitch","live","action","movie","proud"]}
