{"authors":["Kavitha George"],"date_download":"2018-10-31 00:35:47","date_modify":"2018-10-31 00:35:47","date_publish":"2018-10-19 04:27:26","description":"Following the 52 patients who accused a former campus doctor of sexual misconduct in May, allegations against ex-USC gynecologist George Tyndall have multiplied. According to John Manly, an attorney on the case, 93 more former students have come…","filename":"AllegationsAgainstExUSCGynecologistGeorgeTyndallHaveMoreThanDoubled_464.json","image_url":"https://imgix.bustle.com/uploads/getty/2018/10/19/5189142b-aa1a-49bb-bf99-b9e1f4722c95-getty-85696773.jpg?w=1200&h=630&q=70&fit=crop&crop=faces&fm=jpg","language":"en","localpath":"AllegationsAgainstExUSCGynecologistGeorgeTyndallHaveMoreThanDoubled_464.json","title":"Allegations Against Ex-USC Gynecologist George Tyndall Have More Than Doubled","title_page":"Allegations Against Ex-USC Gynecologist George Tyndall Have More Than Doubled","title_rss":"NULL","source_domain":"bustle.com","text":"following patients accused former campus doctor sexual misconduct allegations against gynecologist george tyndall multiplied john manly attorney case former students forward lawsuits against tyndall attorney denied allegations statement july tyndall attorney leonard levine doctor adamant engaged criminal conduct practicing medicine firmly believes facts known experts field gynecology obstetrics consulted determined examinations students stated medical purpose consistent standard care examinations bustle reached levine comment plaintiffs allege tyndall sexually abused harassed molested care health clinic reports accusing university ignoring complaints covering tyndall alleged inappropriate criminal behavior decades university responded saying aware lawsuits seeking prompt fair resolution respectful former students committed providing women best thorough respectful health care services university story initially broke spring police estimated tyndall seen patients tenure full gynecologist campus student health clinic reported university began internal investigation firing processes against tyndall 2016 complaint ultimately allowed resign settlement threatened school accusers brought forth range abuse allegations against tyndall including exposed genitals patients digitally penetrated consults sometimes without gloves photographed naked bodies racist misogynistic comments nurse practitioner former student wrote angeles times person knows great detail typical part exam happened normal tyndall denied allegations several lawsuit complaints patients allege nurse room abuse occurred talked nurse visit plaintiff nurse brushed tyndall supposed behavior friendly student claims emailed student health center twice complaint following exam look heard nothing rachael denhollander former gymnast woman publicly accuse former michigan state university doctor larry nasser sexual assault spoke thursday urge investigate asking better better treat women family promised conduct independent investigation release report knew contributed abuse women held accountable","url":"https://www.bustle.com/p/allegations-against-ex-usc-gynecologist-george-tyndall-have-more-than-doubled-12618155","polarityScore":{"sourceTitle":"Bustle","allSidesBias":"left-center","communityAgree":"564","communityDisagree":"566","sourceUrl":"http://www.bustle.com/ "},"processedText":["following","patients","accused","former","campus","doctor","sexual","misconduct","allegations","against","gynecologist","george","tyndall","multiplied","john","manly","attorney","case","former","students","forward","lawsuits","against","tyndall","attorney","denied","allegations","statement","july","tyndall","attorney","leonard","levine","doctor","adamant","engaged","criminal","conduct","practicing","medicine","firmly","believes","facts","known","experts","field","consulted","determined","examinations","students","stated","medical","purpose","consistent","standard","care","examinations","bustle","reached","levine","comment","plaintiffs","allege","tyndall","sexually","abused","harassed","molested","care","health","clinic","reports","accusing","university","ignoring","complaints","covering","tyndall","alleged","inappropriate","criminal","behavior","decades","university","responded","saying","aware","lawsuits","seeking","prompt","fair","resolution","respectful","former","students","committed","providing","women","best","thorough","respectful","health","care","services","university","story","initially","broke","spring","police","estimated","tyndall","seen","patients","tenure","full","gynecologist","campus","student","health","clinic","reported","university","began","internal","investigation","firing","processes","against","tyndall","2016","complaint","ultimately","allowed","resign","settlement","threatened","school","accusers","brought","forth","range","abuse","allegations","against","tyndall","including","exposed","genitals","patients","penetrated","sometimes","without","gloves","photographed","naked","bodies","racist","misogynistic","comments","nurse","former","student","wrote","angeles","times","person","knows","great","detail","typical","part","exam","happened","normal","tyndall","denied","allegations","several","lawsuit","complaints","patients","allege","nurse","room","abuse","occurred","talked","nurse","visit","plaintiff","nurse","brushed","tyndall","supposed","behavior","friendly","student","claims","emailed","student","health","center","twice","complaint","following","exam","look","heard","nothing","former","gymnast","woman","publicly","accuse","former","michigan","state","university","doctor","larry","sexual","assault","spoke","thursday","urge","investigate","asking","better","better","treat","women","family","promised","conduct","independent","investigation","release","report","knew","contributed","abuse","women","held","accountable"]}
