{"authors":["Kurt Voigt","The Associated Press"],"date_download":"2018-11-02 16:54:24","date_modify":"2018-11-02 16:54:24","date_publish":"2017-09-30 00:00:00","description":"Austin Allen has spent much of the season so far trying to regain his form, his coolness and — more than anything — his fun on the football field.","filename":"AllensetsseasonhighsasArkansastopsAggies_466.json","image_url":"https://media.arkansasonline.com/img/photos/2017/09/30/UA_FBC_NMState_015_t600.jpg?4326734cdb8e39baa3579048ef63ad7b451e7676","language":"en","localpath":"AllensetsseasonhighsasArkansastopsAggies_466.json","title":"Allen sets season highs as Arkansas tops Aggies","title_page":"Allen sets season highs as Arkansas tops Aggies","title_rss":"NULL","source_domain":"arkansasonline.com","text":"arkansas quarterback austin allen looks throw game against mexico state saturday sept 2017 fayetteville photo charlie kaijo austin allen spent season trying regain form coolness anything football field needed relieved arkansas quarterback along teammates saturday razorbacks coach bret bielema took part postgame celebration following arkansas mexico state taking part locker room shenanigans doing hokey pokey players watch sight allen tradition part comes winning wanted funny showed ropes hopefully wins keep seeing relief understandable razorbacks team entered contest having lost four five games including overtime defeat texas week enjoy locker room dance routine though razorbacks hold explosive aggies offense senior quarterback tyler rogers rogers completed passes yards pair touchdowns loss success coming help senior jaleel scott finished career highs catches receiving yards scott yard touchdown catch mexico state attack wasn enough rushing game managed yards attempts playing gaps playing disciplined didn chance running success against arkansas safety santos ramirez good aerial attack aggies allen plenty success particularly quarters senior completed passes finished passing season high yards overall allen threw touchdown passes jonathan nance help arkansas game losing streak devwah whaley arkansas rushing attack yards carries razorbacks finished season high yards total offense including ground guys knew game bielema chippieness anger coach work game ourselves position talked bigger scale takeaway mexico state aggies power conference opponent against minnesota 2011 school didn earn victory southeastern conference razorbacks saturday mexico state offense show potential cause headaches belt conference teams rest season exceptional throwing team offensively play anybody mexico state coach doug martin test today good give people problems arkansas allen weeks needed play relaxed threw average nearly yards game touchdowns season senior recovered early interception saturday rest leading razorback touchdowns four five possessions next mexico state aggies return conference play travel appalachian state next week arkansas razorbacks begin stretch four straight games travel south carolina next week","url":"https://www.arkansasonline.com/news/2017/sep/30/allen-throws-3-touchdowns-whaley-rushes-100-yards-/","polarityScore":{"sourceTitle":"Arkansas Democrat-Gazette","allSidesBias":"left","communityAgree":"686","communityDisagree":"522","sourceUrl":"http://www.arkansasonline.com/ "},"processedText":["arkansas","quarterback","austin","allen","looks","throw","game","against","mexico","state","saturday","sept","2017","fayetteville","photo","charlie","austin","allen","spent","season","trying","regain","form","anything","football","field","needed","relieved","arkansas","quarterback","along","teammates","saturday","razorbacks","coach","bret","bielema","took","part","postgame","celebration","following","arkansas","mexico","state","taking","part","locker","room","shenanigans","doing","players","watch","sight","allen","tradition","part","comes","winning","wanted","funny","showed","ropes","hopefully","wins","keep","seeing","relief","understandable","razorbacks","team","entered","contest","having","lost","four","five","games","including","overtime","defeat","texas","week","enjoy","locker","room","dance","routine","though","razorbacks","hold","explosive","aggies","offense","senior","quarterback","tyler","rogers","rogers","completed","passes","yards","pair","touchdowns","loss","success","coming","help","senior","scott","finished","career","highs","catches","receiving","yards","scott","yard","touchdown","catch","mexico","state","attack","wasn","enough","rushing","game","managed","yards","attempts","playing","gaps","playing","disciplined","didn","chance","running","success","against","arkansas","safety","santos","ramirez","good","aerial","attack","aggies","allen","plenty","success","particularly","quarters","senior","completed","passes","finished","passing","season","high","yards","overall","allen","threw","touchdown","passes","jonathan","nance","help","arkansas","game","losing","streak","devwah","whaley","arkansas","rushing","attack","yards","carries","razorbacks","finished","season","high","yards","total","offense","including","ground","guys","knew","game","bielema","anger","coach","work","game","ourselves","position","talked","bigger","scale","takeaway","mexico","state","aggies","power","conference","opponent","against","minnesota","2011","school","didn","earn","victory","southeastern","conference","razorbacks","saturday","mexico","state","offense","show","potential","cause","headaches","belt","conference","teams","rest","season","exceptional","throwing","team","offensively","play","anybody","mexico","state","coach","doug","martin","test","today","good","give","people","problems","arkansas","allen","weeks","needed","play","relaxed","threw","average","nearly","yards","game","touchdowns","season","senior","recovered","early","interception","saturday","rest","leading","razorback","touchdowns","four","five","possessions","next","mexico","state","aggies","return","conference","play","travel","appalachian","state","next","week","arkansas","razorbacks","begin","stretch","four","straight","games","travel","south","carolina","next","week"]}
