{"authors":["Allison Jordan Special To The Democrat-Gazette"],"date_download":"2018-11-02 20:36:50","date_modify":"2018-11-02 20:36:50","date_publish":"2018-10-18 04:30:00","description":"As election day approaches, it is important for Arkansas voters to understand the impact their vote may have on social issues within their community.","filename":"ALLISONJORDANHigherminimumwagebenefitsall_467.json","image_url":"https://media.arkansasonline.com/static/ao_redesign/graphics/adgog.jpg","language":"en","localpath":"ALLISONJORDANHigherminimumwagebenefitsall_467.json","title":"ALLISON JORDAN: Higher minimum wage benefits all","title_page":"ALLISON JORDAN: Higher minimum wage benefits all","title_rss":"NULL","source_domain":"arkansasonline.com","text":"election approaches important arkansas voters understand impact vote social issues within community issue centered raising minimum wage period trust increasing minimum wage answer decreasing poverty elevating social welfare programs others confident increasing minimum wage bankrupt small businesses lead fewer employment opportunities within state truth arkansan benefit increasing minimum wage ballot title reads full amend arkansas code concerning state minimum wage raise current state minimum wage eight dollars fifty cents hour nine dollars twenty five cents hour january 2019 dollars hour january 2020 eleven dollars hour january 2021 issue proposing raise minimum wage exclusively income families issue simply proposing state increase hourly wage individuals currently earn working wage hour essence raising minimum wage reduce income inequality income earned among individuals arkansas working class issue solution resolving poverty arkansas itself individuals earn wages necessarily living income families arkansas working class comprised different scenarios people students live parents spouses whose partners maintain higher wages individuals working wages equate income family individuals considered poor necessarily earn wages individuals among working class earn high wages work minimal amount hours increased minimum wage benefit income families poor among working class earning hour issue curtail social programs unless combined creating implementing policies programs effectively address reduction poverty arkansas shown recipients currently accepting assistance social welfare programs decrease current recipients among working class earning hour social welfare programs experience reprieve current recipients among wage workers qualify increased wage research study supports findings loss studies find loss result increasing minimum wage sides found increasing minimum wage does support higher standard living turn creates stable work force increasing minimum wage acts incentive currently working offerings wages increasing standard living leads balanced socioeconomic community increasing minimum wage directly affects workers employment does adequately provide reasonable income support minimum standard living currently individual working full paying minimum wage hour earns annual salary less adequately maintaining minimum standard living supporting oneself raising family annual salary almost impossible especially impossible cost groceries basic needs health care rise minimum wage standstill believe issue important passed arkansans turn focus perceived negative effects unrealistic outcomes begin focus positive term effects supporting better standard living cultivation stable work force reducing extreme economic inequality arkansas join together community support issue voting raising minimum wage arkansas allison jordan lives springs works public service currently graduate student online master social work program university southern california editorial 2018","url":"https://www.arkansasonline.com/news/2018/oct/18/pass-issue-5-20181018/?page=2","polarityScore":{"sourceTitle":"Arkansas Democrat-Gazette","allSidesBias":"left","communityAgree":"686","communityDisagree":"522","sourceUrl":"http://www.arkansasonline.com/ "},"processedText":["election","approaches","important","arkansas","voters","understand","impact","vote","social","issues","within","community","issue","centered","raising","minimum","wage","period","trust","increasing","minimum","wage","answer","decreasing","poverty","elevating","social","welfare","programs","others","confident","increasing","minimum","wage","bankrupt","small","businesses","lead","fewer","employment","opportunities","within","state","truth","arkansan","benefit","increasing","minimum","wage","ballot","title","reads","full","amend","arkansas","code","concerning","state","minimum","wage","raise","current","state","minimum","wage","eight","dollars","fifty","cents","hour","nine","dollars","twenty","five","cents","hour","january","2019","dollars","hour","january","2020","eleven","dollars","hour","january","2021","issue","proposing","raise","minimum","wage","exclusively","income","families","issue","simply","proposing","state","increase","hourly","wage","individuals","currently","earn","working","wage","hour","essence","raising","minimum","wage","reduce","income","inequality","income","earned","among","individuals","arkansas","working","class","issue","solution","resolving","poverty","arkansas","itself","individuals","earn","wages","necessarily","living","income","families","arkansas","working","class","comprised","different","scenarios","people","students","live","parents","spouses","whose","partners","maintain","higher","wages","individuals","working","wages","equate","income","family","individuals","considered","poor","necessarily","earn","wages","individuals","among","working","class","earn","high","wages","work","minimal","amount","hours","increased","minimum","wage","benefit","income","families","poor","among","working","class","earning","hour","issue","curtail","social","programs","unless","combined","creating","implementing","policies","programs","effectively","address","reduction","poverty","arkansas","shown","recipients","currently","accepting","assistance","social","welfare","programs","decrease","current","recipients","among","working","class","earning","hour","social","welfare","programs","experience","reprieve","current","recipients","among","wage","workers","qualify","increased","wage","research","study","supports","findings","loss","studies","find","loss","result","increasing","minimum","wage","sides","found","increasing","minimum","wage","does","support","higher","standard","living","turn","creates","stable","work","force","increasing","minimum","wage","acts","incentive","currently","working","offerings","wages","increasing","standard","living","leads","balanced","socioeconomic","community","increasing","minimum","wage","directly","affects","workers","employment","does","adequately","provide","reasonable","income","support","minimum","standard","living","currently","individual","working","full","paying","minimum","wage","hour","earns","annual","salary","less","adequately","maintaining","minimum","standard","living","supporting","oneself","raising","family","annual","salary","almost","impossible","especially","impossible","cost","groceries","basic","needs","health","care","rise","minimum","wage","believe","issue","important","passed","arkansans","turn","focus","perceived","negative","effects","unrealistic","outcomes","begin","focus","positive","term","effects","supporting","better","standard","living","cultivation","stable","work","force","reducing","extreme","economic","inequality","arkansas","join","together","community","support","issue","voting","raising","minimum","wage","arkansas","allison","jordan","lives","springs","works","public","service","currently","graduate","student","online","master","social","work","program","university","southern","california","editorial","2018"]}
