{"authors":[],"date_download":"2018-10-30 01:19:01","date_modify":"2018-10-30 01:19:01","date_publish":"2017-12-15 00:05:57","description":null,"filename":"AllofHillarysMen_469.json","image_url":"https://39uhx2trii4zt1im-zippykid.netdna-ssl.com/wp-content/uploads/2017/12/RonRosenstein.jpg","language":"en","localpath":"AllofHillarysMen_469.json","title":"All of Hillary’s Men","title_page":"All of Hillary’s MenThe American Spectator","title_rss":"NULL","source_domain":"spectator.org","text":"picture collusion emerging russian probes implicates hillary across government political appointees deep state hacks helping hillary gunning trump partisans peter strzok performed virtual trick political espionage went inoculating hillary against criminal prosecution convincing comey soften description mishandling classified information joining quest nail trump writing mistress mutual duty prevent trump winning white house cooings turned plotting maybe meant stay meant protect country menance wrote replied course approach appropriately exasperated jordan among others reviewed damning material congressional hearing wednesday witness rosenstein deputy attorney general looked blank listening names read phone book rosenstein mandarin none blatant evidence bias political dirty tricks seemed interest course media playing dumb recycling usual high professionalism liberal bias coexist government self serving defense reporters often absolve themselves caught donations democratic party strzok texts mistress alludes insurance policy prevent trump occupying white house media calls mystery finds terribly intriguing half heartedly possibly referring anybody remotely paying attention criminal leaks trump victory obvious meant insurance policy unfolded multiple ways planting stories press criminal probe bogus trump russia ties director john brennan using front page york times float half baked foreign intelligence trump campaign susan rice spying trumpworld sally yates company trying entrap trump officials obama holdovers frantically collecting material hoped impeachment case against trump obama pentagon official evelyn farkas blurted portion insurance policy earlier urging former colleagues frankly speaking people hill aimed telling hill people information intelligence president obama leaves administration fear somehow information disappear senior obama people left hidden away bureaucracy trump folks found knew knew trump staff dealing russians compromise sources methods meaning longer access intelligence leaking press beneficiary criminal leaks intimately familiar insurance policy continues draw upon reporters seek shift scandal political espionage against trump trump exposure months stories appeared questioning trump sanity simply noticed espionage layers deeper realized everything hillary accused trump display collusion effort behalf hired foreigners dirt influence election justice department officials official wife worked dirt digger firm working defeat trump reporters pocket disseminating dirt wide multiple directors intelligence officials endorsing inflicting damage trump leaks attorney general helped spare indictment king horses king hillary couldn together bitter enders turned legitimizing trump until impeach seen fraction strzok texts already clear available massive abuse power against trump rested enormous sense entitlement trump singular menace stopped entrenched ruling class elite drunk rectitude foulest free atmosphere imaginable cried collusion loudest engaged","url":"https://spectator.org/all-of-hillarys-men/","polarityScore":{"sourceTitle":"American Spectator","allSidesBias":"right","communityAgree":"4485","communityDisagree":"1883","sourceUrl":"http://spectator.org/ "},"processedText":["picture","collusion","emerging","russian","probes","implicates","hillary","across","government","political","appointees","deep","state","hacks","helping","hillary","gunning","trump","partisans","peter","strzok","performed","virtual","trick","political","espionage","went","hillary","against","criminal","prosecution","convincing","comey","soften","description","mishandling","classified","information","joining","quest","nail","trump","writing","mistress","mutual","duty","prevent","trump","winning","white","house","turned","plotting","maybe","meant","stay","meant","protect","country","wrote","replied","course","approach","appropriately","exasperated","jordan","among","others","reviewed","damning","material","congressional","hearing","wednesday","witness","rosenstein","deputy","attorney","general","looked","blank","listening","names","read","phone","book","rosenstein","none","blatant","evidence","bias","political","dirty","tricks","seemed","interest","course","media","playing","dumb","recycling","usual","high","professionalism","liberal","bias","coexist","government","self","serving","defense","reporters","often","themselves","caught","donations","democratic","party","strzok","texts","mistress","alludes","insurance","policy","prevent","trump","occupying","white","house","media","calls","mystery","finds","terribly","intriguing","half","possibly","referring","anybody","remotely","paying","attention","criminal","leaks","trump","victory","obvious","meant","insurance","policy","unfolded","multiple","ways","planting","stories","press","criminal","probe","bogus","trump","russia","ties","director","john","brennan","using","front","page","york","times","float","half","baked","foreign","intelligence","trump","campaign","susan","rice","spying","sally","yates","company","trying","trump","officials","obama","holdovers","frantically","collecting","material","hoped","impeachment","case","against","trump","obama","pentagon","official","evelyn","portion","insurance","policy","earlier","urging","former","colleagues","frankly","speaking","people","hill","aimed","telling","hill","people","information","intelligence","president","obama","leaves","administration","fear","somehow","information","disappear","senior","obama","people","left","hidden","away","bureaucracy","trump","folks","found","knew","knew","trump","staff","dealing","russians","compromise","sources","methods","meaning","longer","access","intelligence","leaking","press","beneficiary","criminal","leaks","intimately","familiar","insurance","policy","continues","draw","upon","reporters","seek","shift","scandal","political","espionage","against","trump","trump","exposure","months","stories","appeared","questioning","trump","sanity","simply","noticed","espionage","layers","deeper","realized","everything","hillary","accused","trump","display","collusion","effort","behalf","hired","foreigners","dirt","influence","election","justice","department","officials","official","wife","worked","dirt","firm","working","defeat","trump","reporters","pocket","dirt","wide","multiple","directors","intelligence","officials","endorsing","inflicting","damage","trump","leaks","attorney","general","helped","spare","indictment","king","horses","king","hillary","couldn","together","bitter","turned","legitimizing","trump","until","impeach","seen","fraction","strzok","texts","already","clear","available","massive","abuse","power","against","trump","rested","enormous","sense","entitlement","trump","singular","menace","stopped","entrenched","ruling","class","elite","drunk","free","atmosphere","imaginable","cried","collusion","loudest","engaged"]}
