{"authors":[],"date_download":"2018-10-22 21:22:04","date_modify":"2018-10-22 21:22:04","date_publish":"2017-08-04 00:00:00","description":"Savvy Internet users in China can tunnel under the \"Great Firewall\" using virtual private networks. Even as the government finds new methods to block VPNs, providers find ways to go around the blocks.","filename":"AllTechConsidered_472.json","image_url":"https://media.npr.org/assets/img/2017/08/04/gettyimages-501527486_wide-71d2c11fe7e411ffa000c76e9b0c26931f75a61a.jpg?s=1400","language":"en","localpath":"AllTechConsidered_472.json","title":"All Tech Considered","title_page":"VPNs In China: Behind Internet Crackdown, 'Game Of Cat And Mouse' Continues : All Tech Considered : NPR","title_rss":"NULL","source_domain":"npr.org","text":"david greene host china constructed world sophisticated system internet content control dubbed great wall great firewall savvy internet users tunnel wall using tools known virtual private networks vpns anthony kuhn reports beijing china government stepping efforts block vpns anthony kuhn byline software developer southern china surnamed home recent responded knock door opened find plainclothes policemen asks name fears arrested selling apps apple china store tool helps people access internet content blocked china police interpreter somebody discovered selling circumvention software illegal asked inspect computer kuhn police remove apple store didn jail complied cops left later apple removed vpns china store apple complying chinese everyone sympathetic harold restrictions threat free speech civil liberties kuhn harold vice president expressvpn british virgin islands based company surprised disappointed believe importance vpns expressvpn ensuring free open internet kuhn eight company managed keep providing services customers china despite government attempts block government finds methods block vpns providers find ways blocks clear either side decisive advantage describes situation ongoing game mouse whack mole kuhn chinese government insists companies china apply unrestricted connections overseas websites recent press conference ministry industry information technology official issued warning interpreter strictly forbid transmission harmful information terrorist information internet kuhn harmful information government often means dissenting political views blocks access overseas sites including google twitter facebook york times name zhou shuguang citizen journalist blogger goes name zuola believes chinese government technical ability seal country internet outside world prepared zhou shuguang interpreter authorities seeking prevent percent people evading censorship trying keep within control kuhn zuola china risk crippling internet economy total censorship china main goal shutting down vpns shape public discourse zhou interpreter chinese government always paid attention controlling agenda ensure topics interfere topics focusing kuhn notes times emergency china government legal authority completely shut down country internet china western region xinjiang ethnic rioting 2009 whole country internet gone black anthony kuhn news beijing soundbite copyright 2017 rights reserved visit website terms permissions pages further information transcripts created rush deadline verb8tm contractor produced using proprietary transcription process developed text final form updated revised future accuracy availability vary authoritative record programming audio record","url":"https://www.npr.org/templates/transcript/transcript.php?storyId=541554438","polarityScore":{"sourceTitle":"NPR Editorial ","allSidesBias":"left-center","communityAgree":"764","communityDisagree":"809","sourceUrl":"https://www.npr.org/sections/opinion/ "},"processedText":["david","greene","host","china","constructed","world","sophisticated","system","internet","content","control","dubbed","great","wall","great","savvy","internet","users","tunnel","wall","using","tools","known","virtual","private","networks","anthony","kuhn","reports","beijing","china","government","stepping","efforts","block","anthony","kuhn","byline","software","developer","southern","china","home","recent","responded","knock","door","opened","find","policemen","asks","name","fears","arrested","selling","apps","apple","china","store","tool","helps","people","access","internet","content","blocked","china","police","interpreter","somebody","discovered","selling","software","illegal","asked","inspect","computer","kuhn","police","remove","apple","store","didn","jail","complied","cops","left","later","apple","removed","china","store","apple","complying","chinese","everyone","sympathetic","harold","restrictions","threat","free","speech","civil","liberties","kuhn","harold","vice","president","british","virgin","islands","based","company","surprised","disappointed","believe","importance","ensuring","free","open","internet","kuhn","eight","company","managed","keep","providing","services","customers","china","despite","government","attempts","block","government","finds","methods","block","providers","find","ways","blocks","clear","either","side","decisive","advantage","describes","situation","ongoing","game","mouse","whack","mole","kuhn","chinese","government","insists","companies","china","apply","unrestricted","connections","overseas","websites","recent","press","conference","ministry","industry","information","technology","official","issued","warning","interpreter","strictly","forbid","transmission","harmful","information","terrorist","information","internet","kuhn","harmful","information","government","often","means","dissenting","political","views","blocks","access","overseas","sites","including","google","twitter","facebook","york","times","name","citizen","journalist","blogger","goes","name","believes","chinese","government","technical","ability","seal","country","internet","outside","world","prepared","interpreter","authorities","seeking","prevent","percent","people","censorship","trying","keep","within","control","kuhn","china","risk","crippling","internet","economy","total","censorship","china","main","goal","shutting","down","shape","public","discourse","interpreter","chinese","government","always","paid","attention","controlling","agenda","ensure","topics","interfere","topics","focusing","kuhn","notes","times","emergency","china","government","legal","authority","completely","shut","down","country","internet","china","western","region","xinjiang","ethnic","rioting","2009","whole","country","internet","gone","black","anthony","kuhn","news","beijing","soundbite","copyright","2017","rights","reserved","visit","website","terms","permissions","pages","further","information","transcripts","created","rush","deadline","verb8tm","contractor","produced","using","proprietary","transcription","process","developed","text","final","form","updated","revised","future","accuracy","availability","vary","authoritative","record","programming","audio","record"]}
