{"authors":["Steve Hummer"],"date_download":"2018-11-02 22:10:33","date_modify":"2018-11-02 22:10:33","date_publish":"2018-10-06 05:10:00","description":"There were so many sporting images to draw from to mark Georgia Tech’s fabulously succe...","filename":"AllTechdoesisscoreandgalloppastLouisville_474.json","image_url":"https://www.ajc.com/rf/image_large/Pub/p9/AJC/2018/10/06/Images/1046277498.JPG","language":"en","localpath":"AllTechdoesisscoreandgalloppastLouisville_474.json","title":"All Tech does is score, and gallop past Louisville","title_page":"All Tech does is score, and gallop past Louisville","title_rss":"NULL","source_domain":"ajc.com","text":"sporting images draw mark georgia tech fabulously successful football visit friday night game hand playing within sight twin spires churchill downs inspire certain horse racing references instance fact team yellow jackets almost furlongs night yards horsey seemingly recharged quarterback taquon marshall contributed yards toward total chalk easily five point favorite tech squeaked louisville point cushion call lengths wish dominant late great sport boxing invoked louisville late great champion muhammad cardinals celebrate legacy score touchdown draped touchdown gloves bearing autograph turnover belt fashioned championship belt whoever scoops fumble picks pass missing tackle loss spit bucket give cardinals fighting class louisville break gloves sideline looked increasingly ludicrous farther behind fell trevor berbick fight cardinals model belt tech doing lately jackets turn ball option offense self immolate occasion ridiculous numbers friday night louisville thing happened friday night something appealed gamers down consoles engage real world weeks against lesser resistance bowling green louisville offense scored pace unknown virtual existence seventeen scores full possessions twice visiting side points friday night tech possessions scored touchdown nine settled field goal played video games night today scored good points guess translated marshall probably best string scoring seen coaching paul johnson hard pressed grumpy critical supposed reviewing busts trap play third quarter offensively already practicing chore fans transitive property techies great alabama points louisville start georgia tech friday night complete equation refuse points tech against opponent 2012 north carolina points scored against louisville bobby petrino landed 2014 life heisman quarterback lamar jackson difficult falcons fans attest petrino known skip town loses star quarterback anywhere else month points tech basketball scored visit season yellow jackets scored johnson calls punter pressley harvin better players stays confined sideline mascot bored tonight wanted laughed actual searcy harvin gained eights yards rush brought down team average carry offense love hate roll tech offensive line creating fissures mere holes marshall extra gear artificial turf stadium formerly known papa john perfect reads johnson credits recent flourish simplifying offense proving something simpler left middle simplified basics kids better friday night production against familiar gypsy coach wearing title louisville defensive coordinator travels brian vangorder gained reputation option slayer title buried forever friday night beneath stampede wild unharnessed tech runners mostly friday night good tech soul week reprieve fans constant confirmation battle johnson coach substantial yellow jackets miserable streak road game turned siege stalingrad losing road able travel home happy small thing huge telling guys haven road game 2016 marshall journey getting shows everyone including done points numbers turnovers side ball tech recovered fumbles returned interception score huge able plane home knowing faces regular looks walk plane smiling crack jokes coach johnson crack jokes teammates good saturday morning tech coastal loss team division least hours five games left teams ahead hope maybe scored note coming however tech louisville schedule until 2023","url":"https://www.ajc.com/blog/further-review/all-tech-does-score-and-gallop-past-louisville/g3XlewHozeIsEgfmh9dLRO/","polarityScore":{"sourceTitle":"Atlanta Journal-Constitution","allSidesBias":"left-center","communityAgree":"561","communityDisagree":"580","sourceUrl":"http://www.ajc.com/ "},"processedText":["sporting","images","draw","mark","georgia","tech","successful","football","visit","friday","night","game","hand","playing","within","sight","twin","churchill","downs","inspire","certain","horse","racing","references","instance","fact","team","yellow","jackets","almost","night","yards","seemingly","quarterback","marshall","contributed","yards","toward","total","chalk","easily","five","point","favorite","tech","louisville","point","cushion","call","lengths","wish","dominant","late","great","sport","boxing","invoked","louisville","late","great","champion","muhammad","cardinals","celebrate","legacy","score","touchdown","draped","touchdown","gloves","bearing","turnover","belt","fashioned","championship","belt","whoever","scoops","fumble","picks","pass","missing","tackle","loss","spit","bucket","give","cardinals","fighting","class","louisville","break","gloves","sideline","looked","increasingly","ludicrous","farther","behind","fell","trevor","fight","cardinals","model","belt","tech","doing","lately","jackets","turn","ball","option","offense","self","occasion","ridiculous","numbers","friday","night","louisville","thing","happened","friday","night","something","appealed","gamers","down","engage","real","world","weeks","against","lesser","resistance","bowling","green","louisville","offense","scored","pace","unknown","virtual","existence","seventeen","scores","full","possessions","twice","visiting","side","points","friday","night","tech","possessions","scored","touchdown","nine","settled","field","goal","played","video","games","night","today","scored","good","points","guess","translated","marshall","probably","best","string","scoring","seen","coaching","paul","johnson","hard","pressed","grumpy","critical","supposed","reviewing","trap","play","third","quarter","offensively","already","practicing","chore","fans","property","techies","great","alabama","points","louisville","start","georgia","tech","friday","night","complete","equation","refuse","points","tech","against","opponent","2012","north","carolina","points","scored","against","louisville","bobby","petrino","landed","2014","life","quarterback","lamar","jackson","difficult","falcons","fans","attest","petrino","known","skip","town","loses","star","quarterback","anywhere","else","month","points","tech","basketball","scored","visit","season","yellow","jackets","scored","johnson","calls","pressley","better","players","stays","confined","sideline","mascot","bored","tonight","wanted","laughed","actual","searcy","gained","yards","rush","brought","down","team","average","carry","offense","love","hate","roll","tech","offensive","line","creating","mere","holes","marshall","extra","gear","artificial","turf","stadium","formerly","known","papa","john","perfect","reads","johnson","credits","recent","flourish","simplifying","offense","proving","something","simpler","left","middle","basics","kids","better","friday","night","production","against","familiar","gypsy","coach","wearing","title","louisville","defensive","coordinator","travels","brian","gained","reputation","option","slayer","title","buried","forever","friday","night","beneath","stampede","wild","tech","runners","mostly","friday","night","good","tech","soul","week","reprieve","fans","constant","confirmation","battle","johnson","coach","substantial","yellow","jackets","miserable","streak","road","game","turned","siege","losing","road","able","travel","home","happy","small","thing","huge","telling","guys","haven","road","game","2016","marshall","journey","getting","shows","everyone","including","done","points","numbers","turnovers","side","ball","tech","recovered","fumbles","returned","interception","score","huge","able","plane","home","knowing","faces","regular","looks","walk","plane","smiling","crack","jokes","coach","johnson","crack","jokes","teammates","good","saturday","morning","tech","coastal","loss","team","division","least","hours","five","games","left","teams","ahead","hope","maybe","scored","note","coming","however","tech","louisville","schedule","until","2023"]}
