{"authors":["Shea Simmons"],"date_download":"2018-10-31 00:56:49","date_modify":"2018-10-31 00:56:49","date_publish":"2018-10-12 17:47:54","description":"When you think of celebrity style, affordability is definitely not a descriptor that comes to mind. However, like we mere peasants, celebrities wear what they like, and whether that's $1,000 or $10, they're going to rock it. This week, these…","filename":"AllTheFashionUnder50ThatYourFavoriteCelebritiesWoreThisWeek_475.json","image_url":"https://imgix.bustle.com/uploads/getty/2018/10/12/8f62a1a4-fe6a-4d91-9b33-fe0199841853-getty-1048502384.jpg?w=1200&h=630&q=70&fit=crop&crop=faces&fm=jpg","language":"en","localpath":"AllTheFashionUnder50ThatYourFavoriteCelebritiesWoreThisWeek_475.json","title":"All The Fashion Under $50 That Your Favorite Celebrities Wore This Week","title_page":"All The Fashion Under $50 That Your Favorite Celebrities Wore This Week","title_rss":"NULL","source_domain":"bustle.com","text":"celebrity style affordability definitely descriptor comes mind however mere peasants celebrities wear whether rock week celebrity fashions proved matter price point anything look good ultra luxury dresses paired affordable accessories full ensembles price shock find affordable fashion week american music awards favorite stars popping carpet paparazzi captured starlets celebrities full posted outfits details looks high styles hidden gems lurking celebrity fashion archives sure everything least look famous faces realize people wear whatever styles kissing booth joey king momager kris jenner herself stars didn disappoint style kris jenner fashion nova jenner dress look cost fortune affordable fact dress fashion nova sizes retails daring comes liza koshy 2018 amas ring emma mcintyre getty images entertainment getty images koshy ensemble high steal style rocking affordable accessory minimal affordable melinda maria duchess gold ring retails hailey baldwin gold hoops broadimage shutterstock looks regina george person rock gold hoops hailey baldwin pair pronounced width definiely reminiscent snag pair joey king priv revaux sunnies matter season everyone loves good pair sunnies joey king pair instagram happen celebrity collection king priv revaux candy sunglasses riverdale star madelaine petsch collection halsey 2018 amas choker frazer harrison getty images entertainment getty images looking edgy accessory halsey covered look 2018 american music awards mostly comprised high styles handcuff choke totally affordable ringing cardi fashion nova jeans cardi rocking seriously glam ensembles 2018 dress looks incredible rocking pair classic skinny jeans fashion nova ariana grande shit instagram account styleforarig singer shit polo dollskill offers sizes extra small large sizes vary brand retails comments though shirt sold keep site restock malika haqq khloe kardashian bestie former star dash dolls malika haqq post image herself instagram week looking gorgeous pretty thing offers sizes small large body suit break bank looking celebrity fashions rock break bank pieces totally trick","url":"https://www.bustle.com/p/all-the-fashion-under-50-that-your-favorite-celebrities-wore-this-week-12249514","polarityScore":{"sourceTitle":"Bustle","allSidesBias":"left-center","communityAgree":"564","communityDisagree":"566","sourceUrl":"http://www.bustle.com/ "},"processedText":["celebrity","style","affordability","definitely","comes","mind","however","mere","peasants","celebrities","wear","whether","rock","week","celebrity","fashions","proved","matter","price","point","anything","look","good","ultra","luxury","dresses","paired","affordable","accessories","full","ensembles","price","shock","find","affordable","fashion","week","american","music","awards","favorite","stars","popping","carpet","paparazzi","captured","celebrities","full","posted","outfits","details","looks","high","styles","hidden","lurking","celebrity","fashion","archives","sure","everything","least","look","famous","faces","realize","people","wear","whatever","styles","kissing","booth","joey","king","kris","jenner","herself","stars","didn","disappoint","style","kris","jenner","fashion","jenner","dress","look","cost","fortune","affordable","fact","dress","fashion","sizes","retails","daring","comes","liza","2018","amas","ring","emma","mcintyre","getty","images","entertainment","getty","images","ensemble","high","steal","style","rocking","affordable","accessory","minimal","affordable","melinda","maria","duchess","gold","ring","retails","hailey","baldwin","gold","hoops","shutterstock","looks","regina","george","person","rock","gold","hoops","hailey","baldwin","pair","pronounced","reminiscent","snag","pair","joey","king","matter","season","everyone","loves","good","pair","joey","king","pair","instagram","happen","celebrity","collection","king","candy","sunglasses","riverdale","star","collection","halsey","2018","amas","frazer","harrison","getty","images","entertainment","getty","images","looking","edgy","accessory","halsey","covered","look","2018","american","music","awards","mostly","comprised","high","styles","choke","totally","affordable","ringing","cardi","fashion","jeans","cardi","rocking","seriously","glam","ensembles","2018","dress","looks","incredible","rocking","pair","classic","skinny","jeans","fashion","ariana","grande","shit","instagram","account","singer","shit","polo","offers","sizes","extra","small","large","sizes","vary","brand","retails","comments","though","shirt","sold","keep","site","kardashian","former","star","dash","dolls","post","image","herself","instagram","week","looking","gorgeous","pretty","thing","offers","sizes","small","large","body","suit","break","bank","looking","celebrity","fashions","rock","break","bank","pieces","totally","trick"]}
