{"authors":[],"date_download":"2018-11-01 21:08:24","date_modify":"2018-11-01 21:08:24","date_publish":"2017-06-16 16:47:00","description":"Gary Dinges dropped the news this morning: Whole Foods finally had a buyer.","filename":"AmazonjustboughtWholeFoodsNowwhat_483.json","image_url":"https://www.ajc.com/rf/image_large/Pub/p8/WHIO/2017/06/16/Videos/4083506.vpx.jpg","language":"en","localpath":"AmazonjustboughtWholeFoodsNowwhat_483.json","title":"Amazon just bought Whole Foods. Now what?","title_page":"Amazon just bought Whole Foods. Now what?","title_rss":"NULL","source_domain":"ajc.com","text":"gary dinges dropped news morning whole foods finally buyer months rumors sale company expanding quickly hard staying profitable enough please investors company announced today amazon buying billion dollar deal largest acquisition amazon whole foods founder john mackey stay company valued billion looks jeff bezos crew mackey team offer couldn refuse amazon ramped grocery delivery services recent adding amazon prime delivery groceries month adding fresh grocery delivery sprouts farmers market whole foods john mackey shown 2009 file photo continue lead grocer following acquisition amazon whole foods grocery delivery services primarily provided instacart presume relationship fold amazon takes store management else acquisition affect austin flagship companies notable grocery store amusement park supermarkets downtown chance amazon charge related stocks amazon whole foods deal hammers grocery stores whole foods longtime mission promoting healthy organic food started shop north lamar boulevard 1980 staff people change management world largest companies find answers story evolves amazon bought whole foods liked core business mission changes business model mean fewer local startups shelves streamlined distribution system incorporated amazon giant warehouses related whole foods project outside decatur announces retail tenants absolutely push incorporate amazon prime perks shopping experience including making grocery delivery affordable people paid prime groceries delivered sprouts whole foods competitors free driver wait hours groceries doubt sprouts partnership unless amazon decides acquire whole foods news company stores change hope change news affect dominates local grocery sales tech capabilities amazon early thoughts readers twitter amazon buying whole foods positioned themselves storefronts thousands middle class neighborhoods across erik finman erikfinman june 2017 amazon streamlines whole foods backend users grocery shop amazon fresh whole foods product delivered quickly locally mitchell watts _mitchellwatts june 2017 amazon acquired whole foods fair shooting world domination amzn luish luishxy june 2017 statesman constant refresh austin reaction michael ogden grabbingtoast june 2017","url":"https://www.ajc.com/lifestyles/shopping/amazon-just-bought-whole-foods-now-what/biNSfZwBdTduGTa1Jx64fO/","polarityScore":{"sourceTitle":"Atlanta Journal-Constitution","allSidesBias":"left-center","communityAgree":"561","communityDisagree":"580","sourceUrl":"http://www.ajc.com/ "},"processedText":["gary","dropped","news","morning","whole","foods","finally","buyer","months","rumors","sale","company","expanding","quickly","hard","staying","profitable","enough","please","investors","company","announced","today","amazon","buying","billion","dollar","deal","largest","acquisition","amazon","whole","foods","founder","john","stay","company","valued","billion","looks","jeff","bezos","crew","team","offer","couldn","refuse","amazon","ramped","grocery","delivery","services","recent","adding","amazon","prime","delivery","groceries","month","adding","fresh","grocery","delivery","sprouts","farmers","market","whole","foods","john","shown","2009","file","photo","continue","lead","following","acquisition","amazon","whole","foods","grocery","delivery","services","primarily","provided","instacart","presume","relationship","fold","amazon","takes","store","management","else","acquisition","affect","austin","flagship","companies","notable","grocery","store","amusement","park","downtown","chance","amazon","charge","related","stocks","amazon","whole","foods","deal","grocery","stores","whole","foods","longtime","mission","promoting","healthy","organic","food","started","shop","north","lamar","boulevard","1980","staff","people","change","management","world","largest","companies","find","answers","story","evolves","amazon","bought","whole","foods","liked","core","business","mission","changes","business","model","mean","fewer","local","startups","shelves","streamlined","distribution","system","incorporated","amazon","giant","warehouses","related","whole","foods","project","outside","decatur","announces","retail","tenants","absolutely","push","incorporate","amazon","prime","perks","shopping","experience","including","making","grocery","delivery","affordable","people","paid","prime","groceries","delivered","sprouts","whole","foods","competitors","free","driver","wait","hours","groceries","doubt","sprouts","partnership","unless","amazon","decides","acquire","whole","foods","news","company","stores","change","hope","change","news","affect","dominates","local","grocery","sales","tech","capabilities","amazon","early","thoughts","readers","twitter","amazon","buying","whole","foods","positioned","themselves","thousands","middle","class","neighborhoods","across","erik","june","2017","amazon","whole","foods","users","grocery","shop","amazon","fresh","whole","foods","product","delivered","quickly","locally","mitchell","watts","june","2017","amazon","acquired","whole","foods","fair","shooting","world","domination","june","2017","statesman","constant","refresh","austin","reaction","michael","june","2017"]}
