{"authors":["Robbie Neiswanger"],"date_download":"2018-11-02 09:04:44","date_modify":"2018-11-02 09:04:44","date_publish":"2017-06-27 02:00:00","description":"Amazon.com is looking for tech workers in the heart of Wal-Mart country.","filename":"AmazonhiringinWalMartcountry_481.json","image_url":"https://media.arkansasonline.com/static/ao_redesign/graphics/adgog.jpg","language":"en","localpath":"AmazonhiringinWalMartcountry_481.json","title":"Amazon hiring in Wal-Mart country","title_page":"Amazon hiring in Wal-Mart country","title_rss":"NULL","source_domain":"arkansasonline.com","text":"amazon looking tech workers heart mart country seattle based online giant hosting reception part hiring event bentonville wednesday post company website members amazon health safety security sustainability compliance team amazon global logistics amazon fulfillment technology teams attendance reception held doubletree suites hilton hotel miles mart home office coming easier learn amazon variety career opportunities teams projects living seattle austin amazon posting meeting potential candidates answering questions challenges waiting amazon respond requests comment event bentonville mayor mccaslin dana davis president greater bentonville chamber commerce monday knowledge event location backyard biggest retail rival provides development intensifying competition mart busy snapping online companies million acquisition clothing retailer bonobos earlier month improve commerce business better compete amazon company introduced initiatives free shipping minimum orders pickup discount offers cheaper prices products ordered online picked stores meanwhile amazon announced significant step brick mortar retail grocery industry billion acquisition whole foods earlier month move widely viewed threat mart grocery sales account percent retailer revenue henry founder chief strategy officer fayetteville based mobile research retail data collection firm field agent compared amazon plan hold event bentonville target decision open northwest arkansas store several different putting physical presence exactly doing coming backyard hoping pick probably mart types insight mart ways sticks mart skin window registering four hour reception closed positions mentioned amazon hiring event announcement include data engineers data scientists software development engineers senior product managers cross border export logistics quality assurance engineers clear amazon trying fill positions based near northwest arkansas jobs require workers relocate tech workers northwest arkansas looking employment mart laid hundreds information systems division part company restructuring efforts earlier amazon january full jobs full benefits month period company positions newest fulfillment centers positions cover fields cloud technology machine learning advanced logistics people retail systems backgrounds pretty natural place especially light recent downsizing changes taken place northwest arkansas makes sense business 2017","url":"https://www.arkansasonline.com/news/2017/jun/27/amazon-hiring-in-wal-mart-country-20170/?page=1","polarityScore":{"sourceTitle":"Arkansas Democrat-Gazette","allSidesBias":"left","communityAgree":"686","communityDisagree":"522","sourceUrl":"http://www.arkansasonline.com/ "},"processedText":["amazon","looking","tech","workers","heart","mart","country","seattle","based","online","giant","hosting","reception","part","hiring","event","bentonville","wednesday","post","company","website","members","amazon","health","safety","security","sustainability","compliance","team","amazon","global","logistics","amazon","fulfillment","technology","teams","attendance","reception","held","suites","hilton","hotel","miles","mart","home","office","coming","easier","learn","amazon","variety","career","opportunities","teams","projects","living","seattle","austin","amazon","posting","meeting","potential","candidates","answering","questions","challenges","waiting","amazon","respond","requests","comment","event","bentonville","mayor","dana","davis","president","greater","bentonville","chamber","commerce","monday","knowledge","event","location","backyard","biggest","retail","rival","provides","development","intensifying","competition","mart","busy","snapping","online","companies","million","acquisition","clothing","retailer","bonobos","earlier","month","improve","commerce","business","better","compete","amazon","company","introduced","initiatives","free","shipping","minimum","orders","pickup","discount","offers","cheaper","prices","products","ordered","online","picked","stores","meanwhile","amazon","announced","significant","step","brick","mortar","retail","grocery","industry","billion","acquisition","whole","foods","earlier","month","move","widely","viewed","threat","mart","grocery","sales","account","percent","retailer","revenue","henry","founder","chief","strategy","officer","fayetteville","based","mobile","research","retail","data","collection","firm","field","agent","compared","amazon","plan","hold","event","bentonville","target","decision","open","northwest","arkansas","store","several","different","putting","physical","presence","exactly","doing","coming","backyard","hoping","pick","probably","mart","types","insight","mart","ways","sticks","mart","skin","window","registering","four","hour","reception","closed","positions","mentioned","amazon","hiring","event","announcement","include","data","engineers","data","scientists","software","development","engineers","senior","product","managers","cross","border","export","logistics","quality","assurance","engineers","clear","amazon","trying","fill","positions","based","near","northwest","arkansas","jobs","require","workers","relocate","tech","workers","northwest","arkansas","looking","employment","mart","laid","hundreds","information","systems","division","part","company","restructuring","efforts","earlier","amazon","january","full","jobs","full","benefits","month","period","company","positions","newest","fulfillment","centers","positions","cover","fields","cloud","technology","machine","learning","advanced","logistics","people","retail","systems","backgrounds","pretty","natural","place","especially","light","recent","changes","taken","place","northwest","arkansas","makes","sense","business","2017"]}
