{"authors":["Compiled Democrat-Gazette Staff Wire Reports"],"date_download":"2018-11-02 11:30:57","date_modify":"2018-11-02 11:30:57","date_publish":"2017-09-07 00:00:00","description":"Amazon said Thursday that it plans to spend more than $5 billion to build a second headquarters in North America to house as many as 50,000 employees.","filename":"Amazontobuild2ndHQfor5BMemphiswillabsolutelymakeabidmayorsays_487.json","image_url":"https://media.arkansasonline.com/img/photos/2017/09/07/resized_250499-ap17250695294454_72-23567_t600.jpg?4326734cdb8e39baa3579048ef63ad7b451e7676","language":"en","localpath":"Amazontobuild2ndHQfor5BMemphiswillabsolutelymakeabidmayorsays_487.json","title":"Amazon to build 2nd HQ for $5B; Memphis will 'absolutely make a bid,' mayor says","title_page":"Amazon to build 2nd HQ for $5B; Memphis will 'absolutely make a bid,' mayor says","title_rss":"NULL","source_domain":"arkansasonline.com","text":"construction continued earlier large glass covered domes part expansion amazon campus downtown seattle amazon thursday wants build headquarters north america seattle amazon thursday plans spend billion build second headquarters north america house employees tech giant plans stay seattle headquarters space full equal current home founder chief executive officer jeff bezos amazon announcement highlights fast company expanding likely create scramble among cities states vying short list month apply special website company final decision next shortly amazon proclamation pittsburgh mayor bill peduto announced strickland mayor memphis city absolutely philadelphia mayor kenney east coast metropolis prime location amazon chicago mayor rahm emanuel already spoken bezos pitch locating city report crain chicago business email updates free breaking news alerts daily newsletters headlines delivered inbox amazon didn hint land requirements rule places wants near metropolitan area million people able attract technical talent within minutes international airport direct access mass transit wants able expand headquarters million square feet next decade size home seattle amazon search open metropolitan area north america meets parameters city itself necessarily million people declined open outside united states find city excited work customers employees community benefit company search website choosing second headquarters public process bezos elicited public feedback major decisions june amazon announced plan organic grocer whole foods billionaire took twitter seeking ideas philanthropic strategy give away fortune tech companies known places competition vying land google ultrafast broadband network cities stunts gimmickry company attention topeka informally renamed itself google kansas month amazon announced plans build warehouses pack ship packages york ohio oregon recently paid close billion whole foods stores company plans hire people middle next adding current worldwide staff amazon seattle campus takes million square feet buildings restaurants home employees second headquarters amazon hire full employees next average amazon website search lauds benefits bring community amazon arrival transform area until neighborhood near seattle campus north downtown dotted auto parts stores rent apartments area booming pocket high rise office complexes sleek apartment buildings tony restaurants amazon rise without local critics influx mostly heeled tech workers caused housing prices skyrocket clogged streets traffic changed city worse seattle times reported thursday median price house august seattle almost percent public search headquarters likely spark bidding among states cities eager piece america fastest growing companies eight page request proposals amazon posted online thursday incentives offered offset building operating costs significant factors decision making process speed appears priority company asked interested municipalities offer best guess timeline amazon expect permitting considerations completed part proposals requesting amazon expects announce decision next start work phase campus 2019 encourage cities creative company packages goodies given companies promise jobs chicago snagged formerly seattle based boeing headquarters 2001 breaks worth million general electric agreed move headquarters suburban connecticut boston sweetened million incentives subsidies keep expand manufacturing work states added billions breaks likes aluminum maker alcoa general motors intel washington package offered boeing exchange commitment build 777x airliner state amazon usually kept radar approaching communities wants build warehouses encouraging officials keep discussions quiet using code names public documents avoid detection approach helped amazon secure million breaks states cities 2000 mostly expand warehouse delivery operations good jobs nonprofit group tracks business breaks economic impact winning city second headquarters amazon significant company investments hometown seattle 2010 2016 resulted additional billion city economy information article contributed joseph pisani michelle chapman chris grygiel associated press matt seattle times spencer soper bhasin bloomberg news section 2017","url":"https://www.arkansasonline.com/news/2017/sep/08/amazon-to-build-2nd-hq-for-5b-20170908/","polarityScore":{"sourceTitle":"Arkansas Democrat-Gazette","allSidesBias":"left","communityAgree":"686","communityDisagree":"522","sourceUrl":"http://www.arkansasonline.com/ "},"processedText":["construction","continued","earlier","large","glass","covered","part","expansion","amazon","campus","downtown","seattle","amazon","thursday","wants","build","headquarters","north","america","seattle","amazon","thursday","plans","spend","billion","build","second","headquarters","north","america","house","employees","tech","giant","plans","stay","seattle","headquarters","space","full","equal","current","home","founder","chief","executive","officer","jeff","bezos","amazon","announcement","highlights","fast","company","expanding","likely","create","scramble","among","cities","states","vying","short","list","month","apply","special","website","company","final","decision","next","shortly","amazon","proclamation","pittsburgh","mayor","bill","announced","strickland","mayor","memphis","city","absolutely","philadelphia","mayor","east","coast","prime","location","amazon","chicago","mayor","rahm","emanuel","already","spoken","bezos","pitch","locating","city","report","chicago","business","email","updates","free","breaking","news","alerts","daily","newsletters","headlines","delivered","inbox","amazon","didn","hint","land","requirements","rule","places","wants","near","metropolitan","area","million","people","able","attract","technical","talent","within","minutes","international","airport","direct","access","mass","transit","wants","able","expand","headquarters","million","square","feet","next","decade","size","home","seattle","amazon","search","open","metropolitan","area","north","america","meets","parameters","city","itself","necessarily","million","people","declined","open","outside","united","states","find","city","excited","work","customers","employees","community","benefit","company","search","website","choosing","second","headquarters","public","process","bezos","elicited","public","feedback","major","decisions","june","amazon","announced","plan","organic","whole","foods","billionaire","took","twitter","seeking","ideas","philanthropic","strategy","give","away","fortune","tech","companies","known","places","competition","vying","land","google","broadband","network","cities","stunts","company","attention","informally","renamed","itself","google","kansas","month","amazon","announced","plans","build","warehouses","pack","ship","packages","york","ohio","oregon","recently","paid","close","billion","whole","foods","stores","company","plans","hire","people","middle","next","adding","current","worldwide","staff","amazon","seattle","campus","takes","million","square","feet","buildings","restaurants","home","employees","second","headquarters","amazon","hire","full","employees","next","average","amazon","website","search","benefits","bring","community","amazon","arrival","transform","area","until","neighborhood","near","seattle","campus","north","downtown","dotted","auto","parts","stores","rent","apartments","area","booming","pocket","high","rise","office","sleek","apartment","buildings","tony","restaurants","amazon","rise","without","local","critics","influx","mostly","heeled","tech","workers","caused","housing","prices","skyrocket","clogged","streets","traffic","changed","city","worse","seattle","times","reported","thursday","median","price","house","august","seattle","almost","percent","public","search","headquarters","likely","spark","bidding","among","states","cities","eager","piece","america","fastest","growing","companies","eight","page","request","proposals","amazon","posted","online","thursday","incentives","offered","offset","building","operating","costs","significant","factors","decision","making","process","speed","appears","priority","company","asked","interested","municipalities","offer","best","guess","timeline","amazon","expect","permitting","considerations","completed","part","proposals","requesting","amazon","expects","announce","decision","next","start","work","phase","campus","2019","encourage","cities","creative","company","packages","goodies","given","companies","promise","jobs","chicago","formerly","seattle","based","boeing","headquarters","2001","breaks","worth","million","general","electric","agreed","move","headquarters","suburban","connecticut","boston","sweetened","million","incentives","subsidies","keep","expand","manufacturing","work","states","added","billions","breaks","likes","aluminum","maker","general","motors","intel","washington","package","offered","boeing","exchange","commitment","build","state","amazon","usually","kept","radar","approaching","communities","wants","build","warehouses","encouraging","officials","keep","discussions","quiet","using","code","names","public","documents","avoid","detection","approach","helped","amazon","secure","million","breaks","states","cities","2000","mostly","expand","warehouse","delivery","operations","good","jobs","nonprofit","group","tracks","business","breaks","economic","impact","winning","city","second","headquarters","amazon","significant","company","investments","hometown","seattle","2010","2016","resulted","additional","billion","city","economy","information","article","contributed","joseph","michelle","chapman","chris","associated","press","matt","seattle","times","spencer","bloomberg","news","section","2017"]}
