{"authors":["Robbie Neiswanger"],"date_download":"2018-11-02 08:54:26","date_modify":"2018-11-02 08:54:26","date_publish":"2017-06-18 02:12:00","description":"A busy week in the U.S. grocery industry was highlighted by a stunning announcement Friday morning: Amazon.com was acquiring Whole Foods Market in a transaction valued at about $13.7 billion.","filename":"Amazonsnapsupgrocerymarket_486.json","image_url":"https://media.arkansasonline.com/static/ao_redesign/graphics/adgog.jpg","language":"en","localpath":"Amazonsnapsupgrocerymarket_486.json","title":"Amazon snaps up grocery market","title_page":"Amazon snaps up grocery market","title_rss":"NULL","source_domain":"arkansasonline.com","text":"busy week grocery industry highlighted stunning announcement friday morning amazon acquiring whole foods market transaction valued billion latest largest revelation intense competition across billion grocery sector discount stores aldi lidl established stores mart stores kroger commerce giant grappling market share earlier week german based aldi added fuel battle consumers announced plans invest billion expand footprint become third largest grocery behind mart kroger announcement days german based company lidl began invasion opening stores along east coast industry become hotbed activity months already food prices falling discounts offered efforts attract shoppers repercussions felt week kroger reported store sales fell second straight quarter lowered earnings forecast analysts believe amazon move acquiring whole foods stores worldwide create larger ripples gives commerce company established physical presence industry grocery shares tumbled trading friday morning amazon revealed plan amazon whole foods deal blockbuster reverb across retail neil stern senior partner chicago based retail consultant firm mcmillan doolittle email friday morning instantly makes serious brick mortar player perhaps sets stage brick mortar presence german competitors amazon company threatening shake industry analysts believe lidl entry market coupled aldi growth potential shake further cause headaches grocers price continues weigh profit margins major grocer multibillion presence winning formula lidl aldi exhibited europe threat taken lightly sucharita mulpuru independent retail analyst aldi opened store 1976 stores including eight arkansas website company plans expand locations next five expansion addition billion program announced earlier remodel stores 2020 frills chain employees staff stores customers groceries selection private label found footing shoppers prices lidl stores markets worldwide produced roughly billion revenue consulting firm kantar retail initial wave stores beginning lidl intends open 2018 kantar retail believes across country 2023 lidl built success prices grocery chain relies private label items house brands expected percent assortment lidl entry comes nearly european grocer britain tesco moved market fresh easy stores wasn successful company retreated nearly five grocery retailer successful europe given successful exhibited tesco mulpuru success aldi does suggest reason mart worried mart strategy mart standing especially getting close look impact german discounters grocery business united kingdom asda mart grocery business traditional grocers suffered discounters managed double market share five stern survey conducted research firm infoscout indicated consumers lidl debut states currently shopping groceries mart percent customers likely give stores mean works sharp pricing stern retailers mart prepared risk sense half mart revenue comes grocery related sales surprise bentonville based company taken aggressive approach protecting turf mart cleaned stores improvements fresh offerings include fruits vegetables baked goods meats fish dairy retailer aggressively lowering grocery prices certain markets reports fine tuned private label offerings compete discounters house brands believe customers brands mart chief financial officer brett biggs week dbaccess global consumer conference paris brands best place show price differentiation customer strong following strong loyalty private label important part retailer offering important lidl aldi certainly trademark sense works analysts believe mart play advantages expanding online grocery business retailer continues roll online grocery pickup service available stores testing initiatives automated grocery pickup machine near oklahoma city chief executive officer doug mcmillon earlier month mart competition discounters coming early taken measures sharpen service prepare comfortable mart currently stands mcmillon acknowledged work competition good customer better mcmillon stern mart continue respond threats lidl aldi predicts discounters game killers industry amazon believes remains mart biggest threat across retail clear acquisition whole foods friday whole foods continue operate current brand part acquisition transaction subject approval expected completed second half mulpuru thinks consolidation shakeouts industrywide result competition shoppers ultimately benefit grocery chains continue fight sales consumers mulpuru choice competition cheaper stuff sundaymonday business 2017","url":"https://www.arkansasonline.com/news/2017/jun/18/amazon-snaps-up-grocery-market-20170618/","polarityScore":{"sourceTitle":"Arkansas Democrat-Gazette","allSidesBias":"left","communityAgree":"686","communityDisagree":"522","sourceUrl":"http://www.arkansasonline.com/ "},"processedText":["busy","week","grocery","industry","highlighted","stunning","announcement","friday","morning","amazon","acquiring","whole","foods","market","transaction","valued","billion","latest","largest","revelation","intense","competition","across","billion","grocery","sector","discount","stores","aldi","lidl","established","stores","mart","stores","kroger","commerce","giant","grappling","market","share","earlier","week","german","based","aldi","added","fuel","battle","consumers","announced","plans","invest","billion","expand","footprint","become","third","largest","grocery","behind","mart","kroger","announcement","days","german","based","company","lidl","began","invasion","opening","stores","along","east","coast","industry","become","hotbed","activity","months","already","food","prices","falling","discounts","offered","efforts","attract","shoppers","repercussions","felt","week","kroger","reported","store","sales","fell","second","straight","quarter","lowered","earnings","forecast","analysts","believe","amazon","move","acquiring","whole","foods","stores","worldwide","create","larger","gives","commerce","company","established","physical","presence","industry","grocery","shares","tumbled","trading","friday","morning","amazon","revealed","plan","amazon","whole","foods","deal","blockbuster","reverb","across","retail","neil","stern","senior","partner","chicago","based","retail","consultant","firm","email","friday","morning","instantly","makes","serious","brick","mortar","player","perhaps","sets","stage","brick","mortar","presence","german","competitors","amazon","company","threatening","shake","industry","analysts","believe","lidl","entry","market","coupled","aldi","growth","potential","shake","further","cause","headaches","price","continues","weigh","profit","margins","major","presence","winning","formula","lidl","aldi","exhibited","europe","threat","taken","lightly","independent","retail","analyst","aldi","opened","store","1976","stores","including","eight","arkansas","website","company","plans","expand","locations","next","five","expansion","addition","billion","program","announced","earlier","remodel","stores","2020","chain","employees","staff","stores","customers","groceries","selection","private","label","found","footing","shoppers","prices","lidl","stores","markets","worldwide","produced","roughly","billion","revenue","consulting","firm","retail","initial","wave","stores","beginning","lidl","intends","open","2018","retail","believes","across","country","2023","lidl","built","success","prices","grocery","chain","relies","private","label","items","house","brands","expected","percent","assortment","lidl","entry","comes","nearly","european","britain","moved","market","fresh","easy","stores","wasn","successful","company","retreated","nearly","five","grocery","retailer","successful","europe","given","successful","exhibited","success","aldi","does","suggest","reason","mart","worried","mart","strategy","mart","standing","especially","getting","close","look","impact","german","grocery","business","united","kingdom","mart","grocery","business","traditional","suffered","managed","double","market","share","five","stern","survey","conducted","research","firm","indicated","consumers","lidl","debut","states","currently","shopping","groceries","mart","percent","customers","likely","give","stores","mean","works","sharp","pricing","stern","retailers","mart","prepared","risk","sense","half","mart","revenue","comes","grocery","related","sales","surprise","bentonville","based","company","taken","aggressive","approach","protecting","turf","mart","cleaned","stores","improvements","fresh","offerings","include","fruits","vegetables","baked","goods","meats","fish","dairy","retailer","aggressively","lowering","grocery","prices","certain","markets","reports","fine","tuned","private","label","offerings","compete","house","brands","believe","customers","brands","mart","chief","financial","officer","brett","week","global","consumer","conference","paris","brands","best","place","show","price","customer","strong","following","strong","loyalty","private","label","important","part","retailer","offering","important","lidl","aldi","certainly","trademark","sense","works","analysts","believe","mart","play","advantages","expanding","online","grocery","business","retailer","continues","roll","online","grocery","pickup","service","available","stores","testing","initiatives","automated","grocery","pickup","machine","near","oklahoma","city","chief","executive","officer","doug","mcmillon","earlier","month","mart","competition","coming","early","taken","measures","sharpen","service","prepare","comfortable","mart","currently","stands","mcmillon","acknowledged","work","competition","good","customer","better","mcmillon","stern","mart","continue","respond","threats","lidl","aldi","predicts","game","killers","industry","amazon","believes","remains","mart","biggest","threat","across","retail","clear","acquisition","whole","foods","friday","whole","foods","continue","operate","current","brand","part","acquisition","transaction","subject","approval","expected","completed","second","half","thinks","consolidation","result","competition","shoppers","ultimately","benefit","grocery","chains","continue","fight","sales","consumers","choice","competition","cheaper","stuff","sundaymonday","business","2017"]}
