{"authors":[],"date_download":"2018-10-30 14:33:15","date_modify":"2018-10-30 14:33:15","date_publish":"2017-08-09 19:23:00","description":"This Cabbagetown home captures quirkiness and comedy.","filename":"AmberNashsCabbagetownhome_492.json","image_url":"https://www.ajc.com/rf/image_large/Pub/p8/AJC/2017/08/09/Images/081317%20hf%20private%2030819.JPG","language":"en","localpath":"AmberNashsCabbagetownhome_492.json","title":"Amber Nash's Cabbagetown home","title_page":"Private Quarters: Amber Nash's Cabbagetown home","title_rss":"NULL","source_domain":"ajc.com","text":"christopher oquendo photography 2003 bungalow homeowners bought 2016 didn renovating updates whitewashing brick fireplace installing mantel barn beam photo captions lori johnston shannon dominy fast copy news service christopher oquendo photography fast copy news service front porch encourages people social community actress cabbagetown resident amber nash kitchen table 1950s classic aluminum ring vintage vinyl chairs offer seating themselves neighbors christopher oquendo photography fast copy news service front porch homeowners nash kevin gillese vintage washing machine originally purchased nash aunt cooler parties rocking chairs left home previous owners christopher oquendo photography fast copy news service culture walls include depiction golden girls superheroes trevor wayne portrait bill murray spider hanging window game thrones print gillese bought gift nash throwback early days dating watch show together christopher oquendo photography fast copy news service bedding anthropologie tops hanging above land show gillese directed christopher oquendo photography fast copy news service looking furniture generally find something suits needs antique store exactly story cheaper buying furniture prefer aesthetically gillese christopher oquendo photography fast copy news service gillese nash took master bedroom transformed watch television gray sectional sofa room board christopher oquendo photography fast copy news service vintage salt pepper shakers belonged nash great grandmother whimsy sense history bungalow kitchen christopher oquendo photography fast copy news service homeowners amber nash kevin gillese bought bungalow 2016 minor cosmetic changes replacing bland tile floors black white checkered marble granite adding charcoal leathered granite countertops christopher oquendo photography fast copy news service homeowners placed room wanted heart living room entertaining guests watching television place socialize gather nash christopher oquendo photography fast copy news service vintage portable cart couple open living area entertaining easy christopher oquendo photography fast copy news service vintage highland antiques sophisticated counterbalance eclectic elements living room christopher oquendo photography fast copy news service nash father created shelves vintage suitcases nash bought husband kevin gillese moved home 2016 nash decided craft dream reality christopher oquendo photography fast copy news service shelves vintage samsonite suitcases mounted behind vintage hold antique decanters cups flask couple collected kudzu antiques modern highland antiques christopher oquendo photography fast copy news service shelves above jalapeno infused tequila spicy people gillese shelves vintage suitcases christopher oquendo photography fast copy news service gives home character personality chaise lounger room board whitewashed fireplace strike balance quirk style christopher oquendo photography fast copy news service industrial army stuff kitschy vintage nash home shares husband everything story christopher oquendo photography fast copy news service hearth lies faux bearskin purchased mast general store north carolina love fake stuff fake mink stole felt wear fancy lady nash christopher oquendo photography fast copy news service amber nash actress theater artist voice poovey archer extensive collection instead packing away displays wigs decor christopher oquendo photography fast copy news service window emblazoned asylum insane birthday gift gillese nash unusual world covers walls couple cabbagetown home christopher oquendo photography fast copy news service teal vinyl banquette adds vivid splash color eclectic living room nash father bought booths americanchairs business warehouse longer needed gave booths nash gillese dining area christopher oquendo photography fast copy news service square foot bungalow cabbagetown bedrooms baths","url":"https://www.ajc.com/lifestyles/home/bohemian-gem-cabbagetown-for-voice-pam-archer-artistic-director/C1XKau09nSaZB9in3iIWbO/","polarityScore":{"sourceTitle":"Atlanta Journal-Constitution","allSidesBias":"left-center","communityAgree":"561","communityDisagree":"580","sourceUrl":"http://www.ajc.com/ "},"processedText":["christopher","oquendo","photography","2003","homeowners","bought","2016","didn","renovating","updates","brick","fireplace","installing","barn","beam","photo","captions","lori","johnston","shannon","fast","copy","news","service","christopher","oquendo","photography","fast","copy","news","service","front","porch","encourages","people","social","community","actress","cabbagetown","resident","amber","nash","kitchen","table","1950s","classic","aluminum","ring","vintage","vinyl","chairs","offer","seating","themselves","neighbors","christopher","oquendo","photography","fast","copy","news","service","front","porch","homeowners","nash","kevin","vintage","washing","machine","originally","purchased","nash","aunt","cooler","parties","rocking","chairs","left","home","previous","owners","christopher","oquendo","photography","fast","copy","news","service","culture","walls","include","depiction","golden","girls","superheroes","trevor","wayne","portrait","bill","murray","spider","hanging","window","game","thrones","print","bought","gift","nash","throwback","early","days","dating","watch","show","together","christopher","oquendo","photography","fast","copy","news","service","tops","hanging","above","land","show","directed","christopher","oquendo","photography","fast","copy","news","service","looking","furniture","generally","find","something","suits","needs","antique","store","exactly","story","cheaper","buying","furniture","prefer","christopher","oquendo","photography","fast","copy","news","service","nash","took","master","bedroom","transformed","watch","television","gray","sofa","room","board","christopher","oquendo","photography","fast","copy","news","service","vintage","salt","pepper","belonged","nash","great","grandmother","sense","history","kitchen","christopher","oquendo","photography","fast","copy","news","service","homeowners","amber","nash","kevin","bought","2016","minor","cosmetic","changes","replacing","bland","tile","floors","black","white","marble","granite","adding","charcoal","granite","christopher","oquendo","photography","fast","copy","news","service","homeowners","placed","room","wanted","heart","living","room","entertaining","guests","watching","television","place","socialize","gather","nash","christopher","oquendo","photography","fast","copy","news","service","vintage","portable","cart","couple","open","living","area","entertaining","easy","christopher","oquendo","photography","fast","copy","news","service","vintage","highland","sophisticated","eclectic","elements","living","room","christopher","oquendo","photography","fast","copy","news","service","nash","father","created","shelves","vintage","nash","bought","husband","kevin","moved","home","2016","nash","decided","craft","dream","reality","christopher","oquendo","photography","fast","copy","news","service","shelves","vintage","mounted","behind","vintage","hold","antique","cups","couple","collected","modern","highland","christopher","oquendo","photography","fast","copy","news","service","shelves","above","infused","tequila","spicy","people","shelves","vintage","christopher","oquendo","photography","fast","copy","news","service","gives","home","character","personality","room","board","fireplace","strike","balance","quirk","style","christopher","oquendo","photography","fast","copy","news","service","industrial","army","stuff","vintage","nash","home","shares","husband","everything","story","christopher","oquendo","photography","fast","copy","news","service","lies","faux","purchased","general","store","north","carolina","love","fake","stuff","fake","mink","stole","felt","wear","fancy","lady","nash","christopher","oquendo","photography","fast","copy","news","service","amber","nash","actress","theater","artist","voice","archer","extensive","collection","instead","packing","away","displays","decor","christopher","oquendo","photography","fast","copy","news","service","window","emblazoned","asylum","insane","birthday","gift","nash","unusual","world","covers","walls","couple","cabbagetown","home","christopher","oquendo","photography","fast","copy","news","service","vinyl","adds","vivid","splash","color","eclectic","living","room","nash","father","bought","booths","business","warehouse","longer","needed","gave","booths","nash","dining","area","christopher","oquendo","photography","fast","copy","news","service","square","foot","cabbagetown","bedrooms"]}
