{"authors":["Greg Bluestein"],"date_download":"2018-10-30 19:05:12","date_modify":"2018-10-30 19:05:12","date_publish":"2017-09-07 06:00:21","description":"Gov.","filename":"AmenacingHurricaneIrmatestsGeorgiasnewemergencyteam_493.json","image_url":"https://politics.myajc.com/rf/image_large/Pub/p8/Politics-MyAJC/2017/09/06/Images/WPIMAGE_cmgajcpolitics_41040.jpeg","language":"en","localpath":"AmenacingHurricaneIrmatestsGeorgiasnewemergencyteam_493.json","title":"A menacing Hurricane Irma tests Georgia's new emergency team","title_page":"A menacing Hurricane Irma tests Georgia's new emergency team","title_rss":"NULL","source_domain":"ajc.com","text":"nathan deal overhauled storm response strategy head emergency management agency face significant weather related challenge hurricane irma barrels toward atlantic coast category storm lashing winds topping miles hour powerful atlantic storms recorded projected rake georgia coast early next week biggest weather threat homer bryson former corrections commissioner tapped lead state emergency management agency shortly hurricane matthew battered georgia october test deal weather response plan better safe sorry mantra ways approach display wednesday governor declared state emergency coastal counties signed orders enforcing bans price gouging easing restrictions drivers ferrying food supplies across region deal taken chances poor communication slow government response 2014 storm transformed dusting wintry weather embarrassing debacle georgia deal state officials learned mistakes weather task force appointed governor equipment coordination state local officials deal embraced preemptive preparations declaring emergencies calling workers stay home severe weather threatens happened wintry weather walloped georgia weeks 2014 storm 2015 round snow threatened metro atlanta deal strategy october respond hurricane matthew killed least four people georgia caused millions dollars damage using word cautious several times describe approach urged coastal residents escape coming storm ordered state largest evacuations state response hurricane largely praised behind scenes georgia emergency management agency internal storm ratcheted tensions documents obtained open records showed frenzy activity state officials prepared move inmates readied road clearing equipment evacuated hundreds thousands people category storm showed dust gema highest ranks director butterworth clint perkins head agency operations center emails appeared farewell note perkins threatened fired middle response though terminated later granted salary increase settlement agreement shortly storm passed butterworth sent word leaving private sector deal aide planned departure butterworth former head georgia national guard briefed governor plans september governor soon turned bryson keeled former parks official served decades state government prefers stay spotlight depending irma path soon thrust forefront sign morning newsletter","url":"https://politics.myajc.com/blog/politics/menacing-hurricane-irma-tests-georgia-new-emergency-team/2ppnAaRxD3cJbi2rx39kBK/","polarityScore":{"sourceTitle":"Atlanta Journal-Constitution","allSidesBias":"left-center","communityAgree":"561","communityDisagree":"580","sourceUrl":"http://www.ajc.com/ "},"processedText":["nathan","deal","storm","response","strategy","head","emergency","management","agency","face","significant","weather","related","challenge","hurricane","irma","barrels","toward","atlantic","coast","category","storm","lashing","winds","topping","miles","hour","powerful","atlantic","storms","recorded","projected","rake","georgia","coast","early","next","week","biggest","weather","threat","homer","bryson","former","corrections","commissioner","tapped","lead","state","emergency","management","agency","shortly","hurricane","matthew","battered","georgia","october","test","deal","weather","response","plan","better","safe","sorry","mantra","ways","approach","display","wednesday","governor","declared","state","emergency","coastal","counties","signed","orders","enforcing","bans","price","gouging","easing","restrictions","drivers","food","supplies","across","region","deal","taken","chances","poor","communication","slow","government","response","2014","storm","transformed","weather","embarrassing","debacle","georgia","deal","state","officials","learned","mistakes","weather","task","force","appointed","governor","equipment","coordination","state","local","officials","deal","embraced","preemptive","preparations","declaring","emergencies","calling","workers","stay","home","severe","weather","threatens","happened","weather","georgia","weeks","2014","storm","2015","round","snow","threatened","metro","atlanta","deal","strategy","october","respond","hurricane","matthew","killed","least","four","people","georgia","caused","millions","dollars","damage","using","word","cautious","several","times","describe","approach","urged","coastal","residents","escape","coming","storm","ordered","state","largest","evacuations","state","response","hurricane","largely","praised","behind","scenes","georgia","emergency","management","agency","internal","storm","tensions","documents","obtained","open","records","showed","frenzy","activity","state","officials","prepared","move","inmates","road","clearing","equipment","evacuated","hundreds","thousands","people","category","storm","showed","dust","highest","ranks","director","clint","perkins","head","agency","operations","center","emails","appeared","farewell","note","perkins","threatened","fired","middle","response","though","terminated","later","granted","salary","increase","settlement","agreement","shortly","storm","passed","sent","word","leaving","private","sector","deal","aide","planned","departure","former","head","georgia","national","guard","briefed","governor","plans","september","governor","soon","turned","bryson","keeled","former","parks","official","served","decades","state","government","prefers","stay","spotlight","depending","irma","path","soon","thrust","forefront","sign","morning","newsletter"]}
