{"authors":[],"date_download":"2018-11-02 00:27:55","date_modify":"2018-11-02 00:27:55","date_publish":"2017-10-12 00:05:35","description":null,"filename":"AmericaDividedItStartsWiththeDemocraticParty_498.json","image_url":"https://39uhx2trii4zt1im-zippykid.netdna-ssl.com/wp-content/uploads/2017/10/Bernie_Sanders__Hillary_Clinton_28284447815.jpg","language":"en","localpath":"AmericaDividedItStartsWiththeDemocraticParty_498.json","title":"America Divided: It Starts With the Democratic Party","title_page":"America Divided: It Starts With the Democratic PartyThe American Spectator","title_rss":"NULL","source_domain":"spectator.org","text":"sign divided country cannot agree nature divisions disagreement source disagreements merely partisan cuts democratic republican parties raucous primaries presidential election clear ultimately springs deeper ideological contest public philosophy rule american mind five political worldviews currently vying supremacy public square identity politics progressive class based redistributionism libertarian anti statism reform conservatism trumpist populism despite tensions exist democratic party jostling control republican party trumpist populism though without blind spots incisive diagnosis defining political conflict central threats confronting country competing worldviews trump improbable rise presidency testimony intellectual shortcomings republican democratic parties political acumen whatever donald trump eccentricities tweets personality learn analysis american politics courage displayed challenging reigning ways thinking parties trump fiery brand populism grab headlines powerful ideology america remains identity politics permeates culture fuels national obsession diversity understood proportional representation realms life various communities gained recognition african americans women hispanics lgbtqs asians census bureau menas middle easterners north africans conspicuously absent list course whites christians numerous groups america doctrines affirmative action disparate impact identity politics reshaped laws legal system weakened commitment meritocracy equal treatment result single minded focus equalizing group outcomes replaced post modernism watered down marxism unofficial creed institutions higher learning taught americans prejudice forms including merely speech unforgivable fundamental division america identitarians oppressed oppressors view country rich mosaic victimized groups continue exploited stigmatized marginalized countless overt subtle ways american history reconceived forward march social progress beginning rich privileged christian straight white males free centuries privilege gradually eroded america become inclusive groups received rights presumably free equal paradoxically division america various balkanized identity groups relentless fostering grievances somehow supposed pave oppressive society harmoniously exist seemingly benign rhetoric inclusion diversity conceals deeply illiberal current thought elites enforce identity politics categorically forbid uttering statement deem bigoted native americans object name washington redskins bien pensants offense behalf ones decide counts racism corollary sins five competing worldviews identity politics power police public square punish violate sacred creed political correctness safely call trump followers fascists denounce bernie sanders entire economic platform likely heavy price deviate accepted script talking favored identity groups brendan eich curt schilling prominent people greater number ordinary ones james damore lost jobs seen names besmirched espousing views deemed bigoted society pieties forbid atheism others punish adultery prohibit bigotry public opinion punish trespass against almost states hate crimes statutes punish harshly offenses allegedly motivated prejudice reign identity politics effect limited types statements speaking protected identity groups denunciations victimization hands unjust society praise accomplishments whether real fake venture beyond safe space peril identity politics permeates public life reigning ideology public face democratic party having displaced older class based redistributionism whole democratic party today committed championing grievances real perceived marginalized communities defending interests working class oftentimes advancing interests either fact democratic leaders hard sympathizing majority americans belong recognized identity group reside dismissively flyover country hillary clinton comment irredeemable basket deplorables merely voiced widespread sentiment among elite liberals world identity politics turns identities created equal identity applied majority americans forced bear nation sins academy leftist ideas developed released national bloodstream identity politics slowly morphing segregationist anti white ideology anti christian anti male course anti american efforts college campuses exclude white students certain dorms university connecticut dining spaces american university safe spaces claremont mckenna college campus whole white people free evergreen state college welcome identity politics minorities longer benignly ignored actively reviled rights marginalized secured expense rights privileged regime privileged identities male white recognized order excoriated identity politics thus become somewhat misnomer dealing today ideology views traditionally disadvantaged oppressed deserving resources respect traditionally advantaged ideology fundamentally backward looking particular group dishonored oppressed higher moral status today males without college degrees faring rather poorly contemporary america males supposedly victimized receive sympathy radicalized version identity politics mostly confined academy elite liberal circles hasn great inroads mainstream left democratic party however march sentiment underlying does increasingly find expression uneducated whites flyover country supposed hillary clinton lambastes deplorables ungenerous interpreter words accuse left accuses doing using whistle terms covertly voice nasty prejudices despite dominance identity politics democrats older progressive ideology class based redistributionism dead party presidency barack obama rarely missed opportunity play race gender sexual orientation cards fretted percent rising inequality defining challenge recent election bernie sanders mounted formidable insurgency against uninspiring defined hillary clinton campaign attacking billionaires vowing protect working families country sandersism newest incarnation redistributionism though failed capture democratic party reshape platform amass colossal following sandersism posits fundamental division america along lines race sexual orientation preferred categories identity politics rather class traditional sense term wealthy john edwards bernie sanders sees americas america wealthy america live paycheck paycheck villains sanders speeches rich billionaires percenters centers power wall street good guys poor middle class american people generally including working class whites reside hinterland surprisingly sanders wealth income inequality great moral issue great economic issue great political issue wealthy earn refuse fair share taxes thereby depriving government funds necessary provide needs people free health care free college percent earners already percent federal income taxes apparently does factor sandersian equation contrary hype sandersism socialism does nationalize industry five plans rather brand democratic socialism continuation traditional progressivism aims further regulate economy wall street particular enact european style middle class entitlements already provides generous benefits elderly federal budget elderly poor federal budget sandersism wants fill expand welfare state cover elderly poor however misguided policy prescriptions sandersism least virtue showing concern americans including identitarians ignore revile convincing urging democrats beyond identity politics sanders election white working class tweeted deeply humiliated democratic party cannot talk people sandersism least convincing hurling vitriol wealthy marxist rhetoric class warfare does americans large resent rich unless became wealthy dishonest rests mistaken assumptions fortunes wealthy somehow keep rest country down americans transfer programs washington days class based redistributionism identity politics exist within democratic party mill democratic stump speech cater grievances various identity groups compose rainbow coalition include promises various middle class entitlements higher minimum wage ideologies country differently redistributionist sandersism wants distribute money evenly classes identity politics wants distribute power honor evenly identity groups politics advancing interests deemed least advantaged whether lower middle classes sanders women minorities identitarians victimology root leftist politics comes governing ideologies rather distrustful people democratic professions faith notwithstanding people always good matter kansas prejudiced ways chicano studies professor count rubes elect congress shouldn country governed best experts agencies justices supreme court authorities united nations course country given anti democratic implications views party does publicly affirm continues present itself party people people people reality redefined democracy mean rule elites give american people vote enlightened enough good identity politics class based redistributionism fully imbibed credos environmentalism comes climate change environmental justice dissent left hillary clinton black lives matter bernie sanders human rights campaign sing hymnal environmentalism spread beyond confines left penetrated mainstream american life tocqueville predicted america democracies tend toward pantheism strange combination identity politics class based redistributionism technocratic rule environmentalism generally works democrats tensions remain notably whether whose identities recognized deserve sympathy noted cozy party business sandersian wing party critical neoliberalism although identifies america neoliberal term opprobrium criticize profit existing world order financialized capitalism corporate globalization left epithet applied likes clintons barack obama accused selling advancing corporate financial interests expense working class identitarians contrast less critical corporate america wall street demand companies banks hire promote enough women minorities corporate america generally happy oblige ceos worship altar diversity fear identitarians union bosses token gestures satisfy sandersists nancy fraser recently observed dissent ideals diversity empowerment principle serve different ends gloss policies devastated manufacturing middle class lives credit sandersism willing challenge interests business ruling class defend ordinary americans democratic party thus confronts questions chief among matter needs ordinary americans including privilege having identity recognized demands preferred groups give americans entitlements give preferential treatment favored groups happens views people immigration trade example align business elites claim best democratic party successfully avoided questions speculated rise trump sanders whom claimed champion interests ordinary americans force mind instead democratic party settled least anti trump party anti trumpist hysteria quiets down seems unlikely class based redistributionism regain upper hand disrupt status given heavily invested politics aggrievement democratic party left nothing dependence business party thus runs risk becoming boutique coastal urban party disconnected concerns ordinary americans contemptuous life allow majority popular vote presidential elections without however winning electoral college vote controlling congress article part series second part found","url":"https://spectator.org/america-divided-it-starts-with-the-democratic-party/","polarityScore":{"sourceTitle":"American Spectator","allSidesBias":"right","communityAgree":"4485","communityDisagree":"1883","sourceUrl":"http://spectator.org/ "},"processedText":["sign","divided","country","cannot","agree","nature","divisions","disagreement","source","disagreements","merely","partisan","cuts","democratic","republican","parties","raucous","primaries","presidential","election","clear","ultimately","springs","deeper","ideological","contest","public","philosophy","rule","american","mind","five","political","worldviews","currently","vying","supremacy","public","square","identity","politics","progressive","class","based","redistributionism","libertarian","anti","statism","reform","conservatism","trumpist","populism","despite","tensions","exist","democratic","party","control","republican","party","trumpist","populism","though","without","blind","spots","diagnosis","defining","political","conflict","central","threats","confronting","country","competing","worldviews","trump","improbable","rise","presidency","testimony","intellectual","shortcomings","republican","democratic","parties","political","whatever","donald","trump","tweets","personality","learn","analysis","american","politics","courage","displayed","challenging","reigning","ways","thinking","parties","trump","fiery","brand","populism","grab","headlines","powerful","ideology","america","remains","identity","politics","permeates","culture","fuels","national","obsession","diversity","understood","representation","realms","life","various","communities","gained","recognition","african","americans","women","hispanics","asians","census","bureau","middle","north","africans","conspicuously","absent","list","course","whites","christians","numerous","groups","america","doctrines","affirmative","action","disparate","impact","identity","politics","laws","legal","system","weakened","commitment","equal","treatment","result","single","minded","focus","group","outcomes","replaced","post","watered","down","marxism","unofficial","creed","institutions","higher","learning","taught","americans","prejudice","forms","including","merely","speech","unforgivable","fundamental","division","america","identitarians","oppressed","oppressors","view","country","rich","mosaic","victimized","groups","continue","exploited","marginalized","countless","overt","subtle","ways","american","history","forward","march","social","progress","beginning","rich","privileged","christian","straight","white","males","free","centuries","privilege","gradually","eroded","america","become","inclusive","groups","received","rights","presumably","free","equal","paradoxically","division","america","various","identity","groups","relentless","fostering","grievances","somehow","supposed","pave","oppressive","society","exist","seemingly","benign","rhetoric","inclusion","diversity","deeply","current","thought","elites","enforce","identity","politics","categorically","forbid","uttering","statement","deem","bigoted","native","americans","object","name","washington","redskins","offense","behalf","ones","decide","counts","racism","corollary","sins","five","competing","worldviews","identity","politics","power","police","public","square","punish","violate","sacred","creed","political","correctness","safely","call","trump","followers","fascists","denounce","bernie","sanders","entire","economic","platform","likely","heavy","price","deviate","accepted","script","talking","favored","identity","groups","brendan","curt","schilling","prominent","people","greater","number","ordinary","ones","james","damore","lost","jobs","seen","names","espousing","views","deemed","bigoted","society","forbid","atheism","others","punish","adultery","prohibit","bigotry","public","opinion","punish","against","almost","states","hate","crimes","statutes","punish","harshly","offenses","allegedly","motivated","prejudice","reign","identity","politics","effect","limited","types","statements","speaking","protected","identity","groups","victimization","hands","unjust","society","praise","accomplishments","whether","real","fake","venture","beyond","safe","space","peril","identity","politics","permeates","public","life","reigning","ideology","public","face","democratic","party","having","displaced","older","class","based","redistributionism","whole","democratic","party","today","committed","championing","grievances","real","perceived","marginalized","communities","defending","interests","working","class","oftentimes","advancing","interests","either","fact","democratic","leaders","hard","majority","americans","belong","recognized","identity","group","reside","flyover","country","hillary","clinton","comment","basket","deplorables","merely","voiced","widespread","sentiment","among","elite","liberals","world","identity","politics","turns","identities","created","equal","identity","applied","majority","americans","forced","bear","nation","sins","academy","leftist","ideas","developed","released","national","bloodstream","identity","politics","slowly","segregationist","anti","white","ideology","anti","christian","anti","male","course","anti","american","efforts","college","campuses","exclude","white","students","certain","university","connecticut","dining","spaces","american","university","safe","spaces","claremont","mckenna","college","campus","whole","white","people","free","evergreen","state","college","welcome","identity","politics","minorities","longer","ignored","actively","reviled","rights","marginalized","secured","expense","rights","privileged","regime","privileged","identities","male","white","recognized","order","excoriated","identity","politics","thus","become","somewhat","dealing","today","ideology","views","traditionally","disadvantaged","oppressed","deserving","resources","respect","traditionally","advantaged","ideology","fundamentally","backward","looking","particular","group","oppressed","higher","moral","status","today","males","without","college","degrees","faring","rather","poorly","contemporary","america","males","supposedly","victimized","receive","sympathy","radicalized","version","identity","politics","mostly","confined","academy","elite","liberal","circles","hasn","great","mainstream","left","democratic","party","however","march","sentiment","underlying","does","increasingly","find","expression","uneducated","whites","flyover","country","supposed","hillary","clinton","deplorables","interpreter","words","accuse","left","accuses","doing","using","whistle","terms","covertly","voice","nasty","prejudices","despite","dominance","identity","politics","democrats","older","progressive","ideology","class","based","redistributionism","dead","party","presidency","barack","obama","rarely","missed","opportunity","play","race","gender","sexual","orientation","cards","percent","rising","inequality","defining","challenge","recent","election","bernie","sanders","mounted","formidable","insurgency","against","defined","hillary","clinton","campaign","attacking","billionaires","vowing","protect","working","families","country","sandersism","newest","incarnation","redistributionism","though","failed","capture","democratic","party","reshape","platform","amass","colossal","following","sandersism","fundamental","division","america","along","lines","race","sexual","orientation","preferred","categories","identity","politics","rather","class","traditional","sense","term","wealthy","john","edwards","bernie","sanders","sees","americas","america","wealthy","america","live","paycheck","paycheck","villains","sanders","speeches","rich","billionaires","centers","power","wall","street","good","guys","poor","middle","class","american","people","generally","including","working","class","whites","reside","surprisingly","sanders","wealth","income","inequality","great","moral","issue","great","economic","issue","great","political","issue","wealthy","earn","refuse","fair","share","taxes","thereby","government","funds","necessary","provide","needs","people","free","health","care","free","college","percent","earners","already","percent","federal","income","taxes","apparently","does","factor","equation","contrary","hype","sandersism","socialism","does","industry","five","plans","rather","brand","democratic","socialism","continuation","traditional","progressivism","aims","further","regulate","economy","wall","street","particular","enact","european","style","middle","class","entitlements","already","provides","generous","benefits","elderly","federal","budget","elderly","poor","federal","budget","sandersism","wants","fill","expand","welfare","state","cover","elderly","poor","however","misguided","policy","prescriptions","sandersism","least","virtue","showing","concern","americans","including","identitarians","ignore","convincing","urging","democrats","beyond","identity","politics","sanders","election","white","working","class","tweeted","deeply","humiliated","democratic","party","cannot","talk","people","sandersism","least","convincing","vitriol","wealthy","marxist","rhetoric","class","warfare","does","americans","large","resent","rich","unless","became","wealthy","dishonest","rests","mistaken","assumptions","fortunes","wealthy","somehow","keep","rest","country","down","americans","transfer","programs","washington","days","class","based","redistributionism","identity","politics","exist","within","democratic","party","mill","democratic","stump","speech","cater","grievances","various","identity","groups","rainbow","coalition","include","promises","various","middle","class","entitlements","higher","minimum","wage","ideologies","country","differently","sandersism","wants","distribute","money","evenly","classes","identity","politics","wants","distribute","power","honor","evenly","identity","groups","politics","advancing","interests","deemed","least","advantaged","whether","lower","middle","classes","sanders","women","minorities","identitarians","root","leftist","politics","comes","governing","ideologies","rather","people","democratic","professions","faith","notwithstanding","people","always","good","matter","kansas","prejudiced","ways","chicano","studies","professor","count","elect","congress","shouldn","country","governed","best","experts","agencies","justices","supreme","court","authorities","united","nations","course","country","given","anti","democratic","implications","views","party","does","publicly","affirm","continues","present","itself","party","people","people","people","reality","redefined","democracy","mean","rule","elites","give","american","people","vote","enlightened","enough","good","identity","politics","class","based","redistributionism","fully","environmentalism","comes","climate","change","environmental","justice","dissent","left","hillary","clinton","black","lives","matter","bernie","sanders","human","rights","campaign","sing","environmentalism","spread","beyond","confines","left","penetrated","mainstream","american","life","tocqueville","predicted","america","democracies","tend","toward","strange","combination","identity","politics","class","based","redistributionism","rule","environmentalism","generally","works","democrats","tensions","remain","notably","whether","whose","identities","recognized","deserve","sympathy","noted","cozy","party","business","wing","party","critical","although","identifies","america","term","opprobrium","criticize","profit","existing","world","order","capitalism","corporate","globalization","left","epithet","applied","likes","clintons","barack","obama","accused","selling","advancing","corporate","financial","interests","expense","working","class","identitarians","contrast","less","critical","corporate","america","wall","street","demand","companies","banks","hire","promote","enough","women","minorities","corporate","america","generally","happy","oblige","ceos","worship","altar","diversity","fear","identitarians","union","bosses","token","gestures","satisfy","nancy","recently","observed","dissent","ideals","diversity","empowerment","principle","serve","different","ends","gloss","policies","devastated","manufacturing","middle","class","lives","credit","sandersism","willing","challenge","interests","business","ruling","class","defend","ordinary","americans","democratic","party","thus","confronts","questions","chief","among","matter","needs","ordinary","americans","including","privilege","having","identity","recognized","demands","preferred","groups","give","americans","entitlements","give","preferential","treatment","favored","groups","happens","views","people","immigration","trade","example","align","business","elites","claim","best","democratic","party","successfully","avoided","questions","speculated","rise","trump","sanders","whom","claimed","champion","interests","ordinary","americans","force","mind","instead","democratic","party","settled","least","anti","trump","party","anti","trumpist","hysteria","down","seems","unlikely","class","based","redistributionism","regain","upper","hand","disrupt","status","given","heavily","invested","politics","democratic","party","left","nothing","dependence","business","party","thus","runs","risk","becoming","boutique","coastal","urban","party","disconnected","concerns","ordinary","americans","contemptuous","life","allow","majority","popular","vote","presidential","elections","without","however","winning","electoral","college","vote","controlling","congress","article","part","series","second","part","found"]}
