{"authors":[],"date_download":"2018-11-01 21:48:37","date_modify":"2018-11-01 21:48:37","date_publish":"2017-12-16 00:05:40","description":null,"filename":"AmericaatYearend2017BackFromtheBrinkNotIntotheAbyss_496.json","image_url":"https://39uhx2trii4zt1im-zippykid.netdna-ssl.com/wp-content/uploads/2017/12/1280px-St_Louis_Gateway_Arch.jpg","language":"en","localpath":"AmericaatYearend2017BackFromtheBrinkNotIntotheAbyss_496.json","title":"America at Yearend 2017 - Back From the Brink, Not Into the Abyss","title_page":"America at Yearend 2017 — Back From the Brink, Not Into the AbyssThe American Spectator","title_rss":"NULL","source_domain":"spectator.org","text":"world ended collapse vast empires monarchies kind world emerge imperial rubble poet william butler yeats nothing pessimistic 1919 wrote turning turning widening gyre falcon cannot hear falconer fall apart center cannot hold mere anarchy loosed upon world similar breaking point world today people unfolding events leads peace prosperity increasing discord economic distress reject prognosis believe however united states leader free world epoch witnessing collapse ensconced cultural elite exposed bankrupt either moral intellectual virtue free market capitalism requires creative destruction failed businesses away ones start failed visions happening show institute believe ripe resurgence freedom return moral relativism endless self flagellation supposed shamefulness america present renewed appreciation traditional values including individual responsibility hard work frugality living within means saving investing future look national economy growing quarters 2017 grew rate slightly excess percent continues grow pace faster mark enormous turnaround economy whole compare economic legacies different presidencies beginning severe recessions lasting ronald reagan presidency recession followed rapid growth expanded third barack obama presidency recession followed anemic growth expanded less sixth above great recession investment recession obama administration astounding catastrophic decline domestic private investment percent happen reasons stand massive shift resources private public sector scarce resources likely waste scorning mindless austerity obama promised spend recession course doubling national debt eight administration invested misdirected billions dollars taxpayer money renewable energy electric cars bullet trains industries huge expansion regulatory state slowing growth existing industries deliberately killing growth coal petrochemicals trump administration steered different course office administration delivered promise sweeping regulatory relief rather continuing expand leaps bounds regulatory state contracted 2017 thanks appointment strong reform minded leaders environmental protection agency labor department department health human services arms government appointments marked true paradigm shift great change better clearing path faster growth appeared likely congress pass president sign growth cuts reform george bush cuts 2001 december house senate negotiators appeared close final agreement bill corporate rate percent percent lowering individual income rate percent percent federal returns changes effect january 2018 2018 beyond portents seem place faster growth coming including surge confidence among small business owners earlier week national federation independent business nfib reported polling members small business optimism stands highest level roaring reagan economy 1983 haven seen kind optimism seen nfib conducting research juanita duggan organization president small business owners exuberant economy ready lead economy period robust growth remember talk recent entering normal annual growth percent annum remember talk earlier possible deep recession depression rather plunging abyss seems economy pulled brink term economic stagnation ready return kind growth seen 1980s 1990s andrew wilson contributor american spectator resident fellow senior writer show institute free market tank headquartered louis sinquefield institute president","url":"https://spectator.org/america-at-yearend-2017-back-from-the-brink-not-into-the-abyss/","polarityScore":{"sourceTitle":"American Spectator","allSidesBias":"right","communityAgree":"4485","communityDisagree":"1883","sourceUrl":"http://spectator.org/ "},"processedText":["world","ended","collapse","vast","empires","kind","world","emerge","imperial","rubble","poet","william","butler","nothing","pessimistic","1919","wrote","turning","turning","widening","falcon","cannot","hear","fall","apart","center","cannot","hold","mere","anarchy","loosed","upon","world","similar","breaking","point","world","today","people","unfolding","events","leads","peace","prosperity","increasing","discord","economic","distress","reject","believe","however","united","states","leader","free","world","epoch","witnessing","collapse","ensconced","cultural","elite","exposed","bankrupt","either","moral","intellectual","virtue","free","market","capitalism","requires","creative","destruction","failed","businesses","away","ones","start","failed","visions","happening","show","institute","believe","ripe","resurgence","freedom","return","moral","relativism","endless","self","supposed","america","present","renewed","appreciation","traditional","values","including","individual","responsibility","hard","work","living","within","means","saving","investing","future","look","national","economy","growing","quarters","2017","grew","rate","slightly","excess","percent","continues","grow","pace","faster","mark","enormous","turnaround","economy","whole","compare","economic","legacies","different","beginning","severe","lasting","ronald","reagan","presidency","recession","followed","rapid","growth","expanded","third","barack","obama","presidency","recession","followed","anemic","growth","expanded","less","sixth","above","great","recession","investment","recession","obama","administration","astounding","catastrophic","decline","domestic","private","investment","percent","happen","reasons","stand","massive","shift","resources","private","public","sector","scarce","resources","likely","waste","mindless","austerity","obama","promised","spend","recession","course","doubling","national","debt","eight","administration","invested","billions","dollars","taxpayer","money","renewable","energy","electric","cars","bullet","trains","industries","huge","expansion","regulatory","state","slowing","growth","existing","industries","deliberately","killing","growth","coal","trump","administration","steered","different","course","office","administration","delivered","promise","sweeping","regulatory","relief","rather","continuing","expand","leaps","bounds","regulatory","state","contracted","2017","thanks","appointment","strong","reform","minded","leaders","environmental","protection","agency","labor","department","department","health","human","services","arms","government","appointments","marked","true","paradigm","shift","great","change","better","clearing","path","faster","growth","appeared","likely","congress","pass","president","sign","growth","cuts","reform","george","bush","cuts","2001","december","house","senate","negotiators","appeared","close","final","agreement","bill","corporate","rate","percent","percent","lowering","individual","income","rate","percent","percent","federal","returns","changes","effect","january","2018","2018","beyond","seem","place","faster","growth","coming","including","surge","confidence","among","small","business","owners","earlier","week","national","federation","independent","business","nfib","reported","polling","members","small","business","optimism","stands","highest","level","roaring","reagan","economy","1983","haven","seen","kind","optimism","seen","nfib","conducting","research","juanita","organization","president","small","business","owners","exuberant","economy","ready","lead","economy","period","robust","growth","remember","talk","recent","entering","normal","annual","growth","percent","remember","talk","earlier","possible","deep","recession","depression","rather","plunging","abyss","seems","economy","pulled","brink","term","economic","stagnation","ready","return","kind","growth","seen","1980s","1990s","andrew","wilson","contributor","american","spectator","resident","fellow","senior","writer","show","institute","free","market","tank","headquartered","louis","institute","president"]}
