{"authors":[],"date_download":"2018-11-01 21:40:26","date_modify":"2018-11-01 21:40:26","date_publish":"2017-06-02 00:04:22","description":null,"filename":"AmericaandtheGSevenDwarfs_494.json","image_url":"https://39uhx2trii4zt1im-zippykid.netdna-ssl.com/wp-content/uploads/2017/06/TrumpLarge.jpg","language":"en","localpath":"AmericaandtheGSevenDwarfs_494.json","title":"America and the (G) Seven Dwarfs","title_page":"America and the (G) Seven DwarfsThe American Spectator","title_rss":"NULL","source_domain":"spectator.org","text":"latest meeting world seven major economic powers left doubt united states america foremost among longstanding differences continue widen latest reasons widening stem different ways peoples europe america japan reacting generation malfeasance transnational ruling class warsaw westward tokyo voters pushing against political economic arrangements believe disenfranchising demanding loosening ties multilateral arrangements radical changes leadership 2016 constitutional system proved responsive others disaffection though resulted anything approaching initiating changes americans governed mind turnover ruling class although president donald trump means universally popular america departed substantially immediate predecessors foreign policies 2016 election signaled unmistakably american people departure although ruling classes europe knew american people looked upon presidents clinton obama part parcel themselves socially ideologically though george bush tried nice rejected immunologically choice america dislike trump campaigned america behalf perceived personally sympathetic dealt wearing sociopolitical hazmat clothing short differences nothing personalities policies rather stem sociopolitical realities leaders policies reflect consider quoted line conference german chancellor angela merkel afterthought times rely fully others europeans fate hands trump nato countries failure perform commitment spend least militaries merkel bemoaning fact accusing trump kind betrayal bringing existing protocol americans pretend europeans trump administration hastened follow thus national security adviser mcmaster along gary cohn wrote wall street journal away outcomes decades allies stepping meet defense commitments asking deepened relationships neither dime money neither merkel possible successors german public nato member save poland slightest intention complying europeans american people likelier line previous representatives ruling class second headline meeting newly elected french president emmanuel macron effort persuade trump renounce united states unofficial adherence 2015 paris treaty commitments reduce carbon emissions press coverage throughout world assumed party treaty president trump personally abrogate reverse truth depicts standing become euro american ruling class environmental religion truth party treaty although president obama signed submitted senate ratification required constitution submit absolute certainty senate rejected president trump effectively withdrawn treaty simply submitting senate instead effectively ratified obama unconstitutional adherence continuing abide terms specified withdrawal process effectively leaving withdrawal next president trump administration proved accommodating transnational ruling class opinion american political system american people nevertheless ruling class opinion sides atlantic indicts trump administration insufficient accommodation interesting question people accommodate problem americans meeting represented various forms class ruled europe roughly 1970 against europeans revolting various ways france emmanuel macron tepid support fourth electorate passionate disdain half theresa office voters rejected britain establishment loses popularity party doubles down establishmentarianism italy paolo gentiloni tries hold elections ruling class certain lose angela merkel pilloried germans letting million people unafraid elections opponents favor letting outside functionaries party wheel horses follow lead rulers officials accurate descriptions leaders preside administrative states democracy bother speak bureaucratese resulting door deals range programs relegated memory holes bear fruit passionately believe nothing peoples contemptuous something else problem americans unlike europeans within living memory lived subjects administrative states within living memory americans lived self governing citizens resent losing status return hence today americans almost times gone consider europeans less free imitate moreover michael tomasky wrote republic middle americans church temple church jesus christ play important roles lives tomasky liberal elite friends consider apostasy today officious secular cult counterparts side atlantic america 2016 election struck fear europe ruling class fear something happening america begun happen store reasonable fear reasonable explanation tensions 2017 meeting","url":"https://spectator.org/america-and-the-g-seven-dwarfs/","polarityScore":{"sourceTitle":"American Spectator","allSidesBias":"right","communityAgree":"4485","communityDisagree":"1883","sourceUrl":"http://spectator.org/ "},"processedText":["latest","meeting","world","seven","major","economic","powers","left","doubt","united","states","america","foremost","among","longstanding","differences","continue","widen","latest","reasons","widening","stem","different","ways","peoples","europe","america","japan","reacting","generation","malfeasance","transnational","ruling","class","warsaw","westward","tokyo","voters","pushing","against","political","economic","arrangements","believe","demanding","ties","multilateral","arrangements","radical","changes","leadership","2016","constitutional","system","proved","responsive","others","though","resulted","anything","approaching","initiating","changes","americans","governed","mind","turnover","ruling","class","although","president","donald","trump","means","universally","popular","america","departed","substantially","immediate","predecessors","foreign","policies","2016","election","signaled","american","people","departure","although","ruling","classes","europe","knew","american","people","looked","upon","presidents","clinton","obama","part","parcel","themselves","socially","ideologically","though","george","bush","tried","nice","rejected","choice","america","dislike","trump","campaigned","america","behalf","perceived","personally","sympathetic","dealt","wearing","clothing","short","differences","nothing","personalities","policies","rather","stem","realities","leaders","policies","reflect","consider","quoted","line","conference","german","chancellor","angela","merkel","afterthought","times","rely","fully","others","europeans","fate","hands","trump","nato","countries","failure","perform","commitment","spend","least","merkel","bemoaning","fact","accusing","trump","kind","betrayal","bringing","existing","protocol","americans","pretend","europeans","trump","administration","follow","thus","national","security","adviser","mcmaster","along","gary","cohn","wrote","wall","street","journal","away","outcomes","decades","allies","stepping","meet","defense","commitments","asking","deepened","relationships","neither","dime","money","neither","merkel","possible","successors","german","public","nato","member","save","poland","slightest","intention","complying","europeans","american","people","line","previous","representatives","ruling","class","second","headline","meeting","newly","elected","french","president","emmanuel","macron","effort","persuade","trump","united","states","unofficial","adherence","2015","paris","treaty","commitments","reduce","carbon","emissions","press","coverage","throughout","world","assumed","party","treaty","president","trump","personally","reverse","truth","depicts","standing","become","euro","american","ruling","class","environmental","religion","truth","party","treaty","although","president","obama","signed","submitted","senate","ratification","required","constitution","submit","absolute","certainty","senate","rejected","president","trump","effectively","withdrawn","treaty","simply","submitting","senate","instead","effectively","ratified","obama","unconstitutional","adherence","continuing","abide","terms","specified","withdrawal","process","effectively","leaving","withdrawal","next","president","trump","administration","proved","accommodating","transnational","ruling","class","opinion","american","political","system","american","people","nevertheless","ruling","class","opinion","sides","atlantic","trump","administration","insufficient","accommodation","interesting","question","people","accommodate","problem","americans","meeting","represented","various","forms","class","ruled","europe","roughly","1970","against","europeans","revolting","various","ways","france","emmanuel","macron","support","fourth","electorate","passionate","disdain","half","theresa","office","voters","rejected","britain","establishment","loses","popularity","party","doubles","down","italy","tries","hold","elections","ruling","class","certain","lose","angela","merkel","pilloried","germans","letting","million","people","unafraid","elections","opponents","favor","letting","outside","party","wheel","horses","follow","lead","rulers","officials","accurate","descriptions","leaders","preside","administrative","states","democracy","bother","speak","resulting","door","deals","range","programs","relegated","memory","holes","bear","fruit","passionately","believe","nothing","peoples","contemptuous","something","else","problem","americans","unlike","europeans","within","living","memory","lived","subjects","administrative","states","within","living","memory","americans","lived","self","governing","citizens","resent","losing","status","return","hence","today","americans","almost","times","gone","consider","europeans","less","free","moreover","michael","wrote","republic","middle","americans","church","temple","church","jesus","christ","play","important","roles","lives","liberal","elite","friends","consider","today","secular","cult","counterparts","side","atlantic","america","2016","election","struck","fear","europe","ruling","class","fear","something","happening","america","begun","happen","store","reasonable","fear","reasonable","explanation","tensions","2017","meeting"]}
